"Cluster","Comment"
"Alessi J1813.3-3214","Reference: asterisms and cluster alikes by B. Alessi reported in DAML02."
"Bica 8","Reference: present study."
"HD 160706 Group","Reference: asterisms and cluster alikes by B. Alessi reported in DAML02."
"Bica 9","Reference: present study."
"DB 5,Dutra-Bica 5,MWSC 2693","Reference: web updates in DAML02, some were later removed (2003 to 2010)."
"DB 6,Dutra-Bica 6,MWSC 2694","Reference: web updates in DAML02, some were later removed (2003 to 2010)."
"VVV 147,VVV-CL 147","Reference: present study."
"DB 18,Dutra-Bica 18,MWSC 2665","Reference: web updates in DAML02, some were later removed (2003 to 2010)."
"Schmitz J1808.6-3116","Reference: asterisms and cluster alikes by B. Alessi reported in DAML02."
"Bica 10","Reference: present study."
"Theta Oph Group","Reference: asterisms and cluster alikes by B. Alessi reported in DAML02."
"DB 7,Dutra-Bica 7,MWSC 2711","Reference: web updates in DAML02, some were later removed (2003 to 2010)."
"Bica 12","Reference: present study."
"Bica 11","Reference: present study."
"Bica 13","Reference: present study."
"DB 10,Dutra-Bica 10,MWSC 2715","Reference: web updates in DAML02, some were later removed (2003 to 2010)."
"Bica 14","Reference: present study."
"DB 11,Dutra-Bica 11,MWSC 2717","Reference: web updates in DAML02, some were later removed (2003 to 2010)."
"Bica 15","Reference: present study."
"DB 12,Dutra-Bica 12,MWSC 2714","Reference: web updates in DAML02, some were later removed (2003 to 2010)."
"Bica 16","Reference: present study."
"Bica 17","Reference: present study."
"Bica 19","Reference: present study."
"Bica 18","Reference: present study."
"Ferrero 1,ASCC 96,Slotegraaf 61,MWSC 2893","Reference: web updates in DAML02, some were later removed (2003 to 2010). The Preliminary Amateur Open Cluster Catalog, Version 08/03/2003. Asterisms and clusters by L. Ferrero."
"Bica 20","Reference: present study."
"NGC 6476,ESO 456-8,MWSC 2743","Reference: web updates in DAML02, some were later removed (2003 to 2010)."
"DB 25,Dutra-Bica 25,MWSC 2763","Reference: web updates in DAML02, some were later removed (2003 to 2010)."
"Bica 21","Reference: present study."
"NGC 6519,ESO 456-41","Reference: original NGC and IC catalogues at Vizier: NGC 2000.0, Sky Publishing, ed. Sinnott 1988 (1997yCat.7118....0S)."
"Bica 23","Reference: present study."
"Bica 22","Reference: present study."
"Bica 24","Reference: present study."
"DB 28,Dutra-Bica 28,MWSC 2738","Reference: web updates in DAML02, some were later removed (2003 to 2010)."
"Alessi J1802.7-2922","Reference: asterisms and cluster alikes by B. Alessi reported in DAML02."
"DB 31,Dutra-Bica 31,MWSC 2721","Reference: web updates in DAML02, some were later removed (2003 to 2010)."
"Teutsch J1800.4-2852","Reference: asterisms and cluster alikes by B. Alessi reported in DAML02."
"DB 32,Dutra-Bica 32,MWSC 2768","Reference: web updates in DAML02, some were later removed (2003 to 2010)."
"Alessi J1753.2-2729","Reference: the Preliminary Amateur Open Cluster Catalog, Version 08/03/2003."
"DB 59,Dutra-Bica 59,DB2001 1,BDB 3,MWSC 2648,MWSC 2645","Reference: web updates in DAML02, some were later removed (2003 to 2010)."
"Bica 25","Reference: present study."
"Schmitz J1816.2-3004","Reference: asterisms and cluster alikes by B. Alessi reported in DAML02."
"Schmitz J1811.7-2922","Reference: asterisms and cluster alikes by B. Alessi reported in DAML02."
"Teutsch J1800.0-2755","Reference: asterisms and cluster alikes by B. Alessi reported in DAML02."
"Patchick 99","Reference: asterisms and cluster alikes by B. Alessi reported in DAML02."
"Schmitz J1808.8-2852","Reference: asterisms and cluster alikes by B. Alessi reported in DAML02."
"Bica 26","Reference: present study."
"Ferrero 25","Reference: asterisms reported by amateur astronomers in the web. Asterisms and clusters by L. Ferrero."
"DB 40,Dutra-Bica 40,MWSC 2736","Reference: web updates in DAML02, some were later removed (2003 to 2010)."
"Bica 27","Reference: present study."
"Teutsch J1806.3-2751","Reference: asterisms and cluster alikes by B. Alessi reported in DAML02."
"Bica 640,Terzan 9B","Reference: present study."
"DB 45,Dutra-Bica 45,MWSC 2695","Reference: web updates in DAML02, some were later removed (2003 to 2010)."
"Bica 28","Reference: present study."
"DB 60,Dutra-Bica 60,DB2001 2,BDB 4,MWSC 2657,MWSC 2656","Reference: web updates in DAML02, some were later removed (2003 to 2010)."
"Teutsch J1814.6-2814,Ryu 563","Reference: asterisms and cluster alikes by B. Alessi reported in DAML02."
"Bica 29","Reference: present study."
"DB 49,Dutra-Bica 49,MWSC 2760","Reference: web updates in DAML02, some were later removed (2003 to 2010)."
"Alessi 167","Reference: asterisms and cluster alikes by B. Alessi reported in DAML02."
"Bica 641","Reference: present study."
"Teutsch J1759.0-2448","Reference: the Preliminary Amateur Open Cluster Catalog, Version 08/03/2003. Asterisms and cluster alikes by B. Alessi reported in DAML02."
"Schmitz J1903.9-3126","Reference: asterisms and cluster alikes by B. Alessi reported in DAML02."
"HD 173484 Group","Reference: asterisms and cluster alikes by B. Alessi reported in DAML02."
"Schmitz J1906.6-3118","Reference: asterisms and cluster alikes by B. Alessi reported in DAML02."
"Bica 30","Reference: present study."
"Schmitz 1","Reference: asterisms and cluster alikes by B. Alessi reported in DAML02."
"Ryu 608,Bica 31","Reference: present study."
"Patchick 80","Reference: asterisms and cluster alikes by B. Alessi reported in DAML02."
"Trifid Cluster,NGC 6514,MWSC 2788,MWSC 2789","Reference: 2MASS website."
"Teutsch 72,DSH J1802.8-2249","Reference: asterisms and cluster alikes by B. Alessi reported in DAML02."
"Ryu 175,Bica 32","Reference: present study."
"Kronberger 49,DSH J1810.3-2320","Reference: the Preliminary Amateur Open Cluster Catalog, Version 08/03/2003."
"Streicher 62","Reference: asterisms and cluster alikes by B. Alessi reported in DAML02."
"Kronberger 48","Reference: the Preliminary Amateur Open Cluster Catalog, Version 08/03/2003."
"Teutsch 14b,DSH J1803.5-2208","Reference: asterisms and cluster alikes by B. Alessi reported in DAML02."
"Teutsch 14a,DSH J1803.5-2207,Teutsch J1803.5-2207,MWSC 2791","Reference: the Preliminary Amateur Open Cluster Catalog, Version 08/03/2003."
"Patchick 31","Reference: the Preliminary Amateur Open Cluster Catalog, Version 08/03/2003."
"Patchick 58","Reference: the Preliminary Amateur Open Cluster Catalog, Version 08/03/2003."
"Bica 33","Reference: present study."
"Teutsch J1817.4-2322","Reference: asterisms and cluster alikes by B. Alessi reported in DAML02."
"Ryu 630,Bica 34","Reference: present study."
"Teutsch J1815.2-2228","Reference: asterisms and cluster alikes by B. Alessi reported in DAML02."
"Ferrero 45","Reference: asterisms and clusters by L. Ferrero."
"Streicher 61","Reference: asterisms and cluster alikes by B. Alessi reported in DAML02."
"Teutsch J1935.4+4634","Reference: the Preliminary Amateur Open Cluster Catalog, Version 08/03/2003."
"Juchert J1738.5-1659","Reference: asterisms and cluster alikes by B. Alessi reported in DAML02."
"Lorenzin 3","Reference: asterisms and cluster alikes by B. Alessi reported in DAML02."
"Bica 642","Reference: present study."
"Bica 643","Reference: present study."
"Patchick 97","Reference: asterisms and cluster alikes by B. Alessi reported in DAML02."
"Teutsch 264","Reference: asterisms and cluster alikes by B. Alessi reported in DAML02."
"Lima 2","Reference: discoveries by our group members and communicated in the present work (2002 to 2017)."
"Bica 644","Reference: present study."
"Lima 1","Reference: discoveries by our group members and communicated in the present work (2002 to 2017)."
"Teutsch J1755.4-1759","Reference: asterisms and cluster alikes by B. Alessi reported in DAML02."
"Bica 35","Reference: present study."
"Dolidze 50,OCL 32,Alessi J1605.5-2031,MWSC 2349","Reference: analysis of Dolidze objects by M. Kronberger reported in DAML02. The Preliminary Amateur Open Cluster Catalog, Version 08/03/2003."
"Kronberger 20","Reference: the Preliminary Amateur Open Cluster Catalog, Version 08/03/2003."
"Teutsch J1813.9-1951","Reference: asterisms and cluster alikes by B. Alessi reported in DAML02."
"NGC 6595,ESO 590-15,BDSB 5,BDB 9,MWSC 2868,MWSC 2870","Reference: 2MASS website."
"Dias 5,MWSC 2876","Reference: web updates in DAML02, some were later removed (2003 to 2010)."
"Teutsch J1811.8-1851","Reference: asterisms and cluster alikes by B. Alessi reported in DAML02."
"Bica 36","Reference: present study."
"Teutsch J1735.9-1348","Reference: asterisms and cluster alikes by B. Alessi reported in DAML02."
"NGC 6554,ESO 590-3,MWSC 2821","Reference: original NGC and IC catalogues at Vizier: NGC 2000.0, Sky Publishing, ed. Sinnott 1988 (1997yCat.7118....0S)."
"Ryu 675,Bica 37","Reference: present study."
"Teutsch J1759.3-1659","Reference: asterisms and cluster alikes by B. Alessi reported in DAML02."
"Bica 38","Reference: present study."
"Polakis 1","Reference: asterisms and cluster alikes by B. Alessi reported in DAML02."
"SgrOB4,MWSC 2859","Reference: asterisms and cluster alikes by B. Alessi reported in DAML02."
"Bica 39","Reference: present study."
"Teutsch 262","Reference: asterisms and cluster alikes by B. Alessi reported in DAML02."
"Turner 2,Kronberger J1817.2-1849,MWSC 2872","Reference: asterisms and cluster alikes by B. Alessi reported in DAML02."
"Turner 3,Kronberger J1817.5-1851,MWSC 2874","Reference: web updates in DAML02, some were later removed (2003 to 2010). Asterisms and cluster alikes by B. Alessi reported in DAML02."
"Turner 4,Kronberger J1817.1-1842,MWSC 2871","Reference: asterisms and cluster alikes by B. Alessi reported in DAML02."
"Dolidze 51,MWSC 2832","Reference: analysis of Dolidze objects by M. Kronberger reported in DAML02."
"HD 175360 Group","Reference: asterisms and cluster alikes by B. Alessi reported in DAML02."
"Ryu 694,Bica 40","Reference: present study."
"Ryu 203,Bica 41","Reference: present study."
"Bica 43","Reference: present study."
"Bica 42","Reference: present study."
"Teutsch J1819.8-1831","Reference: asterisms and cluster alikes by B. Alessi reported in DAML02."
"Bica 44","Reference: present study."
"Teutsch J1850.1-2201","Reference: asterisms and cluster alikes by B. Alessi reported in DAML02. The Preliminary Amateur Open Cluster Catalog, Version 08/03/2003."
"Teutsch 260","Reference: asterisms and cluster alikes by B. Alessi reported in DAML02."
"Picot 1,Napoleon's Hat,Ramakers 6","Reference: the Preliminary Amateur Open Cluster Catalog, Version 08/03/2003. Asterisms reported by amateur astronomers in the web."
"HD 183575 Group","Reference: asterisms and cluster alikes by B. Alessi reported in DAML02."
"Bica 45","Reference: present study."
"IC 4715,ESO 591-1","Reference: original NGC and IC catalogues at Vizier: NGC 2000.0, Sky Publishing, ed. Sinnott 1988 (1997yCat.7118....0S)."
"Alessi 40,ASCC 97,MWSC 2963","Reference: web updates in DAML02, some were later removed (2003 to 2010). List of clusters and alike reported by B. Alessi."
"Teutsch J1814.2-1606","Reference: asterisms and cluster alikes by B. Alessi reported in DAML02."
"HD 186449 Group","Reference: asterisms and cluster alikes by B. Alessi reported in DAML02."
"Alessi J1815.5-1559","Reference: the Preliminary Amateur Open Cluster Catalog, Version 08/03/2003."
"Kronberger 50","Reference: asterisms and cluster alikes by B. Alessi reported in DAML02."
"Alessi 63,Alessi J1812.4-1522,Teutsch J1812.4-1522","Reference: list of clusters and alike reported by B. Alessi. The Preliminary Amateur Open Cluster Catalog, Version 08/03/2003."
"Teutsch 265,Dolidze 52a,Teutsch J1825.8-1704","Reference: asterisms and cluster alikes by B. Alessi reported in DAML02."
"Dolidze 52,MWSC 2907","Reference: analysis of Dolidze objects by M. Kronberger reported in DAML02. Asterisms and cluster alikes by B. Alessi reported in DAML02."
"Dolidze 52d","Reference: analysis of Dolidze objects by M. Kronberger reported in DAML02."
"SerCp I Group","Reference: asterisms and cluster alikes by B. Alessi reported in DAML02."
"Alessi 31,ASCC 92,MWSC 2723","Reference: web updates in DAML02, some were later removed (2003 to 2010). List of clusters and alike reported by B. Alessi. The Preliminary Amateur Open Cluster Catalog, Version 08/03/2003."
"NGC 6647,OCL 45,MWSC 2939","Reference: web updates in DAML02, some were later removed (2003 to 2010)."
"NGC 6605,OCL 47,MWSC 2882","Reference: web updates in DAML02, some were later removed (2003 to 2010)."
"HD 182251 Group","Reference: asterisms and cluster alikes by B. Alessi reported in DAML02."
"Alessi 1849-18,Summer Christmas Tree","Reference: the Preliminary Amateur Open Cluster Catalog, Version 08/03/2003."
"Patchick 87","Reference: asterisms and cluster alikes by B. Alessi reported in DAML02."
"ESO 464-9,MWSC 3443","Reference: web updates in DAML02, some were later removed (2003 to 2010)."
"Alessi J1847.9-1813","Reference: asterisms and cluster alikes by B. Alessi reported in DAML02. The Preliminary Amateur Open Cluster Catalog, Version 08/03/2003."
"Bica 46","Reference: present study."
"Bica 47","Reference: present study."
"Kronberger 25,J1822.6-1443,MWSC 2901","Reference: the Preliminary Amateur Open Cluster Catalog, Version 08/03/2003."
"Elosser 7","Reference: asterisms and cluster alikes by B. Alessi reported in DAML02."
"Teutsch J1823.4-1447","Reference: asterisms and cluster alikes by B. Alessi reported in DAML02."
"Kharchenko 2,MWSC 2900","Reference: web updates in DAML02, some were later removed (2003 to 2010)."
"Kharchenko 3,MWSC 2901","Reference: web updates in DAML02, some were later removed (2003 to 2010)."
"Kronberger 2,DSH J1821.3-1417,MWSC 2898","Reference: web updates in DAML02, some were later removed (2003 to 2010)."
"Bica 48","Reference: present study."
"Elosser 6","Reference: asterisms and cluster alikes by B. Alessi reported in DAML02."
"Dolidze 28,OCL 53,MWSC 2913","Reference: analysis of Dolidze objects by M. Kronberger reported in DAML02."
"Mamajek 2,mu Oph Cluster,MWSC 2650","Reference: web updates in DAML02, some were later removed (2003 to 2010)."
"Teutsch 269","Reference: asterisms and cluster alikes by B. Alessi reported in DAML02."
"Teutsch 263","Reference: asterisms and cluster alikes by B. Alessi reported in DAML02."
"Renou 12","Reference: asterisms and cluster alikes by B. Alessi reported in DAML02."
"Teutsch 268","Reference: asterisms and cluster alikes by B. Alessi reported in DAML02."
"Teutsch 266","Reference: asterisms and cluster alikes by B. Alessi reported in DAML02."
"Teutsch 267","Reference: asterisms and cluster alikes by B. Alessi reported in DAML02."
"Bica 49","Reference: present study."
"Sct II Group","Reference: asterisms and cluster alikes by B. Alessi reported in DAML02."
"Patchick 98","Reference: asterisms and cluster alikes by B. Alessi reported in DAML02."
"Bica 50","Reference: present study."
"Bica 51","Reference: present study."
"Bica 52","Reference: present study."
"Desvoivres 3","Reference: the Preliminary Amateur Open Cluster Catalog, Version 08/03/2003."
"Alessi J1917.6-1857","Reference: asterisms and cluster alikes by B. Alessi reported in DAML02."
"Streicher 40","Reference: asterisms and cluster alikes by B. Alessi reported in DAML02."
"Ryu 783,Bica 53","Reference: present study."
"Ryu 786,Bica 54","Reference: present study."
"Alessi 98","Reference: list of clusters and alike reported by B. Alessi."
"Dias 6,BBD 5,MWSC 2932","Reference: web updates in DAML02, some were later removed (2003 to 2010)."
"Sct III Group","Reference: asterisms and cluster alikes by B. Alessi reported in DAML02."
"Bica 55","Reference: present study."
"Teutsch J1830.8-1215","Reference: asterisms and cluster alikes by B. Alessi reported in DAML02."
"Teutsch J1835.6-1241","Reference: asterisms and cluster alikes by B. Alessi reported in DAML02."
"Teutsch J1832.1-1134","Reference: asterisms and cluster alikes by B. Alessi reported in DAML02."
"Bica 56","Reference: present study."
"Webb 2,Webb's Wreath,Ramakers 30","Reference: asterisms reported by amateur astronomers in the web."
"Teutsch 117,DSH J1837.1-1013","Reference: the Preliminary Amateur Open Cluster Catalog, Version 08/03/2003."
"Teutsch 278","Reference: asterisms and cluster alikes by B. Alessi reported in DAML02."
"Sct Iy Group","Reference: asterisms and cluster alikes by B. Alessi reported in DAML02."
"Lorenzin 5","Reference: asterisms and cluster alikes by B. Alessi reported in DAML02."
"Essertoo 1,Essertoo String,Ramakers 46","Reference: asterisms reported by amateur astronomers in the web."
"Santa 9","Reference: asterisms and cluster alikes by B. Alessi reported in DAML02."
"Bica 57","Reference: present study."
"Teutsch J1820.5-0710","Reference: asterisms and cluster alikes by B. Alessi reported in DAML02."
"Bica 58","Reference: present study."
"Bica 59","Reference: present study."
"Bica 60","Reference: present study."
"Ryu 829,Bica 61","Reference: present study."
"Santa 10","Reference: asterisms and cluster alikes by B. Alessi reported in DAML02."
"Bica 62","Reference: present study."
"Teutsch J1840.7-0853","Reference: asterisms and cluster alikes by B. Alessi reported in DAML02."
"Bica 63","Reference: present study."
"NGC 6664,Collinder 385,OCL 68,Alessi 153,MWSC 2962","Reference: list of clusters and alike reported by B. Alessi."
"Bica 64","Reference: present study."
"Streicher 72","Reference: asterisms and cluster alikes by B. Alessi reported in DAML02."
"HD 213793 Group","Reference: asterisms and cluster alikes by B. Alessi reported in DAML02."
"Teutsch J1827.5-0626","Reference: asterisms and cluster alikes by B. Alessi reported in DAML02."
"Bica 65","Reference: present study."
"Dolidze 29,OCL 70,MWSC 2937","Reference: analysis of Dolidze objects by M. Kronberger reported in DAML02. Web updates in DAML02, some were later removed (2003 to 2010)."
"Bica 645","Reference: present study."
"Bica 66","Reference: present study."
"Dolidze 29a","Reference: analysis of Dolidze objects by M. Kronberger reported in DAML02. Web updates in DAML02, some were later removed (2003 to 2010). Asterisms and cluster alikes by B. Alessi reported in DAML02."
"Teutsch J1901.4-1006","Reference: asterisms and cluster alikes by B. Alessi reported in DAML02. The Preliminary Amateur Open Cluster Catalog, Version 08/03/2003."
"Dolidze 31,OCL 71,MWSC 2957","Reference: web updates in DAML02, some were later removed (2003 to 2010). Analysis of Dolidze objects by M. Kronberger reported in DAML02."
"Alicante 6,MWM 58,Teutsch J1836.4-0639","Reference: asterisms and cluster alikes by B. Alessi reported in DAML02."
"Teutsch J1836.9-0642","Reference: asterisms and cluster alikes by B. Alessi reported in DAML02."
"Teutsch 270","Reference: asterisms and cluster alikes by B. Alessi reported in DAML02."
"Dolidze 30,OCL 73,MWSC 2947","Reference: web updates in DAML02, some were later removed (2003 to 2010)."
"Bica 67","Reference: present study."
"Alessi 152","Reference: list of clusters and alike reported by B. Alessi."
"Renou 11,Ferrero 41","Reference: asterisms and cluster alikes by B. Alessi reported in DAML02. Asterisms and clusters by L. Ferrero."
"Teutsch 271","Reference: asterisms and cluster alikes by B. Alessi reported in DAML02."
"S Sct Group","Reference: asterisms and cluster alikes by B. Alessi reported in DAML02."
"Ramakers 45,Button Hook","Reference: asterisms reported by amateur astronomers in the web."
"Alessi J1546.1+1525","Reference: asterisms and cluster alikes by B. Alessi reported in DAML02."
"Bica 68","Reference: present study."
"Sct V Group","Reference: asterisms and cluster alikes by B. Alessi reported in DAML02."
"FNY 1,RSG 2SW","Reference: present study."
"Teutsch J1832.9-0501","Reference: asterisms and cluster alikes by B. Alessi reported in DAML02."
"Ryu 874,Bica 70","Reference: present study."
"Zanin 14","Reference: asterisms and cluster alikes by B. Alessi reported in DAML02."
"Alessi 154","Reference: list of clusters and alike reported by B. Alessi."
"Aql VII Group","Reference: asterisms and cluster alikes by B. Alessi reported in DAML02."
"Teutsch 272","Reference: asterisms and cluster alikes by B. Alessi reported in DAML02."
"Sct IV Group","Reference: asterisms and cluster alikes by B. Alessi reported in DAML02."
"IC 4768","Reference: original NGC and IC catalogues at Vizier: NGC 2000.0, Sky Publishing, ed. Sinnott 1988 (1997yCat.7118....0S)."
"Bica 71","Reference: present study."
"Teutsch J1839.1-0459","Reference: asterisms and cluster alikes by B. Alessi reported in DAML02."
"Teutsch J1849.0-0610","Reference: asterisms and cluster alikes by B. Alessi reported in DAML02."
"Teutsch 145,DSH J1842.4-0515,MWSC 2978","Reference: asterisms and cluster alikes by B. Alessi reported in DAML02."
"Bica 72","Reference: present study."
"Bica 73","Reference: present study."
"Harrington 7,Zig Zag,Flower,Ramakers 31","Reference: asterisms reported by amateur astronomers in the web. The Preliminary Amateur Open Cluster Catalog, Version 08/03/2003."
"Crinklaw 1","Reference: the Preliminary Amateur Open Cluster Catalog, Version 08/03/2003. Asterisms and cluster alikes by B. Alessi reported in DAML02."
"Kernya 13","Reference: asterisms and cluster alikes by B. Alessi reported in DAML02."
"Sct I Association,Assoc 10,Sct Ix Group","Reference: asterisms and cluster alikes by B. Alessi reported in DAML02."
"NGC 6682,MWSC 2968","Reference: web updates in DAML02, some were later removed (2003 to 2010)."
"Renou 10","Reference: asterisms and cluster alikes by B. Alessi reported in DAML02."
"AL 5,Andrews-Lindsay 5,MWSC 2985","Reference: web updates in DAML02, some were later removed (2003 to 2010)."
"Dolidze 34,OCL 78,MWSC 2976","Reference: asterisms and cluster alikes by B. Alessi reported in DAML02."
"Patchick 32","Reference: the Preliminary Amateur Open Cluster Catalog, Version 08/03/2003."
"Renou 9","Reference: asterisms and cluster alikes by B. Alessi reported in DAML02."
"Dolidze 33,OCL 79,MWSC 2973","Reference: analysis of Dolidze objects by M. Kronberger reported in DAML02."
"Dolidze 32,OCL 80,MWSC 2972","Reference: analysis of Dolidze objects by M. Kronberger reported in DAML02. Asterisms and cluster alikes by B. Alessi reported in DAML02."
"Raymond 7","Reference: asterisms and cluster alikes by B. Alessi reported in DAML02."
"HD 179002 Group","Reference: asterisms and cluster alikes by B. Alessi reported in DAML02."
"Renou 8","Reference: asterisms and cluster alikes by B. Alessi reported in DAML02."
"Ryu 265,Bica 74,Masgomas 2","Reference: present study."
"Ryu 266,Bica 75","Reference: present study."
"Bica 76","Reference: present study."
"Bica 77","Reference: present study."
"W 40,BDB 16,Reyle-Robin 2,MWSC 2938","Reference: 2MASS website. Asterisms and cluster alikes by B. Alessi reported in DAML02."
"Laville 1","Reference: asterisms and cluster alikes by B. Alessi reported in DAML02."
"Teutsch 276","Reference: asterisms and cluster alikes by B. Alessi reported in DAML02."
"Salque 1","Reference: asterisms and cluster alikes by B. Alessi reported in DAML02."
"Pothier 19","Reference: the Preliminary Amateur Open Cluster Catalog, Version 08/03/2003."
"Alessi 81","Reference: list of clusters and alike reported by B. Alessi."
"Bica 78","Reference: present study."
"Renou 7","Reference: asterisms and cluster alikes by B. Alessi reported in DAML02."
"Alessi 121","Reference: list of clusters and alike reported by B. Alessi."
"Ryu 914,Bica 79","Reference: present study."
"Patchick 28","Reference: the Preliminary Amateur Open Cluster Catalog, Version 08/03/2003."
"Patchick 50","Reference: the Preliminary Amateur Open Cluster Catalog, Version 08/03/2003."
"Alessi J1609.6+1648","Reference: asterisms and cluster alikes by B. Alessi reported in DAML02."
"Steine 9","Reference: the Preliminary Amateur Open Cluster Catalog, Version 08/03/2003."
"Chatard 2","Reference: the Preliminary Amateur Open Cluster Catalog, Version 08/03/2003."
"Alessi 10,LeDrew 3","Reference: web updates in DAML02, some were later removed (2003 to 2010). List of clusters and alike reported by B. Alessi."
"Cap I Group","Reference: asterisms and cluster alikes by B. Alessi reported in DAML02."
"Steine 17","Reference: the Preliminary Amateur Open Cluster Catalog, Version 08/03/2003. Present study."
"Teutsch 274","Reference: asterisms and cluster alikes by B. Alessi reported in DAML02."
"LeDrew 7","Reference: the Preliminary Amateur Open Cluster Catalog, Version 08/03/2003."
"Alessi J1924.6-0512","Reference: asterisms and cluster alikes by B. Alessi reported in DAML02."
"Bica 80","Reference: present study."
"Patchick 82","Reference: asterisms and cluster alikes by B. Alessi reported in DAML02."
"Bica 81","Reference: present study."
"Juchert J1851.8-0028","Reference: asterisms and cluster alikes by B. Alessi reported in DAML02."
"Juchert 15","Reference: asterisms and cluster alikes by B. Alessi reported in DAML02."
"Teutsch 146,DSH J1851.5+0011,MWSC 3010","Reference: asterisms and cluster alikes by B. Alessi reported in DAML02."
"Bica 82","Reference: present study."
"Streicher 64","Reference: asterisms and cluster alikes by B. Alessi reported in DAML02."
"Alessi 117","Reference: list of clusters and alike reported by B. Alessi."
"Sudor Ophiuchi","Reference: asterisms reported by amateur astronomers in the web."
"Lorenzin 2","Reference: asterisms and cluster alikes by B. Alessi reported in DAML02."
"Bica 83","Reference: present study."
"Alessi 76","Reference: list of clusters and alike reported by B. Alessi."
"Teutsch J1840.0+0314","Reference: asterisms and cluster alikes by B. Alessi reported in DAML02."
"Patchick 52","Reference: the Preliminary Amateur Open Cluster Catalog, Version 08/03/2003."
"Pothier 20","Reference: asterisms and cluster alikes by B. Alessi reported in DAML02. The Preliminary Amateur Open Cluster Catalog, Version 08/03/2003."
"Bica 84","Reference: present study."
"Pothier 15","Reference: the Preliminary Amateur Open Cluster Catalog, Version 08/03/2003. Asterisms and cluster alikes by B. Alessi reported in DAML02."
"Teutsch 273","Reference: asterisms and cluster alikes by B. Alessi reported in DAML02."
"O'Neal 15","Reference: asterisms and cluster alikes by B. Alessi reported in DAML02."
"W 48,BDB 24,MWSC 3040","Reference: 2MASS website."
"Bica 85","Reference: present study."
"Bica 86","Reference: present study."
"Bica 87","Reference: present study."
"Bica 88","Reference: present study."
"Teutsch 261","Reference: asterisms and cluster alikes by B. Alessi reported in DAML02."
"HD 187570 Group","Reference: asterisms and cluster alikes by B. Alessi reported in DAML02."
"Bica 89","Reference: present study."
"Bica 91","Reference: present study."
"Bica 90","Reference: present study."
"Aql XVI Group","Reference: asterisms and cluster alikes by B. Alessi reported in DAML02."
"Teutsch 15,DSH J1817.1+0722,Teutsch J1817.1+0722","Reference: the Preliminary Amateur Open Cluster Catalog, Version 08/03/2003."
"NGC 7005,MWSC 3452","Reference: web updates in DAML02, some were later removed (2003 to 2010)."
"Bica 92","Reference: present study."
"Teutsch J1819.0+0737","Reference: the Preliminary Amateur Open Cluster Catalog, Version 08/03/2003. Asterisms and cluster alikes by B. Alessi reported in DAML02."
"Teutsch J1844.9+0434","Reference: asterisms and cluster alikes by B. Alessi reported in DAML02."
"O'Neal 16","Reference: asterisms and cluster alikes by B. Alessi reported in DAML02."
"Aql VIII Group","Reference: asterisms and cluster alikes by B. Alessi reported in DAML02."
"Theta Serpens","Reference: asterisms reported by amateur astronomers in the web."
"Bica 646","Reference: present study."
"Bica 647","Reference: present study."
"Bica 648","Reference: present study."
"NGC 6353","Reference: original NGC and IC catalogues at Vizier: NGC 2000.0, Sky Publishing, ed. Sinnott 1988 (1997yCat.7118....0S)."
"Bica 93","Reference: present study."
"Bica 649","Reference: present study."
"Bica 650","Reference: present study."
"Riddle 2,Riddle's Trapezium","Reference: the Preliminary Amateur Open Cluster Catalog, Version 08/03/2003."
"Ferrero 44","Reference: asterisms and clusters by L. Ferrero."
"Kronberger J1822.6+0933","Reference: asterisms and cluster alikes by B. Alessi reported in DAML02."
"O'Neal 14","Reference: asterisms and cluster alikes by B. Alessi reported in DAML02."
"Streicher 48","Reference: asterisms and cluster alikes by B. Alessi reported in DAML02."
"Teutsch J1714.3+1718","Reference: asterisms and cluster alikes by B. Alessi reported in DAML02."
"FSR 111,Teutsch 118,DSH J1908.1+0414","Reference: asterisms and cluster alikes by B. Alessi reported in DAML02."
"Teutsch 138,DSH J1851.8+0624","Reference: asterisms and cluster alikes by B. Alessi reported in DAML02."
"Saloranta 13","Reference: asterisms and cluster alikes by B. Alessi reported in DAML02."
"Bica 94","Reference: present study."
"Bica 95","Reference: present study."
"Bica 96","Reference: present study."
"Teutsch J1826.3+1001","Reference: the Preliminary Amateur Open Cluster Catalog, Version 08/03/2003."
"Teutsch 119,DSH J1914.3+0405","Reference: asterisms and cluster alikes by B. Alessi reported in DAML02."
"Alessi J1909.1+0448","Reference: the Preliminary Amateur Open Cluster Catalog, Version 08/03/2003."
"Alessi 1910.1+0509","Reference: the Preliminary Amateur Open Cluster Catalog, Version 08/03/2003."
"HD 210123 Group","Reference: asterisms and cluster alikes by B. Alessi reported in DAML02."
"SS 433 Cluster","Reference: 2MASS website."
"NGC 6795,MWSC 3122","Reference: web updates in DAML02, some were later removed (2003 to 2010)."
"Bica 97","Reference: present study."
"Alessi 44,ASCC 106,MWSC 3164","Reference: web updates in DAML02, some were later removed (2003 to 2010). List of clusters and alike reported by B. Alessi."
"Alessi 19,LeDrew 5,MWSC 2887","Reference: web updates in DAML02, some were later removed (2003 to 2010). List of clusters and alike reported by B. Alessi."
"Aql I Group","Reference: asterisms and cluster alikes by B. Alessi reported in DAML02."
"Aql XIII Group","Reference: asterisms and cluster alikes by B. Alessi reported in DAML02."
"Santa 1","Reference: asterisms and cluster alikes by B. Alessi reported in DAML02."
"Aql II Group","Reference: asterisms and cluster alikes by B. Alessi reported in DAML02."
"O'Neal 13","Reference: asterisms and cluster alikes by B. Alessi reported in DAML02."
"Patchick 53","Reference: the Preliminary Amateur Open Cluster Catalog, Version 08/03/2003."
"NGC 6859","Reference: web updates in DAML02, some were later removed (2003 to 2010)."
"NGC 7134,MWSC 3563","Reference: web updates in DAML02, some were later removed (2003 to 2010)."
"NGC 6980","Reference: original NGC and IC catalogues at Vizier: NGC 2000.0, Sky Publishing, ed. Sinnott 1988 (1997yCat.7118....0S)."
"Teutsch J1732.7+1913","Reference: the Preliminary Amateur Open Cluster Catalog, Version 08/03/2003."
"Renou 6","Reference: asterisms and cluster alikes by B. Alessi reported in DAML02."
"Poole J1855+10.8,Ling 2,MWSC 3022","Reference: web updates in DAML02, some were later removed (2003 to 2010)."
"SAO 103369 Group","Reference: asterisms and cluster alikes by B. Alessi reported in DAML02."
"Juchert J1923.3+0712","Reference: asterisms and cluster alikes by B. Alessi reported in DAML02."
"Poole J1856+10.8,Ling 3,MWSC 3026","Reference: web updates in DAML02, some were later removed (2003 to 2010)."
"Teutsch J1824.2+1441","Reference: asterisms and cluster alikes by B. Alessi reported in DAML02."
"Alessi 56,DSH J1906.8+0935,GLIMPSE 19,Mercer 19,MWSC 3047","Reference: list of clusters and alike reported by B. Alessi."
"Alessi J2100.5-0535","Reference: asterisms and cluster alikes by B. Alessi reported in DAML02."
"Bica 98","Reference: present study."
"Teutsch 280","Reference: asterisms and cluster alikes by B. Alessi reported in DAML02."
"Juchert J1927.8+0735","Reference: asterisms and cluster alikes by B. Alessi reported in DAML02."
"Patchick 59","Reference: the Preliminary Amateur Open Cluster Catalog, Version 08/03/2003."
"Juchert 2","Reference: asterisms and cluster alikes by B. Alessi reported in DAML02."
"Teutsch 148,DSH J1910.4+1018","Reference: asterisms and cluster alikes by B. Alessi reported in DAML02."
"Bica 99","Reference: present study."
"Alessi 161,UBC 3","Reference: list of clusters and alike reported by B. Alessi."
"Teutsch 282","Reference: asterisms and cluster alikes by B. Alessi reported in DAML02."
"Kronberger 3","Reference: web updates in DAML02, some were later removed (2003 to 2010)."
"Teutsch 277","Reference: asterisms and cluster alikes by B. Alessi reported in DAML02."
"Juchert J1904.4+1124","Reference: asterisms and cluster alikes by B. Alessi reported in DAML02."
"Juchert J1908.2+1102","Reference: asterisms and cluster alikes by B. Alessi reported in DAML02."
"Patchick 51","Reference: the Preliminary Amateur Open Cluster Catalog, Version 08/03/2003."
"Bica 100","Reference: present study."
"Teutsch 279","Reference: asterisms and cluster alikes by B. Alessi reported in DAML02."
"Patchick 60","Reference: the Preliminary Amateur Open Cluster Catalog, Version 08/03/2003."
"Ferrero 51","Reference: asterisms and clusters by L. Ferrero."
"Aql III Group","Reference: asterisms and cluster alikes by B. Alessi reported in DAML02."
"Aql IV Group","Reference: asterisms and cluster alikes by B. Alessi reported in DAML02."
"Teutsch 1657+25","Reference: the Preliminary Amateur Open Cluster Catalog, Version 08/03/2003."
"57 Her Group","Reference: asterisms and cluster alikes by B. Alessi reported in DAML02."
"Aql XV Group","Reference: asterisms and cluster alikes by B. Alessi reported in DAML02."
"Saloranta 14","Reference: asterisms and cluster alikes by B. Alessi reported in DAML02."
"Aql XIX Group","Reference: asterisms and cluster alikes by B. Alessi reported in DAML02."
"Aql V Group","Reference: asterisms and cluster alikes by B. Alessi reported in DAML02."
"Ferrero 9","Reference: the Preliminary Amateur Open Cluster Catalog, Version 08/03/2003. Asterisms and clusters by L. Ferrero."
"Alessi 160","Reference: list of clusters and alike reported by B. Alessi."
"Alessi 115","Reference: list of clusters and alike reported by B. Alessi."
"Teutsch 150,DSH J1933.8+1005","Reference: asterisms and cluster alikes by B. Alessi reported in DAML02."
"Alessi 68,DSH J1910.8+1312,Alessi J1910.8+1312","Reference: the Preliminary Amateur Open Cluster Catalog, Version 08/03/2003."
"Aql XVIII Group","Reference: asterisms and cluster alikes by B. Alessi reported in DAML02."
"Moland 2","Reference: asterisms and cluster alikes by B. Alessi reported in DAML02."
"DoDz 8,Dolidze-Dzimselejsvili 8,OCL 104,MWSC 2597","Reference: web updates in DAML02, some were later removed (2003 to 2010)."
"Aql XVII Group","Reference: asterisms and cluster alikes by B. Alessi reported in DAML02."
"Chatard 1","Reference: the Preliminary Amateur Open Cluster Catalog, Version 08/03/2003."
"Juchert J1930.8+1104","Reference: asterisms and cluster alikes by B. Alessi reported in DAML02."
"Juchert J1914.3+1331","Reference: asterisms and cluster alikes by B. Alessi reported in DAML02."
"Pothier 12","Reference: the Preliminary Amateur Open Cluster Catalog, Version 08/03/2003."
"Kronberger 22","Reference: the Preliminary Amateur Open Cluster Catalog, Version 08/03/2003."
"AT 16,Alessi-Teutsch 16,Teutsch J1805.5+2128,HD 165524 Group","Reference: list of clusters and alike reported by B. Alessi. The Preliminary Amateur Open Cluster Catalog, Version 08/03/2003."
"Teutsch J1909.5+1428","Reference: asterisms and cluster alikes by B. Alessi reported in DAML02."
"Alessi 158","Reference: list of clusters and alike reported by B. Alessi."
"Teutsch J1915.0+1353","Reference: asterisms and cluster alikes by B. Alessi reported in DAML02."
"Leiter 5","Reference: asterisms and cluster alikes by B. Alessi reported in DAML02."
"Aql XIV Group","Reference: asterisms and cluster alikes by B. Alessi reported in DAML02."
"Alessi J1933.7+1147","Reference: asterisms and cluster alikes by B. Alessi reported in DAML02."
"Kronberger 27","Reference: the Preliminary Amateur Open Cluster Catalog, Version 08/03/2003."
"Kernya 1","Reference: asterisms and cluster alikes by B. Alessi reported in DAML02."
"Teutsch 149,DSH J1912.8+1500","Reference: asterisms and cluster alikes by B. Alessi reported in DAML02."
"Santa 47","Reference: asterisms and cluster alikes by B. Alessi reported in DAML02."
"Teutsch J1905.8+1614","Reference: asterisms and cluster alikes by B. Alessi reported in DAML02."
"Teutsch 26,DSH J1926.0+1345","Reference: the Preliminary Amateur Open Cluster Catalog, Version 08/03/2003."
"Teutsch J1921.6+1421","Reference: asterisms and cluster alikes by B. Alessi reported in DAML02."
"Kronberger 13,DSH J1925.2+1356,MWSC 3116","Reference: the Preliminary Amateur Open Cluster Catalog, Version 08/03/2003."
"Teutsch J1917.0+1503","Reference: asterisms and cluster alikes by B. Alessi reported in DAML02."
"Teutsch J1919.5+1448","Reference: asterisms and cluster alikes by B. Alessi reported in DAML02."
"Juchert J1919.4+1453","Reference: asterisms and cluster alikes by B. Alessi reported in DAML02."
"Bica 101","Reference: present study."
"Steine J1910.8+1601","Reference: asterisms and cluster alikes by B. Alessi reported in DAML02."
"Steine J1910.8+1603","Reference: asterisms and cluster alikes by B. Alessi reported in DAML02."
"Steine J1907.4+1629","Reference: asterisms and cluster alikes by B. Alessi reported in DAML02."
"Bica 102","Reference: present study."
"Alessi 168","Reference: asterisms and cluster alikes by B. Alessi reported in DAML02."
"Aql XI Group","Reference: asterisms and cluster alikes by B. Alessi reported in DAML02."
"Aql X Group","Reference: asterisms and cluster alikes by B. Alessi reported in DAML02."
"Aql XII Group","Reference: asterisms and cluster alikes by B. Alessi reported in DAML02."
"Alessi 184","Reference: asterisms and cluster alikes by B. Alessi reported in DAML02."
"Patchick 83","Reference: asterisms and cluster alikes by B. Alessi reported in DAML02."
"Steine J1857.7+1810","Reference: asterisms and cluster alikes by B. Alessi reported in DAML02."
"Patchick 29","Reference: the Preliminary Amateur Open Cluster Catalog, Version 08/03/2003."
"Alessi 57,DSH J1920.8+1540,FSR 130,MWSC 3089","Reference: list of clusters and alike reported by B. Alessi."
"Her IV Group","Reference: asterisms and cluster alikes by B. Alessi reported in DAML02."
"Alessi 181","Reference: asterisms and cluster alikes by B. Alessi reported in DAML02."
"Dias 8,MWSC 3195","Reference: web updates in DAML02, some were later removed (2003 to 2010)."
"Steine J1855.8+1910","Reference: asterisms and cluster alikes by B. Alessi reported in DAML02."
"Steine 30,DSH J1912.0+1716","Reference: asterisms and cluster alikes by B. Alessi reported in DAML02."
"Steine J1915.2+1658","Reference: asterisms and cluster alikes by B. Alessi reported in DAML02."
"Steine J1913.4+1726","Reference: asterisms and cluster alikes by B. Alessi reported in DAML02."
"Streicher 49","Reference: asterisms reported by amateur astronomers in the web."
"Alessi 119","Reference: list of clusters and alike reported by B. Alessi."
"Kronberger 61","Reference: asterisms and cluster alikes by B. Alessi reported in DAML02."
"Teutsch J1925.0+1616","Reference: asterisms and cluster alikes by B. Alessi reported in DAML02."
"Steine J1910.0+1812","Reference: asterisms and cluster alikes by B. Alessi reported in DAML02."
"IC 1272","Reference: original NGC and IC catalogues at Vizier: NGC 2000.0, Sky Publishing, ed. Sinnott 1988 (1997yCat.7118....0S)."
"HD 179586 Group","Reference: asterisms and cluster alikes by B. Alessi reported in DAML02."
"IC 1273","Reference: original NGC and IC catalogues at Vizier: NGC 2000.0, Sky Publishing, ed. Sinnott 1988 (1997yCat.7118....0S)."
"Steine J1910.3+1815","Reference: asterisms and cluster alikes by B. Alessi reported in DAML02."
"Harrington 23,Backwards 5,Ramakers 27","Reference: asterisms reported by amateur astronomers in the web."
"Steine J1904.3+1920","Reference: asterisms and cluster alikes by B. Alessi reported in DAML02."
"Covino 1","Reference: private communication by S. Ortolani to E. Bica."
"Aql IX Group","Reference: asterisms and cluster alikes by B. Alessi reported in DAML02."
"Teutsch J2001.5+1201","Reference: asterisms and cluster alikes by B. Alessi reported in DAML02."
"Bica 103","Reference: present study."
"Steine J1905.8+1942","Reference: asterisms and cluster alikes by B. Alessi reported in DAML02."
"Teutsch J1916.3+1826","Reference: asterisms and cluster alikes by B. Alessi reported in DAML02."
"Teutsch J1926.1+1714","Reference: the Preliminary Amateur Open Cluster Catalog, Version 08/03/2003."
"IC 1285","Reference: original NGC and IC catalogues at Vizier: NGC 2000.0, Sky Publishing, ed. Sinnott 1988 (1997yCat.7118....0S)."
"Harrington 24,Ruby Ring,Ramakers 29","Reference: asterisms reported by amateur astronomers in the web."
"O'Neal 3","Reference: asterisms and cluster alikes by B. Alessi reported in DAML02."
"Steine J1903.6+2010","Reference: asterisms and cluster alikes by B. Alessi reported in DAML02."
"Alessi 191","Reference: asterisms and cluster alikes by B. Alessi reported in DAML02."
"NGC 6659,Alessi 159,MWSC 2952","Reference: list of clusters and alike reported by B. Alessi. Web updates in DAML02, some were later removed (2003 to 2010)."
"Teutsch 151,DSH J1942.8+1530","Reference: asterisms and cluster alikes by B. Alessi reported in DAML02."
"Santa 48","Reference: asterisms and cluster alikes by B. Alessi reported in DAML02."
"Alessi 62,MWSC 3025","Reference: list of clusters and alike reported by B. Alessi."
"Steine J1917.0+1918","Reference: asterisms and cluster alikes by B. Alessi reported in DAML02."
"LeDrew 8","Reference: the Preliminary Amateur Open Cluster Catalog, Version 08/03/2003."
"Steine J1916.6+1929","Reference: asterisms and cluster alikes by B. Alessi reported in DAML02."
"Alessi 140","Reference: list of clusters and alike reported by B. Alessi."
"Teutsch J1333.6+3011","Reference: the Preliminary Amateur Open Cluster Catalog, Version 08/03/2003."
"Steine J1933.1+1807","Reference: asterisms and cluster alikes by B. Alessi reported in DAML02."
"Renou 25","Reference: asterisms and cluster alikes by B. Alessi reported in DAML02."
"Steine J1922.4+1939","Reference: asterisms and cluster alikes by B. Alessi reported in DAML02."
"HD 169797 Group","Reference: asterisms and cluster alikes by B. Alessi reported in DAML02."
"Kernya 5","Reference: asterisms and cluster alikes by B. Alessi reported in DAML02."
"Steine J1944.7+1657","Reference: asterisms and cluster alikes by B. Alessi reported in DAML02."
"Teutsch J1929.1+1903","Reference: asterisms and cluster alikes by B. Alessi reported in DAML02."
"Steine 24","Reference: asterisms and cluster alikes by B. Alessi reported in DAML02."
"Steine J1926.7+1930","Reference: asterisms and cluster alikes by B. Alessi reported in DAML02."
"Teutsch J1936.9+1815","Reference: asterisms and cluster alikes by B. Alessi reported in DAML02."
"Ponsot 1","Reference: asterisms and cluster alikes by B. Alessi reported in DAML02."
"Kronberger J1935.6+1834","Reference: asterisms and cluster alikes by B. Alessi reported in DAML02."
"Teutsch 179,UBC 9","Reference: asterisms and cluster alikes by B. Alessi reported in DAML02."
"Renou 3","Reference: asterisms and cluster alikes by B. Alessi reported in DAML02."
"Bica 104","Reference: present study."
"Kronberger J2014.2+1323","Reference: asterisms and cluster alikes by B. Alessi reported in DAML02."
"Collinder 399,4-5 Vul,OCL 113,Al Sufi's Cluster,Brocchi's Cluster,Coathanger,MWSC 3118,Ramakers 59","Reference: asterisms reported by amateur astronomers in the web."
"Kernya 14","Reference: asterisms and cluster alikes by B. Alessi reported in DAML02."
"Teutsch 27,DSH J1937.3+1841","Reference: the Preliminary Amateur Open Cluster Catalog, Version 08/03/2003."
"Teutsch J1916.6+2120","Reference: asterisms and cluster alikes by B. Alessi reported in DAML02."
"IC 1299","Reference: original NGC and IC catalogues at Vizier: NGC 2000.0, Sky Publishing, ed. Sinnott 1988 (1997yCat.7118....0S)."
"Steine 32,DSH J1958.0+1606","Reference: asterisms and cluster alikes by B. Alessi reported in DAML02."
"Markov 1,Teutsch J1757.2+2929,Ramakers 28","Reference: asterisms reported by amateur astronomers in the web. The Preliminary Amateur Open Cluster Catalog, Version 08/03/2003."
"HD 174932 Group","Reference: asterisms and cluster alikes by B. Alessi reported in DAML02."
"O'Neal 1,Santa 32","Reference: asterisms and cluster alikes by B. Alessi reported in DAML02."
"Patchick 81","Reference: asterisms and cluster alikes by B. Alessi reported in DAML02."
"Teutsch 284","Reference: asterisms and cluster alikes by B. Alessi reported in DAML02."
"Steine J1947.4+1816","Reference: asterisms and cluster alikes by B. Alessi reported in DAML02."
"Lorenzin 4,Arrowchain,Ramakers 56","Reference: asterisms reported by amateur astronomers in the web. Asterisms and cluster alikes by B. Alessi reported in DAML02."
"Bica 105","Reference: present study."
"Steine J1947.9+1817","Reference: asterisms and cluster alikes by B. Alessi reported in DAML02."
"Alessi 28","Reference: list of clusters and alike reported by B. Alessi. The Preliminary Amateur Open Cluster Catalog, Version 08/03/2003."
"Santa 15a","Reference: asterisms and cluster alikes by B. Alessi reported in DAML02."
"Steine J1947.8+1824","Reference: asterisms and cluster alikes by B. Alessi reported in DAML02."
"Kronberger 51","Reference: asterisms and cluster alikes by B. Alessi reported in DAML02."
"Steine J1950.5+1816","Reference: asterisms and cluster alikes by B. Alessi reported in DAML02."
"Steine J1950.3+1818","Reference: asterisms and cluster alikes by B. Alessi reported in DAML02."
"Santa 15b","Reference: asterisms and cluster alikes by B. Alessi reported in DAML02."
"Pothier 10,HD 350541 Group","Reference: asterisms and cluster alikes by B. Alessi reported in DAML02."
"Bica 106","Reference: present study."
"Bica 107","Reference: present study."
"Steine 31,DSH J1942.3+1939","Reference: asterisms and cluster alikes by B. Alessi reported in DAML02."
"Teutsch J1806.8+2945","Reference: asterisms and cluster alikes by B. Alessi reported in DAML02."
"Patchick 40","Reference: the Preliminary Amateur Open Cluster Catalog, Version 08/03/2003."
"Santa 16","Reference: asterisms and cluster alikes by B. Alessi reported in DAML02."
"Teutsch 180","Reference: asterisms and cluster alikes by B. Alessi reported in DAML02."
"Bica 108","Reference: present study."
"Levy-W J2108.8+0621","Reference: asterisms and cluster alikes by B. Alessi reported in DAML02."
"Teutsch 287","Reference: asterisms and cluster alikes by B. Alessi reported in DAML02."
"Steine J1946.5+1923","Reference: asterisms and cluster alikes by B. Alessi reported in DAML02."
"Teutsch J1941.5+2007","Reference: asterisms and cluster alikes by B. Alessi reported in DAML02."
"Steine J1949.3+1906","Reference: asterisms and cluster alikes by B. Alessi reported in DAML02."
"13 Sagittae Group","Reference: asterisms and cluster alikes by B. Alessi reported in DAML02."
"Streicher 67,15 Sagittae GRoup","Reference: asterisms and cluster alikes by B. Alessi reported in DAML02."
"Patchick 30","Reference: the Preliminary Amateur Open Cluster Catalog, Version 08/03/2003."
"Teutsch J1944.1+2001","Reference: asterisms and cluster alikes by B. Alessi reported in DAML02."
"Steine J1949.8+1917","Reference: asterisms and cluster alikes by B. Alessi reported in DAML02."
"Steine J1949.6+1919","Reference: asterisms and cluster alikes by B. Alessi reported in DAML02."
"Steine J1949.9+1924","Reference: asterisms and cluster alikes by B. Alessi reported in DAML02."
"Saloranta 15","Reference: asterisms and cluster alikes by B. Alessi reported in DAML02."
"Teutsch J1954.1+1852","Reference: the Preliminary Amateur Open Cluster Catalog, Version 08/03/2003. Asterisms and cluster alikes by B. Alessi reported in DAML02."
"Teutsch J1950.2+1938","Reference: asterisms and cluster alikes by B. Alessi reported in DAML02."
"Teutsch 147,DSH J1857.6+2605","Reference: asterisms and cluster alikes by B. Alessi reported in DAML02."
"HD 175035 Group","Reference: asterisms and cluster alikes by B. Alessi reported in DAML02."
"Steine J1953.5+1926","Reference: asterisms and cluster alikes by B. Alessi reported in DAML02."
"Santa 31","Reference: asterisms and cluster alikes by B. Alessi reported in DAML02."
"Alessi J2108.8+0731","Reference: asterisms and cluster alikes by B. Alessi reported in DAML02."
"French 3","Reference: asterisms and cluster alikes by B. Alessi reported in DAML02."
"Teutsch J2013.0+1701","Reference: asterisms and cluster alikes by B. Alessi reported in DAML02."
"Bica 109","Reference: present study."
"Teutsch J1931.5+2257","Reference: asterisms and cluster alikes by B. Alessi reported in DAML02."
"Harrington 9,Teutsch 2038.3+1315,Theta Delphinus Group,Ramakers 22","Reference: the Preliminary Amateur Open Cluster Catalog, Version 08/03/2003. Asterisms reported by amateur astronomers in the web."
"IC 1278","Reference: asterisms and cluster alikes by B. Alessi reported in DAML02."
"Teutsch 40,DSH J1929.2+2318,MWSC 3129","Reference: web updates in DAML02, some were later removed (2003 to 2010)."
"Patchick 84","Reference: asterisms and cluster alikes by B. Alessi reported in DAML02."
"Teutsch J1950.2+2035","Reference: asterisms and cluster alikes by B. Alessi reported in DAML02."
"Dias 7,MWSC 3188","Reference: web updates in DAML02, some were later removed (2003 to 2010)."
"Karhula 10","Reference: asterisms and cluster alikes by B. Alessi reported in DAML02."
"Teutsch J1950.7+2106","Reference: asterisms and cluster alikes by B. Alessi reported in DAML02."
"Teutsch J2000.8+1943","Reference: asterisms and cluster alikes by B. Alessi reported in DAML02."
"Teutsch J1953.1+2053","Reference: asterisms and cluster alikes by B. Alessi reported in DAML02."
"Raymond 6","Reference: asterisms and cluster alikes by B. Alessi reported in DAML02."
"Saloranta 3","Reference: asterisms and cluster alikes by B. Alessi reported in DAML02."
"Ling 1","Reference: the Preliminary Amateur Open Cluster Catalog, Version 08/03/2003."
"Teutsch J1953.5+2056","Reference: asterisms and cluster alikes by B. Alessi reported in DAML02."
"Teutsch 285","Reference: asterisms and cluster alikes by B. Alessi reported in DAML02."
"ASCC 107,Teutsch J1948.5+2157,MWSC 3185","Reference: the Preliminary Amateur Open Cluster Catalog, Version 08/03/2003."
"Monti 9","Reference: asterisms and cluster alikes by B. Alessi reported in DAML02."
"Steine 33,DSH J2006.9+1924","Reference: asterisms and cluster alikes by B. Alessi reported in DAML02."
"Kernya 6","Reference: asterisms and cluster alikes by B. Alessi reported in DAML02."
"Teutsch J1938.3+2343","Reference: asterisms and cluster alikes by B. Alessi reported in DAML02."
"Renou 5","Reference: asterisms and cluster alikes by B. Alessi reported in DAML02."
"Steine J2012.5+1918","Reference: asterisms and cluster alikes by B. Alessi reported in DAML02."
"Patchick 96","Reference: asterisms and cluster alikes by B. Alessi reported in DAML02."
"Teutsch J1939.3+2408","Reference: asterisms and cluster alikes by B. Alessi reported in DAML02."
"Alessi 11,MWSC 3321","Reference: web updates in DAML02, some were later removed (2003 to 2010). List of clusters and alike reported by B. Alessi."
"Santa 12","Reference: asterisms and cluster alikes by B. Alessi reported in DAML02."
"Bica 110","Reference: present study."
"Bica 111","Reference: present study."
"Teutsch J2009.9+2058","Reference: the Preliminary Amateur Open Cluster Catalog, Version 08/03/2003."
"Alessi 137","Reference: list of clusters and alike reported by B. Alessi."
"Streicher 73","Reference: asterisms and cluster alikes by B. Alessi reported in DAML02."
"Teutsch 7,DSH J1947.7+2415,FSR 155,MWSC 3180","Reference: web updates in DAML02, some were later removed (2003 to 2010). The Preliminary Amateur Open Cluster Catalog, Version 08/03/2003."
"HD 191814 Group","Reference: asterisms and cluster alikes by B. Alessi reported in DAML02."
"Dolidze 53,BDSB 158,Sh2-87E,FSR 156,MWSC 3177,MWSC 3176,MWSC 3175","Reference: analysis of Dolidze objects by M. Kronberger reported in DAML02."
"NGC 6950,MWSC 3394","Reference: original NGC and IC catalogues at Vizier: NGC 2000.0, Sky Publishing, ed. Sinnott 1988 (1997yCat.7118....0S)."
"Kronberger 30","Reference: the Preliminary Amateur Open Cluster Catalog, Version 08/03/2003."
"Teutsch J1929.5+2719","Reference: asterisms and cluster alikes by B. Alessi reported in DAML02."
"Poskus 1,Ramakers 24","Reference: asterisms and cluster alikes by B. Alessi reported in DAML02."
"Alessi 120","Reference: list of clusters and alike reported by B. Alessi."
"Kronberger 31,DSH J1940.1+2615","Reference: the Preliminary Amateur Open Cluster Catalog, Version 08/03/2003."
"Monti 10","Reference: asterisms and cluster alikes by B. Alessi reported in DAML02."
"Bica 112","Reference: present study."
"Alessi 108","Reference: list of clusters and alike reported by B. Alessi."
"Teutsch 120,DSH J1929.9+2757","Reference: asterisms and cluster alikes by B. Alessi reported in DAML02."
"EU Delphinus","Reference: asterisms reported by amateur astronomers in the web."
"NGC 6815,OCL 131,MWSC 3154","Reference: web updates in DAML02, some were later removed (2003 to 2010)."
"Steine 2","Reference: the Preliminary Amateur Open Cluster Catalog, Version 08/03/2003. Asterisms and cluster alikes by B. Alessi reported in DAML02."
"Teutsch 153,DSH J1950.8+2601","Reference: asterisms and cluster alikes by B. Alessi reported in DAML02."
"Teutsch J1943.2+2717,HD 186518 Group","Reference: the Preliminary Amateur Open Cluster Catalog, Version 08/03/2003. Asterisms and cluster alikes by B. Alessi reported in DAML02."
"Teutsch J1952.8+2602","Reference: asterisms and cluster alikes by B. Alessi reported in DAML02."
"Bica 113","Reference: present study."
"Bica 115","Reference: present study."
"Bica 114","Reference: present study."
"Patchick 61","Reference: the Preliminary Amateur Open Cluster Catalog, Version 08/03/2003."
"Turner 1,MWSC 3184","Reference: web updates in DAML02, some were later removed (2003 to 2010)."
"Saloranta 16","Reference: asterisms and cluster alikes by B. Alessi reported in DAML02."
"Alessi J1956.3+2627","Reference: asterisms and cluster alikes by B. Alessi reported in DAML02."
"Kronberger 5,MWSC 3174","Reference: web updates in DAML02, some were later removed (2003 to 2010)."
"Leiter 12","Reference: the Preliminary Amateur Open Cluster Catalog, Version 08/03/2003."
"Cyg I Group","Reference: asterisms and cluster alikes by B. Alessi reported in DAML02."
"Renou 1","Reference: asterisms and cluster alikes by B. Alessi reported in DAML02."
"ADS 12696","Reference: asterisms and cluster alikes by B. Alessi reported in DAML02."
"Teutsch 298","Reference: asterisms and cluster alikes by B. Alessi reported in DAML02."
"Alessi 116","Reference: list of clusters and alike reported by B. Alessi."
"Patchick 77","Reference: asterisms and cluster alikes by B. Alessi reported in DAML02."
"Teutsch 73,DSH J1945.7+2852","Reference: asterisms and cluster alikes by B. Alessi reported in DAML02."
"Mandushev 1,MWSC 3158","Reference: web updates in DAML02, some were later removed (2003 to 2010). Web updates in DAML02, some were later removed (2003 to 2010)."
"Streicher 78","Reference: asterisms and cluster alikes by B. Alessi reported in DAML02."
"Harrington 27,French 1,Toadstool,Dolphins' Diamonds,Ramakers 23","Reference: asterisms reported by amateur astronomers in the web. The Preliminary Amateur Open Cluster Catalog, Version 08/03/2003."
"Teutsch J1942.0+2947","Reference: asterisms and cluster alikes by B. Alessi reported in DAML02."
"NGC 6938,MWSC 3372","Reference: original NGC and IC catalogues at Vizier: NGC 2000.0, Sky Publishing, ed. Sinnott 1988 (1997yCat.7118....0S)."
"HD 225016 Group","Reference: asterisms and cluster alikes by B. Alessi reported in DAML02."
"Teutsch 32,DSH J1915.2+3251","Reference: asterisms and cluster alikes by B. Alessi reported in DAML02."
"Cyg II","Reference: asterisms and cluster alikes by B. Alessi reported in DAML02."
"Patchick 33","Reference: asterisms reported by amateur astronomers in the web. The Preliminary Amateur Open Cluster Catalog, Version 08/03/2003."
"Steine 23","Reference: asterisms and cluster alikes by B. Alessi reported in DAML02."
"Steine J1947.5+2940","Reference: asterisms and cluster alikes by B. Alessi reported in DAML02."
"Steine J1946.5+2947","Reference: asterisms and cluster alikes by B. Alessi reported in DAML02."
"Steine J1945.3+2957","Reference: asterisms and cluster alikes by B. Alessi reported in DAML02."
"Alessi J2142.6+1004","Reference: the Preliminary Amateur Open Cluster Catalog, Version 08/03/2003. Asterisms and cluster alikes by B. Alessi reported in DAML02."
"Patchick 34","Reference: the Preliminary Amateur Open Cluster Catalog, Version 08/03/2003."
"Teutsch 174,DSH J1959.6+2818","Reference: asterisms and cluster alikes by B. Alessi reported in DAML02."
"Ferrero 33","Reference: asterisms and cluster alikes by B. Alessi reported in DAML02. Asterisms and clusters by L. Ferrero."
"AH03 J2011+26.7,MWSC 3281","Reference: web updates in DAML02, some were later removed (2003 to 2010)."
"Teutsch J1924.8+3246","Reference: asterisms and cluster alikes by B. Alessi reported in DAML02."
"Picot 2,Teutsch J2143.1+1027","Reference: the Preliminary Amateur Open Cluster Catalog, Version 08/03/2003."
"HD 183300 Group","Reference: asterisms and cluster alikes by B. Alessi reported in DAML02."
"NGC 6847","Reference: web updates in DAML02, some were later removed (2003 to 2010)."
"Ramakers 18,Meerschaum Pipe","Reference: asterisms reported by amateur astronomers in the web."
"Teutsch J1957.6+2945","Reference: asterisms and cluster alikes by B. Alessi reported in DAML02."
"Patchick 62","Reference: the Preliminary Amateur Open Cluster Catalog, Version 08/03/2003."
"Teutsch J2001.4+2936","Reference: the Preliminary Amateur Open Cluster Catalog, Version 08/03/2003."
"Teutsch J2000.9+2941","Reference: asterisms and cluster alikes by B. Alessi reported in DAML02."
"Patchick 37","Reference: the Preliminary Amateur Open Cluster Catalog, Version 08/03/2003."
"Alessi 12,LeDrew 2,MWSC 3404","Reference: web updates in DAML02, some were later removed (2003 to 2010). List of clusters and alike reported by B. Alessi."
"Kronberger 53,DSH J1958.5+3048","Reference: asterisms and cluster alikes by B. Alessi reported in DAML02."
"Kronberger 63","Reference: asterisms and cluster alikes by B. Alessi reported in DAML02."
"Kronberger 68,DSH J2000.6+3035","Reference: web updates in DAML02, some were later removed (2003 to 2010)."
"Teutsch J1650.8+4259","Reference: the Preliminary Amateur Open Cluster Catalog, Version 08/03/2003."
"Ferrero 32","Reference: asterisms reported by amateur astronomers in the web. Asterisms and clusters by L. Ferrero."
"ASCC 101,LeDrew 6,Alessi J1913.6+3619,MWSC 3070","Reference: the Preliminary Amateur Open Cluster Catalog, Version 08/03/2003."
"Ferrero 31a","Reference: asterisms reported by amateur astronomers in the web."
"Teutsch J1955.2+3158","Reference: asterisms and cluster alikes by B. Alessi reported in DAML02."
"Kronberger 69,DSH J2001.9+3126,SAI 133,FSR 181","Reference: asterisms and cluster alikes by B. Alessi reported in DAML02."
"Teutsch J2003.6+3114","Reference: asterisms and cluster alikes by B. Alessi reported in DAML02."
"Steine 22","Reference: asterisms and cluster alikes by B. Alessi reported in DAML02."
"Kronberger 67","Reference: asterisms and cluster alikes by B. Alessi reported in DAML02."
"Teutsch J1932.6+3525","Reference: the Preliminary Amateur Open Cluster Catalog, Version 08/03/2003."
"Loiano 1","Reference: web updates in DAML02, some were later removed (2003 to 2010)."
"Teutsch J2003.2+3155","Reference: the Preliminary Amateur Open Cluster Catalog, Version 08/03/2003."
"Teutsch 122,DSH J1933.8+3529","Reference: asterisms and cluster alikes by B. Alessi reported in DAML02."
"Teutsch J1955.8+3255","Reference: asterisms and cluster alikes by B. Alessi reported in DAML02."
"Teutsch J2007.9+3126","Reference: asterisms and cluster alikes by B. Alessi reported in DAML02."
"Teutsch 35,ASCC 103,Teutsch J1935.9+3540","Reference: web updates in DAML02, some were later removed (2003 to 2010). The Preliminary Amateur Open Cluster Catalog, Version 08/03/2003."
"HD 226540 Group","Reference: asterisms and cluster alikes by B. Alessi reported in DAML02."
"Teutsch J2001.1+3246","Reference: asterisms and cluster alikes by B. Alessi reported in DAML02."
"Teutsch 294","Reference: asterisms and cluster alikes by B. Alessi reported in DAML02."
"Teutsch 292","Reference: asterisms and cluster alikes by B. Alessi reported in DAML02."
"Teutsch J1949.7+3413","Reference: asterisms and cluster alikes by B. Alessi reported in DAML02."
"Teutsch J1958.6+3309","Reference: asterisms and cluster alikes by B. Alessi reported in DAML02."
"Kronberger 34","Reference: the Preliminary Amateur Open Cluster Catalog, Version 08/03/2003."
"NGC 6896","Reference: original NGC and IC catalogues at Vizier: NGC 2000.0, Sky Publishing, ed. Sinnott 1988 (1997yCat.7118....0S)."
"NGC 7084,MWSC 3524","Reference: original NGC and IC catalogues at Vizier: NGC 2000.0, Sky Publishing, ed. Sinnott 1988 (1997yCat.7118....0S)."
"Teutsch J1938.0+3549","Reference: asterisms and cluster alikes by B. Alessi reported in DAML02."
"Teutsch J1957.6+3330","Reference: the Preliminary Amateur Open Cluster Catalog, Version 08/03/2003. Asterisms and cluster alikes by B. Alessi reported in DAML02."
"Teutsch 288","Reference: asterisms and cluster alikes by B. Alessi reported in DAML02."
"Teutsch 293","Reference: asterisms and cluster alikes by B. Alessi reported in DAML02."
"Teutsch J2001.2+3306","Reference: asterisms and cluster alikes by B. Alessi reported in DAML02."
"Saloranta 8","Reference: asterisms and cluster alikes by B. Alessi reported in DAML02."
"HD 175841 Group","Reference: asterisms and cluster alikes by B. Alessi reported in DAML02."
"Teutsch 296","Reference: asterisms and cluster alikes by B. Alessi reported in DAML02."
"Teutsch J2018.3+3108","Reference: asterisms and cluster alikes by B. Alessi reported in DAML02."
"Kronberger 66","Reference: asterisms and cluster alikes by B. Alessi reported in DAML02."
"Teutsch J2004.1+3310","Reference: asterisms and cluster alikes by B. Alessi reported in DAML02."
"Teutsch 124,DSH J2018.3+3112,MWSC 3307","Reference: web updates in DAML02, some were later removed (2003 to 2010)."
"Saloranta 18","Reference: asterisms and cluster alikes by B. Alessi reported in DAML02."
"Patchick 36","Reference: the Preliminary Amateur Open Cluster Catalog, Version 08/03/2003."
"Teutsch J2007.1+3313","Reference: asterisms and cluster alikes by B. Alessi reported in DAML02."
"11 Cyg Group","Reference: asterisms and cluster alikes by B. Alessi reported in DAML02."
"Patchick 48,DSH J2011.8+3247","Reference: the Preliminary Amateur Open Cluster Catalog, Version 08/03/2003."
"Teutsch 304","Reference: asterisms and cluster alikes by B. Alessi reported in DAML02."
"Teutsch 291","Reference: asterisms and cluster alikes by B. Alessi reported in DAML02."
"Kronberger 47","Reference: the Preliminary Amateur Open Cluster Catalog, Version 08/03/2003."
"Teutsch J2000.5+3432","Reference: asterisms and cluster alikes by B. Alessi reported in DAML02."
"Kronberger 62","Reference: asterisms and cluster alikes by B. Alessi reported in DAML02."
"Teutsch J2004.2+3410","Reference: asterisms and cluster alikes by B. Alessi reported in DAML02."
"Teutsch J1955.0+3528","Reference: asterisms and cluster alikes by B. Alessi reported in DAML02."
"Alessi 186","Reference: asterisms and cluster alikes by B. Alessi reported in DAML02."
"Teutsch J1940.2+3721","Reference: the Preliminary Amateur Open Cluster Catalog, Version 08/03/2003. Asterisms and cluster alikes by B. Alessi reported in DAML02."
"Teutsch J2006.5+3415","Reference: asterisms and cluster alikes by B. Alessi reported in DAML02."
"Teutsch J1954.2+3549","Reference: asterisms and cluster alikes by B. Alessi reported in DAML02."
"Alessi J2145.0+1647,Teutsch J2145.0+1647","Reference: the Preliminary Amateur Open Cluster Catalog, Version 08/03/2003. Asterisms and cluster alikes by B. Alessi reported in DAML02."
"Teutsch J2009.0+3420","Reference: asterisms and cluster alikes by B. Alessi reported in DAML02."
"ADS 13292,Teutsch 8,DSH J2002.3+3518,FSR 194,MWSC 3229","Reference: asterisms reported by amateur astronomers in the web. The Preliminary Amateur Open Cluster Catalog, Version 08/03/2003."
"Teutsch 289","Reference: asterisms and cluster alikes by B. Alessi reported in DAML02."
"Kronberger 35","Reference: the Preliminary Amateur Open Cluster Catalog, Version 08/03/2003."
"Kronberger 36,DSH J2004.5+3514,SAI 136","Reference: the Preliminary Amateur Open Cluster Catalog, Version 08/03/2003."
"Teutsch 303","Reference: asterisms and cluster alikes by B. Alessi reported in DAML02."
"Steine J2002.1+3545","Reference: asterisms and cluster alikes by B. Alessi reported in DAML02."
"HD 178329","Reference: asterisms and cluster alikes by B. Alessi reported in DAML02."
"Teutsch J1942.2+3806","Reference: asterisms and cluster alikes by B. Alessi reported in DAML02."
"Latham 1,MWSC 2084","Reference: web updates in DAML02, some were later removed (2003 to 2010)."
"Teutsch J2012.3+3434","Reference: asterisms and cluster alikes by B. Alessi reported in DAML02."
"Teutsch 21,Patchick 38","Reference: the Preliminary Amateur Open Cluster Catalog, Version 08/03/2003."
"Teutsch J2007.7+3512","Reference: asterisms and cluster alikes by B. Alessi reported in DAML02."
"Teutsch J1926.2+4001","Reference: asterisms and cluster alikes by B. Alessi reported in DAML02."
"Teutsch J2003.7+3554","Reference: asterisms and cluster alikes by B. Alessi reported in DAML02."
"Kronberger 28,DSH J2006.5+3534","Reference: the Preliminary Amateur Open Cluster Catalog, Version 08/03/2003."
"Levy-W J1948.5+3747","Reference: asterisms and cluster alikes by B. Alessi reported in DAML02."
"Teutsch 300","Reference: asterisms and cluster alikes by B. Alessi reported in DAML02."
"Riddle 8","Reference: asterisms and cluster alikes by B. Alessi reported in DAML02."
"HD 186605 Group","Reference: asterisms and cluster alikes by B. Alessi reported in DAML02."
"Teutsch J2014.1+3439","Reference: asterisms and cluster alikes by B. Alessi reported in DAML02."
"Kronberger 29","Reference: the Preliminary Amateur Open Cluster Catalog, Version 08/03/2003."
"Teutsch J1957.4+3654","Reference: asterisms and cluster alikes by B. Alessi reported in DAML02."
"Skiff J1942+38.6,MWSC 3159","Reference: web updates in DAML02, some were later removed (2003 to 2010)."
"Riddle 3","Reference: the Preliminary Amateur Open Cluster Catalog, Version 08/03/2003."
"Teutsch J2008.7+3535","Reference: asterisms and cluster alikes by B. Alessi reported in DAML02."
"Steine 13","Reference: the Preliminary Amateur Open Cluster Catalog, Version 08/03/2003."
"Teutsch J1845.2+4401","Reference: the Preliminary Amateur Open Cluster Catalog, Version 08/03/2003."
"Teutsch 301","Reference: asterisms and cluster alikes by B. Alessi reported in DAML02."
"Kronberger J2041.7+3116","Reference: asterisms and cluster alikes by B. Alessi reported in DAML02."
"Teutsch 16,DSH J2012.4+3544","Reference: the Preliminary Amateur Open Cluster Catalog, Version 08/03/2003."
"Bica 117","Reference: present study."
"Bica 118","Reference: present study."
"Dolidze 1b,Kronberger 43","Reference: analysis of Dolidze objects by M. Kronberger reported in DAML02. The Preliminary Amateur Open Cluster Catalog, Version 08/03/2003. Asterisms and cluster alikes by B. Alessi reported in DAML02."
"Dolidze 1a","Reference: asterisms and cluster alikes by B. Alessi reported in DAML02."
"Patchick 76,DSH J2020.8+3501","Reference: asterisms and cluster alikes by B. Alessi reported in DAML02."
"Teutsch J2010.9+3630","Reference: asterisms and cluster alikes by B. Alessi reported in DAML02. The Preliminary Amateur Open Cluster Catalog, Version 08/03/2003."
"Dias 11","Reference: web updates in DAML02, some were later removed (2003 to 2010)."
"Dolidze 37,OCL 154,MWSC 3235","Reference: asterisms and cluster alikes by B. Alessi reported in DAML02."
"Teutsch 290","Reference: asterisms and cluster alikes by B. Alessi reported in DAML02."
"Harrington 26,Red Necked Emu,Ramakers 19","Reference: asterisms reported by amateur astronomers in the web."
"Teutsch J1934.9+4059","Reference: asterisms and cluster alikes by B. Alessi reported in DAML02."
"Teutsch 299","Reference: asterisms and cluster alikes by B. Alessi reported in DAML02."
"Bica 119","Reference: present study."
"Teutsch J2013.6+3639","Reference: the Preliminary Amateur Open Cluster Catalog, Version 08/03/2003."
"Leiter 6","Reference: the Preliminary Amateur Open Cluster Catalog, Version 08/03/2003."
"Kronberger 73,DSH J2013.7+3644,FSR 203,MWSC 3287","Reference: web updates in DAML02, some were later removed (2003 to 2010)."
"Chaple 1,Chaple's Arc,HD 190466 Group,Cygnus Fairy Ring,Ramakers 20","Reference: asterisms reported by amateur astronomers in the web. Asterisms and cluster alikes by B. Alessi reported in DAML02."
"Bica 120","Reference: present study."
"Kronberger 65","Reference: asterisms and cluster alikes by B. Alessi reported in DAML02."
"Teutsch 312,Teutsch J2101.7+2938","Reference: the Preliminary Amateur Open Cluster Catalog, Version 08/03/2003. Asterisms and cluster alikes by B. Alessi reported in DAML02."
"Desvoivres 4","Reference: the Preliminary Amateur Open Cluster Catalog, Version 08/03/2003."
"Kronberger 56","Reference: asterisms and cluster alikes by B. Alessi reported in DAML02."
"Dolidze 4,OCL 157,FSR 204,MWSC 3302","Reference: analysis of Dolidze objects by M. Kronberger reported in DAML02."
"Teutsch J2016.3+3715","Reference: asterisms and cluster alikes by B. Alessi reported in DAML02."
"Kronberger 72,DSH J2012.3+3753,MWSC 3283","Reference: web updates in DAML02, some were later removed (2003 to 2010)."
"SAO 70357 Group","Reference: asterisms and cluster alikes by B. Alessi reported in DAML02."
"Bica 121","Reference: present study."
"Teutsch J2010.2+3843","Reference: asterisms and cluster alikes by B. Alessi reported in DAML02."
"Steine 26","Reference: asterisms and cluster alikes by B. Alessi reported in DAML02."
"Kronberger 21,Patchick 35","Reference: the Preliminary Amateur Open Cluster Catalog, Version 08/03/2003."
"Teutsch J2016.0+3806","Reference: asterisms and cluster alikes by B. Alessi reported in DAML02."
"Berkeley 85,OCL 160,Dolidze 41,OCL 163,FSR 208,MWSC 3311,MWSC 3309","Reference: analysis of Dolidze objects by M. Kronberger reported in DAML02."
"Dolidze 40,OCL 162,MWSC 3303","Reference: analysis of Dolidze objects by M. Kronberger reported in DAML02."
"Dolidze 40a","Reference: asterisms and cluster alikes by B. Alessi reported in DAML02."
"Feibelman 1,Turner 10,MWSC 3301","Reference: web updates in DAML02, some were later removed (2003 to 2010)."
"Kronberger 70","Reference: asterisms and cluster alikes by B. Alessi reported in DAML02."
"Santa 46","Reference: asterisms and cluster alikes by B. Alessi reported in DAML02."
"Patchick 39","Reference: the Preliminary Amateur Open Cluster Catalog, Version 08/03/2003."
"Teutsch J2015.1+3850","Reference: asterisms and cluster alikes by B. Alessi reported in DAML02."
"Teutsch J2002.7+4022","Reference: asterisms and cluster alikes by B. Alessi reported in DAML02."
"Steine 3","Reference: the Preliminary Amateur Open Cluster Catalog, Version 08/03/2003."
"Bica 122","Reference: present study."
"Bica 123","Reference: present study."
"Bica 124","Reference: present study."
"Steine 6","Reference: the Preliminary Amateur Open Cluster Catalog, Version 08/03/2003."
"Bica 125","Reference: present study."
"Teutsch 302","Reference: asterisms and cluster alikes by B. Alessi reported in DAML02."
"Teutsch 297","Reference: asterisms and cluster alikes by B. Alessi reported in DAML02."
"DoDz 10,Dolidze-Dzimselejsvili 10,OCL 166","Reference: asterisms and cluster alikes by B. Alessi reported in DAML02."
"Kronberger 76","Reference: asterisms and cluster alikes by B. Alessi reported in DAML02."
"Teutsch 313","Reference: asterisms and cluster alikes by B. Alessi reported in DAML02."
"Teutsch J2015.5+3931","Reference: the Preliminary Amateur Open Cluster Catalog, Version 08/03/2003."
"Bica 126","Reference: present study."
"Bica 127","Reference: present study."
"Teutsch 305","Reference: asterisms and cluster alikes by B. Alessi reported in DAML02."
"Patchick 55","Reference: the Preliminary Amateur Open Cluster Catalog, Version 08/03/2003."
"Bica 128","Reference: present study."
"Dolidze 5,OCL 171,Dolidze 5b,Teutsch J2020.1+3919,MWSC 3315","Reference: asterisms and cluster alikes by B. Alessi reported in DAML02."
"Kronberger J2006.1+4106","Reference: asterisms and cluster alikes by B. Alessi reported in DAML02."
"Kronberger J1948.4+4306","Reference: asterisms and cluster alikes by B. Alessi reported in DAML02."
"Dolidze 38,OCL 170","Reference: analysis of Dolidze objects by M. Kronberger reported in DAML02. Asterisms and cluster alikes by B. Alessi reported in DAML02."
"Teutsch 139,DSH J2018.0+3943","Reference: asterisms and cluster alikes by B. Alessi reported in DAML02."
"Teutsch 307","Reference: asterisms and cluster alikes by B. Alessi reported in DAML02."
"Dolidze 38b","Reference: asterisms and cluster alikes by B. Alessi reported in DAML02."
"Kronberger 78","Reference: asterisms and cluster alikes by B. Alessi reported in DAML02."
"Teutsch J2018.5+3956","Reference: asterisms and cluster alikes by B. Alessi reported in DAML02."
"Teutsch J2018.1+4000","Reference: asterisms and cluster alikes by B. Alessi reported in DAML02."
"Bica 129","Reference: present study."
"Teutsch J2020.4+3950","Reference: asterisms and cluster alikes by B. Alessi reported in DAML02."
"Bica 130","Reference: present study."
"Teutsch 295","Reference: asterisms and cluster alikes by B. Alessi reported in DAML02."
"IC 1311,Trumpler 36,Collinder 414,OCL 173,Dolidze 2,OCL 174,FSR 214","Reference: analysis of Dolidze objects by M. Kronberger reported in DAML02."
"Santa 45","Reference: asterisms and cluster alikes by B. Alessi reported in DAML02."
"Dolidze 2a","Reference: asterisms and cluster alikes by B. Alessi reported in DAML02."
"Kronberger 41","Reference: the Preliminary Amateur Open Cluster Catalog, Version 08/03/2003."
"DoDz 11,Dolidze-Dzimselejsvili 11,OCL 179,MWSC 3415","Reference: asterisms and cluster alikes by B. Alessi reported in DAML02."
"Bica 131","Reference: present study."
"Teutsch J2041.8+3724","Reference: asterisms and cluster alikes by B. Alessi reported in DAML02."
"Bica 132","Reference: present study."
"Teutsch J2044.1+3707","Reference: asterisms and cluster alikes by B. Alessi reported in DAML02."
"Teutsch J2019.1+4046","Reference: asterisms and cluster alikes by B. Alessi reported in DAML02."
"Teutsch J2035.4+3836","Reference: asterisms and cluster alikes by B. Alessi reported in DAML02."
"Bica 133","Reference: present study."
"Bica 134","Reference: present study."
"Saloranta 6","Reference: asterisms and cluster alikes by B. Alessi reported in DAML02."
"Teutsch 308","Reference: asterisms and cluster alikes by B. Alessi reported in DAML02."
"Bica 135","Reference: present study."
"Bica 136","Reference: present study."
"Patchick 101","Reference: asterisms and cluster alikes by B. Alessi reported in DAML02."
"HD 184938 Group","Reference: asterisms and cluster alikes by B. Alessi reported in DAML02."
"Bica 137","Reference: present study."
"Bica 138","Reference: present study."
"CT 5,ECX6-25,DB 68,Dutra-Bica 68,DB2001 10,LK 8,Le Duigou-Knodlseder 8,BDB 46,MWSC 3361","Reference: 2MASS website."
"Patchick 49","Reference: the Preliminary Amateur Open Cluster Catalog, Version 08/03/2003."
"Patchick 56","Reference: the Preliminary Amateur Open Cluster Catalog, Version 08/03/2003."
"Teutsch J2055.6+3712","Reference: asterisms and cluster alikes by B. Alessi reported in DAML02."
"Teutsch 155,DSH J2057.0+3708","Reference: asterisms and cluster alikes by B. Alessi reported in DAML02."
"Teutsch 310","Reference: asterisms and cluster alikes by B. Alessi reported in DAML02."
"Patchick 64","Reference: asterisms and cluster alikes by B. Alessi reported in DAML02."
"Teutsch 306","Reference: asterisms and cluster alikes by B. Alessi reported in DAML02."
"Teutsch J2054.6+3758","Reference: asterisms and cluster alikes by B. Alessi reported in DAML02."
"Teutsch J2050.6+3900","Reference: asterisms and cluster alikes by B. Alessi reported in DAML02."
"Santa 30","Reference: asterisms and cluster alikes by B. Alessi reported in DAML02."
"Bica 139","Reference: present study."
"Bica 140","Reference: present study."
"Bica 141","Reference: present study."
"Ramakers 20,Vultus Irrisoire","Reference: asterisms reported by amateur astronomers in the web."
"Bica 142","Reference: present study."
"Teutsch J2030.8+4300","Reference: asterisms and cluster alikes by B. Alessi reported in DAML02."
"Bica 144","Reference: present study."
"Bica 143","Reference: present study."
"Bica 145","Reference: present study."
"Kronberger 42","Reference: the Preliminary Amateur Open Cluster Catalog, Version 08/03/2003."
"NGC 7050,MWSC 3487","Reference: web updates in DAML02, some were later removed (2003 to 2010)."
"Bica 146","Reference: present study."
"Teutsch J2100.2+3853","Reference: asterisms and cluster alikes by B. Alessi reported in DAML02."
"Bica 147","Reference: present study."
"Bica 148","Reference: present study."
"Steine 20","Reference: asterisms and cluster alikes by B. Alessi reported in DAML02."
"Bica 149","Reference: present study."
"Renou 2","Reference: asterisms reported by amateur astronomers in the web."
"Dolidze 45,OCL 191,Teutsch J2110.6+3734,MWSC 3473","Reference: analysis of Dolidze objects by M. Kronberger reported in DAML02. Asterisms reported by amateur astronomers in the web."
"Teutsch J1942.7+4921","Reference: asterisms and cluster alikes by B. Alessi reported in DAML02."
"Alessi J2005.3+4732","Reference: the Preliminary Amateur Open Cluster Catalog, Version 08/03/2003. Asterisms and cluster alikes by B. Alessi reported in DAML02."
"Teutsch J2003.0+4802","Reference: asterisms and cluster alikes by B. Alessi reported in DAML02."
"Kronberger J2017.6+4639","Reference: asterisms and cluster alikes by B. Alessi reported in DAML02."
"Watson 2","Reference: asterisms and cluster alikes by B. Alessi reported in DAML02."
"Teutsch J2122.8+3700","Reference: the Preliminary Amateur Open Cluster Catalog, Version 08/03/2003."
"Teutsch 309","Reference: asterisms and cluster alikes by B. Alessi reported in DAML02."
"Omicron-2 Cyg Group","Reference: asterisms and cluster alikes by B. Alessi reported in DAML02."
"Dolidze 54,MWSC 3445","Reference: analysis of Dolidze objects by M. Kronberger reported in DAML02. Web updates in DAML02, some were later removed (2003 to 2010)."
"Patchick 65,DSH J2127.0+3642","Reference: asterisms and cluster alikes by B. Alessi reported in DAML02."
"Patchick 89,DSH J1959.5+4918,DC 6","Reference: asterisms and cluster alikes by B. Alessi reported in DAML02."
"Teutsch 311","Reference: asterisms and cluster alikes by B. Alessi reported in DAML02."
"Bica 150","Reference: present study."
"Bica 151","Reference: present study."
"Dolidze 55,Kronberger J2109.7+4035,MWSC 3469","Reference: analysis of Dolidze objects by M. Kronberger reported in DAML02. Web updates in DAML02, some were later removed (2003 to 2010)."
"Steine 1","Reference: the Preliminary Amateur Open Cluster Catalog, Version 08/03/2003."
"Bica 152","Reference: present study."
"CBJ 1,Leiter 9,Little Orion,BDB 64,MWSC 3429,Ramakers 16","Reference: the Preliminary Amateur Open Cluster Catalog, Version 08/03/2003. Asterisms reported by amateur astronomers in the web."
"Teutsch 173,DSH J2120.7+3926","Reference: asterisms and cluster alikes by B. Alessi reported in DAML02."
"Steine 19","Reference: asterisms and cluster alikes by B. Alessi reported in DAML02."
"Bica 651","Reference: present study."
"Raymond 7a","Reference: asterisms and cluster alikes by B. Alessi reported in DAML02."
"Kronberger 44","Reference: the Preliminary Amateur Open Cluster Catalog, Version 08/03/2003."
"Teutsch 314","Reference: asterisms and cluster alikes by B. Alessi reported in DAML02."
"Teutsch 22,DSH J2101.7+4406,FSR 267,SAI 139,MWSC 3449,Teutsch J2101.7+4406","Reference: the Preliminary Amateur Open Cluster Catalog, Version 08/03/2003."
"NGC 6989,MWSC 3424","Reference: web updates in DAML02, some were later removed (2003 to 2010)."
"Teutsch J2116.8+4141","Reference: asterisms and cluster alikes by B. Alessi reported in DAML02."
"Steine J2101.7+4420","Reference: asterisms and cluster alikes by B. Alessi reported in DAML02."
"Bica 153","Reference: present study."
"NGC 6895,MWSC 3296","Reference: web updates in DAML02, some were later removed (2003 to 2010)."
"Teutsch J2049.4+4620","Reference: asterisms and cluster alikes by B. Alessi reported in DAML02."
"Patchick 67","Reference: asterisms and cluster alikes by B. Alessi reported in DAML02."
"NGC 6996","Reference: original NGC and IC catalogues at Vizier: NGC 2000.0, Sky Publishing, ed. Sinnott 1988 (1997yCat.7118....0S)."
"Barhatova 1,OCL 200,MWSC 3422","Reference: web updates in DAML02, some were later removed (2003 to 2010)."
"HD 175200 Group","Reference: asterisms and cluster alikes by B. Alessi reported in DAML02."
"Kronberger 45","Reference: the Preliminary Amateur Open Cluster Catalog, Version 08/03/2003."
"Patchick 63","Reference: asterisms and cluster alikes by B. Alessi reported in DAML02."
"Webb 1","Reference: asterisms and cluster alikes by B. Alessi reported in DAML02."
"Ponsot 2","Reference: present study."
"Teutsch 317","Reference: asterisms and cluster alikes by B. Alessi reported in DAML02."
"Teutsch 315","Reference: asterisms and cluster alikes by B. Alessi reported in DAML02."
"Pothier 18","Reference: the Preliminary Amateur Open Cluster Catalog, Version 08/03/2003. Asterisms and cluster alikes by B. Alessi reported in DAML02."
"Teutsch J2114.0+4401","Reference: asterisms and cluster alikes by B. Alessi reported in DAML02."
"SAO 50227 Group","Reference: asterisms and cluster alikes by B. Alessi reported in DAML02."
"h 2091","Reference: asterisms and cluster alikes by B. Alessi reported in DAML02."
"Teutsch 316","Reference: asterisms and cluster alikes by B. Alessi reported in DAML02."
"Alessi 132","Reference: list of clusters and alike reported by B. Alessi."
"AT 11,Alessi-Teutsch 11,Alessi 46,ASCC 112,Alessi J2016.5+5204,MWSC 3295","Reference: web updates in DAML02, some were later removed (2003 to 2010). List of clusters and alike reported by B. Alessi. The Preliminary Amateur Open Cluster Catalog, Version 08/03/2003."
"Santa 13","Reference: asterisms and cluster alikes by B. Alessi reported in DAML02."
"Teutsch J2116.0+4443","Reference: asterisms and cluster alikes by B. Alessi reported in DAML02."
"FSR 278,Teutsch J2031.0+5102,MWSC 3355","Reference: the Preliminary Amateur Open Cluster Catalog, Version 08/03/2003."
"Calvet 1","Reference: asterisms and cluster alikes by B. Alessi reported in DAML02."
"Kronberger 14,DSH J2103.2+4704","Reference: the Preliminary Amateur Open Cluster Catalog, Version 08/03/2003."
"Teutsch 156,DSH J2103.7+4713,SAI 142,FSR 280,MWSC 3459","Reference: asterisms and cluster alikes by B. Alessi reported in DAML02."
"Kronberger J2039.5+5034","Reference: asterisms and cluster alikes by B. Alessi reported in DAML02."
"Teutsch 157,DSH J2110.2+4645","Reference: asterisms and cluster alikes by B. Alessi reported in DAML02."
"Leiter 2","Reference: asterisms and cluster alikes by B. Alessi reported in DAML02."
"IC 1363,Basel 13","Reference: original NGC and IC catalogues at Vizier: NGC 2000.0, Sky Publishing, ed. Sinnott 1988 (1997yCat.7118....0S)."
"Karhula 9","Reference: asterisms and cluster alikes by B. Alessi reported in DAML02."
"Harrington 28,Horseshoe,Ramakers 16","Reference: asterisms reported by amateur astronomers in the web."
"Bica 154","Reference: present study."
"Renou 15","Reference: asterisms reported by amateur astronomers in the web."
"Bica 155","Reference: present study."
"Bica 156","Reference: present study."
"Kronberger J2149.8+4105","Reference: asterisms and cluster alikes by B. Alessi reported in DAML02."
"Saloranta 17","Reference: asterisms and cluster alikes by B. Alessi reported in DAML02."
"Patchick 103,DSH J2035.1+5318,MWSC 3376","Reference: asterisms and cluster alikes by B. Alessi reported in DAML02."
"Bica 157","Reference: present study."
"Naillon 3","Reference: asterisms and cluster alikes by B. Alessi reported in DAML02."
"Steine 21","Reference: asterisms and cluster alikes by B. Alessi reported in DAML02."
"Bica 158","Reference: present study."
"HD 181675 Group","Reference: asterisms and cluster alikes by B. Alessi reported in DAML02."
"Alessi 111","Reference: list of clusters and alike reported by B. Alessi."
"Bica 159","Reference: present study."
"Patchick 70","Reference: asterisms and cluster alikes by B. Alessi reported in DAML02."
"Alessi 185,Renou 14,Teutsch J2236.0+2948","Reference: the Preliminary Amateur Open Cluster Catalog, Version 08/03/2003. Asterisms and cluster alikes by B. Alessi reported in DAML02."
"Bica 160","Reference: present study."
"Patchick 66","Reference: asterisms and cluster alikes by B. Alessi reported in DAML02."
"Teutsch 323","Reference: the Preliminary Amateur Open Cluster Catalog, Version 08/03/2003. Asterisms and cluster alikes by B. Alessi reported in DAML02."
"Bica 161","Reference: present study."
"Bica 162","Reference: present study."
"Bica 163","Reference: present study."
"Teutsch 318","Reference: asterisms and cluster alikes by B. Alessi reported in DAML02."
"Bica 164","Reference: present study."
"Renou 4","Reference: asterisms reported by amateur astronomers in the web."
"Teutsch J2133.4+4638","Reference: asterisms and cluster alikes by B. Alessi reported in DAML02."
"Desvoivres 6","Reference: asterisms and cluster alikes by B. Alessi reported in DAML02."
"Alessi 88","Reference: list of clusters and alike reported by B. Alessi."
"Teutsch 319,Teutsch J2128.2+4813","Reference: asterisms reported by amateur astronomers in the web. Asterisms and cluster alikes by B. Alessi reported in DAML02."
"Steine J2130.7+4821","Reference: asterisms and cluster alikes by B. Alessi reported in DAML02."
"Teutsch 320","Reference: asterisms and cluster alikes by B. Alessi reported in DAML02."
"HD 162898 Group","Reference: asterisms and cluster alikes by B. Alessi reported in DAML02."
"Steine 27","Reference: asterisms and cluster alikes by B. Alessi reported in DAML02."
"Saloranta 7","Reference: asterisms and cluster alikes by B. Alessi reported in DAML02."
"Steine 29","Reference: asterisms and cluster alikes by B. Alessi reported in DAML02."
"Steine 28","Reference: asterisms and cluster alikes by B. Alessi reported in DAML02."
"Patchick 100","Reference: asterisms and cluster alikes by B. Alessi reported in DAML02."
"Kronberger 82,DSH J2109.5+5223,KKC 35,LMR 119","Reference: asterisms and cluster alikes by B. Alessi reported in DAML02."
"Teutsch 41,DSH J2133.4+4839","Reference: asterisms and cluster alikes by B. Alessi reported in DAML02."
"Kronberger J2109.6+5230","Reference: asterisms and cluster alikes by B. Alessi reported in DAML02."
"Patchick 71","Reference: asterisms and cluster alikes by B. Alessi reported in DAML02."
"Teutsch 2132+49","Reference: the Preliminary Amateur Open Cluster Catalog, Version 08/03/2003."
"Teutsch 321","Reference: asterisms and cluster alikes by B. Alessi reported in DAML02."
"Kronberger J2153.7+4518","Reference: asterisms and cluster alikes by B. Alessi reported in DAML02."
"Lightholder 2","Reference: asterisms and cluster alikes by B. Alessi reported in DAML02."
"Patchick 6","Reference: the Preliminary Amateur Open Cluster Catalog, Version 08/03/2003."
"Bica 166","Reference: present study."
"Bica 165","Reference: present study."
"Graczewski 1,Stephan's Test,Ramakers 39","Reference: asterisms reported by amateur astronomers in the web. Asterisms and cluster alikes by B. Alessi reported in DAML02."
"Cyg III Group","Reference: asterisms and cluster alikes by B. Alessi reported in DAML02."
"Bica 168","Reference: present study."
"Teutsch J2135.3+4941","Reference: the Preliminary Amateur Open Cluster Catalog, Version 08/03/2003."
"Raymond 8","Reference: asterisms and cluster alikes by B. Alessi reported in DAML02."
"Bica 169","Reference: present study."
"Teutsch J2147.2+4808","Reference: asterisms and cluster alikes by B. Alessi reported in DAML02."
"Teutsch J2146.8+4823","Reference: the Preliminary Amateur Open Cluster Catalog, Version 08/03/2003."
"Teutsch J2137.9+5012","Reference: asterisms and cluster alikes by B. Alessi reported in DAML02."
"Patchick 72","Reference: asterisms and cluster alikes by B. Alessi reported in DAML02."
"Alessi J2340.7+0756,HD 222454 Group","Reference: the Preliminary Amateur Open Cluster Catalog, Version 08/03/2003."
"Teutsch J2052.9+5648","Reference: the Preliminary Amateur Open Cluster Catalog, Version 08/03/2003. Asterisms and cluster alikes by B. Alessi reported in DAML02."
"Patchick 88","Reference: asterisms and cluster alikes by B. Alessi reported in DAML02."
"Levy-W J2204.3+4508","Reference: asterisms and cluster alikes by B. Alessi reported in DAML02."
"Alessi 169","Reference: asterisms and cluster alikes by B. Alessi reported in DAML02."
"Patchick 10","Reference: the Preliminary Amateur Open Cluster Catalog, Version 08/03/2003."
"HD 194933 Group","Reference: asterisms and cluster alikes by B. Alessi reported in DAML02."
"Patchick 7","Reference: the Preliminary Amateur Open Cluster Catalog, Version 08/03/2003."
"HD 197035 Group","Reference: asterisms and cluster alikes by B. Alessi reported in DAML02."
"Kronberger J2025.4+6023","Reference: asterisms and cluster alikes by B. Alessi reported in DAML02."
"Teutsch 17,DSH J2130.9+5250","Reference: the Preliminary Amateur Open Cluster Catalog, Version 08/03/2003."
"Teutsch 39,Teutsch J2236.4+3747,MWSC 3643","Reference: web updates in DAML02, some were later removed (2003 to 2010). The Preliminary Amateur Open Cluster Catalog, Version 08/03/2003."
"Ferrero 27,Ring of the Nibelung","Reference: asterisms reported by amateur astronomers in the web."
"Teutsch J2151.2+4932","Reference: the Preliminary Amateur Open Cluster Catalog, Version 08/03/2003."
"Teutsch 322","Reference: asterisms and cluster alikes by B. Alessi reported in DAML02."
"Kronberger 83,DSH J2118.3+5512","Reference: asterisms and cluster alikes by B. Alessi reported in DAML02."
"Teutsch J2239.4+3729,HD 214714 Group","Reference: the Preliminary Amateur Open Cluster Catalog, Version 08/03/2003. Asterisms and cluster alikes by B. Alessi reported in DAML02."
"Patchick 68","Reference: asterisms and cluster alikes by B. Alessi reported in DAML02."
"FSR 317,Kernya 8,MWSC 3525","Reference: asterisms and cluster alikes by B. Alessi reported in DAML02."
"Larard 1","Reference: asterisms and cluster alikes by B. Alessi reported in DAML02."
"Kronberger 84,DSH J2135.5+5330,MWSC 3532","Reference: web updates in DAML02, some were later removed (2003 to 2010). Asterisms and cluster alikes by B. Alessi reported in DAML02."
"FSR 320,Kronberger J2135.3+5338,MWSC 3530","Reference: asterisms and cluster alikes by B. Alessi reported in DAML02."
"Bica 170","Reference: present study."
"FSR 326,Alessi J2138.2+5347,MWSC 3538","Reference: asterisms and cluster alikes by B. Alessi reported in DAML02."
"HD 160198 Group","Reference: asterisms and cluster alikes by B. Alessi reported in DAML02."
"Teutsch J2044.8+6055","Reference: asterisms and cluster alikes by B. Alessi reported in DAML02."
"Saloranta 20","Reference: asterisms and cluster alikes by B. Alessi reported in DAML02."
"HD 150044 Group","Reference: asterisms and cluster alikes by B. Alessi reported in DAML02."
"Ramakers 38,Delphinus Minor","Reference: asterisms reported by amateur astronomers in the web."
"Saloranta 19","Reference: asterisms and cluster alikes by B. Alessi reported in DAML02."
"Patchick 69","Reference: asterisms and cluster alikes by B. Alessi reported in DAML02."
"Moland 1","Reference: the Preliminary Amateur Open Cluster Catalog, Version 08/03/2003. Asterisms and cluster alikes by B. Alessi reported in DAML02."
"Juchert 6","Reference: asterisms and cluster alikes by B. Alessi reported in DAML02."
"HD 204231 Group","Reference: asterisms and cluster alikes by B. Alessi reported in DAML02."
"Patchick 74","Reference: asterisms and cluster alikes by B. Alessi reported in DAML02."
"Riddle 6,MWSC 3478","Reference: web updates in DAML02, some were later removed (2003 to 2010)."
"Teutsch J2133.1+5721","Reference: asterisms and cluster alikes by B. Alessi reported in DAML02."
"SAO 18370 Group","Reference: asterisms and cluster alikes by B. Alessi reported in DAML02."
"Leiter 7","Reference: the Preliminary Amateur Open Cluster Catalog, Version 08/03/2003."
"Bica 171","Reference: present study."
"Naillon 2","Reference: asterisms and cluster alikes by B. Alessi reported in DAML02."
"Teutsch 325","Reference: asterisms and cluster alikes by B. Alessi reported in DAML02."
"Teutsch J2154.9+5553","Reference: asterisms and cluster alikes by B. Alessi reported in DAML02."
"Zanin 6","Reference: asterisms and cluster alikes by B. Alessi reported in DAML02."
"Teutsch 324","Reference: asterisms and cluster alikes by B. Alessi reported in DAML02."
"Kronberger J2059.6+6321","Reference: asterisms and cluster alikes by B. Alessi reported in DAML02."
"Bica 172","Reference: present study."
"Streicher 59","Reference: asterisms and cluster alikes by B. Alessi reported in DAML02."
"Teutsch 74,DSH J2145.6+5805,SAI 144,MWSC 3558","Reference: asterisms and cluster alikes by B. Alessi reported in DAML02."
"HD 210888 Group","Reference: asterisms and cluster alikes by B. Alessi reported in DAML02."
"Streicher 60","Reference: asterisms and cluster alikes by B. Alessi reported in DAML02."
"Patchick 73","Reference: asterisms and cluster alikes by B. Alessi reported in DAML02."
"Zanin 7","Reference: asterisms and cluster alikes by B. Alessi reported in DAML02."
"Teutsch 181","Reference: asterisms and cluster alikes by B. Alessi reported in DAML02."
"Teutsch J2213.0+5359","Reference: the Preliminary Amateur Open Cluster Catalog, Version 08/03/2003."
"Patchick 8","Reference: the Preliminary Amateur Open Cluster Catalog, Version 08/03/2003."
"Teutsch 60a","Reference: the Preliminary Amateur Open Cluster Catalog, Version 08/03/2003."
"Bica 173","Reference: present study."
"Teutsch J2217.2+5359,Teutsch J2217.2+5359a","Reference: the Preliminary Amateur Open Cluster Catalog, Version 08/03/2003."
"KKC 38,Teutsch 326,Froebrich 69","Reference: asterisms and cluster alikes by B. Alessi reported in DAML02."
"Teutsch J2217.6+5356,Teutsch J2217.2+5359b","Reference: the Preliminary Amateur Open Cluster Catalog, Version 08/03/2003."
"Teutsch J2218.2+5348","Reference: asterisms and cluster alikes by B. Alessi reported in DAML02."
"Steine 10","Reference: the Preliminary Amateur Open Cluster Catalog, Version 08/03/2003."
"Teutsch 159,DSH J2218.6+5353,Teutsch J2218.6+5353","Reference: the Preliminary Amateur Open Cluster Catalog, Version 08/03/2003."
"Alessi 83","Reference: list of clusters and alike reported by B. Alessi."
"Alessi 37,ASCC 124,MWSC 3663","Reference: web updates in DAML02, some were later removed (2003 to 2010). List of clusters and alike reported by B. Alessi."
"Teutsch 126,DSH J2213.7+5543,MWSC 3599","Reference: web updates in DAML02, some were later removed (2003 to 2010)."
"Kronberger J2216.4+5530","Reference: asterisms and cluster alikes by B. Alessi reported in DAML02."
"CepOB2,Cep II,I Cep,Assoc 27,Harrington 11,MWSC 3569,Ramakers 13","Reference: asterisms reported by amateur astronomers in the web."
"Teutsch 327","Reference: asterisms and cluster alikes by B. Alessi reported in DAML02."
"Teutsch 128,DSH J2225.3+5424","Reference: asterisms and cluster alikes by B. Alessi reported in DAML02."
"Teutsch 127,DSH J2218.9+5607,FSR 353,MWSC 3613","Reference: asterisms and cluster alikes by B. Alessi reported in DAML02."
"Bica 174","Reference: present study."
"Teutsch J2218.9+5642","Reference: asterisms and cluster alikes by B. Alessi reported in DAML02."
"Kemble 2,Little Queen,Bode 3,Mini Cassiopeia,Harrington 25,Teutsch J1835.1+7223,Ramakers 25","Reference: asterisms reported by amateur astronomers in the web. The Preliminary Amateur Open Cluster Catalog, Version 08/03/2003."
"HD 179729 Group","Reference: asterisms and cluster alikes by B. Alessi reported in DAML02."
"Pothier 3","Reference: the Preliminary Amateur Open Cluster Catalog, Version 08/03/2003. Asterisms and cluster alikes by B. Alessi reported in DAML02."
"Dolidze 56,Alessi J2204.2+5961,MWSC 3583","Reference: analysis of Dolidze objects by M. Kronberger reported in DAML02. Web updates in DAML02, some were later removed (2003 to 2010). The Preliminary Amateur Open Cluster Catalog, Version 08/03/2003."
"Kirkpatrick 1,FSR 358,MWSC 3590","Reference: 2MASS website."
"Patchick 110","Reference: asterisms and cluster alikes by B. Alessi reported in DAML02."
"Delta Cephei Cluster","Reference: asterisms and cluster alikes by B. Alessi reported in DAML02."
"Bica 175","Reference: present study."
"Lorenzin 6","Reference: asterisms and cluster alikes by B. Alessi reported in DAML02."
"SBB 4,Teutsch 328,MWSC 3620","Reference: asterisms and cluster alikes by B. Alessi reported in DAML02."
"Teutsch 125,DSH J2212.5+5851,MWSC 3597","Reference: asterisms and cluster alikes by B. Alessi reported in DAML02."
"Teutsch 141,DSH J2226.9+5553","Reference: asterisms and cluster alikes by B. Alessi reported in DAML02."
"Teutsch J2222.1+5705","Reference: asterisms and cluster alikes by B. Alessi reported in DAML02."
"Bica 176","Reference: present study."
"HD 214310 Group","Reference: asterisms and cluster alikes by B. Alessi reported in DAML02."
"Alessi 127","Reference: list of clusters and alike reported by B. Alessi."
"NGC 7281,OCL 238,MWSC 3624","Reference: web updates in DAML02, some were later removed (2003 to 2010)."
"AT 5,Alessi-Teutsch 5,ASCC 118,Alessi 27,MWSC 3589","Reference: web updates in DAML02, some were later removed (2003 to 2010). List of clusters and alike reported by B. Alessi. The Preliminary Amateur Open Cluster Catalog, Version 08/03/2003."
"Juchert 21,DSH J2222.0+5843,FSR 372","Reference: asterisms and cluster alikes by B. Alessi reported in DAML02."
"Ferrero 46","Reference: asterisms and clusters by L. Ferrero."
"Kernya 9","Reference: asterisms and cluster alikes by B. Alessi reported in DAML02."
"Kumar 21,MWSC 3605","Reference: web updates in DAML02, some were later removed (2003 to 2010). Asterisms and cluster alikes by B. Alessi reported in DAML02."
"Teutsch 330","Reference: asterisms and cluster alikes by B. Alessi reported in DAML02."
"Pothier 4","Reference: the Preliminary Amateur Open Cluster Catalog, Version 08/03/2003. Asterisms and cluster alikes by B. Alessi reported in DAML02."
"Alessi 42A,MWSC 3658","Reference: web updates in DAML02, some were later removed (2003 to 2010). List of clusters and alike reported by B. Alessi."
"Teutsch 182,UBC 6","Reference: asterisms and cluster alikes by B. Alessi reported in DAML02."
"BDSB 30,Kronberger 15,MWSC 3601","Reference: the Preliminary Amateur Open Cluster Catalog, Version 08/03/2003."
"Teutsch 329,Teutsch J2229.1+5843","Reference: the Preliminary Amateur Open Cluster Catalog, Version 08/03/2003. Asterisms and cluster alikes by B. Alessi reported in DAML02."
"HD 209178 Group","Reference: asterisms and cluster alikes by B. Alessi reported in DAML02."
"Kernya 10","Reference: asterisms and cluster alikes by B. Alessi reported in DAML02."
"Teutsch J2246.1+5455","Reference: the Preliminary Amateur Open Cluster Catalog, Version 08/03/2003."
"Teutsch 75,DSH J2215.8+6141","Reference: asterisms and cluster alikes by B. Alessi reported in DAML02."
"Alessi 42B","Reference: list of clusters and alike reported by B. Alessi."
"Teutsch 53,DSH J2224.5+6024,MWSC 3622","Reference: web updates in DAML02, some were later removed (2003 to 2010)."
"Teutsch 142,DSH J2234.6+5842A","Reference: asterisms and cluster alikes by B. Alessi reported in DAML02."
"Bica 177","Reference: present study."
"HD 204260 Group","Reference: asterisms and cluster alikes by B. Alessi reported in DAML02."
"HD 208682 Group","Reference: asterisms and cluster alikes by B. Alessi reported in DAML02."
"HD 210641 Group","Reference: asterisms and cluster alikes by B. Alessi reported in DAML02."
"PM 1,Pismis-Moreno 1,Streicher 87,FSR 383,MWSC 3611","Reference: asterisms reported by amateur astronomers in the web."
"Teutsch 76,DSH J2228.7+6137,MWSC 3628","Reference: web updates in DAML02, some were later removed (2003 to 2010)."
"Alessi J2247.1+5742","Reference: the Preliminary Amateur Open Cluster Catalog, Version 08/03/2003. Asterisms and cluster alikes by B. Alessi reported in DAML02."
"Bica 178","Reference: present study."
"Alessi 2231,Alessi J2231.2+6157","Reference: the Preliminary Amateur Open Cluster Catalog, Version 08/03/2003. Asterisms and cluster alikes by B. Alessi reported in DAML02."
"Ramakers 53,Gas Pump Handle","Reference: asterisms reported by amateur astronomers in the web."
"Patchick 111","Reference: asterisms and cluster alikes by B. Alessi reported in DAML02."
"Teutsch J2320.7+4812","Reference: asterisms reported by amateur astronomers in the web. Asterisms and cluster alikes by B. Alessi reported in DAML02."
"Bica 179","Reference: present study."
"HD 240080 Group","Reference: asterisms and cluster alikes by B. Alessi reported in DAML02."
"Patchick 85","Reference: asterisms and cluster alikes by B. Alessi reported in DAML02."
"Juchert J2250.8+5901","Reference: asterisms and cluster alikes by B. Alessi reported in DAML02."
"Bica 180","Reference: present study."
"Teutsch J2251.6+5854","Reference: the Preliminary Amateur Open Cluster Catalog, Version 08/03/2003."
"Saloranta 21","Reference: asterisms and cluster alikes by B. Alessi reported in DAML02."
"59 Dra Group","Reference: asterisms and cluster alikes by B. Alessi reported in DAML02."
"Bica 181","Reference: present study."
"Juchert J2209.1+6726","Reference: asterisms and cluster alikes by B. Alessi reported in DAML02."
"Bica 182","Reference: present study."
"Alessi 89","Reference: list of clusters and alike reported by B. Alessi."
"Teutsch J1557.5+7406,HD 144652 Group","Reference: the Preliminary Amateur Open Cluster Catalog, Version 08/03/2003. Asterisms and cluster alikes by B. Alessi reported in DAML02."
"Karhula 11","Reference: the Preliminary Amateur Open Cluster Catalog, Version 08/03/2003."
"Bica 183","Reference: present study."
"Ramakers 40,Mini Cross","Reference: asterisms reported by amateur astronomers in the web."
"SAO 19952 Group","Reference: asterisms and cluster alikes by B. Alessi reported in DAML02."
"Bica 184","Reference: present study."
"Bica 186","Reference: present study."
"Bica 185","Reference: present study."
"Bica 187","Reference: present study."
"Bica 188","Reference: present study."
"Bica 191","Reference: present study."
"Bica 190","Reference: present study."
"Bica 189","Reference: present study."
"Bica 193","Reference: present study."
"Bica 192","Reference: present study."
"Bica 194","Reference: present study."
"Bica 195","Reference: present study."
"Teutsch 129,DSH J2234.8+6423","Reference: asterisms and cluster alikes by B. Alessi reported in DAML02."
"Alessi 22,MWSC 3761","Reference: web updates in DAML02, some were later removed (2003 to 2010). List of clusters and alike reported by B. Alessi."
"Bica 196","Reference: present study."
"Bica 197","Reference: present study."
"Bica 199","Reference: present study."
"Teutsch J2258.6+6022","Reference: asterisms and cluster alikes by B. Alessi reported in DAML02."
"Kronberger J2233.8+6549","Reference: asterisms and cluster alikes by B. Alessi reported in DAML02."
"Bica 200","Reference: present study."
"Bica 201","Reference: present study."
"Teutsch J2259.7+6023","Reference: the Preliminary Amateur Open Cluster Catalog, Version 08/03/2003."
"Lucky 7,Bissette 1,Harrington 29,Ramakers 10","Reference: asterisms reported by amateur astronomers in the web."
"Bica 202","Reference: present study."
"Patchick 86","Reference: asterisms and cluster alikes by B. Alessi reported in DAML02."
"Bica 203","Reference: present study."
"1 Cas Group","Reference: asterisms and cluster alikes by B. Alessi reported in DAML02."
"Bica 204","Reference: present study."
"Bica 205","Reference: present study."
"BDSB 38,Reiland 1,KKC 47,Bergeron 1,MWSC 3693,MWSC 3694","Reference: web updates in DAML02, some were later removed (2003 to 2010). The Preliminary Amateur Open Cluster Catalog, Version 08/03/2003. Asterisms and cluster alikes by B. Alessi reported in DAML02."
"vdB 152,vdBergh 152,OCL 252.1,HD 210884 Group,MWSC 3598","Reference: asterisms and cluster alikes by B. Alessi reported in DAML02."
"Teutsch J2327.8+5146","Reference: asterisms and cluster alikes by B. Alessi reported in DAML02."
"Bica 206","Reference: present study."
"BDSB 40,MWSC 3680","Reference: present study."
"Bica 207","Reference: present study."
"Kronberger 23,DSH J2305.9+6015,MWSC 3698","Reference: web updates in DAML02, some were later removed (2003 to 2010). The Preliminary Amateur Open Cluster Catalog, Version 08/03/2003."
"Patchick 44","Reference: the Preliminary Amateur Open Cluster Catalog, Version 08/03/2003."
"BDSB 42,Kronberger 24,MWSC 3700","Reference: the Preliminary Amateur Open Cluster Catalog, Version 08/03/2003."
"TPK 1,Teutsch-Patchick-Kronberger 1,Patchick 41,Ramakers 3","Reference: the Preliminary Amateur Open Cluster Catalog, Version 08/03/2003. Asterisms reported by amateur astronomers in the web."
"Dolidze 46,OCL 253,MWSC 3724","Reference: web updates in DAML02, some were later removed (2003 to 2010). Asterisms and cluster alikes by B. Alessi reported in DAML02."
"Bica 208","Reference: present study."
"Ramakers 57,The Shark","Reference: asterisms reported by amateur astronomers in the web."
"Teutsch 18,DSH J2329.4+5252","Reference: the Preliminary Amateur Open Cluster Catalog, Version 08/03/2003."
"Bica 209","Reference: present study."
"Alessi 187","Reference: asterisms and cluster alikes by B. Alessi reported in DAML02."
"Dolidze 46a","Reference: analysis of Dolidze objects by M. Kronberger reported in DAML02."
"HD 151043 Group","Reference: asterisms and cluster alikes by B. Alessi reported in DAML02."
"Zanin 8","Reference: asterisms and cluster alikes by B. Alessi reported in DAML02."
"NGC 7833,MWSC 15","Reference: web updates in DAML02, some were later removed (2003 to 2010)."
"NGC 7510,Collinder 454,OCL 256,Dolidze 57,FSR 415,MWSC 3706","Reference: analysis of Dolidze objects by M. Kronberger reported in DAML02."
"Alessi J2350.6+4149","Reference: the Preliminary Amateur Open Cluster Catalog, Version 08/03/2003. Asterisms and cluster alikes by B. Alessi reported in DAML02."
"And II Asterism","Reference: asterisms and cluster alikes by B. Alessi reported in DAML02."
"Teutsch 172,DSH J2320.1+5821A","Reference: particular objects in SIMBAD."
"Alessi 70,Alessi J2327.6+5535,ASCC 129,MWSC 3730","Reference: web updates in DAML02, some were later removed (2003 to 2010). List of clusters and alike reported by B. Alessi."
"HD 213022 Group","Reference: asterisms and cluster alikes by B. Alessi reported in DAML02."
"HD 151623 Group","Reference: asterisms and cluster alikes by B. Alessi reported in DAML02."
"HD 142123 Group","Reference: asterisms and cluster alikes by B. Alessi reported in DAML02."
"HD 224602 Group","Reference: asterisms and cluster alikes by B. Alessi reported in DAML02."
"Harrington 12,Airplane,Ramakers 11","Reference: asterisms reported by amateur astronomers in the web. The Preliminary Amateur Open Cluster Catalog, Version 08/03/2003."
"Zanin 10","Reference: asterisms and cluster alikes by B. Alessi reported in DAML02."
"Patchick 9","Reference: the Preliminary Amateur Open Cluster Catalog, Version 08/03/2003."
"Kernya 12","Reference: asterisms and cluster alikes by B. Alessi reported in DAML02."
"Bica 210","Reference: present study."
"Alessi J2315.6+6445","Reference: the Preliminary Amateur Open Cluster Catalog, Version 08/03/2003."
"Skiff J2330+60.2,FSR 436,MWSC 3735,MWSC 3733","Reference: web updates in DAML02, some were later removed (2003 to 2010)."
"Levy-W J2340.5+5619","Reference: asterisms and cluster alikes by B. Alessi reported in DAML02."
"Santa 19,HD 223308 Group,Teutsch J2348.4+5315,Alessi J2348.4+5315","Reference: the Preliminary Amateur Open Cluster Catalog, Version 08/03/2003. Asterisms and cluster alikes by B. Alessi reported in DAML02."
"Alessi J2344.7+5523","Reference: asterisms and cluster alikes by B. Alessi reported in DAML02."
"Harrington 22,Whiting T 1,Mini Coathager,Ramakers 56","Reference: asterisms reported by amateur astronomers in the web. Asterisms and cluster alikes by B. Alessi reported in DAML02."
"Alessi J2341.9+5715,HD 222618 Group","Reference: the Preliminary Amateur Open Cluster Catalog, Version 08/03/2003."
"HD 1202 Group","Reference: asterisms and cluster alikes by B. Alessi reported in DAML02."
"HD 110 Group","Reference: asterisms and cluster alikes by B. Alessi reported in DAML02."
"HD 222794 Group","Reference: asterisms and cluster alikes by B. Alessi reported in DAML02."
"Patchick 42","Reference: the Preliminary Amateur Open Cluster Catalog, Version 08/03/2003."
"Teutsch J1329.4+6008,HD 117376 Group","Reference: the Preliminary Amateur Open Cluster Catalog, Version 08/03/2003. Asterisms and cluster alikes by B. Alessi reported in DAML02."
"Ferrero 50","Reference: asterisms and clusters by L. Ferrero."
"Santa 51","Reference: asterisms and cluster alikes by B. Alessi reported in DAML02."
"Steine 18","Reference: the Preliminary Amateur Open Cluster Catalog, Version 08/03/2003."
"Teutsch 160,DSH J2345.4+5936","Reference: asterisms and cluster alikes by B. Alessi reported in DAML02."
"Riddle 9","Reference: asterisms and cluster alikes by B. Alessi reported in DAML02."
"Teutsch J2347.3+5937","Reference: the Preliminary Amateur Open Cluster Catalog, Version 08/03/2003."
"Bica 211","Reference: present study."
"Teutsch 331","Reference: asterisms and cluster alikes by B. Alessi reported in DAML02."
"Negueruela 1,FSR 453,Alicante 2,MWSC 3757,MWSC 3758","Reference: web updates in DAML02, some were later removed (2003 to 2010). Asterisms and cluster alikes by B. Alessi reported in DAML02."
"Teutsch 23,DSH J2347.9+6259,FSR 454,MWSC 3760","Reference: the Preliminary Amateur Open Cluster Catalog, Version 08/03/2003."
"HD 3807 Group","Reference: asterisms and cluster alikes by B. Alessi reported in DAML02."
"HD 215398 Group","Reference: asterisms and cluster alikes by B. Alessi reported in DAML02."
"Teutsch J2353.0+6240","Reference: the Preliminary Amateur Open Cluster Catalog, Version 08/03/2003. Asterisms and cluster alikes by B. Alessi reported in DAML02."
"Teutsch J2342.9+6754","Reference: asterisms and cluster alikes by B. Alessi reported in DAML02."
"WZ Cas Group","Reference: asterisms and cluster alikes by B. Alessi reported in DAML02."
"Alessi 69","Reference: list of clusters and alike reported by B. Alessi."
"Teutsch 183","Reference: asterisms and cluster alikes by B. Alessi reported in DAML02."
"Santa 44","Reference: asterisms and cluster alikes by B. Alessi reported in DAML02."
"Teutsch J2359.5+6458","Reference: asterisms and cluster alikes by B. Alessi reported in DAML02."
"Teutsch J0007.7+5957","Reference: asterisms and cluster alikes by B. Alessi reported in DAML02."
"Teutsch J0011.6+5710","Reference: the Preliminary Amateur Open Cluster Catalog, Version 08/03/2003."
"Alessi 20,MWSC 23","Reference: web updates in DAML02, some were later removed (2003 to 2010). List of clusters and alike reported by B. Alessi."
"Alessi 94,UBC 2","Reference: list of clusters and alike reported by B. Alessi."
"Ferrero 6,Eiffel Tower,Ramakers 62","Reference: asterisms reported by amateur astronomers in the web. The Preliminary Amateur Open Cluster Catalog, Version 08/03/2003. Asterisms and clusters by L. Ferrero."
"NGC 7762a","Reference: asterisms and cluster alikes by B. Alessi reported in DAML02."
"Steine J0002.5+6653","Reference: asterisms and cluster alikes by B. Alessi reported in DAML02."
"NGC 5385,MWSC 2172","Reference: web updates in DAML02, some were later removed (2003 to 2010)."
"Teutsch 34","Reference: the Preliminary Amateur Open Cluster Catalog, Version 08/03/2003."
"Alessi J0022.7+5417","Reference: the Preliminary Amateur Open Cluster Catalog, Version 08/03/2003."
"Teutsch J0021.6+5705","Reference: asterisms and cluster alikes by B. Alessi reported in DAML02."
"Pothier 6","Reference: the Preliminary Amateur Open Cluster Catalog, Version 08/03/2003. Asterisms and cluster alikes by B. Alessi reported in DAML02."
"Bica 212","Reference: present study."
"Teutsch 184","Reference: asterisms and cluster alikes by B. Alessi reported in DAML02."
"Bica 213","Reference: present study."
"Cas II Group","Reference: asterisms and cluster alikes by B. Alessi reported in DAML02."
"Cas III,Assoc 35,A-Cas II","Reference: asterisms and cluster alikes by B. Alessi reported in DAML02."
"Teutsch 168,DSH J0017.9+6550,MWSC 30","Reference: asterisms and cluster alikes by B. Alessi reported in DAML02."
"Teutsch J0032.5+4657","Reference: asterisms and cluster alikes by B. Alessi reported in DAML02."
"Teutsch J0021.7+6303","Reference: asterisms and cluster alikes by B. Alessi reported in DAML02."
"Karhula 2","Reference: the Preliminary Amateur Open Cluster Catalog, Version 08/03/2003."
"Santa 38","Reference: asterisms and cluster alikes by B. Alessi reported in DAML02."
"Teutsch J0022.3+6431","Reference: the Preliminary Amateur Open Cluster Catalog, Version 08/03/2003."
"Bica 214","Reference: present study."
"HD 2469 Group","Reference: asterisms and cluster alikes by B. Alessi reported in DAML02."
"Teutsch J2131.1+8652,HD 207779 Group","Reference: the Preliminary Amateur Open Cluster Catalog, Version 08/03/2003. Asterisms and cluster alikes by B. Alessi reported in DAML02."
"Cmg 656","Reference: present study."
"Bica 215","Reference: present study."
"Streicher 84","Reference: asterisms reported by amateur astronomers in the web."
"Pothier 7","Reference: asterisms and cluster alikes by B. Alessi reported in DAML02."
"HD 1007 Group","Reference: asterisms and cluster alikes by B. Alessi reported in DAML02."
"Kronberger 98","Reference: asterisms and cluster alikes by B. Alessi reported in DAML02."
"Dolidze 12a","Reference: asterisms and cluster alikes by B. Alessi reported in DAML02."
"Monti 2","Reference: asterisms and cluster alikes by B. Alessi reported in DAML02."
"HD 3802 Group","Reference: asterisms and cluster alikes by B. Alessi reported in DAML02."
"Monti 3","Reference: asterisms and cluster alikes by B. Alessi reported in DAML02."
"Dolidze 12,OCL 303,Dolidze 12b,MWSC 65","Reference: web updates in DAML02, some were later removed (2003 to 2010). Asterisms and cluster alikes by B. Alessi reported in DAML02."
"Teutsch J0041.1+6010","Reference: asterisms and cluster alikes by B. Alessi reported in DAML02."
"Dias 1,Alicante 4,Steine 11,MWSC 67","Reference: web updates in DAML02, some were later removed (2003 to 2010). Asterisms and cluster alikes by B. Alessi reported in DAML02."
"Bica 216","Reference: present study."
"Steine 12,Teutsch J0047.3+6643","Reference: the Preliminary Amateur Open Cluster Catalog, Version 08/03/2003."
"Patchick 11","Reference: the Preliminary Amateur Open Cluster Catalog, Version 08/03/2003."
"Ramakers 1,HD 4798 Group","Reference: asterisms reported by amateur astronomers in the web."
"Santa 43","Reference: asterisms and cluster alikes by B. Alessi reported in DAML02."
"NGC 272,OCL 312","Reference: web updates in DAML02, some were later removed (2003 to 2010)."
"Santa 49","Reference: asterisms and cluster alikes by B. Alessi reported in DAML02."
"Teutsch 46,DSH J0053.9+6427","Reference: asterisms and cluster alikes by B. Alessi reported in DAML02."
"CA 1,Casado-Alessi 1,Alessi 1,LeDrew 1,MWSC 88","Reference: web updates in DAML02, some were later removed (2003 to 2010). List of clusters and alike reported by B. Alessi."
"Dutton 1,Harrington 1,Engagement Ring,Ramakers 65","Reference: asterisms reported by amateur astronomers in the web. The Preliminary Amateur Open Cluster Catalog, Version 08/03/2003."
"Ferrero 7a","Reference: asterisms reported by amateur astronomers in the web. The Preliminary Amateur Open Cluster Catalog, Version 08/03/2003."
"Teutsch 47,DSH J0056.3+5925","Reference: asterisms and cluster alikes by B. Alessi reported in DAML02."
"Skiff J0058+68.4,Skiff 1,FSR 523,MWSC 94,MWSC 95","Reference: web updates in DAML02, some were later removed (2003 to 2010)."
"Steine 25","Reference: asterisms and cluster alikes by B. Alessi reported in DAML02."
"AT 21,Alessi-Teutsch 21,Alessi 23,Alessi-Teutsch 1","Reference: list of clusters and alike reported by B. Alessi. The Preliminary Amateur Open Cluster Catalog, Version 08/03/2003. Asterisms and cluster alikes by B. Alessi reported in DAML02."
"Naillon 1","Reference: asterisms and cluster alikes by B. Alessi reported in DAML02."
"Teutsch 185","Reference: asterisms and cluster alikes by B. Alessi reported in DAML02."
"Juchert J0103.4+5631","Reference: asterisms and cluster alikes by B. Alessi reported in DAML02."
"NGC 305,MWSC 91","Reference: web updates in DAML02, some were later removed (2003 to 2010)."
"Santa 40","Reference: asterisms and cluster alikes by B. Alessi reported in DAML02."
"Teutsch 186","Reference: asterisms and cluster alikes by B. Alessi reported in DAML02."
"Teutsch J0114.2+6054,Alessi J0114.2+6054","Reference: the Preliminary Amateur Open Cluster Catalog, Version 08/03/2003. Asterisms and cluster alikes by B. Alessi reported in DAML02."
"Teutsch J1211.2+7728,HD 106112 Group,Alessi J1211.2+7728","Reference: asterisms reported by amateur astronomers in the web. The Preliminary Amateur Open Cluster Catalog, Version 08/03/2003."
"Streicher 5","Reference: asterisms and cluster alikes by B. Alessi reported in DAML02."
"HD 7169 Group","Reference: asterisms and cluster alikes by B. Alessi reported in DAML02."
"Santa 41","Reference: asterisms and cluster alikes by B. Alessi reported in DAML02."
"Kronberger J0114.0+5534","Reference: asterisms and cluster alikes by B. Alessi reported in DAML02."
"Teutsch 187","Reference: asterisms and cluster alikes by B. Alessi reported in DAML02."
"Spano 1","Reference: asterisms reported by amateur astronomers in the web. Asterisms and cluster alikes by B. Alessi reported in DAML02."
"Karhula 3","Reference: the Preliminary Amateur Open Cluster Catalog, Version 08/03/2003."
"Kronberger J0123.3+5824","Reference: asterisms and cluster alikes by B. Alessi reported in DAML02."
"Santa 42","Reference: asterisms and cluster alikes by B. Alessi reported in DAML02."
"HD 7267 Group","Reference: asterisms and cluster alikes by B. Alessi reported in DAML02."
"Zanin 1","Reference: asterisms and cluster alikes by B. Alessi reported in DAML02."
"Teutsch J0128.2+5843","Reference: asterisms and cluster alikes by B. Alessi reported in DAML02."
"Teutsch J0124.0+5244","Reference: asterisms and cluster alikes by B. Alessi reported in DAML02."
"Alessi 133","Reference: list of clusters and alike reported by B. Alessi."
"Desvoivres 1","Reference: the Preliminary Amateur Open Cluster Catalog, Version 08/03/2003."
"Schoenball 1","Reference: asterisms and cluster alikes by B. Alessi reported in DAML02."
"Teutsch J0132.7+5919","Reference: the Preliminary Amateur Open Cluster Catalog, Version 08/03/2003."
"Teutsch J0119.1+4315","Reference: asterisms and cluster alikes by B. Alessi reported in DAML02."
"Teutsch J0135.2+6041","Reference: the Preliminary Amateur Open Cluster Catalog, Version 08/03/2003."
"Leiter 3","Reference: the Preliminary Amateur Open Cluster Catalog, Version 08/03/2003."
"Teutsch 190","Reference: asterisms and cluster alikes by B. Alessi reported in DAML02."
"HD 11704 Group","Reference: asterisms and cluster alikes by B. Alessi reported in DAML02."
"Renou 18,Ramakers 42","Reference: asterisms reported by amateur astronomers in the web."
"Teutsch J0155.3+6750","Reference: asterisms and cluster alikes by B. Alessi reported in DAML02."
"Ferrero 7","Reference: asterisms and clusters by L. Ferrero."
"Harrington 13,Queens Kite,Ramakers 12","Reference: asterisms reported by amateur astronomers in the web."
"Teutsch J1205.9+6845","Reference: asterisms and cluster alikes by B. Alessi reported in DAML02."
"Teutsch 188","Reference: asterisms and cluster alikes by B. Alessi reported in DAML02."
"Teutsch 191","Reference: asterisms and cluster alikes by B. Alessi reported in DAML02."
"Teutsch J0155.1+6312","Reference: the Preliminary Amateur Open Cluster Catalog, Version 08/03/2003."
"S 1,MWSC 144","Reference: asterisms and cluster alikes by B. Alessi reported in DAML02."
"HD 17580 Group","Reference: asterisms and cluster alikes by B. Alessi reported in DAML02."
"Teutsch J0128.7+4232","Reference: the Preliminary Amateur Open Cluster Catalog, Version 08/03/2003."
"Santa 35,HD 8907 Group","Reference: asterisms and cluster alikes by B. Alessi reported in DAML02."
"Teutsch 189","Reference: asterisms and cluster alikes by B. Alessi reported in DAML02."
"Teutsch J0151.0+5944","Reference: asterisms and cluster alikes by B. Alessi reported in DAML02."
"ME 1,Mel`nik-Efremov 1,CLUST 1","Reference: asterisms and cluster alikes by B. Alessi reported in DAML02."
"PerOB1A","Reference: asterisms and cluster alikes by B. Alessi reported in DAML02."
"Karhula 1","Reference: the Preliminary Amateur Open Cluster Catalog, Version 08/03/2003."
"HD 9519 Group","Reference: asterisms and cluster alikes by B. Alessi reported in DAML02."
"Alessi J0404.5+7921","Reference: asterisms and cluster alikes by B. Alessi reported in DAML02."
"Steine 7,DSH J0211.9+6411","Reference: the Preliminary Amateur Open Cluster Catalog, Version 08/03/2003."
"Steine 8","Reference: the Preliminary Amateur Open Cluster Catalog, Version 08/03/2003."
"HD 103690 Group","Reference: asterisms and cluster alikes by B. Alessi reported in DAML02."
"Pothier 8","Reference: asterisms and cluster alikes by B. Alessi reported in DAML02."
"Ferrero 42","Reference: asterisms and clusters by L. Ferrero."
"NGC 886,Stock 6,OCL 347,MWSC 186","Reference: web updates in DAML02, some were later removed (2003 to 2010)."
"HD 11773 Group","Reference: asterisms and cluster alikes by B. Alessi reported in DAML02."
"PerOB1B","Reference: asterisms and cluster alikes by B. Alessi reported in DAML02."
"HD 232578 Group","Reference: asterisms and cluster alikes by B. Alessi reported in DAML02."
"FSR 579,MTG 1,MWS 241","Reference: asterisms and cluster alikes by B. Alessi reported in DAML02."
"And I Asterism","Reference: asterisms and cluster alikes by B. Alessi reported in DAML02."
"Alessi 95","Reference: list of clusters and alike reported by B. Alessi."
"Patchick 12","Reference: the Preliminary Amateur Open Cluster Catalog, Version 08/03/2003."
"PerOB1C","Reference: asterisms and cluster alikes by B. Alessi reported in DAML02."
"Bica 217","Reference: present study."
"Bica 218","Reference: present study."
"Bica 219","Reference: present study."
"Bica 220","Reference: present study."
"Bica 221","Reference: present study."
"Teutsch 55,DSH J0229.1+6206,Cmg 743,MWSC 200","Reference: asterisms and cluster alikes by B. Alessi reported in DAML02."
"Bica 222","Reference: present study."
"Basel 10,OCL 349.1,Dolidze 47b,FSR 586,MWSC 176","Reference: analysis of Dolidze objects by M. Kronberger reported in DAML02."
"Zanin 5","Reference: asterisms and cluster alikes by B. Alessi reported in DAML02."
"Kemble 3,Kemble's Kite,Harrington 15,Ramakers 9","Reference: asterisms reported by amateur astronomers in the web."
"Kronberger J0205.8+5112","Reference: asterisms and cluster alikes by B. Alessi reported in DAML02."
"Alessi 109","Reference: list of clusters and alike reported by B. Alessi."
"Cmg 255w","Reference: present study."
"Bica 223","Reference: present study."
"PCP 1,Cmg 755e","Reference: present study."
"Teutsch J0239.8+6251","Reference: asterisms reported by amateur astronomers in the web. Asterisms and cluster alikes by B. Alessi reported in DAML02."
"Teutsch J0119.4+0730","Reference: the Preliminary Amateur Open Cluster Catalog, Version 08/03/2003."
"Ferrero 38","Reference: asterisms and clusters by L. Ferrero."
"PerOB1D","Reference: asterisms and cluster alikes by B. Alessi reported in DAML02."
"Teutsch J0142.8+3235","Reference: the Preliminary Amateur Open Cluster Catalog, Version 08/03/2003."
"Raymond 1","Reference: asterisms and cluster alikes by B. Alessi reported in DAML02."
"Eta Cet Group","Reference: asterisms and cluster alikes by B. Alessi reported in DAML02."
"IC 1824","Reference: original NGC and IC catalogues at Vizier: NGC 2000.0, Sky Publishing, ed. Sinnott 1988 (1997yCat.7118....0S)."
"Saloranta 5","Reference: asterisms and cluster alikes by B. Alessi reported in DAML02."
"Harrington 14,Golf Putter,Ramakers 1","Reference: asterisms reported by amateur astronomers in the web."
"Kronberger J0259.4+6416","Reference: asterisms and cluster alikes by B. Alessi reported in DAML02."
"Teutsch J0221.3+5310","Reference: the Preliminary Amateur Open Cluster Catalog, Version 08/03/2003. Asterisms and cluster alikes by B. Alessi reported in DAML02."
"Patchick 1,Patchick-C1","Reference: asterisms reported by amateur astronomers in the web. The Preliminary Amateur Open Cluster Catalog, Version 08/03/2003."
"Patchick 13","Reference: the Preliminary Amateur Open Cluster Catalog, Version 08/03/2003."
"HD 19967 Group","Reference: asterisms reported by amateur astronomers in the web. Asterisms and cluster alikes by B. Alessi reported in DAML02."
"Teutsch J0233.2+5618","Reference: asterisms and cluster alikes by B. Alessi reported in DAML02."
"HD 32230 Group","Reference: asterisms and cluster alikes by B. Alessi reported in DAML02."
"Teutsch J0231+5525,HD 15253 Group","Reference: the Preliminary Amateur Open Cluster Catalog, Version 08/03/2003. Asterisms and cluster alikes by B. Alessi reported in DAML02."
"KP 1,Kronberger-Patchick 1","Reference: asterisms and cluster alikes by B. Alessi reported in DAML02."
"Juchert 4","Reference: asterisms and cluster alikes by B. Alessi reported in DAML02."
"Bica 224","Reference: present study."
"Bica 225","Reference: present study."
"HD 26580 Group","Reference: asterisms and cluster alikes by B. Alessi reported in DAML02."
"Bica 226","Reference: present study."
"Bica 227","Reference: present study."
"Bica 228","Reference: present study."
"Renou 17","Reference: asterisms reported by amateur astronomers in the web."
"Bica 229","Reference: present study."
"Kronberger 93","Reference: asterisms and cluster alikes by B. Alessi reported in DAML02."
"Collinder 21,OCL 371,MWSC 143","Reference: web updates in DAML02, some were later removed (2003 to 2010)."
"Kronberger J0345.3+6634","Reference: asterisms and cluster alikes by B. Alessi reported in DAML02."
"Eta Per Group","Reference: asterisms and cluster alikes by B. Alessi reported in DAML02."
"TKM 1,HD 18391 Group","Reference: asterisms and cluster alikes by B. Alessi reported in DAML02."
"Bica 230","Reference: present study."
"Bica 231","Reference: present study."
"Zanin 12","Reference: asterisms and cluster alikes by B. Alessi reported in DAML02."
"Bica 232","Reference: present study."
"Bica 233","Reference: present study."
"Stock 23,OCL 375,Pazmino's Cluster,MWSC 266","Reference: asterisms reported by amateur astronomers in the web."
"Bica 234","Reference: present study."
"Teutsch J0238.1+4839","Reference: asterisms and cluster alikes by B. Alessi reported in DAML02."
"Alessi 99","Reference: list of clusters and alike reported by B. Alessi."
"Bica 235","Reference: present study."
"Bica 236","Reference: present study."
"Lederman 1","Reference: asterisms and cluster alikes by B. Alessi reported in DAML02."
"Zanin 2","Reference: asterisms and cluster alikes by B. Alessi reported in DAML02."
"Zanin 3","Reference: asterisms and cluster alikes by B. Alessi reported in DAML02."
"Bica 237","Reference: present study."
"Teutsch 0251+48","Reference: the Preliminary Amateur Open Cluster Catalog, Version 08/03/2003."
"HD 17818 Group","Reference: asterisms and cluster alikes by B. Alessi reported in DAML02."
"Teutsch J0337.4+5926,HD 22427 Group","Reference: the Preliminary Amateur Open Cluster Catalog, Version 08/03/2003. Asterisms and cluster alikes by B. Alessi reported in DAML02."
"Alessi J0234.0+4002","Reference: asterisms reported by amateur astronomers in the web. Asterisms and cluster alikes by B. Alessi reported in DAML02."
"Teutsch J0529.1+6829","Reference: asterisms and cluster alikes by B. Alessi reported in DAML02."
"Teutsch J0545.0+6909","Reference: the Preliminary Amateur Open Cluster Catalog, Version 08/03/2003."
"Teutsch 87,DSH J0315.4+5203","Reference: asterisms and cluster alikes by B. Alessi reported in DAML02."
"Karhula 4","Reference: the Preliminary Amateur Open Cluster Catalog, Version 08/03/2003. Asterisms and cluster alikes by B. Alessi reported in DAML02."
"NGC 1146,MWSC 245","Reference: web updates in DAML02, some were later removed (2003 to 2010)."
"Patchick 14","Reference: the Preliminary Amateur Open Cluster Catalog, Version 08/03/2003."
"Alessi J0304.4+4754,HD 18878 Group","Reference: asterisms reported by amateur astronomers in the web. The Preliminary Amateur Open Cluster Catalog, Version 08/03/2003."
"Ramakers 50,Triangulum Minor","Reference: asterisms reported by amateur astronomers in the web."
"Renou 21","Reference: asterisms reported by amateur astronomers in the web."
"Teutsch J0247.5+4107","Reference: the Preliminary Amateur Open Cluster Catalog, Version 08/03/2003."
"Santa 22","Reference: asterisms and cluster alikes by B. Alessi reported in DAML02."
"Zanin 11","Reference: asterisms and cluster alikes by B. Alessi reported in DAML02."
"FSR 647,Alicante 1,MWSC 322,MWSC 323","Reference: asterisms and cluster alikes by B. Alessi reported in DAML02."
"Teutsch J0403.6+5730","Reference: asterisms and cluster alikes by B. Alessi reported in DAML02."
"Santa 24","Reference: asterisms and cluster alikes by B. Alessi reported in DAML02."
"Teutsch J0228.3+2947,12 Tri Group,Alessi J0228.3+2947","Reference: asterisms reported by amateur astronomers in the web. The Preliminary Amateur Open Cluster Catalog, Version 08/03/2003."
"Patchick 43","Reference: the Preliminary Amateur Open Cluster Catalog, Version 08/03/2003."
"Teutsch 193","Reference: asterisms and cluster alikes by B. Alessi reported in DAML02."
"Bica 238","Reference: present study."
"Bica 239","Reference: present study."
"Bica 240","Reference: present study."
"Juchert 5","Reference: asterisms and cluster alikes by B. Alessi reported in DAML02."
"Patchick 2,Patchick-C2","Reference: asterisms reported by amateur astronomers in the web. The Preliminary Amateur Open Cluster Catalog, Version 08/03/2003."
"Teutsch 194","Reference: asterisms and cluster alikes by B. Alessi reported in DAML02."
"Renou 22","Reference: asterisms reported by amateur astronomers in the web."
"Ferrero 30","Reference: asterisms reported by amateur astronomers in the web. Asterisms and clusters by L. Ferrero."
"Santa 27","Reference: asterisms and cluster alikes by B. Alessi reported in DAML02."
"Saloranta J0317+4320","Reference: asterisms reported by amateur astronomers in the web."
"HD 23552","Reference: asterisms reported by amateur astronomers in the web."
"Teutsch 175,Teutsch J0323.1+4445","Reference: asterisms reported by amateur astronomers in the web. The Preliminary Amateur Open Cluster Catalog, Version 08/03/2003. Asterisms and cluster alikes by B. Alessi reported in DAML02."
"Teutsch J0733.3+6643","Reference: the Preliminary Amateur Open Cluster Catalog, Version 08/03/2003."
"Teutsch J0333.8+4724","Reference: asterisms and cluster alikes by B. Alessi reported in DAML02."
"Teutsch J0402.2+5235","Reference: asterisms and cluster alikes by B. Alessi reported in DAML02."
"Juchert 19,DSH J0402.3+5226,SAI 33,MWSC 327","Reference: asterisms and cluster alikes by B. Alessi reported in DAML02."
"Santa 23","Reference: asterisms and cluster alikes by B. Alessi reported in DAML02."
"Teutsch 0408+53","Reference: the Preliminary Amateur Open Cluster Catalog, Version 08/03/2003."
"Alessi J0346.1+4800","Reference: the Preliminary Amateur Open Cluster Catalog, Version 08/03/2003. Asterisms and cluster alikes by B. Alessi reported in DAML02."
"Patchick 16,FSR 667,MWSC 341","Reference: the Preliminary Amateur Open Cluster Catalog, Version 08/03/2003."
"Harrington 19,Broken Engagement Ring,Ramakers 51","Reference: asterisms reported by amateur astronomers in the web."
"Waterloo 1,MWSC 359","Reference: web updates in DAML02, some were later removed (2003 to 2010)."
"Sachariassen 1","Reference: asterisms and cluster alikes by B. Alessi reported in DAML02."
"Teutsch 195","Reference: asterisms and cluster alikes by B. Alessi reported in DAML02."
"Juchert J0430.6+5402","Reference: asterisms and cluster alikes by B. Alessi reported in DAML02."
"Alessi J0325.2+4054","Reference: asterisms and cluster alikes by B. Alessi reported in DAML02."
"Teutsch J0404.3+4938","Reference: asterisms and cluster alikes by B. Alessi reported in DAML02."
"Alessi 2,LeDrew 4,MWSC 419","Reference: web updates in DAML02, some were later removed (2003 to 2010). List of clusters and alike reported by B. Alessi."
"Teutsch 130,DSH J0414.2+5037A","Reference: asterisms and cluster alikes by B. Alessi reported in DAML02."
"Bica 241","Reference: present study."
"HD 25485 Group","Reference: asterisms and cluster alikes by B. Alessi reported in DAML02."
"Alessi 134","Reference: list of clusters and alike reported by B. Alessi."
"Teutsch 56,DSH J0359.3+4723","Reference: asterisms and cluster alikes by B. Alessi reported in DAML02."
"Ferrero 53,Teutsch J0352+4558","Reference: asterisms reported by amateur astronomers in the web. The Preliminary Amateur Open Cluster Catalog, Version 08/03/2003. Asterisms and clusters by L. Ferrero."
"Teutsch 176","Reference: asterisms and cluster alikes by B. Alessi reported in DAML02."
"Ferrero 8,DSH J0354.0+4532","Reference: the Preliminary Amateur Open Cluster Catalog, Version 08/03/2003. Asterisms and clusters by L. Ferrero."
"Zanin 13","Reference: asterisms and cluster alikes by B. Alessi reported in DAML02."
"Alessi 141","Reference: list of clusters and alike reported by B. Alessi."
"Teutsch J0423.2+4935","Reference: asterisms and cluster alikes by B. Alessi reported in DAML02."
"Patchick 19","Reference: the Preliminary Amateur Open Cluster Catalog, Version 08/03/2003."
"Juchert 20,DSH J0410.8+4652,SAI 35,FSR 676,MWSC 348","Reference: asterisms and cluster alikes by B. Alessi reported in DAML02."
"Teutsch J0355.3+4324,Santa 34","Reference: asterisms and cluster alikes by B. Alessi reported in DAML02."
"Cmg 891","Reference: discoveries by our group members and communicated in the present work (2002 to 2017)."
"Renou 23,UBC 8","Reference: asterisms and cluster alikes by B. Alessi reported in DAML02."
"Teutsch J0450.9+5209,TRSG 9","Reference: asterisms and cluster alikes by B. Alessi reported in DAML02."
"O'Neal 6","Reference: asterisms and cluster alikes by B. Alessi reported in DAML02."
"Ferrero 26","Reference: asterisms reported by amateur astronomers in the web. Asterisms and clusters by L. Ferrero."
"AT 9,Alessi-Teutsch 9,ASCC 10,MWSC 275","Reference: web updates in DAML02, some were later removed (2003 to 2010). List of clusters and alike reported by B. Alessi."
"Alessi 102","Reference: list of clusters and alike reported by B. Alessi."
"Patchick 18","Reference: the Preliminary Amateur Open Cluster Catalog, Version 08/03/2003."
"Renou 20","Reference: asterisms and cluster alikes by B. Alessi reported in DAML02."
"Bica 243","Reference: present study."
"9 Aur Group","Reference: asterisms and cluster alikes by B. Alessi reported in DAML02."
"NGC 1790","Reference: original NGC and IC catalogues at Vizier: NGC 2000.0, Sky Publishing, ed. Sinnott 1988 (1997yCat.7118....0S)."
"Teutsch J0450.1+4923","Reference: asterisms and cluster alikes by B. Alessi reported in DAML02."
"Steine 16","Reference: the Preliminary Amateur Open Cluster Catalog, Version 08/03/2003."
"Bica 244","Reference: present study."
"Bica 245","Reference: present study."
"Teutsch J0452.9+4829","Reference: asterisms and cluster alikes by B. Alessi reported in DAML02."
"Patchick 21","Reference: the Preliminary Amateur Open Cluster Catalog, Version 08/03/2003."
"Per II Group","Reference: asterisms and cluster alikes by B. Alessi reported in DAML02."
"Kronberger J0522.2+5141","Reference: asterisms and cluster alikes by B. Alessi reported in DAML02."
"Ari III Group","Reference: asterisms and cluster alikes by B. Alessi reported in DAML02."
"NGC 1724,OCL 405,MWSC 459","Reference: web updates in DAML02, some were later removed (2003 to 2010)."
"Teutsch J0424.0+4327","Reference: asterisms and cluster alikes by B. Alessi reported in DAML02."
"Teutsch 36,Kronberger 26,SAI 43,MWSC 473","Reference: the Preliminary Amateur Open Cluster Catalog, Version 08/03/2003."
"DoDz 1,Dolidze-Dzimselejsvili 1,OCL 287,MWSC 231","Reference: web updates in DAML02, some were later removed (2003 to 2010)."
"Alessi 142","Reference: list of clusters and alike reported by B. Alessi."
"Patchick 45","Reference: the Preliminary Amateur Open Cluster Catalog, Version 08/03/2003."
"Alessi 143,Alessi J0309.0+2420","Reference: list of clusters and alike reported by B. Alessi. The Preliminary Amateur Open Cluster Catalog, Version 08/03/2003."
"Teutsch J0423.8+4238","Reference: asterisms and cluster alikes by B. Alessi reported in DAML02."
"Teutsch J0452.0+4700","Reference: asterisms and cluster alikes by B. Alessi reported in DAML02."
"HD 36067 Group","Reference: asterisms and cluster alikes by B. Alessi reported in DAML02."
"Kronberger 17","Reference: the Preliminary Amateur Open Cluster Catalog, Version 08/03/2003."
"Teutsch 4,DSH J0438.2+4317","Reference: the Preliminary Amateur Open Cluster Catalog, Version 08/03/2003."
"Teutsch J0630.3+5435","Reference: the Preliminary Amateur Open Cluster Catalog, Version 08/03/2003."
"NGC 1798,Berkeley 16,OCL 410,Dolidze 48,FSR 705,MWSC 483","Reference: analysis of Dolidze objects by M. Kronberger reported in DAML02."
"Pothier 9","Reference: the Preliminary Amateur Open Cluster Catalog, Version 08/03/2003. Asterisms and cluster alikes by B. Alessi reported in DAML02."
"Alessi 150","Reference: list of clusters and alike reported by B. Alessi."
"Alessi 84,TRSG 2","Reference: list of clusters and alike reported by B. Alessi."
"Bica 246","Reference: present study."
"AT 10,Alessi-Teutsch 10,MWSC 299,UBC 19","Reference: web updates in DAML02, some were later removed (2003 to 2010). List of clusters and alike reported by B. Alessi."
"Teutsch 131,DSH J0445.3+4159","Reference: asterisms and cluster alikes by B. Alessi reported in DAML02."
"HD 99995 Group","Reference: asterisms and cluster alikes by B. Alessi reported in DAML02."
"Ramakers 54,The Spade","Reference: asterisms reported by amateur astronomers in the web."
"Patchick 3,DSH J0516.4+4535,FSR 727,SAI 45,MWSC 495","Reference: the Preliminary Amateur Open Cluster Catalog, Version 08/03/2003."
"Skiff J0458+43.0,Skiff 2,MWSC 442","Reference: web updates in DAML02, some were later removed (2003 to 2010)."
"Teutsch J0459.0+4235","Reference: asterisms and cluster alikes by B. Alessi reported in DAML02."
"Patchick 20","Reference: the Preliminary Amateur Open Cluster Catalog, Version 08/03/2003."
"Wienerroither 1,Cosmic Question Mark,Ramakers 14","Reference: asterisms and cluster alikes by B. Alessi reported in DAML02. Asterisms reported by amateur astronomers in the web."
"Teutsch J0451.7+4107","Reference: asterisms and cluster alikes by B. Alessi reported in DAML02."
"HD 277262 Group","Reference: asterisms and cluster alikes by B. Alessi reported in DAML02."
"SAI 40,Teutsch 196","Reference: asterisms and cluster alikes by B. Alessi reported in DAML02."
"HD 277249 Group","Reference: asterisms and cluster alikes by B. Alessi reported in DAML02."
"Patchick 17","Reference: the Preliminary Amateur Open Cluster Catalog, Version 08/03/2003."
"Teutsch J0506.2+4139","Reference: asterisms reported by amateur astronomers in the web. Asterisms and cluster alikes by B. Alessi reported in DAML02."
"Patchick 22","Reference: the Preliminary Amateur Open Cluster Catalog, Version 08/03/2003."
"Alessi J0615.1+4849,Patchick 5","Reference: the Preliminary Amateur Open Cluster Catalog, Version 08/03/2003."
"Tau I Asterism","Reference: asterisms and cluster alikes by B. Alessi reported in DAML02."
"NGC 1579,LkHalpha 101,BDB 143,FSR 739,MWSC 385,MWSC 386","Reference: 2MASS website."
"Kronberger 92","Reference: asterisms and cluster alikes by B. Alessi reported in DAML02."
"Teutsch J0514.7+4123","Reference: asterisms and cluster alikes by B. Alessi reported in DAML02."
"Teutsch 2a","Reference: the Preliminary Amateur Open Cluster Catalog, Version 08/03/2003."
"Teutsch J0702.5+4958","Reference: the Preliminary Amateur Open Cluster Catalog, Version 08/03/2003."
"Teutsch J0457.5+3752","Reference: asterisms and cluster alikes by B. Alessi reported in DAML02."
"Ferrero 16,ASCC 23,FSR 746,MWSC 839","Reference: asterisms reported by amateur astronomers in the web. Asterisms and clusters by L. Ferrero."
"Teutsch 5,DSH J0455.7+3646,FSR 747,MWSC 438","Reference: the Preliminary Amateur Open Cluster Catalog, Version 08/03/2003."
"Teutsch 132,DSH J0510.0+3849,MWSC 477","Reference: web updates in DAML02, some were later removed (2003 to 2010)."
"Alessi 96,TRSG 1","Reference: list of clusters and alike reported by B. Alessi."
"Bica 247","Reference: present study."
"22 Lyn Group,Teutsch J0730.2+4947","Reference: the Preliminary Amateur Open Cluster Catalog, Version 08/03/2003. Asterisms and cluster alikes by B. Alessi reported in DAML02."
"Santa 26","Reference: asterisms and cluster alikes by B. Alessi reported in DAML02."
"Teutsch 88,DSH J0520.5+3932","Reference: asterisms and cluster alikes by B. Alessi reported in DAML02."
"Waterloo 2,MWSC 551","Reference: web updates in DAML02, some were later removed (2003 to 2010)."
"Kronberger 94","Reference: asterisms and cluster alikes by B. Alessi reported in DAML02."
"Ferrero 49","Reference: asterisms and clusters by L. Ferrero."
"Patchick 25","Reference: the Preliminary Amateur Open Cluster Catalog, Version 08/03/2003."
"Bica 248","Reference: present study."
"Renou 26","Reference: asterisms and cluster alikes by B. Alessi reported in DAML02."
"Patchick 15","Reference: the Preliminary Amateur Open Cluster Catalog, Version 08/03/2003."
"Renou 27","Reference: asterisms and cluster alikes by B. Alessi reported in DAML02."
"Aur I","Reference: asterisms and cluster alikes by B. Alessi reported in DAML02."
"Kronberger 18,DSH J0518.6+3737,MWSC 502","Reference: web updates in DAML02, some were later removed (2003 to 2010). The Preliminary Amateur Open Cluster Catalog, Version 08/03/2003."
"Teutsch J0517.2+3716","Reference: the Preliminary Amateur Open Cluster Catalog, Version 08/03/2003."
"Bica 249","Reference: present study."
"Teutsch 0728.0+4759,HD 58661 Group","Reference: the Preliminary Amateur Open Cluster Catalog, Version 08/03/2003. Asterisms and cluster alikes by B. Alessi reported in DAML02."
"Saloranta 10","Reference: asterisms and cluster alikes by B. Alessi reported in DAML02."
"Teutsch 52,DSH J0530.3+3813,MWSC 561","Reference: web updates in DAML02, some were later removed (2003 to 2010)."
"Dolidze 15,OCL 430,MWSC 466","Reference: analysis of Dolidze objects by M. Kronberger reported in DAML02."
"Teutsch 2,DSH J0541.3+3914,MWSC 638","Reference: the Preliminary Amateur Open Cluster Catalog, Version 08/03/2003."
"Renou 24","Reference: asterisms reported by amateur astronomers in the web."
"Teutsch J0523.5+3607,Cmg 17","Reference: asterisms and cluster alikes by B. Alessi reported in DAML02."
"Santa 37","Reference: asterisms and cluster alikes by B. Alessi reported in DAML02."
"Bica 252","Reference: present study."
"Bica 251","Reference: present study."
"Bica 250","Reference: present study."
"Teutsch J0514.1+3433","Reference: asterisms and cluster alikes by B. Alessi reported in DAML02."
"Bica 253","Reference: present study."
"Bica 254","Reference: present study."
"AT-2,Alessi-Teutsch 2,Alessi 32","Reference: the Preliminary Amateur Open Cluster Catalog, Version 08/03/2003."
"Bica 255","Reference: present study."
"Teutsch 197","Reference: asterisms and cluster alikes by B. Alessi reported in DAML02."
"Cmg 19","Reference: present study."
"Patchick 109","Reference: asterisms and cluster alikes by B. Alessi reported in DAML02."
"Saloranta 12","Reference: asterisms and cluster alikes by B. Alessi reported in DAML02."
"Cmg 22,Teutsch J0534.3+3604","Reference: the Preliminary Amateur Open Cluster Catalog, Version 08/03/2003. Asterisms and cluster alikes by B. Alessi reported in DAML02."
"Ramakers 4,Smiley Face","Reference: asterisms reported by amateur astronomers in the web."
"Harrington 4,Flying Minnow,Ramakers 5","Reference: asterisms reported by amateur astronomers in the web."
"Melotte 31,MWSC 498,Lacrosse Racket","Reference: web updates in DAML02, some were later removed (2003 to 2010)."
"Bica 256","Reference: present study."
"Teutsch 89,DSH J0522.3+3347","Reference: asterisms and cluster alikes by B. Alessi reported in DAML02."
"Bica 257","Reference: present study."
"Dolidze 18b","Reference: analysis of Dolidze objects by M. Kronberger reported in DAML02. Web updates in DAML02, some were later removed (2003 to 2010)."
"Bica 258","Reference: present study."
"Teutsch 37,SAI 48,MWSC 529","Reference: the Preliminary Amateur Open Cluster Catalog, Version 08/03/2003."
"Patchick 4","Reference: the Preliminary Amateur Open Cluster Catalog, Version 08/03/2003."
"Skiff J0507+30.8,FSR 790,MWSC 470,MWSC 468","Reference: web updates in DAML02, some were later removed (2003 to 2010)."
"Dolidze 20,OCL 442,Dolidze 20a,MWSC 548","Reference: asterisms and cluster alikes by B. Alessi reported in DAML02."
"Dolidze 20b","Reference: asterisms and cluster alikes by B. Alessi reported in DAML02."
"Bica 259","Reference: present study."
"Teutsch 133,DSH J0530.0+3329,Dolidze 20c-North","Reference: asterisms and cluster alikes by B. Alessi reported in DAML02. Analysis of Dolidze objects by M. Kronberger reported in DAML02."
"SAI 51,Dolidze 20c-South","Reference: analysis of Dolidze objects by M. Kronberger reported in DAML02. Asterisms and cluster alikes by B. Alessi reported in DAML02."
"Harrington 16,Davis' Dog,Ramakers 48","Reference: asterisms reported by amateur astronomers in the web."
"Alessi 100","Reference: list of clusters and alike reported by B. Alessi."
"Alessi 51","Reference: list of clusters and alike reported by B. Alessi."
"NGC 2666A","Reference: web updates in DAML02, some were later removed (2003 to 2010)."
"Alessi J0601.6+3531,Alessi J0601.6+3531a","Reference: the Preliminary Amateur Open Cluster Catalog, Version 08/03/2003. Asterisms and cluster alikes by B. Alessi reported in DAML02."
"Teutsch J0538.2+3234","Reference: asterisms and cluster alikes by B. Alessi reported in DAML02."
"Toepler 2","Reference: asterisms reported by amateur astronomers in the web. The Preliminary Amateur Open Cluster Catalog, Version 08/03/2003."
"FSR 802,Koposov 12,Alessi J0601.6+35b,MWSC 701,MWSC 702","Reference: the Preliminary Amateur Open Cluster Catalog, Version 08/03/2003."
"Patchick 23","Reference: the Preliminary Amateur Open Cluster Catalog, Version 08/03/2003."
"Bica 260","Reference: present study."
"Kronberger 95","Reference: asterisms and cluster alikes by B. Alessi reported in DAML02."
"Bica 261","Reference: present study."
"Bica 262","Reference: present study."
"Pavani 1","Reference: present study."
"Pavani 2","Reference: present study."
"Pavani 3","Reference: present study."
"FSR 814,Koposov 36,Teutsch J0536.8+3112,MWSC 600,MWSC 601","Reference: the Preliminary Amateur Open Cluster Catalog, Version 08/03/2003."
"Teutsch J0538.6+3059","Reference: the Preliminary Amateur Open Cluster Catalog, Version 08/03/2003."
"Bica 263","Reference: present study."
"Bica 264","Reference: present study."
"Bica 265","Reference: present study."
"Teutsch J0533.1+2848","Reference: asterisms and cluster alikes by B. Alessi reported in DAML02."
"Bica 266","Reference: present study."
"Bica 267","Reference: present study."
"FSR 827,Kronberger 6,Teutsch J0604.2+3136","Reference: the Preliminary Amateur Open Cluster Catalog, Version 08/03/2003."
"Teutsch 90,DSH J0530.4+2706","Reference: asterisms and cluster alikes by B. Alessi reported in DAML02."
"Teutsch 10,DSH J0544.3+2848,FSR 829,Koposov 49,MWSC 661","Reference: the Preliminary Amateur Open Cluster Catalog, Version 08/03/2003."
"Juchert J0603.1+3102","Reference: asterisms and cluster alikes by B. Alessi reported in DAML02."
"Ferrero 14","Reference: asterisms and clusters by L. Ferrero."
"Teutsch 135,DSH J0607.9+3122A","Reference: asterisms and cluster alikes by B. Alessi reported in DAML02."
"DC 8,Teutsch J0609.3+3113,MWSC 758","Reference: the Preliminary Amateur Open Cluster Catalog, Version 08/03/2003."
"Bica 268","Reference: present study."
"Bica 270","Reference: present study."
"Bica 269","Reference: present study."
"Teutsch J0556.7+2829","Reference: asterisms and cluster alikes by B. Alessi reported in DAML02."
"Kronberger 32","Reference: the Preliminary Amateur Open Cluster Catalog, Version 08/03/2003."
"Ferrero 5","Reference: asterisms reported by amateur astronomers in the web. The Preliminary Amateur Open Cluster Catalog, Version 08/03/2003. Asterisms and clusters by L. Ferrero."
"Tau II Asterism","Reference: asterisms and cluster alikes by B. Alessi reported in DAML02."
"Alessi 135","Reference: list of clusters and alike reported by B. Alessi."
"DB 83,Dutra-Bica 83,DB2001 25,BDB 165,Maj 67,Majaess 67,MWSC 683,MWSC 684","Reference: web updates in DAML02, some were later removed (2003 to 2010)."
"Teutsch J1013.6+3924","Reference: the Preliminary Amateur Open Cluster Catalog, Version 08/03/2003."
"Patchick 24","Reference: the Preliminary Amateur Open Cluster Catalog, Version 08/03/2003."
"Teutsch J0555.6+2703","Reference: the Preliminary Amateur Open Cluster Catalog, Version 08/03/2003. Asterisms and cluster alikes by B. Alessi reported in DAML02."
"Teutsch 57,DSH J0548.0+2529","Reference: asterisms and cluster alikes by B. Alessi reported in DAML02."
"X-Ray Clump 0534+22","Reference: asterisms and cluster alikes by B. Alessi reported in DAML02."
"Teutsch J0558.0+2645","Reference: the Preliminary Amateur Open Cluster Catalog, Version 08/03/2003."
"Alessi J0620.9+2929","Reference: asterisms and cluster alikes by B. Alessi reported in DAML02."
"Bica 271","Reference: present study."
"Bica 272","Reference: present study."
"Bica 273","Reference: present study."
"Teutsch 169,DSH J0601.6+2631A","Reference: particular objects in SIMBAD."
"Teutsch J0556.0+2543","Reference: asterisms and cluster alikes by B. Alessi reported in DAML02."
"Ferrero 37","Reference: asterisms and clusters by L. Ferrero."
"Teutsch 92,DSH J0602.2+2608","Reference: asterisms and cluster alikes by B. Alessi reported in DAML02."
"Streicher 3","Reference: asterisms and cluster alikes by B. Alessi reported in DAML02."
"HD 53505 Group","Reference: asterisms and cluster alikes by B. Alessi reported in DAML02."
"Ferrero 17","Reference: asterisms reported by amateur astronomers in the web. Asterisms and clusters by L. Ferrero."
"Bica 274","Reference: present study."
"Bica 275","Reference: present study."
"Juchert 23,DSH J0507.6+1734,FSR 854,SAI 42","Reference: asterisms and cluster alikes by B. Alessi reported in DAML02."
"Bica 276","Reference: present study."
"Saloranta 1","Reference: asterisms and cluster alikes by B. Alessi reported in DAML02."
"Alessi 131,Santa 6,Alessi 131B","Reference: list of clusters and alike reported by B. Alessi. Asterisms and cluster alikes by B. Alessi reported in DAML02."
"Teutsch 9,FSR 856,Koposov 53,MWSC 750,MWSC 751","Reference: the Preliminary Amateur Open Cluster Catalog, Version 08/03/2003."
"Bica 277","Reference: present study."
"Renou 35","Reference: asterisms reported by amateur astronomers in the web."
"Teutsch J0541.7+2210","Reference: the Preliminary Amateur Open Cluster Catalog, Version 08/03/2003. Asterisms and cluster alikes by B. Alessi reported in DAML02."
"Patchick 46","Reference: the Preliminary Amateur Open Cluster Catalog, Version 08/03/2003."
"HD 31819 Group","Reference: asterisms and cluster alikes by B. Alessi reported in DAML02."
"Streicher 4","Reference: asterisms reported by amateur astronomers in the web."
"Alessi 103","Reference: list of clusters and alike reported by B. Alessi."
"Ramakers 49,Spermatozoon","Reference: asterisms reported by amateur astronomers in the web."
"Lorenzin 1","Reference: asterisms and cluster alikes by B. Alessi reported in DAML02."
"NGC 1807,Melotte 29,Collinder 59,OCL 462,MWSC 479","Reference: web updates in DAML02, some were later removed (2003 to 2010)."
"DB 84,Dutra-Bica 84,DB2001 26,BDB 169,MWSC 760,MWSC 761","Reference: web updates in DAML02, some were later removed (2003 to 2010)."
"Ferrero 18","Reference: asterisms reported by amateur astronomers in the web. Asterisms and clusters by L. Ferrero."
"Bica 278","Reference: present study."
"HD 38363 Group","Reference: asterisms and cluster alikes by B. Alessi reported in DAML02."
"FSR 869,Koposov 63,Teutsch J0610.0+2434,MWSC 772,MWSC 773","Reference: the Preliminary Amateur Open Cluster Catalog, Version 08/03/2003."
"O'Neal 8","Reference: asterisms and cluster alikes by B. Alessi reported in DAML02."
"Kharchenko 1,MWSC 747","Reference: web updates in DAML02, some were later removed (2003 to 2010)."
"Teutsch J1936.6+3703","Reference: the Preliminary Amateur Open Cluster Catalog, Version 08/03/2003."
"HD 26923 Group","Reference: asterisms and cluster alikes by B. Alessi reported in DAML02."
"Streicher 1","Reference: asterisms and cluster alikes by B. Alessi reported in DAML02."
"Streicher 25","Reference: asterisms reported by amateur astronomers in the web."
"Streicher 1A","Reference: asterisms and cluster alikes by B. Alessi reported in DAML02."
"HD 41830 Group","Reference: asterisms and cluster alikes by B. Alessi reported in DAML02."
"Teutsch J0608.1+2325","Reference: the Preliminary Amateur Open Cluster Catalog, Version 08/03/2003."
"Teutsch J0934.1+3623,10 LMi Group","Reference: asterisms reported by amateur astronomers in the web. The Preliminary Amateur Open Cluster Catalog, Version 08/03/2003."
"Alessi 29","Reference: list of clusters and alike reported by B. Alessi. The Preliminary Amateur Open Cluster Catalog, Version 08/03/2003."
"Patchick 26","Reference: the Preliminary Amateur Open Cluster Catalog, Version 08/03/2003."
"Teutsch 170,DSH J0615.3+2253A","Reference: asterisms and cluster alikes by B. Alessi reported in DAML02."
"Alessi 90","Reference: list of clusters and alike reported by B. Alessi."
"Kronberger 12,DSH J0614.2+2229,MWSC 808","Reference: web updates in DAML02, some were later removed (2003 to 2010). The Preliminary Amateur Open Cluster Catalog, Version 08/03/2003."
"Alessi J0640.0+2509","Reference: asterisms and cluster alikes by B. Alessi reported in DAML02."
"Patchick 108","Reference: asterisms and cluster alikes by B. Alessi reported in DAML02."
"Sigma-3 Cnc Group","Reference: asterisms and cluster alikes by B. Alessi reported in DAML02."
"Streicher 2","Reference: asterisms reported by amateur astronomers in the web."
"Leiter 11","Reference: asterisms and cluster alikes by B. Alessi reported in DAML02."
"Bica 279","Reference: present study."
"Streicher 57","Reference: asterisms and cluster alikes by B. Alessi reported in DAML02."
"Pothier 1","Reference: the Preliminary Amateur Open Cluster Catalog, Version 08/03/2003."
"Sh2-252A,IRAS 06055+2039,BDB 179,RAFGL 5179,MWSC 743","Reference: 2MASS website."
"Bica 280","Reference: present study."
"Bica 281","Reference: present study."
"Sh2-252C,BDB 180,KKC 16,MWSC 759","Reference: 2MASS website."
"Bica 282","Reference: present study."
"Bica 283","Reference: present study."
"Sh2-252E,IRAS 06068+2030,BDB 181,KKC 17,MWSC 768","Reference: 2MASS website."
"NGC 2175s,OCL 475.1,Pismis 27,FSR 898,MWSC 780","Reference: web updates in DAML02, some were later removed (2003 to 2010)."
"Teutsch 136,DSH J0611.9+2040,Koposov 82,FSR 899","Reference: asterisms and cluster alikes by B. Alessi reported in DAML02."
"Teutsch J0554.1+1809","Reference: asterisms and cluster alikes by B. Alessi reported in DAML02."
"Alessi J0623.2+2155","Reference: asterisms and cluster alikes by B. Alessi reported in DAML02."
"Alessi J0623.1+2152","Reference: asterisms and cluster alikes by B. Alessi reported in DAML02."
"Teutsch J0611.0+1957","Reference: the Preliminary Amateur Open Cluster Catalog, Version 08/03/2003. Asterisms and cluster alikes by B. Alessi reported in DAML02."
"Alessi J0623.5+2124","Reference: asterisms and cluster alikes by B. Alessi reported in DAML02."
"Alessi J0622.4+2114","Reference: asterisms and cluster alikes by B. Alessi reported in DAML02."
"Alessi 50,DSH J0622.0+2104,FSR 901","Reference: list of clusters and alike reported by B. Alessi."
"Bica 284","Reference: present study."
"Teutsch J0551.0+1646","Reference: asterisms and cluster alikes by B. Alessi reported in DAML02."
"Teutsch J0653.7+2332","Reference: the Preliminary Amateur Open Cluster Catalog, Version 08/03/2003."
"DoDz 2,Dolidze-Dzimselejsvili 2,OCL 477,MWSC 525","Reference: asterisms and cluster alikes by B. Alessi reported in DAML02."
"Alessi 58,DSH J0625.7+1954,FSR 912","Reference: list of clusters and alike reported by B. Alessi."
"Alessi J0556.8+1559","Reference: the Preliminary Amateur Open Cluster Catalog, Version 08/03/2003. Asterisms and cluster alikes by B. Alessi reported in DAML02."
"Alessi J0625.3+1942","Reference: asterisms and cluster alikes by B. Alessi reported in DAML02."
"Alessi 39","Reference: list of clusters and alike reported by B. Alessi."
"Bica 285","Reference: present study."
"Bica 286","Reference: present study."
"Streicher 52","Reference: asterisms reported by amateur astronomers in the web."
"Ferrero 48,Skiff J0619+18.5,MWSC 837","Reference: web updates in DAML02, some were later removed (2003 to 2010). Asterisms and clusters by L. Ferrero."
"Santa 28","Reference: asterisms and cluster alikes by B. Alessi reported in DAML02."
"Saloranta 4","Reference: asterisms and cluster alikes by B. Alessi reported in DAML02."
"Bica 287","Reference: present study."
"NGC 2195","Reference: original NGC and IC catalogues at Vizier: NGC 2000.0, Sky Publishing, ed. Sinnott 1988 (1997yCat.7118....0S)."
"Kronberger J0535.7+1158","Reference: asterisms and cluster alikes by B. Alessi reported in DAML02."
"Ferrero 4","Reference: asterisms reported by amateur astronomers in the web. The Preliminary Amateur Open Cluster Catalog, Version 08/03/2003. Asterisms and clusters by L. Ferrero."
"Teutsch 58,DSH J0606.6+1557,SAI 60,FSR 926","Reference: asterisms and cluster alikes by B. Alessi reported in DAML02."
"Elosser 3","Reference: asterisms and cluster alikes by B. Alessi reported in DAML02."
"Alessi J0640.5+1918","Reference: asterisms and cluster alikes by B. Alessi reported in DAML02."
"HD 30286 Group","Reference: asterisms and cluster alikes by B. Alessi reported in DAML02."
"Kronberger 96","Reference: asterisms and cluster alikes by B. Alessi reported in DAML02."
"Alessi J0708.5+2159","Reference: the Preliminary Amateur Open Cluster Catalog, Version 08/03/2003. Asterisms and cluster alikes by B. Alessi reported in DAML02."
"Collinder 69,lambda Ori,OCL 479,OriOB1A,MWSC 580,Lambda-LambdaRamakers 37","Reference: asterisms and cluster alikes by B. Alessi reported in DAML02. Asterisms reported by amateur astronomers in the web."
"Teutsch J0657.0+2015","Reference: the Preliminary Amateur Open Cluster Catalog, Version 08/03/2003."
"Zeta Gemini","Reference: asterisms and cluster alikes by B. Alessi reported in DAML02."
"Elosser 2,Cmg 59","Reference: asterisms and cluster alikes by B. Alessi reported in DAML02."
"Dolidze 17,OCL 482,MWSC 513","Reference: analysis of Dolidze objects by M. Kronberger reported in DAML02. Web updates in DAML02, some were later removed (2003 to 2010)."
"Gamma Gem Group","Reference: asterisms and cluster alikes by B. Alessi reported in DAML02."
"Alessi J0618.2+1454","Reference: the Preliminary Amateur Open Cluster Catalog, Version 08/03/2003."
"Persson 1,Teutsch J0610.5+1348","Reference: the Preliminary Amateur Open Cluster Catalog, Version 08/03/2003. Asterisms and cluster alikes by B. Alessi reported in DAML02."
"Harrington 6,Sailboat,Ramakers 34","Reference: asterisms reported by amateur astronomers in the web. The Preliminary Amateur Open Cluster Catalog, Version 08/03/2003."
"Bica 288","Reference: present study."
"Bica 289","Reference: present study."
"Teutsch 198","Reference: asterisms and cluster alikes by B. Alessi reported in DAML02."
"Sh2-269,BDB 192,MWSC 815","Reference: 2MASS website."
"HD 26608 Group","Reference: asterisms and cluster alikes by B. Alessi reported in DAML02."
"Alessi J0641.1+1647","Reference: asterisms and cluster alikes by B. Alessi reported in DAML02."
"Alessi J0652.5+1805","Reference: asterisms and cluster alikes by B. Alessi reported in DAML02."
"Bica 653","Reference: present study."
"Teutsch 20,DSH J0628.8+1455","Reference: the Preliminary Amateur Open Cluster Catalog, Version 08/03/2003."
"Santa 4","Reference: asterisms and cluster alikes by B. Alessi reported in DAML02."
"Mamajek 3,32 Orionis Association,MWSC 544","Reference: web updates in DAML02, some were later removed (2003 to 2010)."
"NGC 2039,MWSC 663","Reference: web updates in DAML02, some were later removed (2003 to 2010)."
"Skiff J0614+12.9,Luginbuhl-Skiff 1,FSR 963,MWSC 817,MWSC 818","Reference: web updates in DAML02, some were later removed (2003 to 2010)."
"Teutsch J0804.1+2432,Omega-2 Cnc Group,Omega-2 Cnc Cascade","Reference: the Preliminary Amateur Open Cluster Catalog, Version 08/03/2003. Asterisms and cluster alikes by B. Alessi reported in DAML02."
"Teutsch J0615.2+1247,Alessi J0615.2+1247","Reference: the Preliminary Amateur Open Cluster Catalog, Version 08/03/2003."
"Alessi J0620.1+1319","Reference: the Preliminary Amateur Open Cluster Catalog, Version 08/03/2003."
"Teutsch 11,DSH J0625.4+1351,MWSC 863","Reference: the Preliminary Amateur Open Cluster Catalog, Version 08/03/2003."
"Teutsch 12,DSH J0625.6+1336,MWSC 866","Reference: the Preliminary Amateur Open Cluster Catalog, Version 08/03/2003."
"Bica 290","Reference: present study."
"O'Neal 9,Cmg 65","Reference: asterisms and cluster alikes by B. Alessi reported in DAML02."
"51 Eri Group","Reference: asterisms and cluster alikes by B. Alessi reported in DAML02."
"Alessi J0628.4+1227","Reference: asterisms and cluster alikes by B. Alessi reported in DAML02."
"Teutsch J0618.6+1107","Reference: the Preliminary Amateur Open Cluster Catalog, Version 08/03/2003."
"Teutsch J0613.0+1016","Reference: asterisms and cluster alikes by B. Alessi reported in DAML02."
"ASCC 21,Renou 19,MWSC 558","Reference: asterisms and cluster alikes by B. Alessi reported in DAML02."
"Alessi J0652.6+1439","Reference: asterisms and cluster alikes by B. Alessi reported in DAML02."
"Patchick 106","Reference: asterisms and cluster alikes by B. Alessi reported in DAML02."
"Streicher 54","Reference: asterisms reported by amateur astronomers in the web."
"Kronberger J0700.2+1526","Reference: asterisms and cluster alikes by B. Alessi reported in DAML02."
"Teutsch J0622.2+1037","Reference: asterisms and cluster alikes by B. Alessi reported in DAML02."
"Riddle 1,Teutsch J0631.9+1151,FSR 977,MWSC 895","Reference: the Preliminary Amateur Open Cluster Catalog, Version 08/03/2003. Asterisms and cluster alikes by B. Alessi reported in DAML02."
"Alessi J081.22-2220","Reference: the Preliminary Amateur Open Cluster Catalog, Version 08/03/2003."
"Alessi J0527.2+0220","Reference: the Preliminary Amateur Open Cluster Catalog, Version 08/03/2003."
"Monti 4","Reference: asterisms and cluster alikes by B. Alessi reported in DAML02."
"Alessi 129","Reference: list of clusters and alike reported by B. Alessi."
"Steine J0630.8+1035","Reference: asterisms and cluster alikes by B. Alessi reported in DAML02."
"HD 48663 Group","Reference: asterisms and cluster alikes by B. Alessi reported in DAML02."
"HD 27047 Group","Reference: asterisms reported by amateur astronomers in the web."
"Alessi 122","Reference: list of clusters and alike reported by B. Alessi."
"Bica 291","Reference: present study."
"Steine J0631.6+1008","Reference: asterisms and cluster alikes by B. Alessi reported in DAML02."
"Bica 292","Reference: present study."
"Juchert J0646.6+1155","Reference: asterisms and cluster alikes by B. Alessi reported in DAML02."
"Steine J0632.2+1000","Reference: asterisms and cluster alikes by B. Alessi reported in DAML02."
"FSR 983,Renou 42,MWSC 519","Reference: asterisms reported by amateur astronomers in the web."
"Alessi 14,MWSC 885","Reference: web updates in DAML02, some were later removed (2003 to 2010). List of clusters and alike reported by B. Alessi."
"Juchert J0649.4+1202","Reference: asterisms and cluster alikes by B. Alessi reported in DAML02."
"Alessi 53,DSH J0629.4+0910,DC 7,FSR 986,MWSC 879","Reference: list of clusters and alike reported by B. Alessi."
"Alessi 147","Reference: list of clusters and alike reported by B. Alessi."
"Hodapp 12,NGC 2264IRS1,BDB 199","Reference: 2MASS website."
"SHD 1,NGC 2264 IRS1SE,NGC 2264-C,BDB 200","Reference: 2MASS website."
"Bica 293","Reference: present study."
"Teutsch J0639.8+0839","Reference: asterisms reported by amateur astronomers in the web. The Preliminary Amateur Open Cluster Catalog, Version 08/03/2003. Asterisms and cluster alikes by B. Alessi reported in DAML02."
"Dias 2,MWSC 756","Reference: web updates in DAML02, some were later removed (2003 to 2010)."
"Teutsch J0628.8+0708","Reference: the Preliminary Amateur Open Cluster Catalog, Version 08/03/2003."
"Pothier 14","Reference: asterisms and cluster alikes by B. Alessi reported in DAML02."
"Teutsch J0631.1+0705","Reference: asterisms and cluster alikes by B. Alessi reported in DAML02."
"Juchert 18,DSH J0631.4+0648,MWSC 893","Reference: web updates in DAML02, some were later removed (2003 to 2010)."
"ASCC 19,MWSC 547","Reference: asterisms and cluster alikes by B. Alessi reported in DAML02."
"Streicher 56","Reference: asterisms and cluster alikes by B. Alessi reported in DAML02."
"Collinder 70,Orion Belt,OCL 503,OriOB1B,OriOB1b,Escorial 6,MWSC 591","Reference: asterisms and cluster alikes by B. Alessi reported in DAML02."
"Bica 294","Reference: present study."
"Teutsch 24","Reference: asterisms and cluster alikes by B. Alessi reported in DAML02."
"Bica 295","Reference: present study."
"Teutsch 137,DSH J0631.6+0552","Reference: asterisms and cluster alikes by B. Alessi reported in DAML02."
"Bica 296","Reference: present study."
"Bica 297","Reference: present study."
"Dolidze 22,OCL 508,FSR 1006,MWSC 854","Reference: asterisms and cluster alikes by B. Alessi reported in DAML02."
"Alessi 65,DSH J0644.3+0658","Reference: list of clusters and alike reported by B. Alessi."
"Alessi 148","Reference: list of clusters and alike reported by B. Alessi."
"Alessi J0649.5+0734","Reference: asterisms and cluster alikes by B. Alessi reported in DAML02."
"Bica 298","Reference: present study."
"Raymond 2","Reference: asterisms and cluster alikes by B. Alessi reported in DAML02."
"Desvoivres 2","Reference: the Preliminary Amateur Open Cluster Catalog, Version 08/03/2003."
"Teutsch J0635.9+0518","Reference: asterisms and cluster alikes by B. Alessi reported in DAML02."
"CMi III Group","Reference: asterisms and cluster alikes by B. Alessi reported in DAML02."
"Alessi J0734.9+1154","Reference: asterisms and cluster alikes by B. Alessi reported in DAML02."
"Bica 300","Reference: discoveries by our group members and communicated in the present work (2002 to 2017)."
"Bica 299","Reference: present study."
"NGC 2189,MWSC 788","Reference: web updates in DAML02, some were later removed (2003 to 2010)."
"Ferrero 11,ASCC 22,MWSC 813","Reference: web updates in DAML02, some were later removed (2003 to 2010). Asterisms and clusters by L. Ferrero."
"Streicher 32","Reference: asterisms and cluster alikes by B. Alessi reported in DAML02."
"Alessi 110","Reference: list of clusters and alike reported by B. Alessi."
"Bica 301","Reference: present study."
"Teutsch 199","Reference: asterisms and cluster alikes by B. Alessi reported in DAML02."
"Teutsch J0649.1+0444","Reference: the Preliminary Amateur Open Cluster Catalog, Version 08/03/2003. Asterisms and cluster alikes by B. Alessi reported in DAML02."
"Bica 302","Reference: present study."
"Bica 303","Reference: present study."
"Bica 304","Reference: present study."
"Bica 305","Reference: present study."
"O'Neal 7","Reference: asterisms and cluster alikes by B. Alessi reported in DAML02."
"Alessi 123","Reference: list of clusters and alike reported by B. Alessi."
"Steine 14","Reference: the Preliminary Amateur Open Cluster Catalog, Version 08/03/2003."
"Alessi 165,AT 17,Alessi-Teutsch 17,HD 67425 Group","Reference: list of clusters and alike reported by B. Alessi."
"Monti 7","Reference: asterisms and cluster alikes by B. Alessi reported in DAML02."
"Alessi 16,DSH J0643.5+0210,MWSC 968","Reference: list of clusters and alike reported by B. Alessi."
"Teutsch J0546.9-0506","Reference: asterisms and cluster alikes by B. Alessi reported in DAML02."
"Patchick 105","Reference: asterisms and cluster alikes by B. Alessi reported in DAML02."
"Bica 306","Reference: present study."
"Alessi 85","Reference: list of clusters and alike reported by B. Alessi."
"Monti 6","Reference: asterisms and cluster alikes by B. Alessi reported in DAML02."
"Bica 307","Reference: present study."
"Alessi 48","Reference: list of clusters and alike reported by B. Alessi."
"Dolidze 49,Teutsch J0647.0-0000,MWSC 984","Reference: analysis of Dolidze objects by M. Kronberger reported in DAML02. Asterisms and cluster alikes by B. Alessi reported in DAML02."
"Alessi 15,DSH J0643.0+0140,MWSC 964","Reference: list of clusters and alike reported by B. Alessi."
"NGC 2262,Collinder 109,OCL 531,FSR 1055,MWSC 946","Reference: original NGC and IC catalogues at Vizier: NGC 2000.0, Sky Publishing, ed. Sinnott 1988 (1997yCat.7118....0S)."
"Bica 308","Reference: present study."
"Dolidze 24,OCL 533,MWSC 972","Reference: asterisms and cluster alikes by B. Alessi reported in DAML02."
"Teutsch J0707.9+0435","Reference: the Preliminary Amateur Open Cluster Catalog, Version 08/03/2003."
"Teutsch 13,DSH J0643.9+0124,FSR 1060,MWSC 969","Reference: the Preliminary Amateur Open Cluster Catalog, Version 08/03/2003."
"Teutsch J0643.8+0116","Reference: asterisms and cluster alikes by B. Alessi reported in DAML02."
"Alessi 59,DSH J0652.3+0211,MWSC 1004","Reference: web updates in DAML02, some were later removed (2003 to 2010). List of clusters and alike reported by B. Alessi."
"NGC 2459,MWSC 1361","Reference: web updates in DAML02, some were later removed (2003 to 2010)."
"Bica 309","Reference: present study."
"Teutsch 93,DSH J0650.8+0131","Reference: asterisms and cluster alikes by B. Alessi reported in DAML02."
"Alessi J0645.7+0037","Reference: the Preliminary Amateur Open Cluster Catalog, Version 08/03/2003."
"HD 65524 Group","Reference: asterisms and cluster alikes by B. Alessi reported in DAML02."
"Bica 310","Reference: present study."
"Bica 311","Reference: present study."
"Dolidze 23,OCL 538,Dolidze 23a,MWSC 963","Reference: asterisms and cluster alikes by B. Alessi reported in DAML02."
"Dolidze 23b","Reference: asterisms and cluster alikes by B. Alessi reported in DAML02."
"Bica 312","Reference: present study."
"Alessi 136","Reference: list of clusters and alike reported by B. Alessi."
"Cmg 105","Reference: list of clusters and alike reported by B. Alessi."
"Streicher 58","Reference: asterisms and cluster alikes by B. Alessi reported in DAML02."
"Alessi 144","Reference: list of clusters and alike reported by B. Alessi."
"Patchick 90,DSH J0644.7-0031,SAI 68,MWSC 974","Reference: asterisms and cluster alikes by B. Alessi reported in DAML02."
"Alessi J0645.7+0037","Reference: asterisms and cluster alikes by B. Alessi reported in DAML02."
"Teutsch 59b,DSH J0643.7-0051,SAI 67","Reference: asterisms and cluster alikes by B. Alessi reported in DAML02."
"Teutsch 59a,DSH J0643.9-0054","Reference: asterisms and cluster alikes by B. Alessi reported in DAML02."
"FSR 1080,Alessi 55,MWSC 1038","Reference: list of clusters and alike reported by B. Alessi."
"Bica 313","Reference: present study."
"HD 51956 Group","Reference: asterisms and cluster alikes by B. Alessi reported in DAML02."
"Teutsch 178,HD 57291 Group","Reference: asterisms and cluster alikes by B. Alessi reported in DAML02."
"Bica 314","Reference: present study."
"Teutsch J0720.7+0331,Teutsch J0720.7+0331b","Reference: the Preliminary Amateur Open Cluster Catalog, Version 08/03/2003."
"Teutsch J0720.2+0324,Teutsch J0720.7+0331a","Reference: the Preliminary Amateur Open Cluster Catalog, Version 08/03/2003."
"FSR 1083,Kronberger 97,MWSC 1192","Reference: asterisms and cluster alikes by B. Alessi reported in DAML02."
"Alessi 173","Reference: asterisms and cluster alikes by B. Alessi reported in DAML02."
"Bica 315","Reference: present study."
"CMi IV Group","Reference: asterisms and cluster alikes by B. Alessi reported in DAML02."
"Bica 316","Reference: present study."
"FSR 1094,MWSC 771","Reference: present study."
"Bica 317","Reference: present study."
"Bica 318","Reference: present study."
"Alessi J0653.7-0102","Reference: the Preliminary Amateur Open Cluster Catalog, Version 08/03/2003. Asterisms and cluster alikes by B. Alessi reported in DAML02."
"Bica 319","Reference: present study."
"Bica 320","Reference: present study."
"Ferrero 35","Reference: asterisms and clusters by L. Ferrero."
"NGC 2664,MWSC 1565","Reference: web updates in DAML02, some were later removed (2003 to 2010)."
"Bica 321","Reference: present study."
"Teutsch 60,DSH J0651.4-0148,FSR 1101","Reference: asterisms and cluster alikes by B. Alessi reported in DAML02."
"Streicher 20","Reference: asterisms reported by amateur astronomers in the web."
"Alessi 118","Reference: list of clusters and alike reported by B. Alessi."
"Bica 322","Reference: present study."
"Santa 3","Reference: asterisms and cluster alikes by B. Alessi reported in DAML02."
"Ferrero 34","Reference: asterisms and clusters by L. Ferrero."
"Chupina 2,MWSC 1581","Reference: web updates in DAML02, some were later removed (2003 to 2010)."
"Pothier 17","Reference: the Preliminary Amateur Open Cluster Catalog, Version 08/03/2003. Asterisms and cluster alikes by B. Alessi reported in DAML02."
"Teutsch 200","Reference: asterisms and cluster alikes by B. Alessi reported in DAML02."
"Chupina 4,MWSC 1590","Reference: web updates in DAML02, some were later removed (2003 to 2010)."
"Teutsch 94,DSH J0658.4-0138","Reference: asterisms and cluster alikes by B. Alessi reported in DAML02."
"Alessi 60,DSH J0702.4-0108,Alessi J0702.4-0108,MWSC 1071","Reference: web updates in DAML02, some were later removed (2003 to 2010). List of clusters and alike reported by B. Alessi. The Preliminary Amateur Open Cluster Catalog, Version 08/03/2003."
"Streicher 55","Reference: asterisms and cluster alikes by B. Alessi reported in DAML02."
"Chupina 1,MWSC 1578","Reference: web updates in DAML02, some were later removed (2003 to 2010)."
"Santa 2","Reference: asterisms and cluster alikes by B. Alessi reported in DAML02."
"Alessi 105","Reference: list of clusters and alike reported by B. Alessi."
"HD 47799 Group","Reference: asterisms and cluster alikes by B. Alessi reported in DAML02."
"Chupina 5,MWSC 1596","Reference: web updates in DAML02, some were later removed (2003 to 2010)."
"Chupina 3,MWSC 1586","Reference: web updates in DAML02, some were later removed (2003 to 2010)."
"Bica 324","Reference: present study."
"Bica 325","Reference: present study."
"Alessi 175","Reference: asterisms and cluster alikes by B. Alessi reported in DAML02."
"Alessi 170","Reference: asterisms and cluster alikes by B. Alessi reported in DAML02."
"Juchert J0719.2+0027","Reference: asterisms and cluster alikes by B. Alessi reported in DAML02."
"ASCC 24,Alessi 47,MWSC 875","Reference: list of clusters and alike reported by B. Alessi."
"Ferrero 10,MWSC 1059","Reference: web updates in DAML02, some were later removed (2003 to 2010). Asterisms reported by amateur astronomers in the web. Asterisms and clusters by L. Ferrero."
"Alessi 54","Reference: list of clusters and alike reported by B. Alessi."
"Teutsch 177","Reference: asterisms and cluster alikes by B. Alessi reported in DAML02."
"Renou 30","Reference: asterisms reported by amateur astronomers in the web."
"Bica 326","Reference: present study."
"Kernya 2","Reference: asterisms and cluster alikes by B. Alessi reported in DAML02."
"Alessi 64,DSH J0551.6-1214,FSR 1123,MWSC 681","Reference: the Preliminary Amateur Open Cluster Catalog, Version 08/03/2003. List of clusters and alike reported by B. Alessi."
"Riddle 11,DSH J0700.8-0351","Reference: asterisms and cluster alikes by B. Alessi reported in DAML02."
"Alessi 176","Reference: asterisms and cluster alikes by B. Alessi reported in DAML02."
"Alessi J0712.6-0236","Reference: asterisms and cluster alikes by B. Alessi reported in DAML02."
"Alessi 145,UBC 13","Reference: list of clusters and alike reported by B. Alessi."
"Bica 327","Reference: present study."
"Teutsch 201","Reference: asterisms and cluster alikes by B. Alessi reported in DAML02."
"O'Neal 5","Reference: asterisms and cluster alikes by B. Alessi reported in DAML02."
"Alessi 177","Reference: asterisms and cluster alikes by B. Alessi reported in DAML02."
"Bica 328","Reference: present study."
"HD 55709 Group","Reference: asterisms and cluster alikes by B. Alessi reported in DAML02."
"Bica 329","Reference: present study."
"Teutsch 203","Reference: asterisms and cluster alikes by B. Alessi reported in DAML02."
"Alessi J0743.0-0005","Reference: the Preliminary Amateur Open Cluster Catalog, Version 08/03/2003. Asterisms and cluster alikes by B. Alessi reported in DAML02."
"Alessi 35,ASCC 30,MWSC 1028","Reference: list of clusters and alike reported by B. Alessi. The Preliminary Amateur Open Cluster Catalog, Version 08/03/2003."
"Herschel 1,ADS 6366,ASCC 41,FSR 1141,MWSC 1335,MWSC 1337","Reference: web updates in DAML02, some were later removed (2003 to 2010). Asterisms reported by amateur astronomers in the web."
"HD 56610 Group","Reference: asterisms and cluster alikes by B. Alessi reported in DAML02."
"Renou 29","Reference: asterisms reported by amateur astronomers in the web."
"Harrington 5,Arrowhead,Unicorn's Horn,Harrington 17,Ramakers 36","Reference: asterisms reported by amateur astronomers in the web. The Preliminary Amateur Open Cluster Catalog, Version 08/03/2003."
"Bica 330","Reference: present study."
"HD 59018 Group","Reference: asterisms and cluster alikes by B. Alessi reported in DAML02."
"Teutsch 202","Reference: asterisms and cluster alikes by B. Alessi reported in DAML02."
"Alessi J0709.5-0557","Reference: the Preliminary Amateur Open Cluster Catalog, Version 08/03/2003. Asterisms and cluster alikes by B. Alessi reported in DAML02."
"O'Neal 4","Reference: asterisms and cluster alikes by B. Alessi reported in DAML02."
"Kernya 7,HD 39162 Group","Reference: asterisms and cluster alikes by B. Alessi reported in DAML02."
"Bica 331","Reference: present study."
"Renou 31","Reference: asterisms reported by amateur astronomers in the web."
"Juchert J0644.8-0925","Reference: asterisms and cluster alikes by B. Alessi reported in DAML02."
"Bica 332","Reference: present study."
"Santa 54","Reference: asterisms and cluster alikes by B. Alessi reported in DAML02."
"Teutsch J0658.6-0826","Reference: asterisms and cluster alikes by B. Alessi reported in DAML02."
"Alessi J0709.1-0707,Teutsch J0709.1-0707","Reference: the Preliminary Amateur Open Cluster Catalog, Version 08/03/2003."
"HD 12835 Group","Reference: asterisms and cluster alikes by B. Alessi reported in DAML02."
"Teutsch J0813.6+0108","Reference: the Preliminary Amateur Open Cluster Catalog, Version 08/03/2003."
"HD 68727 Group","Reference: asterisms and cluster alikes by B. Alessi reported in DAML02."
"Bica 333","Reference: present study."
"Lorenzin 15,Lorenzin 10","Reference: the Preliminary Amateur Open Cluster Catalog, Version 08/03/2003. Asterisms and cluster alikes by B. Alessi reported in DAML02."
"Harrington 18,Pakan's 3,Ramalers 35","Reference: asterisms reported by amateur astronomers in the web."
"Teutsch J0714.3-0730","Reference: asterisms and cluster alikes by B. Alessi reported in DAML02."
"Bica 334","Reference: present study."
"Patchick 79,DSH J0715.3-0726,SAI 75,Alessi J0715.6-0727","Reference: asterisms and cluster alikes by B. Alessi reported in DAML02."
"Alessi J0715.6-0722","Reference: the Preliminary Amateur Open Cluster Catalog, Version 08/03/2003."
"Teutsch J0705.1-0903","Reference: the Preliminary Amateur Open Cluster Catalog, Version 08/03/2003."
"Teutsch 204","Reference: asterisms and cluster alikes by B. Alessi reported in DAML02."
"Dias 3,MWSC 1135","Reference: web updates in DAML02, some were later removed (2003 to 2010)."
"Teutsch 171,DSH J0711.2-0825","Reference: asterisms and cluster alikes by B. Alessi reported in DAML02."
"Teutsch J0706.0-0907","Reference: asterisms and cluster alikes by B. Alessi reported in DAML02."
"Alessi 174","Reference: asterisms and cluster alikes by B. Alessi reported in DAML02."
"HD 55438 Group","Reference: asterisms and cluster alikes by B. Alessi reported in DAML02."
"Cmg 191,Teutsch J0702.5-1003","Reference: asterisms and cluster alikes by B. Alessi reported in DAML02."
"Alessi J0659.5-1027","Reference: the Preliminary Amateur Open Cluster Catalog, Version 08/03/2003. Asterisms and cluster alikes by B. Alessi reported in DAML02."
"Monti 1","Reference: asterisms and cluster alikes by B. Alessi reported in DAML02."
"Alessi 21,MWSC 1137","Reference: web updates in DAML02, some were later removed (2003 to 2010). List of clusters and alike reported by B. Alessi."
"HD 56007 Group","Reference: asterisms and cluster alikes by B. Alessi reported in DAML02."
"Bica 335","Reference: present study."
"Bica 336","Reference: present study."
"Bica 337","Reference: present study."
"Bica 338","Reference: present study."
"Bica 339","Reference: present study."
"Bica 340","Reference: present study."
"Bica 341","Reference: present study."
"Alessi J0345.0-2749","Reference: the Preliminary Amateur Open Cluster Catalog, Version 08/03/2003. Asterisms and cluster alikes by B. Alessi reported in DAML02."
"Bica 342","Reference: present study."
"Juchert 7,DSH J0704.5-1115","Reference: asterisms and cluster alikes by B. Alessi reported in DAML02."
"Bica 343","Reference: present study."
"Teutsch 206","Reference: asterisms and cluster alikes by B. Alessi reported in DAML02."
"AT 13,Alessi-Teutsch 13,Teutsch J0727.8-0853","Reference: list of clusters and alike reported by B. Alessi."
"Alessi J0800.4-0452","Reference: asterisms and cluster alikes by B. Alessi reported in DAML02."
"W CMa Cluster","Reference: asterisms and cluster alikes by B. Alessi reported in DAML02."
"HD 50069 Group","Reference: asterisms and cluster alikes by B. Alessi reported in DAML02."
"CMaOB1B","Reference: asterisms and cluster alikes by B. Alessi reported in DAML02."
"Teutsch J0727.6-0957","Reference: asterisms and cluster alikes by B. Alessi reported in DAML02."
"NGC 2318,MWSC 1050","Reference: original NGC and IC catalogues at Vizier: NGC 2000.0, Sky Publishing, ed. Sinnott 1988 (1997yCat.7118....0S)."
"ESO 486-45,MWSC 496","Reference: web updates in DAML02, some were later removed (2003 to 2010)."
"Teutsch J0718.8-1116","Reference: asterisms and cluster alikes by B. Alessi reported in DAML02."
"Teutsch J0710.2-1223","Reference: asterisms and cluster alikes by B. Alessi reported in DAML02."
"Teutsch 207","Reference: asterisms and cluster alikes by B. Alessi reported in DAML02."
"Bica 344","Reference: present study."
"Pardanaud 1","Reference: the Preliminary Amateur Open Cluster Catalog, Version 08/03/2003."
"Bica 345","Reference: present study."
"Teutsch J0719.2-1137","Reference: asterisms and cluster alikes by B. Alessi reported in DAML02."
"Bica 346","Reference: present study."
"Bica 347","Reference: present study."
"Alessi J0343.5-2924","Reference: the Preliminary Amateur Open Cluster Catalog, Version 08/03/2003. Asterisms and cluster alikes by B. Alessi reported in DAML02."
"HD 54859 Group","Reference: asterisms and cluster alikes by B. Alessi reported in DAML02."
"HD 42566 Group","Reference: asterisms and cluster alikes by B. Alessi reported in DAML02."
"Patchick 27","Reference: the Preliminary Amateur Open Cluster Catalog, Version 08/03/2003."
"HD 52436 Group","Reference: asterisms and cluster alikes by B. Alessi reported in DAML02."
"Raymond 5","Reference: asterisms and cluster alikes by B. Alessi reported in DAML02."
"Ferrero 19","Reference: asterisms reported by amateur astronomers in the web. Asterisms and clusters by L. Ferrero."
"Teutsch J0711.2-1420","Reference: asterisms and cluster alikes by B. Alessi reported in DAML02."
"Teutsch J0718.0-1342","Reference: asterisms and cluster alikes by B. Alessi reported in DAML02."
"Santa 11,Raymond 4","Reference: asterisms and cluster alikes by B. Alessi reported in DAML02."
"Teutsch J0725.5-1310","Reference: asterisms and cluster alikes by B. Alessi reported in DAML02."
"Alessi 72","Reference: list of clusters and alike reported by B. Alessi."
"Bica 348","Reference: present study."
"Renou 32","Reference: asterisms reported by amateur astronomers in the web."
"HD 53757 Group","Reference: asterisms and cluster alikes by B. Alessi reported in DAML02."
"HD 54764 Group","Reference: asterisms and cluster alikes by B. Alessi reported in DAML02."
"Teutsch J0728.1-1416","Reference: asterisms and cluster alikes by B. Alessi reported in DAML02."
"Bica 349","Reference: present study."
"Pi Leo Group","Reference: asterisms and cluster alikes by B. Alessi reported in DAML02."
"Bica 350","Reference: present study."
"Bica 351","Reference: present study."
"Waterloo 7,MWSC 1220","Reference: web updates in DAML02, some were later removed (2003 to 2010)."
"Santa 8","Reference: asterisms and cluster alikes by B. Alessi reported in DAML02."
"Bica 354","Reference: present study."
"Bica 353","Reference: present study."
"Bica 352","Reference: present study."
"Bica 355","Reference: present study."
"Raymond 3","Reference: asterisms and cluster alikes by B. Alessi reported in DAML02."
"Bica 356","Reference: present study."
"Bica 357","Reference: present study."
"Teutsch J0718.0-1642","Reference: asterisms and cluster alikes by B. Alessi reported in DAML02."
"Steine J0733.7-1440","Reference: asterisms and cluster alikes by B. Alessi reported in DAML02."
"Bica 358","Reference: present study."
"Monti 8","Reference: asterisms and cluster alikes by B. Alessi reported in DAML02."
"Bica 359","Reference: present study."
"Bica 360","Reference: present study."
"Bica 361","Reference: present study."
"Alessi 17,MWSC 1271","Reference: web updates in DAML02, some were later removed (2003 to 2010). List of clusters and alike reported by B. Alessi. Asterisms and cluster alikes by B. Alessi reported in DAML02."
"FSR 1237,Alessi J0710.3-1826","Reference: the Preliminary Amateur Open Cluster Catalog, Version 08/03/2003."
"Bica 362","Reference: present study."
"Bica 363","Reference: present study."
"Bica 364","Reference: present study."
"HD 29665 Group","Reference: asterisms and cluster alikes by B. Alessi reported in DAML02."
"AT 4,Alessi-Teutsch 4,Alessi 26,TRSG 3,UBC 12","Reference: list of clusters and alike reported by B. Alessi."
"Bica 365","Reference: present study."
"Bica 366","Reference: present study."
"HD 58034 Group","Reference: asterisms and cluster alikes by B. Alessi reported in DAML02."
"HD 27950 Group","Reference: asterisms and cluster alikes by B. Alessi reported in DAML02."
"Teutsch J0751.0-1410","Reference: asterisms reported by amateur astronomers in the web. Asterisms and cluster alikes by B. Alessi reported in DAML02."
"Bica 367","Reference: present study."
"Bica 368","Reference: present study."
"Alessi J0639.8-2349","Reference: the Preliminary Amateur Open Cluster Catalog, Version 08/03/2003. Asterisms and cluster alikes by B. Alessi reported in DAML02."
"Teutsch J0825.2-1015","Reference: asterisms and cluster alikes by B. Alessi reported in DAML02."
"Streicher 9","Reference: asterisms reported by amateur astronomers in the web."
"Bica 369","Reference: present study."
"Streicher 19","Reference: asterisms and cluster alikes by B. Alessi reported in DAML02."
"Nagler 1,HD 75074 Group,Ramakers 8","Reference: asterisms reported by amateur astronomers in the web. Asterisms and cluster alikes by B. Alessi reported in DAML02."
"Teutsch 209","Reference: asterisms and cluster alikes by B. Alessi reported in DAML02."
"HD 52462 Group","Reference: asterisms and cluster alikes by B. Alessi reported in DAML02."
"Bica 370","Reference: present study."
"Bica 371","Reference: present study."
"Alessi 106","Reference: list of clusters and alike reported by B. Alessi."
"Bica 373","Reference: present study."
"Bica 374","Reference: present study."
"Teutsch J0732.5-1909","Reference: asterisms and cluster alikes by B. Alessi reported in DAML02."
"Bica 376","Reference: present study."
"Bica 377","Reference: present study."
"Bica 378","Reference: present study."
"Bica 379","Reference: present study."
"Bica 380","Reference: present study."
"Teutsch J0718.3-2118","Reference: asterisms and cluster alikes by B. Alessi reported in DAML02."
"Teutsch J0748.4-1734","Reference: asterisms and cluster alikes by B. Alessi reported in DAML02."
"Teutsch J0743.0-1820","Reference: asterisms and cluster alikes by B. Alessi reported in DAML02."
"HD 68360 Group","Reference: asterisms and cluster alikes by B. Alessi reported in DAML02."
"Levy 384","Reference: asterisms and cluster alikes by B. Alessi reported in DAML02."
"Teutsch 61,DSH J0734.6-1947,SAI 78,FSR 1266,MWSC 1270","Reference: asterisms and cluster alikes by B. Alessi reported in DAML02."
"Juchert J0742.6-1846","Reference: asterisms and cluster alikes by B. Alessi reported in DAML02."
"Streicher 6","Reference: asterisms and cluster alikes by B. Alessi reported in DAML02."
"Bica 381","Reference: present study."
"Karhula 19","Reference: asterisms and cluster alikes by B. Alessi reported in DAML02."
"Bica 654","Reference: present study."
"Alessi 192","Reference: asterisms and cluster alikes by B. Alessi reported in DAML02."
"NGC 2367,Collinder 137,OCL 621,ESO 559-5,FSR 1269,MWSC 1178","Reference: present study."
"Alessi 156,Alessi J0814.1-1432","Reference: list of clusters and alike reported by B. Alessi. The Preliminary Amateur Open Cluster Catalog, Version 08/03/2003."
"Teutsch J0737.9-2000","Reference: asterisms and cluster alikes by B. Alessi reported in DAML02."
"Ferrero 52","Reference: asterisms and clusters by L. Ferrero."
"Streicher 17","Reference: asterisms and cluster alikes by B. Alessi reported in DAML02."
"Teutsch J0728.2-2158","Reference: asterisms and cluster alikes by B. Alessi reported in DAML02."
"Alessi J0720.3-2343","Reference: asterisms and cluster alikes by B. Alessi reported in DAML02."
"Teutsch J0719.8-2348","Reference: asterisms and cluster alikes by B. Alessi reported in DAML02."
"Teutsch 210","Reference: asterisms and cluster alikes by B. Alessi reported in DAML02."
"Alessi J0753.3-1935","Reference: the Preliminary Amateur Open Cluster Catalog, Version 08/03/2003. Asterisms and cluster alikes by B. Alessi reported in DAML02."
"Teutsch 215","Reference: asterisms and cluster alikes by B. Alessi reported in DAML02."
"Teutsch 205","Reference: asterisms and cluster alikes by B. Alessi reported in DAML02."
"Teutsch J0746.2-2049","Reference: asterisms and cluster alikes by B. Alessi reported in DAML02."
"Alessi 13,Chi For Group,Harrington 2,Slotegraaf 3,MWSC 278,Ramakers 26","Reference: web updates in DAML02, some were later removed (2003 to 2010). List of clusters and alike reported by B. Alessi. Asterisms reported by amateur astronomers in the web. The Preliminary Amateur Open Cluster Catalog, Version 08/03/2003."
"Teutsch J0744.1-2121","Reference: asterisms and cluster alikes by B. Alessi reported in DAML02."
"Alessi 33,ASCC 32,MWSC 1069","Reference: web updates in DAML02, some were later removed (2003 to 2010). List of clusters and alike reported by B. Alessi. The Preliminary Amateur Open Cluster Catalog, Version 08/03/2003."
"Alessi 179,HD 66271 Group","Reference: asterisms and cluster alikes by B. Alessi reported in DAML02."
"Teutsch 211","Reference: asterisms and cluster alikes by B. Alessi reported in DAML02."
"Teutsch 99,DSH J0753.4-2029","Reference: asterisms and cluster alikes by B. Alessi reported in DAML02."
"Ruprecht 46,OCL 637,ESO 561-8,MWSC 1418","Reference: web updates in DAML02, some were later removed (2003 to 2010)."
"SB 2,Riddle 13,Maj 89,Majaess 89","Reference: asterisms and cluster alikes by B. Alessi reported in DAML02."
"Teutsch J0738.6-2251","Reference: asterisms and cluster alikes by B. Alessi reported in DAML02."
"HD 62553 Group","Reference: asterisms and cluster alikes by B. Alessi reported in DAML02."
"HD 60922 Group","Reference: asterisms and cluster alikes by B. Alessi reported in DAML02."
"Alessi J0700.4-2746","Reference: the Preliminary Amateur Open Cluster Catalog, Version 08/03/2003. Asterisms and cluster alikes by B. Alessi reported in DAML02."
"Teutsch 0207-33","Reference: the Preliminary Amateur Open Cluster Catalog, Version 08/03/2003."
"Alessi 180","Reference: asterisms and cluster alikes by B. Alessi reported in DAML02."
"Santa 5","Reference: asterisms and cluster alikes by B. Alessi reported in DAML02."
"Alessi J0624.3-3151","Reference: the Preliminary Amateur Open Cluster Catalog, Version 08/03/2003. Asterisms and cluster alikes by B. Alessi reported in DAML02."
"Teutsch J0741.1-2351","Reference: asterisms and cluster alikes by B. Alessi reported in DAML02."
"NGC 1891,ESO 362-20,MWSC 510","Reference: web updates in DAML02, some were later removed (2003 to 2010)."
"Teutsch J1051.5+0902","Reference: the Preliminary Amateur Open Cluster Catalog, Version 08/03/2003."
"Riddle 5,MWSC 1279","Reference: web updates in DAML02, some were later removed (2003 to 2010)."
"Streicher 47","Reference: asterisms and cluster alikes by B. Alessi reported in DAML02."
"HD 65698 Group","Reference: asterisms and cluster alikes by B. Alessi reported in DAML02."
"Bica 382","Reference: present study."
"Streicher 18","Reference: asterisms and cluster alikes by B. Alessi reported in DAML02."
"Alessi J0234.4-3533","Reference: asterisms and cluster alikes by B. Alessi reported in DAML02."
"Alessi 178,Escorial 22,HD 61071 Group,Teutsch J0736.0-2524","Reference: the Preliminary Amateur Open Cluster Catalog, Version 08/03/2003. Asterisms and cluster alikes by B. Alessi reported in DAML02."
"Riddle 19","Reference: asterisms and cluster alikes by B. Alessi reported in DAML02."
"Teutsch 213,Teutsch J0743.1-2436","Reference: the Preliminary Amateur Open Cluster Catalog, Version 08/03/2003. Asterisms and cluster alikes by B. Alessi reported in DAML02."
"HD 26979 Group","Reference: asterisms and cluster alikes by B. Alessi reported in DAML02."
"Alessi J0725.2-2717","Reference: asterisms and cluster alikes by B. Alessi reported in DAML02."
"NGC 1963,ESO 363-5,MWSC 569","Reference: web updates in DAML02, some were later removed (2003 to 2010)."
"Ferrero 24","Reference: asterisms and clusters by L. Ferrero."
"Teutsch J0743.3-2522","Reference: the Preliminary Amateur Open Cluster Catalog, Version 08/03/2003."
"Alessi 18,DSH J0737.1-2623,MWSC 1284","Reference: web updates in DAML02, some were later removed (2003 to 2010). List of clusters and alike reported by B. Alessi."
"Bica 383","Reference: present study."
"Bica 384","Reference: present study."
"HD 63233 Group","Reference: asterisms and cluster alikes by B. Alessi reported in DAML02."
"DBSB 13,Alessi 155,MWSC 1449","Reference: list of clusters and alike reported by B. Alessi."
"Karhula 17","Reference: asterisms and cluster alikes by B. Alessi reported in DAML02."
"Alessi 66,DSH J0735.6-2746","Reference: list of clusters and alike reported by B. Alessi."
"Kronberger 86,DSH J0832.0-1944","Reference: asterisms and cluster alikes by B. Alessi reported in DAML02."
"AM 5,AM 0430-392,MWSC 391","Reference: web updates in DAML02, some were later removed (2003 to 2010)."
"Spano 2","Reference: asterisms and cluster alikes by B. Alessi reported in DAML02."
"Teutsch J0754.0-2550","Reference: asterisms and cluster alikes by B. Alessi reported in DAML02."
"Teutsch 212,Teutsch J0743.0-2727","Reference: the Preliminary Amateur Open Cluster Catalog, Version 08/03/2003. Asterisms and cluster alikes by B. Alessi reported in DAML02."
"Karhula 18","Reference: asterisms and cluster alikes by B. Alessi reported in DAML02."
"Teutsch 214","Reference: asterisms and cluster alikes by B. Alessi reported in DAML02."
"NGC 2467-East,BDB 247,MWSC 1370","Reference: 2MASS website."
"Slotegraaf 11","Reference: the Preliminary Amateur Open Cluster Catalog, Version 08/03/2003."
"Collinder 132,OCL 671,ESO 428-10,Slotegraaf 12,MWSC 1147","Reference: the Preliminary Amateur Open Cluster Catalog, Version 08/03/2003."
"AH03 J0748-26.9,FSR 1315,MWSC 1347,MWSC 1348","Reference: web updates in DAML02, some were later removed (2003 to 2010)."
"Streicher 45","Reference: asterisms reported by amateur astronomers in the web."
"Teutsch J0742.3-2757","Reference: the Preliminary Amateur Open Cluster Catalog, Version 08/03/2003."
"Teutsch J0754.9-2621","Reference: asterisms and cluster alikes by B. Alessi reported in DAML02."
"Bica 372","Reference: present study."
"Teutsch J0750.3-2716","Reference: asterisms and cluster alikes by B. Alessi reported in DAML02."
"Teutsch J0803.0-2538","Reference: asterisms and cluster alikes by B. Alessi reported in DAML02."
"Teutsch 219","Reference: asterisms and cluster alikes by B. Alessi reported in DAML02."
"Teutsch 25,DSH J0748.4-2754,SAI 80,MWSC 1345","Reference: asterisms and cluster alikes by B. Alessi reported in DAML02."
"Kronberger 19","Reference: the Preliminary Amateur Open Cluster Catalog, Version 08/03/2003."
"Ferrero 23","Reference: asterisms reported by amateur astronomers in the web. Asterisms and clusters by L. Ferrero."
"Karhula 16","Reference: asterisms and cluster alikes by B. Alessi reported in DAML02."
"Teutsch 95,DSH J0726.6-3137","Reference: asterisms and cluster alikes by B. Alessi reported in DAML02."
"Teutsch J0726.1-3158","Reference: asterisms and cluster alikes by B. Alessi reported in DAML02."
"Teutsch J0749.4-2913","Reference: asterisms and cluster alikes by B. Alessi reported in DAML02."
"Alessi J0817.5-2521","Reference: the Preliminary Amateur Open Cluster Catalog, Version 08/03/2003. Asterisms and cluster alikes by B. Alessi reported in DAML02."
"Steine J0750.0-2933","Reference: asterisms and cluster alikes by B. Alessi reported in DAML02."
"Streicher 46","Reference: asterisms reported by amateur astronomers in the web."
"Rinnan 1,Rinnan's Run,Ramakers 47","Reference: asterisms reported by amateur astronomers in the web."
"Slotegraaf 10","Reference: asterisms and cluster alikes by B. Alessi reported in DAML02."
"Bica 385","Reference: present study."
"Teutsch J0725.3-3304","Reference: asterisms and cluster alikes by B. Alessi reported in DAML02."
"Turner 12,MWSC 1392","Reference: web updates in DAML02, some were later removed (2003 to 2010)."
"Teutsch 208","Reference: asterisms and cluster alikes by B. Alessi reported in DAML02."
"Teutsch 62,DSH J0751.8-3037","Reference: asterisms and cluster alikes by B. Alessi reported in DAML02."
"Bica 386","Reference: present study."
"Teutsch J0818.4-2659","Reference: asterisms and cluster alikes by B. Alessi reported in DAML02."
"Karhula 20","Reference: asterisms and cluster alikes by B. Alessi reported in DAML02."
"HD 61006 Group","Reference: asterisms and cluster alikes by B. Alessi reported in DAML02."
"Teutsch J0734.2-3327","Reference: asterisms and cluster alikes by B. Alessi reported in DAML02."
"Lorenzin 23","Reference: the Preliminary Amateur Open Cluster Catalog, Version 08/03/2003. Asterisms and cluster alikes by B. Alessi reported in DAML02."
"Teutsch J0727.6-3421,Slotegraaf 13","Reference: asterisms and cluster alikes by B. Alessi reported in DAML02."
"Teutsch J0746.6-3227","Reference: asterisms and cluster alikes by B. Alessi reported in DAML02."
"Pyx I Group","Reference: asterisms and cluster alikes by B. Alessi reported in DAML02."
"Alessi J0838.5-2502","Reference: asterisms and cluster alikes by B. Alessi reported in DAML02."
"Karhula 22","Reference: asterisms and cluster alikes by B. Alessi reported in DAML02."
"Teutsch 217","Reference: asterisms and cluster alikes by B. Alessi reported in DAML02."
"Teutsch J0739.2-3341","Reference: asterisms and cluster alikes by B. Alessi reported in DAML02."
"Karhula 21","Reference: asterisms and cluster alikes by B. Alessi reported in DAML02."
"Alessi 107","Reference: list of clusters and alike reported by B. Alessi."
"Alessi 36","Reference: list of clusters and alike reported by B. Alessi."
"HD 66206 Group","Reference: asterisms and cluster alikes by B. Alessi reported in DAML02."
"Alessi J0721.8-3631","Reference: asterisms and cluster alikes by B. Alessi reported in DAML02."
"Alessi J0839.8-2629","Reference: the Preliminary Amateur Open Cluster Catalog, Version 08/03/2003. Asterisms and cluster alikes by B. Alessi reported in DAML02."
"Ferrero 22","Reference: asterisms reported by amateur astronomers in the web. Asterisms and clusters by L. Ferrero."
"Karhula 23","Reference: asterisms and cluster alikes by B. Alessi reported in DAML02."
"Alessi J0753.4-3423","Reference: the Preliminary Amateur Open Cluster Catalog, Version 08/03/2003. Asterisms and cluster alikes by B. Alessi reported in DAML02."
"Juchert J0803.0-3327","Reference: asterisms and cluster alikes by B. Alessi reported in DAML02."
"Slotegraaf 5","Reference: the Preliminary Amateur Open Cluster Catalog, Version 08/03/2003."
"Teutsch J0844.6-2727","Reference: asterisms and cluster alikes by B. Alessi reported in DAML02."
"Slotegraaf 14","Reference: the Preliminary Amateur Open Cluster Catalog, Version 08/03/2003."
"Slotegraaf 15","Reference: the Preliminary Amateur Open Cluster Catalog, Version 08/03/2003."
"Teutsch J0822.7-3136,Teutsch J0822.7-3136a","Reference: the Preliminary Amateur Open Cluster Catalog, Version 08/03/2003."
"Teutsch J0822.9-3137,Teutsch J0822.7-313b","Reference: the Preliminary Amateur Open Cluster Catalog, Version 08/03/2003."
"Bica 387","Reference: present study."
"Bica 388","Reference: present study."
"Alessi J0812.4-3507","Reference: the Preliminary Amateur Open Cluster Catalog, Version 08/03/2003. Asterisms and cluster alikes by B. Alessi reported in DAML02."
"HD 74595 Group","Reference: asterisms and cluster alikes by B. Alessi reported in DAML02."
"Pup I Group","Reference: asterisms and cluster alikes by B. Alessi reported in DAML02."
"Santa 7","Reference: asterisms and cluster alikes by B. Alessi reported in DAML02."
"Watson 1","Reference: asterisms and cluster alikes by B. Alessi reported in DAML02."
"Teutsch 218","Reference: asterisms and cluster alikes by B. Alessi reported in DAML02."
"Ferrero 43","Reference: asterisms and clusters by L. Ferrero."
"Slotegraaf 20","Reference: asterisms and cluster alikes by B. Alessi reported in DAML02."
"Slotegraaf 21","Reference: asterisms and cluster alikes by B. Alessi reported in DAML02."
"Lindoff 1,AH03 J0822-36.4,MWSC 1477","Reference: web updates in DAML02, some were later removed (2003 to 2010)."
"Eta-2 Pic Group","Reference: asterisms and cluster alikes by B. Alessi reported in DAML02."
"Teutsch 63,DSH J0810.1-3922","Reference: asterisms and cluster alikes by B. Alessi reported in DAML02."
"Alessi J0644.7-4658,Teutsch J0644.7-4658","Reference: the Preliminary Amateur Open Cluster Catalog, Version 08/03/2003. Asterisms and cluster alikes by B. Alessi reported in DAML02."
"Alessi 151","Reference: list of clusters and alike reported by B. Alessi."
"HD 75165 Group","Reference: asterisms and cluster alikes by B. Alessi reported in DAML02."
"Alessi J0818.0-3938","Reference: the Preliminary Amateur Open Cluster Catalog, Version 08/03/2003."
"Teutsch J0845.1-3603","Reference: the Preliminary Amateur Open Cluster Catalog, Version 08/03/2003."
"Teutsch 101,DSH J0832.5-3807","Reference: asterisms and cluster alikes by B. Alessi reported in DAML02."
"Alessi 166","Reference: list of clusters and alike reported by B. Alessi."
"Alessi J0123.1-3329","Reference: asterisms and cluster alikes by B. Alessi reported in DAML02."
"Alessi 3,MWSC 1157","Reference: web updates in DAML02, some were later removed (2003 to 2010). List of clusters and alike reported by B. Alessi."
"Teutsch 216","Reference: asterisms and cluster alikes by B. Alessi reported in DAML02."
"Alessi 112,Alessi J0808.7-4204","Reference: list of clusters and alike reported by B. Alessi. The Preliminary Amateur Open Cluster Catalog, Version 08/03/2003."
"AT 7,Alessi-Teutsch 7,ASCC 47,MWSC 1500","Reference: web updates in DAML02, some were later removed (2003 to 2010). List of clusters and alike reported by B. Alessi. The Preliminary Amateur Open Cluster Catalog, Version 08/03/2003."
"Cmg 221","Reference: present study."
"Riddle J1036.8-1248","Reference: asterisms and cluster alikes by B. Alessi reported in DAML02."
"Bica 389","Reference: present study."
"Teutsch 38,ASCC 49,MWSC 1569","Reference: web updates in DAML02, some were later removed (2003 to 2010). The Preliminary Amateur Open Cluster Catalog, Version 08/03/2003."
"Kernya 3,41 Sextans Group","Reference: asterisms and cluster alikes by B. Alessi reported in DAML02."
"Ruprecht 72,OCL 737,ESO 371-22,MWSC 1591","Reference: web updates in DAML02, some were later removed (2003 to 2010)."
"HD 75059 Group","Reference: asterisms and cluster alikes by B. Alessi reported in DAML02."
"Bica 390","Reference: present study."
"AT 6,Alessi-Teutsch 6,Teutsch J0748.8-4642,Alessi J0748.8-4642","Reference: list of clusters and alike reported by B. Alessi. The Preliminary Amateur Open Cluster Catalog, Version 08/03/2003. Asterisms and cluster alikes by B. Alessi reported in DAML02."
"Teutsch 64,DSH J0832.5-4159,MWSC 1502","Reference: web updates in DAML02, some were later removed (2003 to 2010)."
"Streicher 50","Reference: asterisms and cluster alikes by B. Alessi reported in DAML02."
"HD 84787 Group","Reference: asterisms and cluster alikes by B. Alessi reported in DAML02."
"Bica 391","Reference: present study."
"Bica 392","Reference: present study."
"Elosser 4","Reference: asterisms and cluster alikes by B. Alessi reported in DAML02."
"Slotegraaf 22","Reference: the Preliminary Amateur Open Cluster Catalog, Version 08/03/2003."
"HD 74790 Group","Reference: asterisms and cluster alikes by B. Alessi reported in DAML02."
"Moitinho 1,MWSC 1471","Reference: web updates in DAML02, some were later removed (2003 to 2010)."
"Teutsch J0819.7-4510","Reference: the Preliminary Amateur Open Cluster Catalog, Version 08/03/2003."
"Teutsch 220","Reference: asterisms and cluster alikes by B. Alessi reported in DAML02."
"Ruprecht 156,OCL 744,ESO 259-2,MWSC 1473","Reference: web updates in DAML02, some were later removed (2003 to 2010)."
"French 2","Reference: asterisms and cluster alikes by B. Alessi reported in DAML02."
"Teutsch J0820.4-4524","Reference: the Preliminary Amateur Open Cluster Catalog, Version 08/03/2003."
"Bica 393","Reference: present study."
"Alessi 43","Reference: web updates in DAML02, some were later removed (2003 to 2010). List of clusters and alike reported by B. Alessi."
"Pozzo 1,Brandt 1,Escorial 26","Reference: web updates in DAML02, some were later removed (2003 to 2010)."
"Bica 394","Reference: present study."
"Ferrero 39","Reference: asterisms and clusters by L. Ferrero."
"Teutsch J0835.8-4441","Reference: asterisms and cluster alikes by B. Alessi reported in DAML02."
"Teutsch J0819.8-4655","Reference: the Preliminary Amateur Open Cluster Catalog, Version 08/03/2003."
"Bica 395","Reference: present study."
"Alessi J0727.9-5141","Reference: the Preliminary Amateur Open Cluster Catalog, Version 08/03/2003. Asterisms and cluster alikes by B. Alessi reported in DAML02."
"Bica 396","Reference: present study."
"Bica 397","Reference: present study."
"Bica 398","Reference: present study."
"Bica 399","Reference: present study."
"Teutsch 100,DSH J0830.5-4635","Reference: asterisms and cluster alikes by B. Alessi reported in DAML02."
"Teutsch J0838.4-4539","Reference: asterisms and cluster alikes by B. Alessi reported in DAML02."
"Teutsch J0843.6-4511","Reference: the Preliminary Amateur Open Cluster Catalog, Version 08/03/2003."
"Alessi J0740.5-5155","Reference: the Preliminary Amateur Open Cluster Catalog, Version 08/03/2003. Asterisms and cluster alikes by B. Alessi reported in DAML02."
"VelOB1A","Reference: asterisms and cluster alikes by B. Alessi reported in DAML02."
"Alessi J0927.5-3810","Reference: asterisms and cluster alikes by B. Alessi reported in DAML02."
"Waterloo 6,MWSC 1528","Reference: web updates in DAML02, some were later removed (2003 to 2010). Present study."
"Slotegraaf 18","Reference: the Preliminary Amateur Open Cluster Catalog, Version 08/03/2003."
"Alessi 34,ASCC 44,MWSC 1414","Reference: web updates in DAML02, some were later removed (2003 to 2010). List of clusters and alike reported by B. Alessi. The Preliminary Amateur Open Cluster Catalog, Version 08/03/2003."
"Teutsch J0847.6-4517","Reference: asterisms and cluster alikes by B. Alessi reported in DAML02."
"Alessi 172","Reference: asterisms and cluster alikes by B. Alessi reported in DAML02."
"Alessi 113","Reference: list of clusters and alike reported by B. Alessi."
"RCW 36,MLG 19,VelaMRC-IRS34,BDB 248,FSR 1438,MWSC 1611","Reference: 2MASS website."
"Teutsch J0845.4-4600","Reference: the Preliminary Amateur Open Cluster Catalog, Version 08/03/2003."
"Streicher 24","Reference: asterisms reported by amateur astronomers in the web."
"HD 77343 Group","Reference: asterisms and cluster alikes by B. Alessi reported in DAML02."
"Teutsch J0913.8-4156","Reference: asterisms and cluster alikes by B. Alessi reported in DAML02."
"Alessi J0813.5-5011","Reference: the Preliminary Amateur Open Cluster Catalog, Version 08/03/2003. Asterisms and cluster alikes by B. Alessi reported in DAML02."
"Ant I Group","Reference: asterisms and cluster alikes by B. Alessi reported in DAML02."
"Teutsch 221","Reference: asterisms and cluster alikes by B. Alessi reported in DAML02."
"Alessi J0304.6-5116","Reference: the Preliminary Amateur Open Cluster Catalog, Version 08/03/2003."
"Bica 400","Reference: present study."
"Teutsch 65,DSH J0850.5-4629","Reference: particular objects in SIMBAD."
"Bica 401","Reference: present study."
"HD 61435 Group","Reference: asterisms and cluster alikes by B. Alessi reported in DAML02."
"Alessi 93","Reference: list of clusters and alike reported by B. Alessi."
"Kronberger J0849.1-4700","Reference: asterisms and cluster alikes by B. Alessi reported in DAML02."
"AT 3,Alessi-Teutsch 3,Alessi 30,ASCC 42,MWSC 1373","Reference: web updates in DAML02, some were later removed (2003 to 2010). List of clusters and alike reported by B. Alessi. The Preliminary Amateur Open Cluster Catalog, Version 08/03/2003."
"Teutsch 222","Reference: asterisms and cluster alikes by B. Alessi reported in DAML02."
"Bica 402","Reference: present study."
"Teutsch J0839.3-4829","Reference: asterisms and cluster alikes by B. Alessi reported in DAML02."
"IC 2395,Collinder 192,OCL 763,BH 47,ESO 210-4,ESO 210-3,Escorial 32,MWSC 1537","Reference: original NGC and IC catalogues at Vizier: NGC 2000.0, Sky Publishing, ed. Sinnott 1988 (1997yCat.7118....0S)."
"VelOB1C","Reference: asterisms and cluster alikes by B. Alessi reported in DAML02."
"Juchert 8","Reference: asterisms and cluster alikes by B. Alessi reported in DAML02."
"Alessi 78","Reference: list of clusters and alike reported by B. Alessi."
"HD 63870 Group","Reference: asterisms and cluster alikes by B. Alessi reported in DAML02."
"Bica 403","Reference: present study."
"Alessi J0941.6-4018","Reference: asterisms and cluster alikes by B. Alessi reported in DAML02."
"Slotegraaf 4","Reference: asterisms and cluster alikes by B. Alessi reported in DAML02."
"HD 75426 Group","Reference: asterisms and cluster alikes by B. Alessi reported in DAML02."
"Teutsch J0942.7-4114","Reference: asterisms and cluster alikes by B. Alessi reported in DAML02."
"Gum 25,BDB 251,FSR 1461,MWSC 1618","Reference: 2MASS website."
"Reyle-Robin 1","Reference: asterisms and cluster alikes by B. Alessi reported in DAML02."
"Streicher 11","Reference: asterisms and cluster alikes by B. Alessi reported in DAML02."
"O'Neal 10","Reference: asterisms and cluster alikes by B. Alessi reported in DAML02."
"Alessi 4,MWSC 1786","Reference: web updates in DAML02, some were later removed (2003 to 2010). List of clusters and alike reported by B. Alessi."
"Teutsch 102,DSH J0915.6-4737","Reference: asterisms and cluster alikes by B. Alessi reported in DAML02."
"HD 46437 Group","Reference: asterisms and cluster alikes by B. Alessi reported in DAML02."
"Teutsch 103,DSH J0928.5-4636,SAI 107,FSR 1472,MWSC 1674","Reference: asterisms and cluster alikes by B. Alessi reported in DAML02."
"Kronberger 87,DSH J0847.3-5251","Reference: asterisms and cluster alikes by B. Alessi reported in DAML02."
"HD 52904 Group","Reference: asterisms and cluster alikes by B. Alessi reported in DAML02."
"Teutsch J0828.2-5522,HD 72322 Group","Reference: the Preliminary Amateur Open Cluster Catalog, Version 08/03/2003. Asterisms and cluster alikes by B. Alessi reported in DAML02."
"ESO 211-8,Alicante 5","Reference: asterisms and cluster alikes by B. Alessi reported in DAML02."
"Alessi J0232.4-5127","Reference: asterisms and cluster alikes by B. Alessi reported in DAML02."
"NGC 2932,ESO 261-10,MWSC 1694","Reference: web updates in DAML02, some were later removed (2003 to 2010)."
"Streicher 12","Reference: asterisms reported by amateur astronomers in the web."
"Alessi J0240.4-5247","Reference: asterisms and cluster alikes by B. Alessi reported in DAML02."
"Bica 404","Reference: present study."
"HD 77689 Group","Reference: asterisms and cluster alikes by B. Alessi reported in DAML02."
"Kronberger 46","Reference: the Preliminary Amateur Open Cluster Catalog, Version 08/03/2003."
"Alessi 138,Alessi J0814.5-5806","Reference: list of clusters and alike reported by B. Alessi. The Preliminary Amateur Open Cluster Catalog, Version 08/03/2003."
"Alessi 139,Alessi J0815.3-5807","Reference: list of clusters and alike reported by B. Alessi. The Preliminary Amateur Open Cluster Catalog, Version 08/03/2003."
"Streicher 77","Reference: asterisms reported by amateur astronomers in the web."
"Teutsch J0923.2-5043","Reference: asterisms and cluster alikes by B. Alessi reported in DAML02."
"ESO 437-61,MWSC 1856","Reference: web updates in DAML02, some were later removed (2003 to 2010)."
"Teutsch J0906.6-5321","Reference: asterisms and cluster alikes by B. Alessi reported in DAML02."
"Streicher 8","Reference: asterisms reported by amateur astronomers in the web."
"Alessi J0935.5-4901","Reference: asterisms and cluster alikes by B. Alessi reported in DAML02."
"Riddle 17","Reference: asterisms and cluster alikes by B. Alessi reported in DAML02."
"Alessi J0951.3-4634","Reference: asterisms and cluster alikes by B. Alessi reported in DAML02."
"Bica 405","Reference: present study."
"Bica 406","Reference: present study."
"Bica 407","Reference: present study."
"Bica 408","Reference: present study."
"Teutsch 224","Reference: asterisms and cluster alikes by B. Alessi reported in DAML02."
"Steine 15","Reference: the Preliminary Amateur Open Cluster Catalog, Version 08/03/2003."
"Teutsch J0917.2-5406","Reference: asterisms and cluster alikes by B. Alessi reported in DAML02."
"Bica 655","Reference: present study."
"Teutsch J0924.3-5313","Reference: asterisms and cluster alikes by B. Alessi reported in DAML02."
"Streicher 7,Tiny Southern Cross","Reference: asterisms reported by amateur astronomers in the web."
"Bica 656","Reference: present study."
"Bica 409","Reference: present study."
"Teutsch 66,DSH J0933.4-5223,MWSC 1688","Reference: web updates in DAML02, some were later removed (2003 to 2010)."
"Kronberger 33,DSH J0932.7-5316","Reference: the Preliminary Amateur Open Cluster Catalog, Version 08/03/2003."
"Alessi J0702.4-6534","Reference: the Preliminary Amateur Open Cluster Catalog, Version 08/03/2003. Asterisms and cluster alikes by B. Alessi reported in DAML02."
"Alessi J0855.9-5906","Reference: the Preliminary Amateur Open Cluster Catalog, Version 08/03/2003."
"Alessi J1026.0-4339","Reference: the Preliminary Amateur Open Cluster Catalog, Version 08/03/2003."
"Alessi J1026.0-4339","Reference: asterisms and cluster alikes by B. Alessi reported in DAML02."
"Ferrero 36, Trojan Horse","Reference: asterisms and clusters by L. Ferrero."
"Slotegraaf 8","Reference: the Preliminary Amateur Open Cluster Catalog, Version 08/03/2003."
"Teutsch 68,DSH J0944.3-5407,FSR 1504","Reference: asterisms and cluster alikes by B. Alessi reported in DAML02."
"Slotegraaf 32","Reference: the Preliminary Amateur Open Cluster Catalog, Version 08/03/2003."
"Alessi J1104.6-3157","Reference: the Preliminary Amateur Open Cluster Catalog, Version 08/03/2003. Asterisms and cluster alikes by B. Alessi reported in DAML02."
"NGC 2995,ESO 167-4,Teutsch 225,MWSC 1707","Reference: the Preliminary Amateur Open Cluster Catalog, Version 08/03/2003."
"Alessi 189","Reference: asterisms and cluster alikes by B. Alessi reported in DAML02."
"Alessi J1032.5-4437","Reference: asterisms and cluster alikes by B. Alessi reported in DAML02."
"Teutsch 67,DSH J0933.7-5705","Reference: asterisms and cluster alikes by B. Alessi reported in DAML02."
"Teutsch 104,DSH J0959.9-5252","Reference: asterisms and cluster alikes by B. Alessi reported in DAML02."
"Teutsch J0959.6-5313","Reference: asterisms and cluster alikes by B. Alessi reported in DAML02."
"Streicher 36","Reference: asterisms and cluster alikes by B. Alessi reported in DAML02."
"Alessi J1058.3-3725","Reference: asterisms and cluster alikes by B. Alessi reported in DAML02."
"Slotegraaf 33","Reference: the Preliminary Amateur Open Cluster Catalog, Version 08/03/2003."
"Alessi 114","Reference: list of clusters and alike reported by B. Alessi."
"Teutsch J0958.7-5610","Reference: asterisms and cluster alikes by B. Alessi reported in DAML02."
"Alessi J1121.1-2957","Reference: the Preliminary Amateur Open Cluster Catalog, Version 08/03/2003. Asterisms and cluster alikes by B. Alessi reported in DAML02."
"HD 88174 Group","Reference: asterisms and cluster alikes by B. Alessi reported in DAML02."
"Ferrero 31","Reference: asterisms and clusters by L. Ferrero."
"HD 300522 Group","Reference: asterisms and cluster alikes by B. Alessi reported in DAML02."
"Alessi 92","Reference: list of clusters and alike reported by B. Alessi."
"Teutsch 44,DSH J1021.4-5427,FSR 1528,MWSC 1795","Reference: web updates in DAML02, some were later removed (2003 to 2010)."
"Bica 410","Reference: present study."
"Alessi 49,DSH J1016.2-5720","Reference: list of clusters and alike reported by B. Alessi."
"Teutsch J1016.1-5742","Reference: asterisms and cluster alikes by B. Alessi reported in DAML02."
"Teutsch J0959.8-6040","Reference: asterisms and cluster alikes by B. Alessi reported in DAML02."
"Streicher 33","Reference: asterisms reported by amateur astronomers in the web."
"Bica 411","Reference: present study."
"Bica 412","Reference: present study."
"Teutsch J1032.5-5455","Reference: asterisms and cluster alikes by B. Alessi reported in DAML02."
"Alessi J1018.0-5816","Reference: asterisms and cluster alikes by B. Alessi reported in DAML02."
"Bica 414","Reference: present study."
"Bica 413","Reference: present study."
"Bica 415","Reference: present study."
"Bica 416","Reference: present study."
"AT 14,Alessi-Teutsch 14,Alessi 128","Reference: list of clusters and alike reported by B. Alessi."
"Teutsch J1006.9-6037","Reference: asterisms and cluster alikes by B. Alessi reported in DAML02."
"Alessi 146","Reference: list of clusters and alike reported by B. Alessi."
"HD 92642 Group","Reference: asterisms and cluster alikes by B. Alessi reported in DAML02."
"Teutsch J1026.6-5658","Reference: asterisms and cluster alikes by B. Alessi reported in DAML02."
"Teutsch 69,DSH J1005.5-6102","Reference: asterisms and cluster alikes by B. Alessi reported in DAML02."
"Teutsch J1021.8-5802","Reference: asterisms and cluster alikes by B. Alessi reported in DAML02."
"Teutsch J1015.0-5927","Reference: asterisms and cluster alikes by B. Alessi reported in DAML02."
"Bica 417","Reference: present study."
"Bica 418","Reference: present study."
"CarOB1A","Reference: asterisms and cluster alikes by B. Alessi reported in DAML02."
"Teutsch 226","Reference: asterisms and cluster alikes by B. Alessi reported in DAML02."
"Slotegraaf 25","Reference: asterisms and cluster alikes by B. Alessi reported in DAML02."
"Juchert 16,DSH J1028.2-5841,FSR 1542","Reference: asterisms and cluster alikes by B. Alessi reported in DAML02."
"Bica 425","Reference: present study."
"Bica 427","Reference: present study."
"Bica 428","Reference: present study."
"CarOB1B","Reference: asterisms and cluster alikes by B. Alessi reported in DAML02."
"Bica 429","Reference: present study."
"Bica 430","Reference: present study."
"Bica 432","Reference: present study."
"Bica 431","Reference: present study."
"Bica 419","Reference: present study."
"Bica 420","Reference: present study."
"Lorenzin 25","Reference: asterisms and cluster alikes by B. Alessi reported in DAML02."
"Bica 433","Reference: present study."
"Bica 422","Reference: present study."
"Bica 421","Reference: present study."
"Bica 423","Reference: present study."
"IC 2599","Reference: original NGC and IC catalogues at Vizier: NGC 2000.0, Sky Publishing, ed. Sinnott 1988 (1997yCat.7118....0S)."
"Bica 424","Reference: present study."
"Carraro 1.MWSC 1829","Reference: web updates in DAML02, some were later removed (2003 to 2010)."
"Teutsch J1017.9-6235","Reference: asterisms and cluster alikes by B. Alessi reported in DAML02."
"CarOB1C","Reference: asterisms and cluster alikes by B. Alessi reported in DAML02."
"Karhula 5","Reference: asterisms and cluster alikes by B. Alessi reported in DAML02."
"Slotegraaf 26","Reference: asterisms and cluster alikes by B. Alessi reported in DAML02."
"Bica 435","Reference: present study."
"Bica 434","Reference: present study."
"Bica 436","Reference: present study."
"Whitman 1","Reference: asterisms and cluster alikes by B. Alessi reported in DAML02."
"Bochum 9,CarOB1D,MWSC 1825","Reference: asterisms and cluster alikes by B. Alessi reported in DAML02."
"Streicher 29","Reference: asterisms and cluster alikes by B. Alessi reported in DAML02."
"DC 5,Kronberger 38,DSH J1039.9-5911,FSR 1549,MWSC 1838","Reference: the Preliminary Amateur Open Cluster Catalog, Version 08/03/2003."
"Kronberger 37","Reference: the Preliminary Amateur Open Cluster Catalog, Version 08/03/2003."
"Bica 437","Reference: present study."
"Teutsch 105,DSH J1035.2-6041,FSR 1550","Reference: asterisms and cluster alikes by B. Alessi reported in DAML02."
"Teutsch J1043.8-5855","Reference: asterisms and cluster alikes by B. Alessi reported in DAML02."
"Bica 438","Reference: present study."
"Teutsch J1037.3-6034","Reference: asterisms and cluster alikes by B. Alessi reported in DAML02."
"Teutsch J1038.7-6018","Reference: the Preliminary Amateur Open Cluster Catalog, Version 08/03/2003."
"Alessi 171","Reference: asterisms and cluster alikes by B. Alessi reported in DAML02."
"Slotegraaf 27","Reference: asterisms and cluster alikes by B. Alessi reported in DAML02."
"Teutsch J1042.0-5954","Reference: asterisms and cluster alikes by B. Alessi reported in DAML02."
"Bica 439","Reference: present study."
"Bica 440","Reference: present study."
"eta Car Association,CarOB1E,CarOB1 Nucleus","Reference: asterisms and cluster alikes by B. Alessi reported in DAML02."
"Collinder 234,OCL 830,ESO 128-14,MWSC 1851","Reference: web updates in DAML02, some were later removed (2003 to 2010)."
"Alessi J1053.2-5750","Reference: asterisms and cluster alikes by B. Alessi reported in DAML02."
"Alessi 5,MWSC 1844","Reference: web updates in DAML02, some were later removed (2003 to 2010). List of clusters and alike reported by B. Alessi."
"CarOB1F","Reference: asterisms and cluster alikes by B. Alessi reported in DAML02."
"Bica 426","Reference: present study."
"Teutsch J1051.0-6024","Reference: asterisms and cluster alikes by B. Alessi reported in DAML02."
"Teutsch 106,DSH J1059.3-5932,FSR 1559,MWSC 1877","Reference: web updates in DAML02, some were later removed (2003 to 2010)."
"Teutsch J1052.0-6139","Reference: asterisms and cluster alikes by B. Alessi reported in DAML02."
"Teutsch J1056.5-6044","Reference: asterisms and cluster alikes by B. Alessi reported in DAML02."
"CarOB1-2","Reference: asterisms and cluster alikes by B. Alessi reported in DAML02."
"Kronberger 40","Reference: the Preliminary Amateur Open Cluster Catalog, Version 08/03/2003."
"Kronberger 39,DSH J1054.2-6144,MWSC 1868","Reference: the Preliminary Amateur Open Cluster Catalog, Version 08/03/2003."
"Teutsch J1056.9-6148","Reference: the Preliminary Amateur Open Cluster Catalog, Version 08/03/2003."
"Alessi 91","Reference: list of clusters and alike reported by B. Alessi."
"Teutsch J1100.3-6113","Reference: asterisms and cluster alikes by B. Alessi reported in DAML02."
"Kronberger 8","Reference: asterisms and cluster alikes by B. Alessi reported in DAML02."
"Teutsch J1059.7-6131","Reference: asterisms and cluster alikes by B. Alessi reported in DAML02."
"Teutsch 1110-58","Reference: the Preliminary Amateur Open Cluster Catalog, Version 08/03/2003."
"Streicher 26","Reference: asterisms and cluster alikes by B. Alessi reported in DAML02."
"Kronberger J1105.8-6036","Reference: asterisms and cluster alikes by B. Alessi reported in DAML02."
"Slotegraaf 31","Reference: asterisms and cluster alikes by B. Alessi reported in DAML02."
"Bica 441","Reference: present study."
"Shorlin 2,C1104-61b,MWSC 1887","Reference: web updates in DAML02, some were later removed (2003 to 2010)."
"Teutsch 227","Reference: asterisms and cluster alikes by B. Alessi reported in DAML02."
"Bica 442","Reference: present study."
"Shorlin 1,C1104-610a,MWSC 1891","Reference: web updates in DAML02, some were later removed (2003 to 2010)."
"Bica 443","Reference: present study."
"Teutsch 143b,DSH J1108.5-6044","Reference: asterisms and cluster alikes by B. Alessi reported in DAML02."
"Wray 1,Teutsch 143a,Wray 15-751,DSH J1108.6-6042,FSR 1570,MWSC 1898","Reference: particular objects in SIMBAD."
"Alessi J0120.9-4933","Reference: asterisms and cluster alikes by B. Alessi reported in DAML02."
"Bica 444","Reference: present study."
"Teutsch 70,DSH J1116.3-5833","Reference: asterisms and cluster alikes by B. Alessi reported in DAML02."
"Teutsch J1111.3-6115","Reference: asterisms and cluster alikes by B. Alessi reported in DAML02."
"Car I Group","Reference: asterisms and cluster alikes by B. Alessi reported in DAML02."
"Teutsch J1124.3-5656","Reference: asterisms and cluster alikes by B. Alessi reported in DAML02."
"HD 98329 Group","Reference: asterisms and cluster alikes by B. Alessi reported in DAML02."
"Santa 50","Reference: asterisms and cluster alikes by B. Alessi reported in DAML02."
"Slotegraaf 35","Reference: asterisms and cluster alikes by B. Alessi reported in DAML02."
"Teutsch J1121.8-5854","Reference: asterisms and cluster alikes by B. Alessi reported in DAML02."
"HD 99415 Group","Reference: asterisms and cluster alikes by B. Alessi reported in DAML02."
"HD 11381 Group","Reference: asterisms and cluster alikes by B. Alessi reported in DAML02."
"Alessi J1121.8-6059","Reference: asterisms and cluster alikes by B. Alessi reported in DAML02."
"Teutsch J1125.1-6014","Reference: asterisms and cluster alikes by B. Alessi reported in DAML02."
"Teutsch J1130.3-5922","Reference: asterisms and cluster alikes by B. Alessi reported in DAML02."
"Teutsch 71,DSH J1130.5-6013","Reference: asterisms and cluster alikes by B. Alessi reported in DAML02."
"Cen IV Group","Reference: asterisms and cluster alikes by B. Alessi reported in DAML02."
"Teutsch J1131.7-6043","Reference: asterisms and cluster alikes by B. Alessi reported in DAML02."
"Juchert J1105.7-6814","Reference: asterisms and cluster alikes by B. Alessi reported in DAML02."
"Car III Group","Reference: asterisms and cluster alikes by B. Alessi reported in DAML02."
"Streicher 27","Reference: asterisms and cluster alikes by B. Alessi reported in DAML02."
"Bica 445","Reference: present study."
"Bica 446","Reference: present study."
"Teutsch 228","Reference: asterisms and cluster alikes by B. Alessi reported in DAML02."
"Streicher 21","Reference: asterisms reported by amateur astronomers in the web."
"Bica 447","Reference: present study."
"Bica 448","Reference: present study."
"Karhula 6","Reference: the Preliminary Amateur Open Cluster Catalog, Version 08/03/2003. Asterisms and cluster alikes by B. Alessi reported in DAML02."
"Slotegraaf 37","Reference: asterisms and cluster alikes by B. Alessi reported in DAML02."
"Bica 449","Reference: present study."
"Bica 450","Reference: present study."
"Bica 456","Reference: present study."
"Bica 451","Reference: present study."
"Bica 452","Reference: present study."
"Bica 453","Reference: present study."
"Bica 454","Reference: present study."
"Juchert J1119.1-6802","Reference: asterisms and cluster alikes by B. Alessi reported in DAML02."
"Bica 455","Reference: present study."
"Bica 457","Reference: present study."
"Bica 458","Reference: present study."
"Bica 459","Reference: present study."
"Juchert J1220.5-2908","Reference: asterisms and cluster alikes by B. Alessi reported in DAML02."
"Bica 460","Reference: present study."
"Riddle 14,DSH J1135.1-6450","Reference: asterisms and cluster alikes by B. Alessi reported in DAML02."
"Teutsch J1141.5-6232","Reference: asterisms and cluster alikes by B. Alessi reported in DAML02."
"Bica 461","Reference: present study."
"Teutsch J1151.5-5803","Reference: the Preliminary Amateur Open Cluster Catalog, Version 08/03/2003."
"Bica 462","Reference: present study."
"Cen I Group","Reference: asterisms and cluster alikes by B. Alessi reported in DAML02."
"Teutsch 229","Reference: asterisms and cluster alikes by B. Alessi reported in DAML02."
"Teutsch J1150.9-6007","Reference: the Preliminary Amateur Open Cluster Catalog, Version 08/03/2003."
"Alessi J1151.1-6010","Reference: asterisms and cluster alikes by B. Alessi reported in DAML02."
"Kronberger 9","Reference: the Preliminary Amateur Open Cluster Catalog, Version 08/03/2003."
"Bica 463","Reference: present study."
"Teutsch 230,FSR 1596","Reference: asterisms and cluster alikes by B. Alessi reported in DAML02."
"HIP 55350 Association,Alessi 163","Reference: list of clusters and alike reported by B. Alessi."
"Bica 464","Reference: present study."
"Streicher 37","Reference: asterisms reported by amateur astronomers in the web."
"Cen III Group","Reference: asterisms and cluster alikes by B. Alessi reported in DAML02."
"Ferrero 12","Reference: asterisms reported by amateur astronomers in the web. Asterisms and clusters by L. Ferrero."
"Teutsch 78,DSH J1158.3-6152,GLIMPSE 27,Mercer 27","Reference: asterisms and cluster alikes by B. Alessi reported in DAML02."
"Alessi J1156.1-6314","Reference: the Preliminary Amateur Open Cluster Catalog, Version 08/03/2003. Asterisms and cluster alikes by B. Alessi reported in DAML02."
"Canali 1,Canali's Cluster,Stargate,Reeves 2,Harrington 20,Ramakers 15","Reference: asterisms reported by amateur astronomers in the web."
"Alessi 45,Alessi J1200.8-6123","Reference: list of clusters and alike reported by B. Alessi. The Preliminary Amateur Open Cluster Catalog, Version 08/03/2003."
"Karhula 7","Reference: asterisms and cluster alikes by B. Alessi reported in DAML02."
"Teutsch J1204.1-5943","Reference: asterisms and cluster alikes by B. Alessi reported in DAML02."
"Bica 465","Reference: present study."
"AT 8,Alessi-Teutsch 8,ASCC 68,MWSC 1993","Reference: web updates in DAML02, some were later removed (2003 to 2010). List of clusters and alike reported by B. Alessi. The Preliminary Amateur Open Cluster Catalog, Version 08/03/2003."
"Bica 467","Reference: present study."
"Bica 466","Reference: present study."
"Alessi 124","Reference: list of clusters and alike reported by B. Alessi."
"Bica 468","Reference: present study."
"Bica 470","Reference: present study."
"Bica 469","Reference: present study."
"ESO 130-6,Steine 4,MWSC 1998","Reference: the Preliminary Amateur Open Cluster Catalog, Version 08/03/2003."
"Bica 471","Reference: present study."
"Juchert 13,DSH J1201.6-6406,FSR 1600,MWSC 1992","Reference: web updates in DAML02, some were later removed (2003 to 2010)."
"Riddle 12","Reference: asterisms and cluster alikes by B. Alessi reported in DAML02."
"BHR 71","Reference: spitzer website."
"Stock 15,OCL 869,ESO 130-8,MWSC 2005","Reference: web updates in DAML02, some were later removed (2003 to 2010)."
"Teutsch 107,DSH J1204.8-6321","Reference: asterisms and cluster alikes by B. Alessi reported in DAML02."
"Harrington 21,Jaws,Pothier 11,Ramakers 58","Reference: asterisms reported by amateur astronomers in the web. The Preliminary Amateur Open Cluster Catalog, Version 08/03/2003. Asterisms and cluster alikes by B. Alessi reported in DAML02."
"Teutsch J1209.3-6120","Reference: asterisms and cluster alikes by B. Alessi reported in DAML02."
"Juchert 14,DSH J1207.1-6448","Reference: asterisms and cluster alikes by B. Alessi reported in DAML02."
"Bica 472","Reference: present study."
"ME 2,Mel`nik-Efremov 2,CLUST 2,Alessi 182,Alessi J1209.7-6352","Reference: the Preliminary Amateur Open Cluster Catalog, Version 08/03/2003. Asterisms and cluster alikes by B. Alessi reported in DAML02."
"ESO 442-4,MWSC 2046","Reference: web updates in DAML02, some were later removed (2003 to 2010)."
"Alessi 52,FSR 1606,VVV 101,VVV-CL 101,DSH J1213.0-6242,Alessi J1213.0-6242,MWSC 2006","Reference: web updates in DAML02, some were later removed (2003 to 2010)."
"Teutsch J1247.1+1328","Reference: the Preliminary Amateur Open Cluster Catalog, Version 08/03/2003."
"Bica 473","Reference: present study."
"Patchick 54","Reference: the Preliminary Amateur Open Cluster Catalog, Version 08/03/2003."
"Cru I Group","Reference: asterisms and cluster alikes by B. Alessi reported in DAML02."
"ASCC 70,Alessi 38,MWSC 2010","Reference: list of clusters and alike reported by B. Alessi."
"Patchick 57","Reference: the Preliminary Amateur Open Cluster Catalog, Version 08/03/2003."
"Teutsch 233","Reference: asterisms and cluster alikes by B. Alessi reported in DAML02."
"Alessi J1058.3-8312","Reference: the Preliminary Amateur Open Cluster Catalog, Version 08/03/2003. Asterisms and cluster alikes by B. Alessi reported in DAML02."
"Karhula 12","Reference: asterisms and cluster alikes by B. Alessi reported in DAML02."
"Alessi 73","Reference: list of clusters and alike reported by B. Alessi."
"Teutsch 234","Reference: asterisms and cluster alikes by B. Alessi reported in DAML02."
"Bica 474","Reference: present study."
"Teutsch 108,DSH J1224.9-6158","Reference: asterisms and cluster alikes by B. Alessi reported in DAML02."
"Juchert J1223.3-6443","Reference: asterisms and cluster alikes by B. Alessi reported in DAML02."
"Kronberger 11","Reference: the Preliminary Amateur Open Cluster Catalog, Version 08/03/2003."
"Kronberger 10","Reference: the Preliminary Amateur Open Cluster Catalog, Version 08/03/2003."
"Teutsch 232","Reference: asterisms and cluster alikes by B. Alessi reported in DAML02."
"Bica 475","Reference: present study."
"Alessi 74","Reference: list of clusters and alike reported by B. Alessi."
"Slotegraaf 40","Reference: asterisms and cluster alikes by B. Alessi reported in DAML02."
"Bica 476","Reference: present study."
"Teutsch 235","Reference: asterisms and cluster alikes by B. Alessi reported in DAML02."
"Teutsch J1241.8-2738","Reference: asterisms and cluster alikes by B. Alessi reported in DAML02."
"Bica 477","Reference: present study."
"Ruprecht 105,OCL 886,ESO 131-12,Slotegraaf 41,MWSC 2047","Reference: the Preliminary Amateur Open Cluster Catalog, Version 08/03/2003."
"Bica 478","Reference: present study."
"Alessi 164","Reference: list of clusters and alike reported by B. Alessi."
"Streicher 82","Reference: asterisms reported by amateur astronomers in the web."
"Streicher 53","Reference: asterisms and cluster alikes by B. Alessi reported in DAML02."
"HD 108970 Group","Reference: asterisms and cluster alikes by B. Alessi reported in DAML02."
"Teutsch J1238.7-6050","Reference: asterisms and cluster alikes by B. Alessi reported in DAML02."
"Pothier 21","Reference: asterisms and cluster alikes by B. Alessi reported in DAML02."
"Streicher 23","Reference: asterisms and cluster alikes by B. Alessi reported in DAML02."
"Streicher 39","Reference: asterisms and cluster alikes by B. Alessi reported in DAML02."
"Streicher 22","Reference: asterisms and cluster alikes by B. Alessi reported in DAML02."
"Teutsch 236","Reference: asterisms and cluster alikes by B. Alessi reported in DAML02."
"Ferrero 29","Reference: asterisms and cluster alikes by B. Alessi reported in DAML02. Asterisms and clusters by L. Ferrero."
"Teutsch J1248.8-6056","Reference: the Preliminary Amateur Open Cluster Catalog, Version 08/03/2003."
"Cru II Group","Reference: asterisms and cluster alikes by B. Alessi reported in DAML02."
"Slotegraaf 42","Reference: asterisms and cluster alikes by B. Alessi reported in DAML02."
"Teutsch J1249.7-6621","Reference: asterisms and cluster alikes by B. Alessi reported in DAML02."
"Bica 479","Reference: present study."
"Bica 480","Reference: present study."
"Teutsch J1252.2-6104","Reference: the Preliminary Amateur Open Cluster Catalog, Version 08/03/2003."
"Bica 481","Reference: present study."
"Bica 482","Reference: present study."
"Llano 1","Reference: asterisms and cluster alikes by B. Alessi reported in DAML02."
"Bica 483","Reference: present study."
"Mus I Group","Reference: asterisms and cluster alikes by B. Alessi reported in DAML02."
"Teutsch 109,DSH J1257.8-6315","Reference: asterisms and cluster alikes by B. Alessi reported in DAML02."
"HD 112786 Group","Reference: asterisms and cluster alikes by B. Alessi reported in DAML02."
"Teutsch 237","Reference: asterisms and cluster alikes by B. Alessi reported in DAML02."
"Loden 733,Alessi J1302.8-5956","Reference: the Preliminary Amateur Open Cluster Catalog, Version 08/03/2003."
"Alessi 82","Reference: list of clusters and alike reported by B. Alessi."
"Teutsch J1313.3-6444","Reference: asterisms and cluster alikes by B. Alessi reported in DAML02."
"Bica 657","Reference: present study."
"Bica 658","Reference: present study."
"Alessi 79A","Reference: list of clusters and alike reported by B. Alessi."
"AT 15,Alessi-Teutsch 15,Teutsch J1315.4-6206","Reference: list of clusters and alike reported by B. Alessi."
"Ferrero 28","Reference: asterisms and cluster alikes by B. Alessi reported in DAML02. Asterisms and clusters by L. Ferrero."
"Bica 659","Reference: present study."
"Slotegraaf 44","Reference: asterisms and cluster alikes by B. Alessi reported in DAML02."
"Teutsch J1323.6-6402","Reference: asterisms and cluster alikes by B. Alessi reported in DAML02."
"Bica 484","Reference: present study."
"Teutsch 110,DSH J1326.5-6406","Reference: asterisms and cluster alikes by B. Alessi reported in DAML02."
"Streicher 30","Reference: asterisms reported by amateur astronomers in the web."
"Bica 485","Reference: present study."
"NGC 5155,MWSC 2125","Reference: web updates in DAML02, some were later removed (2003 to 2010)."
"Teutsch J1329.0-6315","Reference: asterisms and cluster alikes by B. Alessi reported in DAML02."
"Alessi J1521.1-8333","Reference: the Preliminary Amateur Open Cluster Catalog, Version 08/03/2003."
"Teutsch J1332.4-6449","Reference: asterisms and cluster alikes by B. Alessi reported in DAML02."
"Teutsch 238","Reference: asterisms and cluster alikes by B. Alessi reported in DAML02."
"Bica 486","Reference: present study."
"Teutsch J1317.2-4653","Reference: the Preliminary Amateur Open Cluster Catalog, Version 08/03/2003. Asterisms and cluster alikes by B. Alessi reported in DAML02."
"LS 91,La Serena 91","Reference: present study."
"Bica 487","Reference: present study."
"Teutsch 111,DSH J1333.4-6046","Reference: particular objects in SIMBAD."
"Bica 488","Reference: present study."
"BH 150,MWSC 2143","Reference: web updates in DAML02, some were later removed (2003 to 2010)."
"Slotegraaf 45","Reference: asterisms and cluster alikes by B. Alessi reported in DAML02."
"Alessi J1309.4-2338","Reference: the Preliminary Amateur Open Cluster Catalog, Version 08/03/2003. Asterisms and cluster alikes by B. Alessi reported in DAML02."
"Alessi 97","Reference: list of clusters and alike reported by B. Alessi."
"Riddle 18","Reference: asterisms and cluster alikes by B. Alessi reported in DAML02."
"HD 225252 Group","Reference: asterisms and cluster alikes by B. Alessi reported in DAML02."
"Streicher 83","Reference: asterisms reported by amateur astronomers in the web."
"Dias 4,MWSC 2154","Reference: web updates in DAML02, some were later removed (2003 to 2010)."
"Teutsch J1341.4-6152","Reference: asterisms and cluster alikes by B. Alessi reported in DAML02."
"Alessi 130","Reference: list of clusters and alike reported by B. Alessi."
"Bica 489","Reference: present study."
"Alessi 149","Reference: list of clusters and alike reported by B. Alessi."
"HD 117886 Group","Reference: asterisms and cluster alikes by B. Alessi reported in DAML02."
"Teutsch J1453.8-7658","Reference: asterisms and cluster alikes by B. Alessi reported in DAML02."
"HD 120132 Group","Reference: asterisms and cluster alikes by B. Alessi reported in DAML02."
"NGC 5284,ESO 133-4,MWSC 2162","Reference: web updates in DAML02, some were later removed (2003 to 2010)."
"Teutsch J1346.1-5812","Reference: asterisms and cluster alikes by B. Alessi reported in DAML02."
"NGC 5299,MWSC 2170","Reference: web updates in DAML02, some were later removed (2003 to 2010)."
"Karhula 13","Reference: asterisms and cluster alikes by B. Alessi reported in DAML02."
"Teutsch J1353.6-6053","Reference: asterisms and cluster alikes by B. Alessi reported in DAML02."
"Teutsch J1401.7-6411","Reference: asterisms and cluster alikes by B. Alessi reported in DAML02."
"Karhula 14","Reference: asterisms and cluster alikes by B. Alessi reported in DAML02."
"Lynga 16,C 1354-615,IRAS 13544-6132","Reference: particular objects in SIMBAD."
"Teutsch 239","Reference: asterisms and cluster alikes by B. Alessi reported in DAML02."
"Bica 490","Reference: present study."
"Riddle 7","Reference: asterisms and cluster alikes by B. Alessi reported in DAML02."
"Karhula 8","Reference: the Preliminary Amateur Open Cluster Catalog, Version 08/03/2003. Asterisms and cluster alikes by B. Alessi reported in DAML02."
"Teutsch J1359.8-6020","Reference: the Preliminary Amateur Open Cluster Catalog, Version 08/03/2003. Asterisms and cluster alikes by B. Alessi reported in DAML02."
"Teutsch 112,DSH J1409.8-6359","Reference: asterisms and cluster alikes by B. Alessi reported in DAML02."
"Teutsch 240","Reference: asterisms and cluster alikes by B. Alessi reported in DAML02."
"Alessi 101","Reference: list of clusters and alike reported by B. Alessi."
"Streicher 76","Reference: asterisms reported by amateur astronomers in the web."
"Roman-Lopes 1","Reference: asterisms and cluster alikes by B. Alessi reported in DAML02."
"Roman-Lopes 2","Reference: asterisms and cluster alikes by B. Alessi reported in DAML02."
"Teutsch J1406.3-6042","Reference: asterisms and cluster alikes by B. Alessi reported in DAML02."
"Ferrero 15,ASCC 77,MWSC 2205","Reference: asterisms reported by amateur astronomers in the web. Asterisms and clusters by L. Ferrero."
"Teutsch J1411.1-6211","Reference: asterisms and cluster alikes by B. Alessi reported in DAML02."
"Streicher 31","Reference: asterisms and cluster alikes by B. Alessi reported in DAML02."
"Teutsch 241","Reference: asterisms and cluster alikes by B. Alessi reported in DAML02."
"Alessi J1420.6-6405","Reference: the Preliminary Amateur Open Cluster Catalog, Version 08/03/2003. Asterisms and cluster alikes by B. Alessi reported in DAML02."
"Bica 491","Reference: present study."
"Streicher 14","Reference: asterisms and cluster alikes by B. Alessi reported in DAML02."
"Bica 493","Reference: present study."
"Bica 492","Reference: present study."
"Streicher 13","Reference: asterisms and cluster alikes by B. Alessi reported in DAML02."
"Teutsch J1422.4-6311","Reference: asterisms and cluster alikes by B. Alessi reported in DAML02."
"ME 3,Mel`nik-Efremov 3,CLUST 3","Reference: asterisms and cluster alikes by B. Alessi reported in DAML02."
"Alessi 6,MWSC 2240","Reference: web updates in DAML02, some were later removed (2003 to 2010). List of clusters and alike reported by B. Alessi."
"Alessi 125","Reference: list of clusters and alike reported by B. Alessi."
"HD 122376 Group","Reference: asterisms and cluster alikes by B. Alessi reported in DAML02."
"Bica 494","Reference: present study."
"BH 164,Alessi 7,MWSC 2255","Reference: list of clusters and alike reported by B. Alessi."
"Streicher 41","Reference: asterisms and cluster alikes by B. Alessi reported in DAML02."
"Ferrero 40","Reference: asterisms and clusters by L. Ferrero."
"Ferrero 47","Reference: asterisms and clusters by L. Ferrero."
"Teutsch 242","Reference: asterisms and cluster alikes by B. Alessi reported in DAML02."
"Melotte 227,Collinder 411,OCL 918,ESO 25-18,MWSC 3299","Reference: web updates in DAML02, some were later removed (2003 to 2010)."
"Teutsch J1441.3-6136","Reference: asterisms and cluster alikes by B. Alessi reported in DAML02."
"Juchert 10,FSR 1686,SAI 121,MWSC 2239,MWSC 2241,LS 167,La Serena 167","Reference: web updates in DAML02, some were later removed (2003 to 2010)."
"Teutsch J1446.3-6043","Reference: asterisms and cluster alikes by B. Alessi reported in DAML02."
"Bica 495","Reference: present study."
"Bica 496","Reference: present study."
"Teutsch 243","Reference: asterisms and cluster alikes by B. Alessi reported in DAML02."
"Ferrero 21","Reference: asterisms reported by amateur astronomers in the web. Asterisms and clusters by L. Ferrero."
"Alessi 61","Reference: list of clusters and alike reported by B. Alessi."
"Slotegraaf 50","Reference: asterisms and cluster alikes by B. Alessi reported in DAML02."
"Teutsch 113,DSH J1441.9-5513","Reference: asterisms and cluster alikes by B. Alessi reported in DAML02."
"HD 158606 Group","Reference: asterisms and cluster alikes by B. Alessi reported in DAML02."
"HD 130966 Group","Reference: asterisms and cluster alikes by B. Alessi reported in DAML02."
"HD 132842 Group","Reference: asterisms and cluster alikes by B. Alessi reported in DAML02."
"Bica 497","Reference: present study."
"Bica 498","Reference: present study."
"Juchert J1535.8-6502","Reference: asterisms and cluster alikes by B. Alessi reported in DAML02."
"Teutsch 244","Reference: asterisms and cluster alikes by B. Alessi reported in DAML02."
"Juchert 22,DSH J1526.7-6305","Reference: asterisms and cluster alikes by B. Alessi reported in DAML02."
"Teutsch J1520.1-6057","Reference: asterisms and cluster alikes by B. Alessi reported in DAML02."
"ASCC 79,Alessi 25,MWSC 2288","Reference: list of clusters and alike reported by B. Alessi."
"Bica 499","Reference: present study."
"RCW 87,BDB 258,IRAS 15015-5720,MDF 19,MWSC 2271","Reference: 2MASS website."
"Teutsch J1542.3-6404","Reference: asterisms and cluster alikes by B. Alessi reported in DAML02."
"Lup I Group","Reference: asterisms and cluster alikes by B. Alessi reported in DAML02."
"HD 139300 Group","Reference: asterisms and cluster alikes by B. Alessi reported in DAML02."
"Ferrero 24a","Reference: asterisms and cluster alikes by B. Alessi reported in DAML02."
"Teutsch J1500.2-5453","Reference: asterisms and cluster alikes by B. Alessi reported in DAML02."
"Teutsch J1500.8-5459","Reference: asterisms and cluster alikes by B. Alessi reported in DAML02."
"Renou 38","Reference: asterisms reported by amateur astronomers in the web."
"Ferrero 3","Reference: asterisms reported by amateur astronomers in the web. The Preliminary Amateur Open Cluster Catalog, Version 08/03/2003. Asterisms and clusters by L. Ferrero."
"Slotegraaf 49","Reference: asterisms and cluster alikes by B. Alessi reported in DAML02."
"Slotegraaf 47","Reference: asterisms and cluster alikes by B. Alessi reported in DAML02."
"Juchert J1506.6-5459","Reference: asterisms and cluster alikes by B. Alessi reported in DAML02."
"Ferrero 13","Reference: asterisms reported by amateur astronomers in the web. Asterisms and clusters by L. Ferrero."
"Streicher 74B","Reference: asterisms and cluster alikes by B. Alessi reported in DAML02."
"Ramakers 33,Hydra Triangle","Reference: asterisms reported by amateur astronomers in the web."
"Alessi J1514.8-5629","Reference: the Preliminary Amateur Open Cluster Catalog, Version 08/03/2003."
"Ramakers 32,Night Owl","Reference: asterisms reported by amateur astronomers in the web."
"Teutsch J1531.3-5922","Reference: asterisms and cluster alikes by B. Alessi reported in DAML02."
"HD 148976 Group","Reference: asterisms and cluster alikes by B. Alessi reported in DAML02."
"Ferrero 20,Small Cascade","Reference: asterisms and clusters by L. Ferrero."
"Streicher 42","Reference: asterisms and cluster alikes by B. Alessi reported in DAML02."
"Alessi 104","Reference: list of clusters and alike reported by B. Alessi."
"Teutsch J1511.6-5346","Reference: asterisms and cluster alikes by B. Alessi reported in DAML02."
"HD 146349 Group","Reference: asterisms and cluster alikes by B. Alessi reported in DAML02."
"Slotegraaf 57","Reference: asterisms and cluster alikes by B. Alessi reported in DAML02."
"Bica 500","Reference: present study."
"Bica 501","Reference: present study."
"Streicher 10","Reference: asterisms and cluster alikes by B. Alessi reported in DAML02."
"Alessi J1608.5-6221","Reference: the Preliminary Amateur Open Cluster Catalog, Version 08/03/2003. Asterisms and cluster alikes by B. Alessi reported in DAML02."
"Bica 502","Reference: present study."
"Slotegraaf 54","Reference: asterisms and cluster alikes by B. Alessi reported in DAML02."
"Slotegraaf 48","Reference: asterisms and cluster alikes by B. Alessi reported in DAML02."
"HD 148879 Group","Reference: asterisms and cluster alikes by B. Alessi reported in DAML02."
"IC 1023,ESO 385-39,MWSC 2228","Reference: web updates in DAML02, some were later removed (2003 to 2010)."
"Alessi J1412.3-2416","Reference: asterisms and cluster alikes by B. Alessi reported in DAML02."
"Streicher 43","Reference: asterisms reported by amateur astronomers in the web."
"Harvard 9,OCL 944,ESO 177-8,MWSC 2304","Reference: the Preliminary Amateur Open Cluster Catalog, Version 08/03/2003."
"HD 146532 Group","Reference: asterisms and cluster alikes by B. Alessi reported in DAML02."
"Slotegraaf 51","Reference: asterisms and cluster alikes by B. Alessi reported in DAML02."
"HD 156427 Group","Reference: asterisms and cluster alikes by B. Alessi reported in DAML02."
"Teutsch 245,Teutsch J1535.7-5336","Reference: the Preliminary Amateur Open Cluster Catalog, Version 08/03/2003. Asterisms and cluster alikes by B. Alessi reported in DAML02."
"Teutsch J1538.5-5403","Reference: asterisms and cluster alikes by B. Alessi reported in DAML02."
"Kronberger 7,Teutsch J1536.6-5326","Reference: asterisms and cluster alikes by B. Alessi reported in DAML02."
"Teutsch 252","Reference: asterisms and cluster alikes by B. Alessi reported in DAML02."
"LS 248,La Serena 248","Reference: present study."
"Alessi 8,MWSC 2298","Reference: web updates in DAML02, some were later removed (2003 to 2010). List of clusters and alike reported by B. Alessi."
"Teutsch 81,DSH J1552.4-5536","Reference: asterisms and cluster alikes by B. Alessi reported in DAML02."
"Streicher 68","Reference: asterisms reported by amateur astronomers in the web."
"Wray 2,Wray 16-185,RA 1,Roman-Lopes-Abraham 1","Reference: particular objects in SIMBAD."
"Alessi J1626.8-5945,HD 147672 Group","Reference: the Preliminary Amateur Open Cluster Catalog, Version 08/03/2003. Asterisms and cluster alikes by B. Alessi reported in DAML02."
"O'Neal 2","Reference: asterisms and cluster alikes by B. Alessi reported in DAML02."
"Alessi J1524.6-4828","Reference: asterisms and cluster alikes by B. Alessi reported in DAML02."
"Streicher 38","Reference: asterisms and cluster alikes by B. Alessi reported in DAML02."
"Teutsch 246","Reference: asterisms and cluster alikes by B. Alessi reported in DAML02."
"Bica 503","Reference: present study."
"Alessi J1741.9-6506","Reference: the Preliminary Amateur Open Cluster Catalog, Version 08/03/2003. Asterisms and cluster alikes by B. Alessi reported in DAML02."
"HD 153388 Group","Reference: asterisms and cluster alikes by B. Alessi reported in DAML02."
"Johansson 1,MWSC 2318","Reference: web updates in DAML02, some were later removed (2003 to 2010)."
"ASCC 83,Alessi J1550.2-5248,MWSC 2325","Reference: the Preliminary Amateur Open Cluster Catalog, Version 08/03/2003."
"Bica 504","Reference: present study."
"Streicher 34","Reference: asterisms and cluster alikes by B. Alessi reported in DAML02."
"Teutsch 247","Reference: asterisms and cluster alikes by B. Alessi reported in DAML02."
"Teutsch J1607.6-5502","Reference: asterisms and cluster alikes by B. Alessi reported in DAML02."
"Teutsch J1537.3-4910","Reference: asterisms and cluster alikes by B. Alessi reported in DAML02."
"Alessi 24,ASCC 89,MWSC 2582","Reference: web updates in DAML02, some were later removed (2003 to 2010). List of clusters and alike reported by B. Alessi. The Preliminary Amateur Open Cluster Catalog, Version 08/03/2003."
"Streicher 44","Reference: asterisms and cluster alikes by B. Alessi reported in DAML02."
"Alessi 126","Reference: list of clusters and alike reported by B. Alessi."
"Bica 505","Reference: present study."
"Teutsch J1617.7-5519","Reference: asterisms and cluster alikes by B. Alessi reported in DAML02."
"Teutsch J1615.6-5433","Reference: asterisms and cluster alikes by B. Alessi reported in DAML02."
"Teutsch 248","Reference: asterisms and cluster alikes by B. Alessi reported in DAML02."
"Teutsch 249","Reference: asterisms and cluster alikes by B. Alessi reported in DAML02."
"HD 135707 Group","Reference: asterisms and cluster alikes by B. Alessi reported in DAML02."
"Kernya 4","Reference: asterisms and cluster alikes by B. Alessi reported in DAML02."
"Lorenzin 21","Reference: asterisms and cluster alikes by B. Alessi reported in DAML02."
"AT 12,Alessi-Teutsch 12,ASCC 86,Alessi J1701.7-5857,MWSC 2513","Reference: web updates in DAML02, some were later removed (2003 to 2010). List of clusters and alike reported by B. Alessi."
"Streicher 28","Reference: asterisms and cluster alikes by B. Alessi reported in DAML02."
"NGC 6588,MWSC 2895","Reference: web updates in DAML02, some were later removed (2003 to 2010)."
"Juchert J1541.6-4622","Reference: asterisms and cluster alikes by B. Alessi reported in DAML02."
"Bica 660","Reference: present study."
"HD 924 Group","Reference: asterisms and cluster alikes by B. Alessi reported in DAML02."
"Alessi 190,UBC 5","Reference: asterisms and cluster alikes by B. Alessi reported in DAML02."
"Alessi J1616.2-5136","Reference: asterisms and cluster alikes by B. Alessi reported in DAML02."
"RCW103A Association,RCW103A South Association","Reference: asterisms and cluster alikes by B. Alessi reported in DAML02."
"Lorenzin 11","Reference: asterisms and cluster alikes by B. Alessi reported in DAML02."
"RCW103B","Reference: asterisms and cluster alikes by B. Alessi reported in DAML02."
"Bica 506","Reference: present study."
"Slotegraaf 53","Reference: asterisms and cluster alikes by B. Alessi reported in DAML02."
"RCW105 Association","Reference: asterisms and cluster alikes by B. Alessi reported in DAML02."
"Streicher 16","Reference: asterisms and cluster alikes by B. Alessi reported in DAML02."
"HD 148955 Group","Reference: asterisms and cluster alikes by B. Alessi reported in DAML02."
"Teutsch 253","Reference: asterisms and cluster alikes by B. Alessi reported in DAML02."
"Alessi J1424.6-1442","Reference: asterisms and cluster alikes by B. Alessi reported in DAML02."
"Bica 507","Reference: present study."
"Alessi J1816.9-5932","Reference: the Preliminary Amateur Open Cluster Catalog, Version 08/03/2003. Asterisms and cluster alikes by B. Alessi reported in DAML02."
"Alessi J1423.7-1257","Reference: asterisms reported by amateur astronomers in the web. Asterisms and cluster alikes by B. Alessi reported in DAML02."
"Teutsch J1658.0-5243","Reference: asterisms and cluster alikes by B. Alessi reported in DAML02."
"Streicher 74","Reference: asterisms and cluster alikes by B. Alessi reported in DAML02."
"Teutsch 82,DSH J1630.9-4823","Reference: particular objects in SIMBAD."
"Alessi 67,DSH J1847.0-5950,Alessi J1847.0-59509b","Reference: list of clusters and alike reported by B. Alessi. The Preliminary Amateur Open Cluster Catalog, Version 08/03/2003."
"Alessi 157,Alessi 1847.0-5950a","Reference: list of clusters and alike reported by B. Alessi. The Preliminary Amateur Open Cluster Catalog, Version 08/03/2003."
"HD 135827 Group","Reference: asterisms and cluster alikes by B. Alessi reported in DAML02."
"Streicher 75","Reference: asterisms and cluster alikes by B. Alessi reported in DAML02."
"AraOB1A-Nucleus,Alessi-AraOB1A","Reference: asterisms and cluster alikes by B. Alessi reported in DAML02."
"Bica 508","Reference: present study."
"Patchick 94,DSH J1629.5-4718,MWSC 2418","Reference: web updates in DAML02, some were later removed (2003 to 2010)."
"VVV 83s,VVV-CL 083s","Reference: present study."
"VVV 83n,VVV-CL 083n","Reference: present study."
"Bica 509","Reference: present study."
"Ryu 56,Bica 510","Reference: present study."
"Alessi J2053.8-5939","Reference: the Preliminary Amateur Open Cluster Catalog, Version 08/03/2003. Asterisms and cluster alikes by B. Alessi reported in DAML02."
"Patchick 92","Reference: asterisms and cluster alikes by B. Alessi reported in DAML02."
"Patchick 91,DSH J1622.0-4529","Reference: asterisms and cluster alikes by B. Alessi reported in DAML02."
"Alessi 87","Reference: list of clusters and alike reported by B. Alessi."
"Streicher 66","Reference: asterisms and cluster alikes by B. Alessi reported in DAML02."
"ScoR2 ,DBSB 104,Alessi 86,MWSC 2524","Reference: list of clusters and alike reported by B. Alessi."
"Streicher 88","Reference: asterisms reported by amateur astronomers in the web."
"Streicher 51","Reference: asterisms and cluster alikes by B. Alessi reported in DAML02."
"Patchick 93,DSH J1636.0-4642","Reference: asterisms and cluster alikes by B. Alessi reported in DAML02."
"Slotegraaf 58","Reference: asterisms and cluster alikes by B. Alessi reported in DAML02."
"Patchick 95","Reference: asterisms and cluster alikes by B. Alessi reported in DAML02."
"Teutsch J1640.2-4701","Reference: asterisms and cluster alikes by B. Alessi reported in DAML02."
"Bica 511","Reference: present study."
"Teutsch J1641.7-4709","Reference: asterisms and cluster alikes by B. Alessi reported in DAML02."
"Lup II Group","Reference: asterisms and cluster alikes by B. Alessi reported in DAML02."
"AraOB2,Assoc 66.1,NGC 6204 Association,NGC 6204b","Reference: asterisms and cluster alikes by B. Alessi reported in DAML02."
"Streicher 35","Reference: asterisms and cluster alikes by B. Alessi reported in DAML02."
"Teutsch 251","Reference: asterisms and cluster alikes by B. Alessi reported in DAML02."
"Teutsch 250","Reference: asterisms and cluster alikes by B. Alessi reported in DAML02."
"Teutsch 83,DSH J1640.5-4527","Reference: asterisms and cluster alikes by B. Alessi reported in DAML02."
"BH 197,Dias 12,MWSC 2458","Reference: web updates in DAML02, some were later removed (2003 to 2010)."
"Alessi J1705.2-4750","Reference: the Preliminary Amateur Open Cluster Catalog, Version 08/03/2003. Asterisms and cluster alikes by B. Alessi reported in DAML02."
"Bica 512","Reference: present study."
"Teutsch J1644.9-4423","Reference: the Preliminary Amateur Open Cluster Catalog, Version 08/03/2003."
"Teutsch 254,Teutsch J1645.6-4426","Reference: the Preliminary Amateur Open Cluster Catalog, Version 08/03/2003. Asterisms and cluster alikes by B. Alessi reported in DAML02."
"Teutsch J1645.8-4423","Reference: asterisms and cluster alikes by B. Alessi reported in DAML02."
"AraOB1B-East","Reference: asterisms and cluster alikes by B. Alessi reported in DAML02."
"Teutsch J1652.7-4459","Reference: asterisms and cluster alikes by B. Alessi reported in DAML02."
"Slotegraaf 55","Reference: asterisms and cluster alikes by B. Alessi reported in DAML02."
"HD 146954 Group","Reference: asterisms and cluster alikes by B. Alessi reported in DAML02."
"Teutsch J1536.0-2911","Reference: asterisms and cluster alikes by B. Alessi reported in DAML02."
"Teutsch J1656.1-4503","Reference: asterisms and cluster alikes by B. Alessi reported in DAML02."
"Teutsch J1652.8-4414","Reference: the Preliminary Amateur Open Cluster Catalog, Version 08/03/2003."
"Riddle 10","Reference: asterisms and cluster alikes by B. Alessi reported in DAML02."
"Teutsch J1700.1-4449","Reference: asterisms and cluster alikes by B. Alessi reported in DAML02."
"Bica 513","Reference: present study."
"Streicher 15","Reference: asterisms and cluster alikes by B. Alessi reported in DAML02."
"HD 161915 Group","Reference: asterisms and cluster alikes by B. Alessi reported in DAML02."
"Teutsch J1555.9-3211","Reference: asterisms and cluster alikes by B. Alessi reported in DAML02."
"Alessi 188","Reference: asterisms and cluster alikes by B. Alessi reported in DAML02."
"Ferrero 38a","Reference: asterisms reported by amateur astronomers in the web."
"Teutsch J1651.1-4134","Reference: asterisms and cluster alikes by B. Alessi reported in DAML02."
"Slotegraaf 56","Reference: asterisms and cluster alikes by B. Alessi reported in DAML02."
"Mamajek 4,Alessi 71,MWSC 2914","Reference: list of clusters and alike reported by B. Alessi."
"Bica 661","Reference: present study."
"Alessi J1708.3-4301","Reference: asterisms and cluster alikes by B. Alessi reported in DAML02."
"Alessi 9,MWSC 2670","Reference: web updates in DAML02, some were later removed (2003 to 2010). List of clusters and alike reported by B. Alessi."
"Teutsch J1658.1-4117","Reference: asterisms and cluster alikes by B. Alessi reported in DAML02."
"Bica 514","Reference: present study."
"Bica 515","Reference: present study."
"SBB 9","Reference: discoveries by our group members and communicated in the present work (2002 to 2017)."
"Bica 516","Reference: present study."
"Bica 519","Reference: present study."
"Teutsch 255","Reference: asterisms and cluster alikes by B. Alessi reported in DAML02."
"NGC 6322 Association,NGC 6322a","Reference: asterisms and cluster alikes by B. Alessi reported in DAML02."
"42 Lib Group","Reference: asterisms and cluster alikes by B. Alessi reported in DAML02."
"O'Neal 11","Reference: asterisms and cluster alikes by B. Alessi reported in DAML02."
"Bica 520","Reference: present study."
"O'Neal 12","Reference: asterisms and cluster alikes by B. Alessi reported in DAML02."
"Alessi J1758.0-4616","Reference: asterisms and cluster alikes by B. Alessi reported in DAML02."
"Mamajek 1652,Mamajek J1652.0-3800","Reference: asterisms and cluster alikes by B. Alessi reported in DAML02."
"Streicher 63","Reference: asterisms and cluster alikes by B. Alessi reported in DAML02."
"Streicher 71","Reference: asterisms reported by amateur astronomers in the web."
"Ruprecht 124,OCL 1005,ESO 333-9,MWSC 2602","Reference: web updates in DAML02, some were later removed (2003 to 2010)."
"Teutsch 258","Reference: asterisms and cluster alikes by B. Alessi reported in DAML02."
"Bica 521","Reference: present study."
"Teutsch 86,DSH J1715.7-3843","Reference: asterisms and cluster alikes by B. Alessi reported in DAML02."
"Teutsch J1703.3-3644","Reference: asterisms and cluster alikes by B. Alessi reported in DAML02."
"Harrington 8","Reference: the Preliminary Amateur Open Cluster Catalog, Version 08/03/2003."
"HD 143900 Group","Reference: asterisms and cluster alikes by B. Alessi reported in DAML02."
"Bica 522","Reference: present study."
"Alessi J1636.3-3127","Reference: asterisms and cluster alikes by B. Alessi reported in DAML02."
"Teutsch J1731.1-3953","Reference: asterisms and cluster alikes by B. Alessi reported in DAML02."
"LB 1,Lima-Bica 1","Reference: discoveries by our group members and communicated in the present work (2002 to 2017)."
"Alessi J1750.1-4128","Reference: asterisms and cluster alikes by B. Alessi reported in DAML02."
"LB 2,Lima-Bica 2","Reference: discoveries by our group members and communicated in the present work (2002 to 2017)."
"Bica 523","Reference: present study."
"ME 4,Mel`nik-Efremov 4,CLUST 4","Reference: asterisms and cluster alikes by B. Alessi reported in DAML02."
"Bica 524","Reference: present study."
"Teutsch J1747.7-4055","Reference: asterisms and cluster alikes by B. Alessi reported in DAML02."
"Bica 525","Reference: present study."
"LB 3,Lima-Bica 3","Reference: discoveries by our group members and communicated in the present work (2002 to 2017)."
"LB 4,Lima-Bica 4","Reference: discoveries by our group members and communicated in the present work (2002 to 2017)."
"Bica 526","Reference: present study."
"LB 5,Lima-Bica 5","Reference: discoveries by our group members and communicated in the present work (2002 to 2017)."
"LB 6,Lima-Bica 6","Reference: discoveries by our group members and communicated in the present work (2002 to 2017)."
"Bica 527","Reference: present study."
"LB 7,Lima-Bica 7","Reference: discoveries by our group members and communicated in the present work (2002 to 2017)."
"LB 8,Lima-Bica 8","Reference: discoveries by our group members and communicated in the present work (2002 to 2017)."
"Bica 528","Reference: present study."
"Bica 529","Reference: present study."
"Bica 530","Reference: present study."
"Bica 531","Reference: present study."
"Ryu 426,Bica 534","Reference: present study."
"Bica 533","Reference: present study."
"Bica 532","Reference: present study."
"Bica 535","Reference: present study."
"Bica 537","Reference: present study."
"Bica 536","Reference: present study."
"Alessi J1706.8-3433","Reference: asterisms and cluster alikes by B. Alessi reported in DAML02."
"LB 9,Lima-Bica 9","Reference: discoveries by our group members and communicated in the present work (2002 to 2017)."
"Bica 539","Reference: present study."
"Bica 538","Reference: present study."
"Bica 540","Reference: present study."
"Bica 542","Reference: present study."
"Ryu 429,Bica 541","Reference: present study."
"HD 194351 Group","Reference: asterisms and cluster alikes by B. Alessi reported in DAML02."
"Bica 543","Reference: present study."
"Bica 544","Reference: present study."
"LB 10,Lima-Bica 10","Reference: discoveries by our group members and communicated in the present work (2002 to 2017)."
"Bica 545","Reference: present study."
"LB 11,Lima-Bica 11","Reference: discoveries by our group members and communicated in the present work (2002 to 2017)."
"Bica 546","Reference: present study."
"LB 12,Lima-Bica 12","Reference: present study."
"Bica 547","Reference: present study."
"Bica 548","Reference: present study."
"Bica 550","Reference: present study."
"Bica 551","Reference: present study."
"Bica 553","Reference: present study."
"Bica 552","Reference: present study."
"HD 156154 Association","Reference: asterisms and cluster alikes by B. Alessi reported in DAML02."
"LB 13,Lima-Bica 13","Reference: present study."
"LB 14,Lima-Bica 14","Reference: present study."
"Karhula 15","Reference: asterisms and cluster alikes by B. Alessi reported in DAML02."
"BDSB 99,MWSC 2566","Reference: present study."
"LB 15,Lima-Bica 15","Reference: discoveries by our group members and communicated in the present work (2002 to 2017)."
"Bica 555","Reference: present study."
"Bica 554","Reference: present study."
"Bica 557","Reference: present study."
"Bica 556","Reference: present study."
"Bica 560","Reference: present study."
"Bica 559","Reference: present study."
"Bica 558","Reference: present study."
"LB 16,Lima-Bica 16","Reference: discoveries by our group members and communicated in the present work (2002 to 2017)."
"Bica 561","Reference: present study."
"Bica 562","Reference: present study."
"Bica 563","Reference: present study."
"Bica 565","Reference: present study."
"Bica 564","Reference: present study."
"Bica 566","Reference: present study."
"Bica 567","Reference: present study."
"NGC6334 XJ,Ryu 434","Reference: present study."
"Mamajek 1732,Mamajek J1732.0-3712","Reference: asterisms and cluster alikes by B. Alessi reported in DAML02."
"Alessi 183","Reference: asterisms and cluster alikes by B. Alessi reported in DAML02."
"Ryu 137,Bica 568","Reference: present study."
"LB 17,Lima-Bica 17","Reference: discoveries by our group members and communicated in the present work (2002 to 2017)."
"Bica 569","Reference: present study."
"Bica 570","Reference: present study."
"LB 18,Lima-Bica 18","Reference: discoveries by our group members and communicated in the present work (2002 to 2017)."
"Bica 571","Reference: present study."
"Bica 572","Reference: present study. Present study."
"Streicher 69","Reference: asterisms and cluster alikes by B. Alessi reported in DAML02."
"LB 19,Lima-Bica 19","Reference: discoveries by our group members and communicated in the present work (2002 to 2017)."
"Bica 574","Reference: present study."
"Bica 573","Reference: present study."
"Ferrero 2","Reference: the Preliminary Amateur Open Cluster Catalog, Version 08/03/2003. Asterisms and clusters by L. Ferrero."
"LB 20,Lima-Bica 20","Reference: discoveries by our group members and communicated in the present work (2002 to 2017)."
"LB 21,Lima-Bica 21","Reference: discoveries by our group members and communicated in the present work (2002 to 2017)."
"Lima 3","Reference: discoveries by our group members and communicated in the present work (2002 to 2017)."
"LB 22,Lima-Bica 22","Reference: discoveries by our group members and communicated in the present work (2002 to 2017)."
"LB 23,Lima-Bica 23","Reference: discoveries by our group members and communicated in the present work (2002 to 2017)."
"LB 25,Lima-Bica 25","Reference: discoveries by our group members and communicated in the present work (2002 to 2017)."
"LB 24,Lima-Bica 24","Reference: discoveries by our group members and communicated in the present work (2002 to 2017)."
"LB 26,Lima-Bica 26","Reference: discoveries by our group members and communicated in the present work (2002 to 2017)."
"LB 28,Lima-Bica 28","Reference: discoveries by our group members and communicated in the present work (2002 to 2017)."
"LB 27,Lima-Bica 27","Reference: discoveries by our group members and communicated in the present work (2002 to 2017)."
"LB 29,Lima-Bica 29","Reference: discoveries by our group members and communicated in the present work (2002 to 2017)."
"LB 30,Lima-Bica 30","Reference: discoveries by our group members and communicated in the present work (2002 to 2017)."
"Alessi 80A","Reference: list of clusters and alike reported by B. Alessi."
"LB 31,Lima-Bica 31","Reference: discoveries by our group members and communicated in the present work (2002 to 2017)."
"Bica 575","Reference: present study."
"Alessi 80B","Reference: list of clusters and alike reported by B. Alessi."
"LB 32,Lima-Bica 32","Reference: discoveries by our group members and communicated in the present work (2002 to 2017)."
"LB 34,Lima-Bica 34","Reference: discoveries by our group members and communicated in the present work (2002 to 2017)."
"LB 33,Lima-Bica 33","Reference: discoveries by our group members and communicated in the present work (2002 to 2017)."
"Bica 576","Reference: present study."
"Teutsch J1706.8-3218","Reference: asterisms and cluster alikes by B. Alessi reported in DAML02."
"ME 5,Mel`nik-Efremov 5,CLUST 5","Reference: asterisms and cluster alikes by B. Alessi reported in DAML02."
"Ryu 453,Bica 577","Reference: present study."
"LB 35,Lima-Bica 35","Reference: discoveries by our group members and communicated in the present work (2002 to 2017)."
"Ryu 457,Bica 578","Reference: present study."
"Bica 579","Reference: present study."
"LB 36,Lima-Bica 36","Reference: discoveries by our group members and communicated in the present work (2002 to 2017)."
"Bica 580","Reference: present study."
"Bica 581","Reference: present study."
"Bica 583","Reference: present study."
"Bica 582","Reference: present study."
"Bica 584","Reference: present study."
"LB 37,Lima-Bica 37","Reference: discoveries by our group members and communicated in the present work (2002 to 2017)."
"Bica 585","Reference: present study."
"Bica 586","Reference: present study."
"LB 38,Lima-Bica 38","Reference: discoveries by our group members and communicated in the present work (2002 to 2017)."
"Bica 587","Reference: present study."
"Bica 589","Reference: present study."
"Bica 588","Reference: present study."
"Bica 590","Reference: present study."
"Bica 591","Reference: present study."
"Bica 592","Reference: present study."
"Bica 593","Reference: present study."
"Bica 596","Reference: present study."
"Bica 595","Reference: present study."
"Bica 594","Reference: present study."
"ESO 392-11,AH03 J1725-34.4,BDSB 100,DBM 1,MDF 27,MGC 11,MGC A global,MWSC 2594,MWSC 2595","Reference: web updates in DAML02, some were later removed (2003 to 2010)."
"Bica 597","Reference: present study."
"LB 39,Lima-Bica 39","Reference: present study."
"Bica 598","Reference: present study."
"Bica 600","Reference: present study."
"Bica 599","Reference: present study."
"Bica 602","Reference: present study."
"LB 40,Lima-Bica 40","Reference: discoveries by our group members and communicated in the present work (2002 to 2017)."
"Bica 601","Reference: present study."
"Bica 604","Reference: present study."
"Bica 603","Reference: present study."
"LB 41,Lima-Bica 41","Reference: discoveries by our group members and communicated in the present work (2002 to 2017)."
"Bica 605","Reference: present study."
"Bica 606","Reference: present study."
"Ryu 467,Bica 607","Reference: present study."
"Bica 609","Reference: present study."
"Bica 608","Reference: present study."
"MGC 12,MGC BN","Reference: discoveries by our group members and communicated in the present work (2002 to 2017)."
"Ryu 142,Bica 610","Reference: present study."
"Bica 611","Reference: present study."
"LB 42,Lima-Bica 42","Reference: discoveries by our group members and communicated in the present work (2002 to 2017)."
"Bica 613","Reference: present study."
"Bica 612","Reference: present study."
"Bica 616","Reference: present study."
"Bica 615","Reference: present study."
"Bica 614","Reference: present study."
"LB 43,Lima-Bica 43","Reference: discoveries by our group members and communicated in the present work (2002 to 2017)."
"Bica 618","Reference: present study."
"LB 44,Lima-Bica 44","Reference: discoveries by our group members and communicated in the present work (2002 to 2017)."
"Bica 617","Reference: present study."
"LB 45,Lima-Bica 45","Reference: discoveries by our group members and communicated in the present work (2002 to 2017)."
"Bica 619","Reference: present study."
"LB 46,Lima-Bica 46","Reference: discoveries by our group members and communicated in the present work (2002 to 2017)."
"Bica 621","Reference: present study."
"Bica 620","Reference: present study."
"Alessi J1827.9-4100","Reference: the Preliminary Amateur Open Cluster Catalog, Version 08/03/2003. Asterisms and cluster alikes by B. Alessi reported in DAML02."
"Bica 622","Reference: present study."
"LB 48,Lima-Bica 48","Reference: discoveries by our group members and communicated in the present work (2002 to 2017)."
"LB 50,Lima-Bica 50","Reference: discoveries by our group members and communicated in the present work (2002 to 2017)."
"LB 49,Lima-Bica 49","Reference: discoveries by our group members and communicated in the present work (2002 to 2017)."
"Bonatto 1","Reference: discoveries by our group members and communicated in the present work (2002 to 2017)."
"LB 51,Lima-Bica 51","Reference: discoveries by our group members and communicated in the present work (2002 to 2017)."
"LB 52,Lima-Bica 52","Reference: discoveries by our group members and communicated in the present work (2002 to 2017)."
"LB 53,Lima-Bica 53","Reference: discoveries by our group members and communicated in the present work (2002 to 2017)."
"Mamajek 1625,Mamajek J1625.6-2326","Reference: asterisms and cluster alikes by B. Alessi reported in DAML02."
"Bonatto 2","Reference: discoveries by our group members and communicated in the present work (2002 to 2017)."
"Bica 623","Reference: present study."
"Bica 624","Reference: present study."
"Bonatto 3","Reference: discoveries by our group members and communicated in the present work (2002 to 2017)."
"Bica 625","Reference: present study."
"Alessi J1800.2-3724","Reference: asterisms and cluster alikes by B. Alessi reported in DAML02."
"Streicher 70","Reference: asterisms and cluster alikes by B. Alessi reported in DAML02."
"ASCC 90,Alessi 41,MWSC 2655","Reference: list of clusters and alike reported by B. Alessi."
"Riddle 16","Reference: asterisms and cluster alikes by B. Alessi reported in DAML02."
"LB 54,Lima-Bica 54","Reference: discoveries by our group members and communicated in the present work (2002 to 2017)."
"Bica 626","Reference: present study."
"LB 55,Lima-Bica 55","Reference: discoveries by our group members and communicated in the present work (2002 to 2017)."
"Teutsch J1744.5-3508","Reference: the Preliminary Amateur Open Cluster Catalog, Version 08/03/2003."
"NGC 6415,ESO 393-18,MWSC 2666","Reference: original NGC and IC catalogues at Vizier: NGC 2000.0, Sky Publishing, ed. Sinnott 1988 (1997yCat.7118....0S)."
"Ryu 482,Bica 628","Reference: present study."
"Bica 629","Reference: present study."
"LB 56,Lima-Bica 56","Reference: discoveries by our group members and communicated in the present work (2002 to 2017)."
"Bica 630","Reference: present study."
"Ruprecht 128,BH 243,OCL 1020,ESO 393-17,MWSC 2672","Reference: web updates in DAML02, some were later removed (2003 to 2010)."
"Alessi J1651.1-2653","Reference: asterisms and cluster alikes by B. Alessi reported in DAML02."
"NGC 6437,MWSC 2678","Reference: present study."
"Teutsch 257","Reference: asterisms and cluster alikes by B. Alessi reported in DAML02."
"Bica 631","Reference: present study."
"Bica 632","Reference: present study."
"Bica 633","Reference: present study."
"LB 57,Lima-Bica 57","Reference: discoveries by our group members and communicated in the present work (2002 to 2017)."
"Streicher 65","Reference: asterisms and cluster alikes by B. Alessi reported in DAML02."
"Trumpler 27w","Reference: present study."
"Trumpler 27e","Reference: present study."
"Antalova 4,MWSC 2624","Reference: web updates in DAML02, some were later removed (2003 to 2010)."
"NGC 6455,ESO 394-3","Reference: original NGC and IC catalogues at Vizier: NGC 2000.0, Sky Publishing, ed. Sinnott 1988 (1997yCat.7118....0S)."
"Alessi 75","Reference: list of clusters and alike reported by B. Alessi."
"NGC 6421,ESO 393-22,MWSC 2704","Reference: present study."
"DB 50,Dutra-Bica 50,MWSC 2636","Reference: web updates in DAML02, some were later removed (2003 to 2010)."
"Bica 634","Reference: present study."
"Bica 635","Reference: present study."
"HD 153567 Group","Reference: asterisms and cluster alikes by B. Alessi reported in DAML02."
"HD 156721 Group","Reference: asterisms and cluster alikes by B. Alessi reported in DAML02."
"TJ 5,Terzan-Ju 5","Reference: web updates in DAML02, some were later removed (2003 to 2010)."
"Bica 636","Reference: present study."
"Alessi 162","Reference: list of clusters and alike reported by B. Alessi."
"TJ 20,Terzan-Ju 20,C 1730-293,MWSC 2628","Reference: web updates in DAML02, some were later removed (2003 to 2010)."
"Teutsch J1805.4-3320","Reference: the Preliminary Amateur Open Cluster Catalog, Version 08/03/2003."
"Bica 637","Reference: present study."
"Bica 638","Reference: present study."
"Alessi J1751.2-3033","Reference: asterisms and cluster alikes by B. Alessi reported in DAML02."
"Teutsch J1754.9-3101","Reference: asterisms and cluster alikes by B. Alessi reported in DAML02."
"Bica 639","Reference: present study."
"Bica 7","Reference: present study."
"Mamajek 1844,Mamajek J1844.3-3539","Reference: asterisms and cluster alikes by B. Alessi reported in DAML02."
"Alessi 77","Reference: list of clusters and alike reported by B. Alessi."
"DB 58,Dutra-Bica 58,MWSC 2677","Reference: web updates in DAML02, some were later removed (2003 to 2010)."
