"GLON","GLAT","RA1950","DE1950","Name","Class","Diam","Dist","Mag1","SpType","Code1","IntMag","Code2","ColorEx","Code3","_RA.icrs","_DE.icrs","RA","DEC"
0.01,-8.86,"18 18.5","-33 16","Ruprecht_140","32p",3.5,"nan",11.0,"nan","nan","nan","nan","nan","nan","18 21 47.4","-33 14 32",275.45459,-33.24114
0.14,-0.77,"17 45.8","-29 12","Ruprecht_131","31p",6.0,"nan",11.0,"nan","nan","nan","nan","nan","nan","17 48 59.1","-29 12 55",267.24158,-29.2153
0.27,-1.66,"17 49.6","-29 33","Ruprecht_134","31p",4.0,"nan",12.0,"nan","nan","nan","nan","nan","nan","17 52 47.6","-29 33 38",268.19558,-29.55885
0.59,-0.59,"17 46.2","-28 43","Collinder_351","42p",8.0,"nan","nan","nan","nan",9.3,"nan","nan","nan","17 49 22.4","-28 43 53",267.3299,-28.73686
0.97,-1.17,"17 49.3","-28 42","Ruprecht_133","32p",4.0,"nan",12.0,"nan","nan","nan","nan","nan",1.0,"17 52 28.3","-28 42 40",268.11983,-28.70713
1.23,-1.12,"17 49.7","-28 27","Ruprecht_168","21p",3.0,"nan",12.0,"nan","nan","nan","nan","nan","nan","17 52 52.0","-28 27 38",268.22132,-28.45787
2.22,-0.63,"17 50.1","-27 21","Czernik_37","32p",3.0,"nan","nan","nan","nan","nan","nan","nan","nan","17 53 14.3","-27 21 36",268.31269,-27.35631
2.25,-2.32,"17 56.7","-28 11","Trumpler_31","31p",5.0,1000.0,"nan","nan",4.0,9.8,"nan","nan","nan","17 59 51.6","-28 11 08",269.98167,-28.17862
2.87,-2.85,"18 00.2","-27 54","NGC_6520","12m",5.0,1650.0,9.0,"O",1.0,7.6,2.0,"nan","nan","18 03 21.2","-27 53 52",270.85011,-27.90115
3.61,-3.27,"18 03.5","-27 28","Collinder_468","32p",1.5,"nan","nan","nan","nan",13.4,"nan","nan","nan","18 06 38.5","-27 27 38",271.67108,-27.46081
4.85,-0.83,"17 56.8","-25 11","Ruprecht_137","31p",3.0,"nan",13.0,"nan","nan","nan","nan","nan","nan","17 59 53.2","-25 11 07",269.97889,-25.18286
5.15,-0.47,"17 56.4","-24 47","Ruprecht_169","12pu",1.0,"nan",14.0,"nan","nan","nan","nan","nan","nan","17 59 28.6","-24 47 09",269.79917,-24.74349
5.19,-0.55,"17 56.2","-24 42","Ruprecht_136","22p",2.2,"nan",13.0,"nan","nan","nan","nan","nan","nan","17 59 16.5","-24 42 10",269.89749,-24.74865
5.29,-0.59,"17 56.9","-24 41","Ruprecht_138","32p",4.0,"nan",13.0,"nan","nan","nan","nan","nan","nan","17 59 58.5","-24 41 07",269.99044,-24.6818
6.13,-1.36,"18 01.7","-24 20","NGC_6530, Lagoon, Messier_8","22mn",14.0,1600.0,6.0,"O5",3.0,5.1,3.0,0.32,"nan","18 04 46.0","-24 19 46",271.18195,-24.33127
6.41,-0.26,"17 58.1","-23 33","Ruprecht_139","43p",10.0,"nan",12.0,"nan","nan","nan","nan","nan",1.0,"18 01 08.9","-23 33 02",270.28552,-23.54571
6.5,1.98,"17 49.9","-22 20","NGC_6469","32p",15.0,1600.0,"nan","B8",1.0,8.2,"nan","nan","nan","17 52 55.2","-22 20 38",268.23005,-22.3444
6.97,-2.17,"18 06.5","-24 00","Collinder_367","43pn",35.0,"nan","nan","B1","nan",6.4,"nan","nan","nan","18 09 33.5","-23 59 25",272.40514,-23.99141
6.99,-0.25,"17 59.3","-23 02","NGC_6514, Trifid","n",25.0,1600.0,6.0,"O5",4.0,5.2,2.0,0.3,"nan","18 02 20.2","-23 01 56",270.58833,-23.03666
7.31,-1.37,"18 04.2","-23 19","NGC_6546","32m",13.0,830.0,"nan","nan",3.0,8.2,"nan","nan","nan","18 07 14.6","-23 18 35",271.82087,-23.30653
7.62,24.66,"16 33.8","-08 51","Dolidze_27","31p",24.0,"nan","nan","nan","nan","nan","nan","nan",1.0,"16 36 31.5","-08 57 03",249.13047,-8.94909
7.72,-0.44,"18 01.6","-22 30","NGC_6531","13m",12.0,1300.0,8.0,"B0",3.0,7.2,2.0,0.27,"nan","18 04 37.5","-22 29 46",271.15722,-22.49461
9.28,-2.54,"18 12.8","-22 09","NGC_6583","21m",3.0,"nan","nan","nan","nan",10.0,"nan","nan","nan","18 15 48.9","-22 07 57",273.95891,-22.1419
9.43,-1.66,"18 09.8","-21 37","NGC_6568","31m",15.0,"nan","nan","nan","nan",8.6,"nan","nan","nan","18 12 48.2","-21 36 11",273.20251,-21.59045
9.85,2.85,"17 53.9","-19 01","NGC_6494","31m",27.0,660.0,10.0,"B9",3.0,5.9,"nan",0.38,"nan","17 56 50.8","-19 01 20",269.22917,-19.01486
11.39,-1.69,"18 14.0","-19 54","NGC_6595","n",12.0,"nan","nan","nan","nan",7.0,"nan","nan",3.0,"18 16 57.9","-19 52 52",274.22946,-19.88255
11.58,3.1,"17 56.7","-17 24","NGC_6507","42p",7.5,"nan",12.0,"nan","nan",9.6,"nan","nan","nan","17 59 36.7","-17 24 08",269.90622,-17.39199
11.99,-0.93,"18 12.3","-19 01","Markarian_38","11p",2.0,1000.0,"nan","B0","nan","nan","nan","nan","nan","18 15 14.8","-19 00 00",273.82302,-18.99344
12.43,-3.22,"18 21.8","-19 43","Trumpler_33","23p",6.0,1300.0,"nan","nan",3.0,8.8,"nan",0.63,"nan","18 24 45.6","-19 41 18",276.18354,-19.68379
12.8,-0.8,"18 13.5","-18 14","Collinder_469","22p",5.0,1970.0,"nan","nan",2.0,10.9,"nan",0.26,"nan","18 16 25.7","-18 12 55",274.10927,-18.21933
12.86,-1.32,"18 15.5","-18 26","NGC_6603","11r",5.0,2880.0,14.0,"nan",1.0,11.1,"nan",0.61,"nan","18 18 26.0","-18 24 46",274.62147,-18.41314
13.58,-4.48,"18 28.7","-19 17","IC_4725","12p",30.0,580.0,8.0,"B5",3.0,6.2,2.0,0.45,"nan","18 31 38.9","-19 14 48",277.93045,-19.2464
14.08,-9.7,"18 49.6","-21 11","Ruprecht_146","32p",2.2,"nan",12.0,"nan","nan","nan","nan","nan","nan","18 52 35.0","-21 07 18",283.14944,-21.1182
14.15,-1.01,"18 17.0","-17 09","NGC_6613","23pn",9.0,"nan","nan","B3","nan",7.5,2.0,"nan","nan","18 19 54.3","-17 07 39",274.97438,-17.12995
14.29,-0.28,"18 14.6","-16 41","NGC_6596","32m","nan","nan","nan","nan","nan","nan","nan","nan",1.0,"18 17 29.7","-16 39 50",274.37148,-16.66121
14.84,-9.56,"18 50.5","-20 27","Collinder_394","42m",22.0,"nan","nan","nan","nan",6.3,"nan","nan","nan","18 53 28.0","-20 23 15",283.35908,-20.38158
14.97,-79.26,"00 01.7","-30 13","BLANCO_1","32m",90.0,250.0,8.0,"B5",1.0,"nan","nan",0.7,"nan","00 04 15.3","-29 56 18",1.05474,-29.94328
15.09,-0.74,"18 17.9","-16 12","NGC_6618, Omega","32pn",17.0,1500.0,"nan","B0",1.0,7.3,2.0,"nan","nan","18 20 47.1","-16 10 35",275.18833,-16.17377
15.25,-3.57,"18 28.6","-17 23","NGC_6647","nan","nan","nan","nan","nan","nan",8.0,"nan","nan",3.0,"18 31 30.5","-17 20 49",277.88239,-17.34874
15.4,-9.58,"18 51.6","-19 57","NGC_6716","41p",8.0,"nan","nan","B5","nan",7.5,"nan","nan","nan","18 54 33.3","-19 53 10",283.63163,-19.89184
15.73,0.62,"18 14.2","-14 59","NGC_6605","nan","nan","nan","nan","nan","nan",6.0,"nan","nan",3.0,"18 17 03.6","-14 57 52",274.25872,-14.96658
15.77,-3.59,"18 29.7","-16 56","NGC_6645","31m",13.0,"nan",10.0,"B9",1.0,8.5,"nan","nan","nan","18 32 35.9","-16 53 44",278.15013,-16.89677
16.39,6.22,"17 55.4","-11 41","Ruprecht_135","11p",5.0,"nan",12.0,"nan","nan","nan","nan","nan","nan","17 58 11.6","-11 41 14",269.54713,-11.68312
16.48,-3.11,"18 29.3","-16 05","Ruprecht_171","21m",7.0,"nan",14.0,"nan","nan","nan","nan","nan","nan","18 32 10.9","-16 02 46",278.04469,-16.04674
16.62,-7.94,"18 47.6","-18 09","Ruprecht_145","31m",32.0,"nan",10.0,"nan","nan","nan","nan","nan","nan","18 50 31.2","-18 05 27",282.6242,-18.09294
16.96,-1.01,"18 22.5","-14 41","Dolidze_28","42p",12.0,"nan","nan","nan","nan","nan","nan","nan","nan","18 25 21.2","-14 39 16",276.34513,-14.64885
16.99,0.79,"18 16.0","-13 48","NGC_6611","23mn",20.0,2500.0,6.0,"O6",3.0,6.5,3.0,0.8,"nan","18 18 50.1","-13 46 44",274.72056,-13.77658
17.21,1.28,"18 14.7","-13 22","Trumpler_32","12m",5.0,"nan","nan","nan","nan",12.2,"nan","nan","nan","18 17 31.6","-13 20 50",274.38373,-13.35082
18.26,1.69,"18 15.3","-12 15","NGC_6604","13pn",3.0,700.0,"nan","O9",1.0,7.5,2.0,"nan","nan","18 18 06.2","-12 13 47",274.52324,-12.23219
18.78,-1.36,"18 27.3","-13 14","NGC_6639","42p","nan","nan","nan","nan",2.0,"nan","nan",0.58,1.0,"18 30 07.4","-13 11 55",277.53579,-13.20041
19.01,0.67,"18 20.4","-12 05","NGC_6625","nan","nan","nan","nan","nan","nan",9.0,"nan","nan",3.0,"18 23 12.0","-12 03 25",275.80485,-12.0511
19.47,-0.19,"18 24.4","-12 04","NGC_6631","22m",4.5,"nan","nan","nan","nan",11.7,"nan","nan","nan","18 27 12.0","-12 02 07",276.8021,-12.04615
19.7,-1.2,"18 28.5","-12 21","Ruprecht_141","32m",7.0,"nan",12.0,"nan","nan","nan","nan","nan","nan","18 31 18.3","-12 18 50",277.82659,-12.31095
19.85,-1.34,"18 29.3","-12 17","Ruprecht_142","32m",2.5,"nan",13.0,"nan","nan","nan","nan","nan","nan","18 32 06.2","-12 14 46",278.02456,-12.24262
20.01,-1.4,"18 29.8","-12 10","Ruprecht_143","32m",3.7,"nan",14.0,"nan","nan","nan","nan","nan","nan","18 32 36.0","-12 07 44",278.15453,-12.1284
20.72,-1.24,"18 30.6","-11 28","Ruprecht_144","11p",5.0,"nan",12.0,"nan","nan","nan","nan","nan","nan","18 33 23.2","-11 25 41",278.34384,-11.42477
21.0,1.18,"18 22.4","-10 05","Ruprecht_170","41p",2.5,"nan",13.0,"nan","nan","nan","nan","nan","nan","18 25 09.6","-10 03 16",276.29403,-10.05394
21.02,-12.81,"19 13.8","-16 22","Ruprecht_147","32m",35.0,"nan",9.0,"nan","nan","nan","nan","nan","nan","19 16 40.3","-16 16 37",289.17229,-16.27384
21.64,-0.78,"18 30.7","-10 26","NGC_6649","22m",7.0,1300.0,9.0,"nan",1.0,10.0,"nan",1.2,"nan","18 33 27.9","-10 23 40",278.36004,-10.39644
23.86,-2.92,"18 42.5","-09 27","NGC_6694","11m",9.0,1550.0,11.0,"B5",3.0,9.0,2.0,0.58,"nan","18 45 14.7","-09 23 49",281.32224,-9.40282
23.95,-0.5,"18 34.0","-08 16","NGC_6664","32m",18.0,1300.0,9.0,"B3",3.0,8.5,"nan",0.63,"nan","18 36 43.4","-08 13 26",279.18556,-8.21693
24.07,-1.3,"18 37.1","-08 32","Trumpler_34","22m",9.0,"nan","nan","nan","nan",11.6,"nan","nan","nan","18 39 49.6","-08 29 13",279.95969,-8.4772
24.74,1.41,"18 28.7","-06 40","Dolidze_29","nan",18.0,"nan","nan","nan","nan","nan","nan","nan",1.0,"18 31 23.5","-06 37 49",277.84321,-6.63565
24.96,0.54,"18 32.2","-06 53","Dolidze_31","41p",18.0,"nan","nan","nan","nan","nan","nan","nan",1.0,"18 34 53.7","-06 50 34",278.72267,-6.84176
25.45,1.36,"18 30.2","-06 04","Dolidze_30","nan",18.0,"nan","nan","nan","nan","nan","nan","nan",1.0,"18 32 52.8","-06 01 42",278.21749,-6.02909
26.28,-0.81,"18 39.5","-06 20","NGC_6683","12p",7.0,1250.0,"nan","B4",1.0,9.5,"nan","nan","nan","18 42 11.1","-06 17 02",280.5397,-6.2882
26.74,14.67,"17 45.6","+01 19","Collinder_350","42p",45.0,"nan","nan","nan","nan",6.1,"nan","nan","nan","17 48 08.3","+01 18 03",267.01427,1.29582
27.31,-2.77,"18 48.4","-06 20","NGC_6705","12r",12.0,1720.0,11.0,"B8",3.0,6.1,3.0,0.4,2.0,"18 51 05.0","-06 16 24",282.76683,-6.26464
27.36,-1.93,"18 45.5","-05 54","Basel_1","12m",9.0,1460.0,"nan","B4",1.0,"nan","nan","nan","nan","18 48 10.5","-05 50 37",282.03727,-5.83831
27.77,0.02,"18 39.3","-04 38","Dolidze_34","43p",4.0,"nan","nan","nan","nan","nan","nan","nan",1.0,"18 41 57.1","-04 35 03",280.48283,-4.58361
27.78,0.37,"18 38.0","-04 27","Dolidze_33","42p",7.0,"nan","nan","nan","nan","nan","nan","nan",1.0,"18 40 38.9","-04 24 09",280.17526,-4.41453
28.03,0.56,"18 37.8","-04 09","Dolidze_32","12p",12.0,"nan","nan","nan","nan","nan","nan","nan","nan","18 40 26.5","-04 06 10",280.12066,-4.10529
28.23,-2.23,"18 48.2","-05 16","NGC_6704","13m",5.0,1810.0,12.0,"B2",1.0,9.3,"nan","nan","nan","18 50 51.8","-05 12 25",282.70303,-5.20052
28.29,-0.01,"18 40.3","-04 11","Trumpler_35","22p",7.0,1610.0,"nan","B4",3.0,10.0,"nan",1.2,"nan","18 42 56.6","-04 07 59",280.74808,-4.13489
29.75,12.54,"17 58.6","+02 54","Melotte_186","43m",240.0,200.0,"nan","B3","nan",3.0,"nan","nan","nan","18 01 06.4","+02 53 59",270.25479,2.91085
30.61,17.08,"17 43.8","+05 44","IC_4665","32p",45.0,430.0,6.0,"B4",3.0,5.3,3.0,"nan","nan","17 46 15.1","+05 42 55",266.57271,5.708
31.14,0.84,"18 42.6","-01 16","Berkeley_79","23m",10.0,"nan",15.0,"nan","nan","nan","nan","nan","nan","18 45 11.2","-01 12 49",281.2945,-1.21144
32.17,-1.25,"18 51.9","-01 19","Berkeley_80","22p",4.0,"nan",15.0,"nan","nan","nan","nan","nan","nan","18 54 29.2","-01 15 09",283.62475,-1.24796
33.63,-2.49,"18 59.0","-00 35","Berkeley_81","33m",8.0,"nan",15.0,"nan","nan","nan","nan","nan","nan","19 01 34.4","-00 30 39",285.39378,-0.51437
35.73,-33.95,"20 56.3","-12 50","NGC_6994","41p",2.4,"nan",10.0,"nan","nan",8.9,"nan","nan",1.0,"20 59 02.6","-12 38 18",314.74838,-12.62761
36.09,8.28,"18 25.1","+06 32","NGC_6633","32m",28.0,320.0,8.0,"B6",3.0,5.6,3.0,0.17,"nan","18 27 32.2","+06 33 55",276.89054,6.55666
36.29,29.19,"17 08.3","+15 36","Dol-Dzim_7","31p",20.0,"nan","nan","F0","nan","nan","nan","nan","nan","17 10 33.6","+15 32 21",257.62529,15.53923
36.37,5.26,"18 36.5","+05 24","IC_4756","32m",60.0,"nan",8.0,"B7",4.0,5.4,"nan","nan","nan","18 38 57.5","+05 26 44",279.72919,5.44845
37.12,2.64,"18 47.2","+04 52","Czernik_38","23r",14.0,"nan","nan","nan","nan","nan","nan","nan","nan","18 49 40.2","+04 55 30",282.41506,4.92952
38.55,-1.7,"19 05.3","+04 09","NGC_6755","42m",20.0,1500.0,11.0,"B2",3.0,8.6,"nan",0.93,"nan","19 07 47.1","+04 13 47",286.94327,4.21857
38.6,-1.62,"19 05.1","+04 13","Czernik_39","22m",7.0,"nan","nan","nan","nan","nan","nan","nan","nan","19 07 35.0","+04 17 46",286.89506,4.29972
38.64,-10.26,"19 35.8","+00 13","Collinder_401","42m",1.3,"nan","nan","nan","nan",7.0,1.0,"nan",1.0,"19 38 21.5","+00 19 52",294.58076,0.33719
39.06,-1.69,"19 06.2","+04 36","NGC_6756","12m",4.0,1650.0,13.0,"B3",1.0,10.6,"nan","nan","nan","19 08 40.6","+04 40 51",287.1695,4.67584
42.16,4.7,"18 49.1","+10 17","NGC_6709","32m",15.0,950.0,9.0,"B5",3.0,7.4,2.0,0.3,"nan","18 51 27.9","+10 20 38",282.85678,10.34678
44.4,3.09,"18 59.1","+11 32","NGC_6738","42p",14.0,"nan","nan","nan","nan",8.3,"nan","nan","nan","19 01 26.6","+11 36 21",285.34933,11.61132
45.65,-0.17,"19 13.2","+11 08","Berkeley_43","42p",6.0,"nan",15.0,"nan","nan","nan","nan","nan","nan","19 15 33.3","+11 13 20",288.88863,11.22022
46.82,1.58,"19 09.1","+12 59","Berkeley_82","32p",4.0,"nan",14.0,"nan","nan","nan","nan","nan","nan","19 11 25.0","+13 04 02",287.85762,13.06826
47.04,28.82,"17 24.1","+24 14","Dol-Dzim_8","42p",14.0,"nan","nan","A5","nan","nan","nan","nan",1.0,"17 26 10.1","+24 11 28",261.53851,24.19713
47.23,-2.33,"19 24.0","+11 30","Dolidze_35","31p",8.0,"nan","nan","nan","nan","nan","nan","nan",1.0,"19 26 21.1","+11 36 04",291.59088,11.59997
48.87,-0.94,"19 22.2","+13 36","King_25","31m",5.0,"nan","nan","nan","nan","nan","nan","nan","nan","19 24 30.6","+13 41 57",291.13256,13.70222
50.03,1.15,"19 16.9","+15 37","Berkeley_45","22p",4.0,"nan",15.0,"nan","nan","nan","nan","nan","nan","19 19 10.1","+15 42 35",289.79094,15.70965
50.41,-1.33,"19 26.7","+14 46","King_26","23p",1.0,"nan","nan","nan","nan","nan","nan","nan","nan","19 28 59.4","+14 52 15",292.24238,14.87102
52.6,-0.05,"19 26.4","+17 18","Berkeley_47","42p",6.0,"nan",16.0,"nan","nan","nan","nan","nan","nan","19 28 38.4","+17 24 14",292.16214,17.40631
53.22,3.36,"19 15.0","+19 28","Berkeley_44","22p",6.0,"nan",16.0,"nan","nan","nan","nan","nan","nan","19 17 11.4","+19 33 27",289.29852,19.55973
54.62,-3.42,"19 42.8","+17 24","Roslund_1","32p","nan","nan","nan","nan","nan","nan","nan","nan","nan","19 45 02.9","+17 31 19",296.27863,17.52433
54.68,1.96,"19 23.2","+20 05","Collinder_399","32p",70.0,"nan","nan","nan","nan",4.8,3.0,"nan","nan","19 25 22.9","+20 11 00",291.34038,20.19196
55.34,0.93,"19 28.4","+20 10","NGC_6802","31m",4.5,990.0,14.0,"B6",3.0,11.7,"nan",0.81,"nan","19 30 35.0","+20 16 22",292.64062,20.28074
56.19,3.34,"19 21.0","+22 05","NGC_6793","42p","nan","nan","nan","nan","nan","nan","nan","nan","nan","19 23 08.3","+22 10 51",290.79808,22.17283
56.3,-4.67,"19 50.9","+18 12","Harvard_20","32p",8.0,"nan","nan","nan",1.0,9.6,3.0,"nan","nan","19 53 08.3","+18 19 51",298.30056,18.34301
57.5,-1.08,"19 40.4","+21 04","Czernik_40","22m",5.0,"nan","nan","nan","nan","nan","nan","nan","nan","19 42 34.5","+21 11 09",295.64379,21.18458
58.1,22.27,"18 06.9","+31 31","Dol-Dzim_9","32p",34.0,"nan","nan","F0","nan","nan","nan","nan","nan","18 08 46.8","+31 31 34",272.18795,31.5379
58.24,-2.35,"19 46.7","+21 04","Berkeley_48","13m",4.0,"nan",15.0,"nan","nan","nan","nan","nan","nan","19 48 52.8","+21 11 34",297.22002,21.18864
58.81,-4.68,"19 56.5","+20 21","Roslund_3","32p","nan","nan","nan","nan","nan","nan","nan","nan","nan","19 58 42.1","+20 29 12",299.67303,20.48382
59.24,3.93,"19 25.1","+25 02","NGC_6800","32p","nan","nan",10.0,"A","nan","nan","nan","nan","nan","19 27 10.7","+25 08 08",291.79523,25.13579
59.41,-0.15,"19 41.0","+23 11","NGC_6823","13p","nan","nan","nan","nan","nan","nan","nan","nan","nan","19 43 07.9","+23 18 12",295.79757,23.30407
60.14,-1.83,"19 48.9","+22 57","NGC_6830","22p",17.0,1470.0,10.0,"B0",3.0,8.9,3.0,0.52,"nan","19 51 02.6","+23 04 43",297.77654,23.08861
60.21,-0.29,"19 43.3","+23 48","Roslund_2","42p","nan","nan","nan","nan","nan","nan","nan","nan","nan","19 45 25.2","+23 55 21",296.36595,23.92728
60.24,2.26,"19 33.7","+25 06","Stock_1","42p",60.0,"nan","nan","A0",1.0,"nan","nan","nan","nan","19 35 47.0","+25 12 43",293.94355,25.21194
60.88,43.89,"16 25.6","+38 11","Dol-Dzim_5","31p",27.0,"nan","nan","F2","nan","nan","nan","nan",1.0,"16 27 21.6","+38 04 22",246.83227,38.07726
61.5,40.37,"16 43.6","+38 22","Dol-Dzim_6","42p",17.0,"nan","nan","F5","nan","nan","nan","nan",1.0,"16 45 19.8","+38 16 36",251.34092,38.28702
61.87,-0.67,"19 48.5","+25 02","Czernik_41","43m",9.0,"nan","nan","nan","nan","nan","nan","nan",1.0,"19 50 36.0","+25 09 41",297.64841,25.16787
62.22,2.05,"19 38.9","+26 43","NGC_6815","42p","nan","nan","nan","nan","nan","nan","nan","nan",1.0,"19 40 57.2","+26 50 03",295.22512,26.83455
65.53,-4.07,"20 09.9","+26 20","NGC_6885","32p",25.0,590.0,6.0,"B5",3.0,5.7,3.0,0.08,"nan","20 11 59.9","+26 29 02",303.0005,26.48104
65.55,-3.98,"20 09.6","+26 24","NGC_6882","22p",15.0,590.0,11.0,"B5",3.0,5.7,3.0,0.08,"nan","20 11 41.8","+26 33 01",302.92841,26.54689
65.7,1.18,"19 50.2","+29 17","NGC_6834","22m",7.0,2300.0,11.0,"B2",3.0,9.7,"nan",0.72,"nan","19 52 12.6","+29 24 47",298.05985,29.40535
66.07,-0.93,"19 59.3","+28 29","Berkeley_83","43p",4.0,"nan",17.0,"nan","nan","nan","nan","nan",1.0,"20 01 20.3","+28 37 22",300.34064,28.62367
66.37,16.52,"18 46.2","+36 48","Iskudarian_1","nan",110.0,250.0,"nan","nan","nan","nan","nan","nan","nan","18 47 56.8","+36 51 24",281.98748,36.85771
66.85,15.51,"18 51.8","+36 51","Stephenson_1","33p",20.0,"nan","nan","B5","nan","nan","nan","nan",1.0,"18 53 33.0","+36 54 48",283.37449,36.90339
66.96,-1.26,"20 02.9","+29 04","Roslund_4","42pn","nan","nan","nan","nan","nan","nan","nan","nan","nan","20 04 55.8","+29 12 36",301.20034,29.20194
66.98,0.88,"19 54.4","+30 13","NGC_6846","41p",0.6,"nan",15.0,"nan","nan",14.2,"nan","nan","nan","19 56 23.6","+30 21 04",299.11739,30.34717
67.9,-3.14,"20 12.3","+28 49","Berkeley_52","22m",4.0,"nan",18.0,"nan","nan","nan","nan","nan","nan","20 14 21.0","+28 58 11",303.59032,28.9684
69.9,-7.16,"20 32.5","+28 08","NGC_6940","32m",20.0,800.0,11.0,"B8",3.0,7.2,3.0,0.24,"nan","20 34 35.7","+28 18 22",308.64656,28.30756
70.01,10.96,"19 19.0","+37 45","NGC_6791","23r",15.0,5100.0,15.0,"F2",4.0,"nan",2.0,"nan",2.0,"19 20 45.1","+37 50 42",290.18491,37.84174
70.9,1.23,"20 02.9","+33 43","Berkeley_84","31p",4.0,"nan",16.0,"nan","nan","nan","nan","nan","nan","20 04 49.4","+33 51 36",301.2053,33.86255
70.98,2.5,"19 57.9","+34 28","Berkeley_49","42p",4.0,"nan",16.0,"nan","nan","nan","nan","nan","nan","19 59 47.8","+34 36 17",299.95353,34.60303
71.4,0.25,"20 08.1","+33 37","Roslund_5","43p","nan","nan","nan","nan","nan","nan","nan","nan","nan","20 10 02.1","+33 45 55",302.52288,33.75389
72.12,0.24,"20 10.1","+34 12","Berkeley_51","33p",4.0,"nan",15.0,"nan","nan","nan","nan","nan","nan","20 12 01.5","+34 21 02",303.00875,34.35092
72.42,0.84,"20 08.5","+34 47","Berkeley_50","12p",4.0,"nan",14.0,"nan","nan","nan","nan","nan","nan","20 10 24.5","+34 55 56",302.59831,34.93055
72.64,2.08,"20 04.0","+35 38","NGC_6871","43p",30.0,1650.0,"nan","O6",3.0,5.8,"nan",0.46,"nan","20 05 52.7","+35 46 40",301.46568,35.78657
72.73,1.75,"20 05.6","+35 32","Biurakan_1","32p",15.0,"nan","nan","nan","nan","nan","nan","nan","nan","20 07 29.0","+35 40 46",301.86799,35.68484
72.76,1.35,"20 07.3","+35 20","Biurakan_2","32p",13.0,"nan",16.0,"nan","nan","nan","nan","nan","nan","20 09 11.5","+35 28 52",302.30146,35.49343
73.15,1.0,"20 09.8","+35 29","Ruprecht_172","13p",4.0,"nan",12.0,"nan","nan","nan","nan","nan","nan","20 11 41.6","+35 38 01",302.92362,35.62901
73.29,1.19,"20 09.4","+35 42","NGC_6883","13p",11.0,1380.0,"nan","B3",3.0,8.0,"nan",0.49,"nan","20 11 17.2","+35 51 00",302.82235,35.85023
73.52,2.1,"20 06.3","+36 24","Dolidze_1","41p",6.0,"nan","nan","nan","nan","nan","nan","nan",1.0,"20 08 09.8","+36 32 48",302.03139,36.53835
73.96,3.57,"20 01.2","+37 33","Dolidze_37","nan",8.0,"nan","nan","nan","nan","nan","nan","nan",1.0,"20 03 01.4","+37 41 29",300.76874,37.6961
73.98,8.47,"19 39.6","+40 04","NGC_6819","11r",8.0,"nan",11.0,"nan","nan",9.5,"nan","nan","nan","19 41 18.8","+40 11 05",295.33882,40.18338
74.56,0.98,"20 13.8","+36 38","Dolidze_3","32p",15.0,"nan","nan","O","nan","nan","nan","nan","nan","20 15 40.3","+36 47 16",303.90988,36.79293
74.71,0.57,"20 15.9","+36 31","Dolidze_4","41p",7.0,"nan","nan","O","nan","nan","nan","nan",1.0,"20 17 46.8","+36 40 23",304.43875,36.68812
75.36,1.31,"20 14.6","+37 29","IC_4996","13p",6.0,1620.0,8.0,"B0",3.0,7.1,3.0,0.64,"nan","20 16 27.1","+37 38 19",304.12585,37.64091
75.55,1.44,"20 14.6","+37 43","Dolidze_39","31m",13.0,"nan","nan","nan","nan","nan","nan","nan","nan","20 16 26.8","+37 52 19",304.12357,37.87108
75.68,0.96,"20 17.0","+37 33","Berkeley_85","42m",8.0,"nan",15.0,"nan","nan","nan","nan","nan","nan","20 18 51.3","+37 42 27",304.71867,37.70945
75.71,0.31,"20 19.8","+37 12","Berkeley_87","42p",10.0,"nan",13.0,"O","nan","nan","nan","nan","nan","20 21 40.2","+37 21 37",305.41558,37.3659
75.73,1.13,"20 16.4","+37 41","Dolidze_40","32p",12.0,"nan","nan","nan","nan","nan","nan","nan","nan","20 18 15.0","+37 50 25",304.5765,37.84646
76.13,1.05,"20 17.9","+37 58","Dolidze_42","42p",11.0,"nan","nan","nan","nan","nan","nan","nan","nan","20 19 44.8","+38 07 31",304.94644,38.13165
76.63,-4.02,"20 39.8","+35 22","Ruprecht_173","33p",40.0,"nan",8.0,"nan","nan","nan","nan","nan","nan","20 41 45.4","+35 32 47",310.43433,35.54739
76.64,4.65,"20 04.0","+40 23","Dol-Dzim_10","41p",20.0,"nan","nan","A0","nan","nan","nan","nan","nan","20 05 45.1","+40 31 39",301.41793,40.53479
76.66,1.26,"20 18.6","+38 32","Berkeley_86","13p",8.0,"nan",13.0,"nan","nan","nan","nan","nan","nan","20 20 26.0","+38 41 33",305.10829,38.68735
76.92,0.6,"20 22.1","+38 22","NGC_6913","33p",7.0,1250.0,9.0,"B0",3.0,7.5,2.0,1.02,"nan","20 23 56.7","+38 31 46",305.9917,38.52422
77.02,-4.6,"20 43.2","+35 19","Ruprecht_175","32p",9.0,"nan",11.0,"nan","nan","nan","nan","nan","nan","20 45 10.0","+35 29 58",311.29007,35.49677
77.22,4.99,"20 04.0","+41 03","Dolidze_38","32p",18.0,"nan","nan","nan","nan","nan","nan","nan",1.0,"20 05 43.9","+41 11 39",301.44399,41.20504
77.24,1.64,"20 18.7","+39 13","Dolidze_5","42p",7.0,"nan","nan","nan","nan","nan","nan","nan","nan","20 20 30.9","+39 22 33",305.12822,39.38042
77.67,5.99,"20 00.8","+41 58","Dolidze_36","41p",14.0,"nan","nan","nan","nan","nan","nan","nan",1.0,"20 02 29.8","+42 06 27",300.62326,42.11316
77.7,4.25,"20 08.7","+41 04","IC_1311","23r",7.0,"nan",17.0,"nan","nan",13.1,"nan","nan",2.0,"20 10 26.5","+41 12 57",302.61527,41.21092
77.84,1.78,"20 19.9","+39 47","Dolidze_43","42p",20.0,"nan","nan","nan","nan","nan","nan","nan",1.0,"20 21 42.2","+39 56 38",305.42096,39.95357
78.04,-3.38,"20 41.6","+36 52","Ruprecht_174","22p",5.0,"nan",14.0,"nan","nan","nan","nan","nan","nan","20 43 31.6","+37 02 53",310.88065,37.05073
78.09,2.79,"20 16.3","+40 34","Collinder_419","42p",4.0,"nan","nan","B2","nan",5.4,"nan","nan","nan","20 18 04.4","+40 43 25",304.51254,40.73018
78.12,0.27,"20 27.0","+39 13","Roslund_6","43p","nan","nan","nan","nan","nan","nan","nan","nan","nan","20 28 50.1","+39 23 03",307.23174,39.31035
78.12,-5.23,"20 49.0","+35 46","Dol-Dzim_11","41p",13.0,"nan","nan","A0","nan","nan","nan","nan","nan","20 50 58.2","+35 57 17",312.74014,35.95755
78.48,1.14,"20 24.5","+39 57","Dolidze_10","42p",16.0,"nan","nan","nan","nan","nan","nan","nan",1.0,"20 26 18.6","+40 06 54",306.5851,40.10975
78.66,2.03,"20 21.3","+40 37","NGC_6910","12p",13.0,1650.0,"nan","O8",3.0,7.3,3.0,1.08,"nan","20 23 05.0","+40 46 43",305.7651,40.76929
78.91,2.74,"20 19.0","+41 13","Dolidze_6","32p",10.0,"nan","nan","O","nan","nan","nan","nan","nan","20 20 45.7","+41 22 34",305.1792,41.37873
79.41,6.78,"20 02.1","+43 51","NGC_6866","22m",10.0,1200.0,10.0,"A2",3.0,9.1,"nan",0.14,"nan","20 03 44.5","+43 59 32",300.94065,44.00007
79.43,2.53,"20 21.5","+41 32","Collinder_421","31p",6.0,"nan","nan","nan","nan",10.1,"nan","nan","nan","20 23 15.5","+41 41 43",305.80475,41.68639
79.44,11.95,"19 36.7","+46 27","NGC_6811","31p",14.0,900.0,11.0,"A0",3.0,9.0,"nan",0.16,"nan","19 38 11.6","+46 33 53",294.55244,46.55907
79.58,1.9,"20 24.7","+41 17","Dolidze_11","43p",8.0,"nan","nan","O","nan","nan","nan","nan","nan","20 26 28.4","+41 26 55",306.60862,41.44632
79.79,-4.26,"20 50.5","+37 44","Roslund_7","42p","nan","nan","nan","nan","nan","nan","nan","nan","nan","20 52 25.8","+37 55 22",313.12341,37.85932
79.88,2.3,"20 23.9","+41 46","Dolidze_9","43p",8.0,"nan","nan","A","nan","nan","nan","nan","nan","20 25 39.5","+41 55 52",306.40382,41.92223
80.03,2.66,"20 22.7","+42 06","Dolidze_8","32p",6.0,"nan","nan","O","nan","nan","nan","nan","nan","20 24 26.7","+42 15 48",306.12353,42.25206
80.15,1.57,"20 27.9","+41 33","Dolidze_44","42p",12.0,"nan","nan","nan","nan","nan","nan","nan",1.0,"20 29 40.5","+41 43 06",307.41112,41.71682
81.74,-6.89,"21 07.0","+37 24","Dolidze_45","32p",18.0,"nan","nan","nan","nan","nan","nan","nan","nan","21 08 58.8","+37 36 13",317.24364,37.60287
83.09,-9.9,"21 22.4","+36 17","NGC_7063","32p",8.0,660.0,"nan","B8",3.0,8.9,"nan",0.08,"nan","21 24 26.7","+36 29 57",321.13011,36.49651
83.11,4.78,"20 23.0","+45 49","Berkeley_89","12p",5.0,"nan",15.0,"nan","nan","nan","nan","nan","nan","20 24 38.0","+45 58 48",306.15874,45.98557
83.13,-4.14,"21 01.3","+40 16","Berkeley_54","13m",6.0,"nan",17.0,"nan","nan","nan","nan","nan","nan","21 03 12.0","+40 27 56",315.79811,40.46931
84.54,6.4,"20 20.0","+47 55","Berkeley_88","23p",3.0,"nan",15.0,"nan","nan","nan","nan","nan","nan","20 21 33.2","+48 04 38",305.38477,48.07641
84.86,3.76,"20 33.7","+46 38","Berkeley_90","23p",6.0,"nan",14.0,"nan","nan","nan","nan","nan","nan","20 35 20.4","+46 48 26",308.83832,46.80479
85.46,-0.47,"20 54.7","+44 26","NGC_6996","32pn",8.0,500.0,"nan","nan",1.0,10.0,"nan",0.64,"nan","20 56 28.4","+44 37 35",314.11109,44.63406
85.87,-4.13,"21 11.1","+42 17","NGC_7044","22r",4.0,"nan",15.0,"nan","nan",12.0,"nan","nan","nan","21 12 59.0","+42 29 25",318.24879,42.49398
86.04,-5.18,"21 15.8","+41 41","Berkeley_56","21m",8.0,"nan",16.0,"nan","nan","nan","nan","nan","nan","21 17 42.8","+41 53 38",319.43093,41.89054
86.2,0.84,"20 52.0","+45 51","Barkhatova_1, Barhatova_1","32m",20.0,"nan","nan","nan",1.0,"nan","nan","nan","nan","20 53 43.5","+46 02 26",313.36693,46.04478
86.21,-1.41,"21 01.4","+44 23","Collinder_428","32pn",14.0,480.0,"nan","nan",1.0,8.7,"nan","nan","nan","21 03 11.9","+44 34 56",315.79858,44.58213
87.53,1.39,"20 55.0","+47 13","NGC_6991","n","nan","nan","nan","nan","nan","nan","nan","nan",3.0,"20 56 41.6","+47 24 36",314.00438,47.41585
87.96,-1.73,"21 09.4","+45 27","NGC_7039","32p",23.0,700.0,"nan","B5","nan",6.8,1.0,"nan","nan","21 11 11.8","+45 39 20",317.80493,45.65854
89.59,-0.42,"21 10.4","+47 32","IC_1369","11m",3.0,1500.0,"nan","nan",1.0,12.1,"nan","nan","nan","21 12 08.6","+47 44 23",318.04076,47.7432
89.93,-2.72,"21 21.4","+46 10","NGC_7062","31p",5.0,1900.0,"nan","A1",3.0,8.3,"nan",0.74,"nan","21 23 13.4","+46 22 54",320.80413,46.37832
90.07,0.13,"21 10.0","+48 16","Berkeley_91","22p",6.0,"nan",16.0,"nan","nan","nan","nan","nan","nan","21 11 43.2","+48 28 21",317.9341,48.46972
90.34,3.66,"20 55.0","+50 50","Berkeley_53","23p",12.0,"nan",16.0,"nan","nan","nan","nan","nan","nan","20 56 34.5","+51 01 35",314.13964,51.02485
91.19,-1.67,"21 22.4","+47 48","NGC_7067","22p",3.0,3500.0,"nan","B0",3.0,13.0,"nan",0.88,"nan","21 24 11.1","+48 00 57",321.04153,48.00979
91.19,-2.95,"21 27.6","+46 52","NGC_7082","42p",25.0,"nan","nan","nan","nan","nan","nan","nan","nan","21 29 25.8","+47 05 11",322.35725,47.08792
91.32,2.26,"21 05.7","+50 38","NGC_7031","41p",5.0,1000.0,"nan","B5",3.0,11.0,"nan",0.93,"nan","21 07 19.7","+50 50 08",316.83303,50.83419
92.46,-2.28,"21 30.4","+48 13","NGC_7092","32p",30.0,270.0,7.0,"A0",3.0,5.3,3.0,0.06,"nan","21 32 12.4","+48 26 18",323.05225,48.44448
93.02,1.84,"21 15.1","+51 34","Berkeley_55","32p",6.0,"nan",14.0,"nan","nan","nan","nan","nan","nan","21 16 44.3","+51 46 36",319.18517,51.78349
94.39,-5.5,"21 51.5","+47 02","IC_5146","42pn",9.5,1000.0,"nan","B1",3.0,8.3,"nan",0.45,"nan","21 53 25.7","+47 16 11",328.36234,47.26687
94.41,0.2,"21 28.8","+51 22","NGC_7086","22m",8.0,1200.0,"nan","A5",3.0,11.6,"nan",0.71,"nan","21 30 30.6","+51 35 14",322.63841,51.58779
95.51,-7.34,"22 03.2","+46 15","NGC_7209","31p",20.0,900.0,9.0,"B9",3.0,7.8,1.0,0.15,"nan","22 05 11.9","+46 29 37",331.29634,46.49045
95.75,-1.51,"21 42.5","+50 59","Barkhatova_2, Barhatova_2","31p","nan","nan","nan","nan",1.0,"nan","nan","nan","nan","21 44 17.3","+51 12 49",326.06653,51.20636
95.88,12.3,"20 30.4","+60 28","NGC_6939","11m",8.0,1250.0,10.0,"B8",3.0,10.1,1.0,0.5,"nan","20 31 24.2","+60 38 13",307.85661,60.64078
97.35,0.42,"21 42.3","+53 29","NGC_7128","23m",3.0,2600.0,"nan","B2",3.0,11.3,"nan",1.05,"nan","21 44 00.8","+53 42 49",326.00801,53.71298
97.91,1.12,"21 42.2","+54 23","NGC_7127","42p",2.8,1300.0,"nan","nan",1.0,"nan","nan","nan","nan","21 43 53.1","+54 36 48",325.95838,54.60891
97.94,5.01,"21 23.7","+57 17","Berkeley_92","42p",4.0,"nan",15.0,"nan","nan","nan","nan","nan",1.0,"21 25 10.2","+57 30 00",321.29333,57.5004
98.86,-5.55,"22 13.3","+49 38","NGC_7243","42p",21.0,880.0,8.0,"B7",3.0,6.7,3.0,0.22,"nan","22 15 16.6","+49 52 57",333.8102,49.87854
99.29,3.73,"21 37.5","+57 16","IC_1396","23mn",50.0,800.0,"nan","O",1.0,5.1,2.0,0.8,"nan","21 39 03.3","+57 29 36",324.7498,57.48256
99.93,-2.7,"22 08.6","+52 35","IC_1434","21p",7.0,"nan",12.0,"nan","nan",9.0,"nan","nan","nan","22 10 29.1","+52 49 48",332.61641,52.82915
101.36,-2.2,"22 14.6","+53 48","IC_1442","22m","nan","nan",12.0,"nan","nan","nan","nan","nan","nan","22 16 29.4","+54 03 00",334.11736,54.05064
101.37,-1.87,"22 13.4","+54 05","NGC_7245","21p",4.0,"nan","nan","nan","nan","nan","nan","nan","nan","22 15 16.6","+54 19 57",333.81616,54.32982
101.42,-0.6,"22 08.7","+55 10","NGC_7226","11p",2.0,"nan","nan","nan","nan",13.3,"nan","nan","nan","22 10 31.1","+55 24 48",332.63447,55.40362
101.44,-1.83,"22 13.6","+54 09","King_9","13m",2.5,"nan",18.0,"nan","nan","nan","nan","nan","nan","22 15 28.5","+54 23 58",333.87712,54.40216
101.89,-4.63,"22 26.2","+52 02","NGC_7296","32p",4.0,"nan",10.0,"nan","nan",9.7,"nan","nan","nan","22 28 11.9","+52 17 21",337.04949,52.29066
102.72,0.78,"22 10.8","+57 02","NGC_7235","32p",4.0,3800.0,9.0,"B0",3.0,9.2,"nan",0.92,"nan","22 12 34.7","+57 16 52",333.13505,57.27909
102.75,-44.27,"23 49.2","+15 59","NGC_7772","31p","nan","nan","nan","nan","nan","nan","nan","nan",1.0,"23 51 45.0","+16 15 41",357.94813,16.25186
103.1,-1.18,"22 20.8","+55 36","Berkeley_94","11p",4.0,"nan",13.0,"nan","nan","nan","nan","nan","nan","22 22 41.0","+55 51 11",335.67865,55.85673
103.67,-2.06,"22 27.5","+55 09","Berkeley_96","12p",2.0,"nan",13.0,"nan","nan","nan","nan","nan","nan","22 29 26.3","+55 24 23",337.35863,55.40976
103.94,-5.67,"22 41.1","+52 09","Berkeley_98","42p",7.0,"nan",15.0,"nan","nan","nan","nan","nan",1.0,"22 43 11.0","+52 24 45",340.79605,52.40784
103.99,14.27,"20 59.9","+67 58","NGC_7023","n",11.0,"nan","nan","nan","nan",7.1,"nan","nan","nan","21 00 30.6","+68 09 49",315.12451,68.15842
104.02,6.45,"21 52.3","+62 22","NGC_7160","23p",8.0,900.0,"nan","B1",3.0,6.4,2.0,0.3,"nan","21 53 44.3","+62 36 12",328.44039,62.60292
104.04,0.86,"22 18.6","+57 50","NGC_7261","31p",7.0,900.0,"nan","B2",3.0,9.8,"nan",0.58,"nan","22 20 24.5","+58 05 07",335.10204,58.08079
104.4,0.34,"22 22.9","+57 35","NGC_7281","42p","nan","nan","nan","nan","nan","nan","nan","nan",1.0,"22 24 44.7","+57 50 15",336.20145,57.83626
105.08,7.32,"21 54.8","+63 42","Berkeley_93","31p",4.0,"nan",16.0,"nan","nan","nan","nan","nan","nan","21 56 11.5","+63 56 18",329.06193,63.93942
105.26,9.98,"21 40.2","+65 52","NGC_7129","n",2.0,"nan","nan","nan","nan",11.5,"nan","nan","nan","21 41 20.2","+66 05 43",325.32769,66.08987
105.42,9.45,"21 44.7","+65 34","NGC_7142","22r",11.0,1000.0,11.0,"F3",3.0,10.0,"nan",0.18,"nan","21 45 53.8","+65 47 54",326.47635,65.79572
105.47,1.19,"22 26.5","+58 52","Berkeley_95","42p",6.0,"nan",15.0,"nan","nan","nan","nan","nan","nan","22 28 20.1","+59 07 21",337.08711,59.1219
106.66,0.37,"22 37.6","+58 45","Berkeley_97","31p",6.0,"nan",11.0,"nan","nan","nan","nan","nan","nan","22 39 31.3","+59 00 39",339.89017,59.0108
107.08,-0.9,"22 45.0","+57 50","NGC_7380","33pn",10.0,3600.0,10.0,"O6",3.0,8.8,2.0,0.58,"nan","22 46 59.9","+58 05 50",341.7491,58.08948
107.11,1.11,"22 37.9","+59 37","Czernik_42","43p",3.0,"nan","nan","nan","nan","nan","nan","nan",1.0,"22 39 48.1","+59 52 40",339.96034,59.87612
107.65,-2.25,"22 53.2","+56 52","Berkeley_57","23m",6.0,"nan",15.0,"nan","nan","nan","nan","nan","nan","22 55 16.7","+57 08 01",343.8256,57.13536
107.77,-1.03,"22 50.1","+58 01","King_18","21p",4.0,"nan",12.0,"nan","nan","nan","nan","nan","nan","22 52 07.9","+58 16 57",343.02828,58.28489
108.49,-0.4,"22 52.9","+58 54","King_10","23m",3.0,"nan",11.0,"nan","nan","nan","nan","nan","nan","22 54 56.1","+59 10 01",343.74359,59.16656
108.95,0.28,"22 53.9","+59 43","NGC_7429","32p","nan",1920.0,11.0,"nan","nan","nan","nan","nan","nan","22 55 55.5","+59 59 02",343.98374,59.97848
109.13,1.14,"22 52.3","+60 34","NGC_7419","23r",2.2,1920.0,10.0,"nan",4.0,13.0,"nan","nan","nan","22 54 17.6","+60 50 00",343.55878,60.83168
109.52,-11.63,"23 27.8","+48 51","NGC_7686","41p",13.0,1000.0,7.0,"A0",3.0,"nan","nan","nan","nan","23 30 11.4","+49 07 33",352.54992,49.11462
110.25,44.86,"14 40.5","+69 47","Collinder_285, UMa Mov Cl","nan","nan",20.0,2.0,"A0",3.0,"nan",3.0,0.0,"nan","14 41 07.3","+69 34 15",219.3354,69.57052
110.52,-4.92,"23 19.6","+55 30","Dolidze_46","41p",12.0,"nan","nan","nan","nan","nan","nan","nan",1.0,"23 21 53.1","+55 46 27",350.4772,55.77925
110.57,0.15,"23 06.2","+60 15","King_19","22m",4.0,1350.0,12.0,"B6","nan","nan","nan",0.82,"nan","23 08 19.0","+60 31 16",347.07078,60.52195
110.88,13.08,"22 06.2","+71 45","Collinder_471","32p",130.0,"nan","nan","nan","nan","nan","nan","nan","nan","22 07 08.9","+71 59 42",331.73627,71.98659
110.96,0.05,"23 09.4","+60 18","NGC_7510","22m",4.0,3160.0,10.0,"O9",3.0,9.3,"nan",1.08,"nan","23 11 32.5","+60 34 19",347.88161,60.5783
111.36,-0.2,"23 13.1","+60 12","Markarian_50","12p",2.0,2250.0,"nan","B0",4.0,"nan","nan",0.86,"nan","23 15 16.5","+60 28 22",348.82502,60.49362
111.45,-8.47,"23 34.8","+52 09","Stock_12","42p",20.0,"nan",8.0,"B9","nan","nan","nan","nan","nan","23 37 12.7","+52 25 37",353.89854,52.70269
111.76,-5.37,"23 30.5","+55 12","Stock_11","42p",10.0,"nan",8.0,"A0","nan","nan","nan","nan",1.0,"23 32 51.9","+55 28 34",352.81329,55.75275
112.76,0.46,"23 22.0","+61 19","NGC_7654","12r",13.0,1600.0,11.0,"B6",3.0,8.2,3.0,0.67,"nan","23 24 14.1","+61 35 29",351.06546,61.59801
112.83,0.13,"23 23.5","+61 02","Czernik_43","31r",14.0,"nan","nan","nan","nan","nan","nan","nan","nan","23 25 45.1","+61 18 30",351.43021,61.30919
112.87,-2.83,"23 31.0","+58 14","King_20","21p",5.0,"nan",13.0,"nan","nan","nan","nan","nan","nan","23 33 20.6","+58 30 35",353.34458,58.50851
113.02,-4.82,"23 36.3","+56 22","Berkeley_102","21p",6.0,"nan",18.0,"nan","nan","nan","nan","nan","nan","23 38 41.9","+56 38 37",354.6814,56.64594
113.72,2.4,"23 24.4","+63 28","Berkeley_100","43p",4.0,"nan",16.0,"nan","nan","nan","nan","nan",1.0,"23 26 37.6","+63 44 31",351.66291,63.74497
113.9,0.41,"23 31.2","+61 38","Czernik_44","42p",6.0,"nan","nan","nan","nan","nan","nan","nan","nan","23 33 30.8","+61 54 35",353.38588,61.90811
114.56,-2.48,"23 42.8","+59 02","Berkeley_103","13p",4.0,"nan",15.0,"nan","nan","nan","nan","nan","nan","23 45 14.0","+59 18 40",356.30022,59.31083
114.58,2.61,"23 31.2","+63 56","Berkeley_101","43p",4.0,"nan",16.0,"nan","nan","nan","nan","nan",1.0,"23 33 29.2","+64 12 35",353.37689,64.21072
115.33,0.1,"23 43.6","+61 54","Stock_17","13p",1.0,"nan","nan","OB","nan","nan","nan","nan","nan","23 46 01.4","+62 10 40",356.49191,62.00158
115.49,-5.36,"23 54.5","+56 27","NGC_7789","21r",20.0,1900.0,10.0,"B9",3.0,7.5,1.0,0.28,"nan","23 57 01.9","+56 43 42",359.26604,56.72405
115.94,0.68,"23 47.4","+62 26","King_21","33m",2.0,"nan",10.0,"OB","nan","nan","nan","nan","nan","23 49 51.4","+62 42 41",357.46259,62.7127
115.95,10.11,"23 19.6","+71 29","Berkeley_99","43p",7.0,"nan",14.0,"nan","nan","nan","nan","nan","nan","23 21 35.4","+71 45 27",350.3904,71.75279
116.12,-0.13,"23 50.5","+61 41","King_12","12p",2.0,"nan",10.0,"OB","nan","nan","nan","nan","nan","23 52 59.3","+61 57 41",358.24199,61.96597
116.21,-0.37,"23 51.6","+61 29","Harvard_21","42p",4.0,"nan","nan","nan","nan",9.0,"nan","nan","nan","23 54 05.9","+61 45 41",358.54118,61.75199
116.37,-6.25,"00 01.8","+55 45","Stock_19","22p",3.0,"nan",8.0,"B5","nan","nan","nan","nan","nan","00 04 23.1","+56 01 42",1.13144,56.0229
116.43,-0.79,"23 54.2","+61 07","NGC_7788","12p",10.0,2410.0,"nan","B4",3.0,9.4,"nan",0.28,"nan","23 56 43.4","+61 23 42",359.18237,61.3892
116.59,-1.01,"23 55.9","+60 56","NGC_7790","32p",10.0,3200.0,10.0,"B4",3.0,7.2,"nan",0.52,"nan","23 58 26.3","+61 12 42",359.60321,61.20714
116.75,-1.29,"23 57.6","+60 41","Berkeley_58","42p",8.0,"nan",15.0,"nan","nan","nan","nan","nan","nan","00 00 09.2","+60 57 42",0.04361,60.96496
117.05,2.3,"23 53.8","+64 16","Czernik_45","22p",3.0,"nan","nan","nan","nan","nan","nan","nan","nan","23 56 18.8","+64 32 42",359.07914,64.54041
117.16,6.47,"23 45.4","+68 21","King_11","21r",3.5,"nan",17.0,"nan","nan","nan","nan","nan","nan","23 47 47.9","+68 37 40",356.94635,68.62547
117.2,5.84,"23 47.4","+67 45","NGC_7762","22p",11.0,1020.0,11.0,"nan",4.0,"nan","nan","nan","nan","23 49 49.6","+68 01 41",357.46286,68.02373
117.63,2.28,"23 59.0","+64 22","Stock_18","42p",5.0,"nan","nan","OB","nan","nan","nan","nan","nan","00 01 33.9","+64 38 42",0.41128,64.63795
117.63,1.22,"00 00.9","+63 19","Berkeley_104","42p",4.0,"nan",16.0,"nan","nan","nan","nan","nan","nan","00 03 29.0","+63 35 42",0.86892,63.59694
117.73,-1.02,"00 05.1","+61 08","Czernik_1","42m",9.0,"nan","nan","nan","nan","nan","nan","nan",1.0,"00 07 43.2","+61 24 42",1.93977,61.40981
117.79,-2.03,"00 07.0","+60 09","Berkeley_1","42p",6.0,"nan","nan","nan","nan","nan","nan","nan","nan","00 09 38.0","+60 25 41",2.40454,60.42357
117.98,-1.26,"00 07.5","+60 56","King_13","42p",6.0,"nan",12.0,"nan","nan","nan","nan","nan","nan","00 10 08.4","+61 12 41",2.53543,61.21407
118.25,4.95,"00 00.0","+67 06","Berkeley_59","32p",10.0,"nan",11.0,"nan","nan","nan","nan","nan","nan","00 02 34.7","+67 22 42",0.65492,67.37691
158.64,-37.52,"02 44.6","+16 59","Dol-Dzim_1","32p",12.0,"nan","nan","A0","nan","nan","nan","nan","nan","02 47 23.4","+17 11 31",41.84282,17.18564
118.85,-1.64,"00 15.0","+60 41","Berkeley_60","42p",4.0,"nan",14.0,"nan","nan","nan","nan","nan","nan","00 17 42.3","+60 57 39",4.42948,60.96422
119.7,-2.31,"00 22.5","+60 07","Berkeley_2","13m",4.0,"nan",15.0,"nan","nan","nan","nan","nan","nan","00 25 15.9","+60 23 37",6.31143,60.39728
119.75,1.7,"00 19.2","+64 07","King_1","32p",7.5,"nan",13.0,"nan","nan","nan","nan","nan","nan","00 21 58.2","+64 23 38",5.4849,64.38935
119.8,-1.38,"00 22.5","+61 04","NGC_103","22p",5.0,3000.0,11.0,"B3",3.0,5.8,"nan",0.46,"nan","00 25 16.4","+61 20 37",6.32185,61.33262
119.89,-0.08,"00 22.1","+62 22","Stock_20","22p",1.0,"nan",13.0,"B5","nan","nan","nan","nan","nan","00 24 52.9","+62 38 37",6.23,62.63502
120.1,-4.79,"00 27.3","+57 42","Stock_21","42p",5.0,"nan",12.0,"A1","nan","nan","nan","nan","nan","00 30 05.0","+57 58 34",7.53384,57.96457
120.25,-2.54,"00 27.1","+59 57","NGC_129","42p",11.0,1600.0,9.0,"B5",3.0,9.8,3.0,0.6,"nan","00 29 54.2","+60 13 34",7.45909,60.21921
120.56,-1.26,"00 28.7","+61 15","NGC_136","22p",2.0,4400.0,13.0,"nan",4.0,"nan","nan",0.42,"nan","00 31 31.8","+61 31 33",7.88171,61.52001
120.67,0.57,"00 28.4","+63 05","NGC_133","41p",7.0,"nan","nan","A4",4.0,9.4,"nan","nan","nan","00 31 14.9","+63 21 33",7.81111,63.35303
120.72,0.36,"00 29.0","+62 53","King_ 14","32p",7.0,2600.0,10.0,"B2",3.0,"nan","nan",0.5,"nan","00 31 51.1","+63 09 33",7.95787,63.14751
120.75,-0.93,"00 30.1","+61 35","King_15","11p",1.5,"nan",18.0,"nan","nan","nan","nan","nan","nan","00 32 56.8","+61 51 33",8.2293,61.86326
120.87,0.49,"00 30.2","+63 01","NGC_146","43p",7.0,2900.0,"nan","B3",3.0,9.6,"nan",0.6,"nan","00 33 03.9","+63 17 32",8.2686,63.28821
121.0,8.61,"00 24.4","+71 07","NGC_110","41p","nan","nan","nan","nan","nan","nan","nan","nan","nan","00 27 19.9","+71 23 36",6.86354,71.39173
121.51,-1.77,"00 36.7","+60 48","NGC_189","32p",4.0,1080.0,"nan","A0",3.0,11.1,"nan",0.56,"nan","00 39 35.7","+61 04 28",9.92052,61.06929
121.55,-0.88,"00 36.8","+61 41","Berkeley_3, Stock_24","42p",4.0,1900.0,13.0,"B9",3.0,"nan","nan",0.6,"nan","00 39 42.5","+61 57 28",9.91908,61.96018
121.64,-2.0,"00 37.9","+60 35","Dolidze_12","nan",18.0,"nan","nan","nan","nan","nan","nan","nan",1.0,"00 40 48.1","+60 51 27",10.20848,60.84515
121.97,-2.7,"00 40.8","+59 53","Czernik_2","31r",10.0,"nan","nan","nan","nan","nan","nan","nan","nan","00 43 43.0","+60 09 25",10.9283,60.15732
121.99,-1.08,"00 40.5","+61 31","NGC_225","31p",12.0,630.0,9.0,"B8",3.0,8.9,"nan",0.29,"nan","00 43 26.3","+61 47 25",10.86772,61.77718
122.09,1.33,"00 40.7","+63 55","King_16","23p",4.0,2300.0,11.0,"OB","nan","nan","nan","nan","nan","00 43 40.9","+64 11 25",10.92603,64.1891
122.29,1.54,"00 42.5","+64 08","Berkeley_4","12p",5.0,"nan",18.0,"nan","nan","nan","nan","nan","nan","00 45 30.2","+64 24 24",11.374,64.40434
122.65,4.37,"00 45.4","+66 58","Berkeley_61","31p",4.0,"nan",14.0,"nan","nan","nan","nan","nan","nan","00 48 29.9","+67 14 21",12.13284,67.24016
122.78,22.46,"00 39.4","+85 04","NGC_188","22r",15.0,1550.0,10.0,"G0",3.0,9.3,2.0,0.05,"nan","00 44 22.5","+85 20 25",11.13485,85.32971
122.78,1.27,"00 47.0","+63 52","Dolidze_13","31p",12.0,"nan","nan","nan","nan","nan","nan","nan","nan","00 50 02.6","+64 08 20",12.51123,64.14134
122.88,-4.68,"00 48.1","+57 55","King_2","33r",6.0,"nan",17.0,"nan","nan","nan","nan","nan","nan","00 51 02.8","+58 11 19",12.76129,58.19171
122.91,-27.03,"00 48.6","+35 34","NGC_272","41p","nan","nan","nan","nan","nan","nan","nan","nan",1.0,"00 51 20.1","+35 50 18",12.83539,35.84174
123.13,-6.24,"00 49.9","+56 21","NGC_281","n",10.0,"nan",9.0,"OB","nan",7.4,"nan","nan","nan","00 52 50.2","+56 37 17",13.21746,56.6312
123.99,1.1,"00 57.9","+63 41","Berkeley_62","32p",10.0,"nan",13.0,"nan","nan","nan","nan","nan","nan","01 01 02.6","+63 57 08",15.26912,63.95194
124.27,-0.04,"01 00.0","+62 32","Czernik_3","32p",3.0,"nan","nan","nan","nan","nan","nan","nan",1.0,"01 03 08.1","+62 48 06",15.78794,62.80131
124.68,-0.59,"01 03.3","+61 58","NGC_366","23p",3.0,"nan",10.0,"B0",1.0,11.8,"nan","nan","nan","01 06 27.0","+62 14 02",16.61333,62.23077
124.94,-1.22,"01 05.2","+61 19","NGC_381","32p",7.0,"nan",10.0,"A2",1.0,9.3,"nan","nan","nan","01 08 21.0","+61 35 00",17.08153,61.58588
125.36,-0.47,"01 09.1","+62 04","Stock_3","41p",2.0,"nan",11.0,"OB","nan","nan","nan","nan","nan","01 12 18.2","+62 19 55",18.08897,62.30309
125.9,-2.6,"01 12.1","+59 52","NGC_433","32p",3.5,"nan",9.0,"OB",1.0,"nan","nan","nan","nan","01 15 16.3","+60 07 51",18.82179,60.13423
126.07,-3.91,"01 12.5","+58 33","NGC_436","13m",6.0,2200.0,10.0,"B5",3.0,9.3,"nan",0.18,"nan","01 15 38.6","+58 48 50",18.91382,58.81411
126.56,-4.35,"01 15.9","+58 04","NGC_457","13r",12.0,2800.0,6.0,"B2",3.0,5.1,3.0,0.48,"nan","01 19 03.5","+58 19 45",19.76136,58.32714
127.19,0.75,"01 26.1","+63 03","NGC_559","22m",7.0,900.0,9.0,"nan",3.0,7.4,"nan",1.05,"nan","01 29 29.1","+63 18 29",22.37253,63.30672
127.33,13.3,"01 56.4","+75 20","Berkeley_8","23p",8.0,1490.0,14.0,"nan","nan","nan","nan",0.41,"nan","02 01 05.3","+75 34 30",30.28939,75.57306
127.37,9.56,"01 44.3","+71 42","Collinder_463","32p",365.0,"nan","nan","nan","nan",5.8,"nan","nan","nan","01 48 22.8","+71 56 56",27.10792,71.93892
127.83,2.11,"01 33.7","+64 18","NGC_609","23r",3.0,"nan",14.0,"nan","nan",12.7,"nan","nan","nan","01 37 12.2","+64 33 16",24.31019,64.54528
128.02,-1.76,"01 29.9","+60 27","NGC_581","32p",6.0,2600.0,9.0,"B2",3.0,6.9,3.0,0.4,"nan","01 33 13.8","+60 42 23",23.29504,60.69871
128.16,-0.99,"01 32.0","+61 11","Czernik_4","22p",3.0,"nan","nan","nan","nan","nan","nan","nan",1.0,"01 35 22.3","+61 26 19",23.84367,61.43496
128.22,-1.14,"01 32.3","+61 02","Trumpler_1","13p",4.5,2200.0,10.0,"B2",3.0,8.9,3.0,0.69,"nan","01 35 40.1","+61 17 19",23.91375,61.27694
128.55,1.7,"01 39.4","+63 45","NGC_637","13p",3.5,2100.0,8.0,"B0",3.0,7.3,3.0,0.45,"nan","01 42 56.0","+64 00 06",25.76125,64.00739
129.09,-0.35,"01 40.6","+61 38","NGC_654","23m",5.0,1600.0,10.0,"B0",3.0,8.2,"nan",0.9,"nan","01 44 03.5","+61 53 04",26.01967,61.89073
129.3,0.76,"01 44.3","+62 41","Berkeley_5","43p",3.0,"nan",17.0,"nan","nan","nan","nan","nan","nan","01 47 49.8","+62 55 57",26.96584,62.93201
129.34,-1.51,"01 40.8","+60 27","NGC_659","31p",5.0,2100.0,10.0,"B5",3.0,9.9,"nan",0.68,"nan","01 44 13.0","+60 42 03",26.03948,60.70414
129.46,-0.94,"01 42.6","+61 00","NGC_663","32m",15.0,2200.0,9.0,"B1",3.0,6.4,3.0,0.85,"nan","01 46 03.0","+61 15 00",26.5241,61.23705
130.08,-0.19,"01 49.0","+61 35","IC_166","31r",4.5,"nan",17.0,"nan","nan","nan","nan","nan","nan","01 52 31.4","+61 49 47",28.14228,61.8304
130.09,-0.96,"01 47.7","+60 50","Berkeley_6","12p",6.0,"nan",14.0,"nan","nan","nan","nan","nan","nan","01 51 11.0","+61 04 50",27.78888,61.07907
130.14,0.37,"01 50.6","+62 07","Berkeley_7","32p",4.0,"nan",14.0,"nan","nan","nan","nan","nan","nan","01 54 09.5","+62 21 44",28.55118,62.3601
130.28,-6.25,"01 40.5","+55 37","NGC_657","nan","nan","nan","nan","nan","nan","nan","nan","nan",3.0,"01 43 46.0","+55 52 04",25.95707,55.8725
130.5,-0.6,"01 51.6","+61 05","Czernik_5","21p",8.0,"nan","nan","nan","nan","nan","nan","nan",1.0,"01 55 07.5","+61 19 42",28.79281,61.33175
130.74,2.65,"02 00.8","+64 12","Stock_5","42p",15.0,"nan",7.0,"OB","nan","nan","nan","nan","nan","02 04 32.6","+64 26 22",31.16881,64.40578
130.88,1.1,"01 58.4","+62 38","Czernik_6","12p",3.0,"nan","nan","nan","nan","nan","nan","nan","nan","02 02 02.7","+62 52 27",30.5121,62.87701
131.09,0.52,"01 58.8","+62 01","Czernik_7","42p",5.0,"nan","nan","nan","nan","nan","nan","nan",1.0,"02 02 25.2","+62 15 26",30.61016,62.26183
131.21,-4.85,"01 49.4","+56 49","Stock_4","31p",20.0,"nan",11.0,"B5","nan","nan","nan","nan","nan","01 52 45.6","+57 03 47",28.14685,57.03568
131.23,-1.61,"01 55.2","+59 56","NGC_743","21p",5.3,"nan",10.0,"nan","nan","nan","nan","nan","nan","01 58 42.4","+60 10 34",29.71924,60.17073
131.92,4.6,"02 17.1","+65 40","Berkeley_64","43p",4.0,"nan",14.0,"nan","nan","nan","nan","nan","nan","02 21 04.5","+65 53 43",35.27342,65.89488
132.39,-6.16,"01 55.1","+55 14","NGC_744","42p",11.0,1500.0,10.0,"B9",3.0,7.8,"nan",0.4,"nan","01 58 26.9","+55 28 35",29.61396,55.47625
132.5,2.52,"02 15.8","+63 31","Berkeley_63","32p",4.0,"nan",15.0,"nan","nan","nan","nan","nan","nan","02 19 37.9","+63 44 46",34.90483,63.74153
132.84,2.74,"02 19.8","+63 38","Stock_6","42p",20.0,"nan",11.0,"A2","nan","nan","nan","nan","nan","02 23 40.3","+63 51 36",35.79748,63.8326
133.44,-1.93,"02 11.4","+59 02","Stock_2","31m",60.0,320.0,"nan","B8","nan","nan",1.0,0.52,"nan","02 14 59.2","+59 15 57",33.73007,59.22789
134.19,1.06,"02 25.1","+61 34","Tombaugh_4","23p",2.5,"nan",16.0,"nan","nan","nan","nan","nan","nan","02 28 53.9","+61 47 23",37.24128,61.78125
134.63,-3.72,"02 15.5","+56 55","NGC_869, h Per, h Persei","13r",30.0,2200.0,7.0,"B0",3.0,4.3,3.0,0.56,"nan","02 19 01.8","+57 08 48",34.75907,57.14877
134.68,0.04,"02 25.9","+60 26","Markarian_6","42p",4.0,"nan",9.0,"B2","nan","nan","nan","nan","nan","02 29 38.8","+60 39 21",37.40641,60.65247
134.74,0.92,"02 28.9","+61 14","IC_1805","33pn",20.0,2100.0,9.0,"O5",3.0,4.8,3.0,0.83,"nan","02 32 42.5","+61 27 13",38.20372,61.44561
135.08,-3.6,"02 18.9","+56 53","NGC_884, Chi Per","13r",30.0,2300.0,7.0,"B0",3.0,4.4,3.0,0.56,"nan","02 22 27.0","+57 06 39",35.61247,57.10954
135.34,-0.2,"02 30.1","+59 58","Czernik_10","43p",3.0,"nan","nan","nan","nan","nan","nan","nan",1.0,"02 33 51.2","+60 11 10",38.46121,60.18125
135.43,-0.48,"02 29.9","+59 40","Czernik_9","42p",6.0,"nan","nan","nan","nan","nan","nan","nan",1.0,"02 33 38.3","+59 53 10",38.41217,59.88816
135.67,2.31,"02 40.8","+62 08","Czernik_13","22p",6.0,"nan","nan","nan","nan","nan","nan","nan","nan","02 44 44.5","+62 20 40",41.19705,62.34488
135.78,1.48,"02 38.8","+61 20","NGC_1027","32p",20.0,1000.0,9.0,"B3",3.0,7.4,"nan",0.4,"nan","02 42 40.9","+61 32 45",40.66972,61.5452
135.78,-0.61,"02 32.1","+59 25","Czernik_11","42p",8.0,"nan","nan","nan","nan","nan","nan","nan",1.0,"02 35 50.4","+59 38 04",38.95268,59.63264
135.79,-1.58,"02 29.3","+58 31","Czernik_8","23m",7.0,"nan","nan","nan","nan","nan","nan","nan",1.0,"02 32 58.9","+58 44 12",38.23879,58.73416
135.84,0.27,"02 35.2","+60 12","Berkeley_65","12p",5.0,"nan",13.0,"nan","nan","nan","nan","nan","nan","02 38 59.9","+60 24 56",39.7623,60.41648
136.02,-1.2,"02 32.0","+58 47","King_4","31p",3.0,"nan",13.0,"nan","nan","nan","nan","nan","nan","02 35 42.6","+59 00 05",38.93295,58.99579
136.34,-2.66,"02 30.0","+57 19","NGC_957","32p",10.0,2200.0,11.0,"B1",3.0,7.2,2.0,0.8,"nan","02 33 38.1","+57 32 10",38.41701,57.52601
137.17,-23.36,"01 54.8","+37 26","NGC_752","31m",45.0,400.0,8.0,"A2",3.0,6.6,3.0,0.03,"nan","01 57 46.7","+37 40 36",29.43397,37.67189
137.19,0.92,"02 47.3","+60 14","IC_1848","43pn",18.0,2200.0,"nan","O7",3.0,7.0,3.0,0.66,"nan","02 51 10.7","+60 26 21",42.79798,60.43347
137.41,-3.89,"02 33.7","+55 46","Trumpler_2","32p",18.0,600.0,"nan","B9",3.0,9.0,"nan",0.32,"nan","02 37 17.6","+55 59 00",39.33308,55.97621
137.99,4.56,"03 07.6","+63 04","Trumpler_3","33p",17.0,"nan","nan","B5","nan",7.0,"nan","nan","nan","03 11 47.0","+63 15 18",47.98208,63.24762
138.07,-4.74,"02 35.6","+54 43","Czernik_12","32p",3.0,"nan","nan","nan","nan","nan","nan","nan","nan","02 39 09.8","+54 55 55",39.79501,54.9336
138.1,1.35,"02 55.4","+60 12","Collinder_33","n",60.0,"nan","nan","nan","nan",5.9,"nan","nan","nan","02 59 19.6","+60 23 57",44.83521,60.39914
138.28,1.45,"02 57.0","+60 13","Collinder_34","13p",25.0,"nan","nan","nan","nan",6.8,"nan","nan","nan","03 00 56.2","+60 24 52",45.25196,60.40185
138.58,8.91,"03 34.8","+66 22","Berkeley_10","23p",12.0,"nan",14.0,"nan","nan","nan","nan","nan","nan","03 39 26.2","+66 31 45",54.86016,66.53228
138.66,-33.83,"01 47.3","+27 00","Collinder_21","42p",6.0,"nan","nan","nan","nan",8.2,"nan","nan",1.0,"01 50 07.4","+27 14 51",27.53073,27.24307
139.38,19.85,"05 16.2","+73 14","Collinder_464","43p",120.0,"nan","nan","nan","nan",4.2,"nan","nan","nan","05 22 24.3","+73 16 57",80.57616,73.27268
139.43,0.21,"03 00.4","+58 34","Berkeley_66","31r",7.0,"nan",16.0,"nan","nan","nan","nan","nan","nan","03 04 16.1","+58 45 41",46.06087,58.76108
139.55,27.37,"07 03.8","+75 19","NGC_2314, NGC_2314A","nan",6.0,"nan","nan","nan","nan","nan","nan","nan",3.0,"07 10 25.1","+75 14 11",107.61594,75.2351
140.13,2.11,"03 12.3","+59 51","Stock_23","33p",15.0,"nan","nan","B6","nan","nan","nan","nan","nan","03 16 18.3","+60 02 03",49.13965,60.04378
140.93,0.91,"03 13.0","+58 25","Czernik_14","41p",7.0,"nan","nan","nan","nan","nan","nan","nan","nan","03 16 55.7","+58 36 01",49.23092,58.60247
141.21,-14.61,"02 29.2","+44 26","NGC_956","41p",7.0,"nan",9.0,"nan","nan",8.9,"nan","nan","nan","02 32 26.0","+44 39 13",38.11018,44.64741
142.53,6.2,"03 48.1","+61 51","Czernik_17","43p",5.0,"nan","nan","nan","nan","nan","nan","nan",1.0,"03 52 25.5","+61 59 57",58.07685,61.97856
142.68,80.18,"12 32.6","+36 35","Upgren_1","22p",15.0,140.0,"nan","F3",2.0,"nan",3.0,0.25,"nan","12 35 02.5","+36 18 29",188.7585,36.31088
143.05,-3.97,"03 08.0","+53 09","NGC_1220","22p",2.0,"nan",13.0,"nan","nan",11.8,"nan","nan","nan","03 11 39.6","+53 20 17",47.9304,53.33218
143.36,-0.07,"03 24.2","+56 17","King_6","42p",10.0,"nan",10.0,"B8","nan","nan","nan","nan","nan","03 28 04.4","+56 27 23",52.03063,56.45582
143.64,-15.6,"02 38.8","+42 34","NGC_1039","23m",30.0,440.0,9.0,"B8",3.0,5.8,3.0,0.09,"nan","02 42 01.4","+42 46 46",40.50732,42.78115
143.65,7.62,"04 03.1","+62 11","NGC_1502","23p",8.0,950.0,7.0,"B0",3.0,4.1,3.0,0.8,"nan","04 07 31.1","+62 19 01",61.86843,62.31907
143.75,-4.27,"03 11.0","+52 32","King_5","21m",7.5,"nan",13.0,"nan","nan","nan","nan","nan","nan","03 14 39.0","+52 43 08",48.66569,52.71422
143.94,3.57,"03 43.7","+58 54","Tombaugh_5","32m",17.0,1800.0,14.0,"nan","nan","nan","nan","nan","nan","03 47 48.3","+59 03 14",56.94352,59.04944
145.1,-3.97,"03 19.5","+52 04","Czernik_15","32p",3.0,"nan","nan","nan","nan","nan","nan","nan","nan","03 23 09.9","+52 14 40",50.79683,52.24664
145.84,-2.98,"03 27.1","+52 29","Czernik_16","42p",9.0,"nan","nan","nan","nan","nan","nan","nan","nan","03 30 48.7","+52 39 14",52.71052,52.65348
146.05,-2.78,"03 29.0","+52 32","Berkeley_9","31p",5.0,"nan",15.0,"nan","nan","nan","nan","nan","nan","03 32 43.3","+52 42 07",53.18309,52.69692
146.64,-8.93,"03 11.2","+47 04","NGC_1245","31r",10.0,2300.0,12.0,"B9",3.0,7.7,"nan",0.28,"nan","03 14 39.5","+47 15 07",48.66659,47.24132
146.81,-12.18,"03 02.5","+44 11","NGC_1193","23m",3.0,"nan",14.0,"nan","nan",12.6,"nan","nan","nan","03 05 50.6","+44 22 36",46.46849,44.36996
146.94,-3.71,"03 30.2","+51 16","NGC_1348","22p","nan","nan","nan","nan","nan","nan","nan","nan","nan","03 33 52.5","+51 26 03",53.48652,51.42427
146.95,-7.11,"03 18.5","+48 26","Melotte_20, Per Mov Cl","33m",220.0,170.0,3.0,"B2",3.0,2.3,3.0,0.09,"nan","03 22 01.7","+48 36 43",50.51286,48.61117
147.49,5.7,"04 14.8","+58 11","IC_361","21r",7.0,"nan",14.0,"nan","nan",10.0,"nan","nan","nan","04 18 58.9","+58 18 16",64.75785,58.29508
148.16,-1.29,"03 45.6","+52 31","NGC_1444","41p","nan",1000.0,"nan","B0",3.0,6.4,2.0,0.7,"nan","03 49 22.9","+52 40 08",57.43849,52.62032
149.78,-1.03,"03 55.2","+51 39","King_7","23m",6.0,"nan",16.0,"nan","nan","nan","nan","nan","nan","03 58 58.5","+51 47 32",59.74538,51.78813
149.87,0.14,"04 00.6","+52 29","NGC_1496","21p",6.5,"nan",12.0,"nan","nan",9.6,"nan","nan","nan","04 04 25.8","+52 37 11",61.1101,52.61119
152.04,0.27,"04 11.6","+51 07","NGC_1528","22m",22.0,800.0,10.0,"A0",3.0,6.4,"nan",0.29,"nan","04 15 24.0","+51 14 29",63.83996,51.23549
152.6,-1.57,"04 06.3","+49 23","NGC_1513","21m",10.0,820.0,11.0,"nan",3.0,8.9,1.0,0.66,"nan","04 10 00.7","+49 30 50",62.5035,49.51128
153.36,0.17,"04 17.1","+50 08","NGC_1545","22p",18.0,800.0,9.0,"B8",3.0,4.6,"nan",0.36,"nan","04 20 52.2","+50 15 07",65.22295,50.24228
154.88,2.51,"04 34.3","+50 39","Berkeley_67","41p",8.0,"nan",15.0,"nan","nan","nan","nan","nan",1.0,"04 38 08.0","+50 44 58",69.53567,50.75289
154.99,-15.38,"03 28.4","+37 10","NGC_1342","33p",15.0,550.0,8.0,"A2",3.0,7.2,"nan",0.28,"nan","03 31 38.1","+37 20 10",52.91739,37.32435
155.1,5.86,"04 51.6","+52 40","Berkeley_13","31p",8.0,"nan",15.0,"nan","nan","nan","nan","nan","nan","04 55 33.8","+52 44 46",73.89855,52.74831
155.35,2.58,"04 36.6","+50 21","NGC_1624","12pn",2.0,"nan","nan","O","nan",11.8,"nan","nan","nan","04 40 25.4","+50 26 49",70.10999,50.44877
157.08,-3.65,"04 17.0","+44 48","Berkeley_11","23m",6.0,"nan",15.0,"nan","nan","nan","nan","nan","nan","04 20 33.8","+44 55 08",65.14078,44.91219
158.45,4.85,"04 59.7","+49 26","NGC_1724","nan","nan","nan","nan","nan","nan","nan","nan","nan",3.0,"05 03 31.4","+49 30 12",75.89005,49.49494
158.61,-1.58,"04 31.4","+45 09","NGC_1605","31m",5.0,"nan","nan","nan",1.0,11.0,"nan","nan","nan","04 35 00.3","+45 15 10",68.75471,45.24271
159.28,-2.91,"04 28.5","+43 45","NGC_1582","42p",32.0,"nan",9.0,"B8",1.0,7.0,"nan",0.37,"nan","04 32 03.0","+43 51 22",68.02205,43.84826
160.33,-0.39,"04 42.9","+44 39","Ruprecht_148","42p",3.0,"nan",14.0,"nan","nan","nan","nan","nan",1.0,"04 46 30.3","+44 44 23",71.62609,44.74216
160.43,-17.74,"03 41.4","+32 08","IC_348","42pn","nan",390.0,10.0,"B6",4.0,"nan",1.0,0.4,"nan","03 44 32.5","+32 17 24",56.13699,32.24769
160.78,4.84,"05 08.1","+47 34","Berkeley_16","22m",6.0,"nan",13.0,"nan","nan","nan","nan","nan","nan","05 11 51.2","+47 37 37",77.96766,47.62399
161.66,-0.44,"04 47.5","+43 37","NGC_1664","31p",15.0,1200.0,10.0,"B8",3.0,7.2,"nan",0.25,"nan","04 51 04.5","+43 42 04",72.76657,43.69179
161.68,-1.99,"04 41.1","+42 35","Berkeley_12","23p",7.0,"nan",16.0,"nan","nan","nan","nan","nan",1.0,"04 44 37.8","+42 40 31",71.16042,42.67617
162.13,-2.41,"04 41.0","+41 58","Berkeley_68","42p",12.0,"nan","nan","nan","nan","nan","nan","nan",1.0,"04 44 30.5","+42 03 31",71.12695,42.06136
162.33,1.61,"04 58.7","+44 23","Berkeley_15","22p",9.0,"nan",15.0,"nan","nan","nan","nan","nan","nan","05 02 19.0","+44 27 17",75.57707,44.44967
162.86,-9.23,"04 17.6","+36 48","NGC_1548","41p","nan","nan","nan","nan","nan","nan","nan","nan",1.0,"04 20 55.1","+36 55 06",65.25812,36.90661
162.87,0.71,"04 56.6","+43 24","Berkeley_14","33m",9.0,"nan",16.0,"nan","nan","nan","nan","nan","nan","05 00 10.7","+43 28 26",75.05078,43.47091
163.04,6.19,"05 22.2","+46 30","NGC_1883","21p",3.0,"nan",14.0,"nan","nan",12.0,"nan","nan","nan","05 25 55.3","+46 32 36",81.47857,46.5428
163.24,13.21,"05 59.1","+49 54","NGC_2126","21p",5.5,1400.0,13.0,"nan",1.0,10.2,"nan",0.8,"nan","06 02 59.1","+49 53 55",90.74835,49.90056
163.63,5.01,"05 18.5","+45 21","Berkeley_18","21r",20.0,"nan",16.0,"nan","nan","nan","nan","nan","nan","05 22 10.4","+45 23 53",80.54053,45.3973
166.56,-23.53,"03 44.0","+23 58","Messier 45, M45, Pleiades","13rn",120.0,1250.0,3.0,"B5",3.0,1.5,3.0,0.04,"nan","03 46 58.6","+24 07 15",56.73556,24.11671
166.91,3.58,"05 22.2","+41 51","Berkeley_70","43m",12.0,"nan",15.0,"nan","nan","nan","nan","nan",1.0,"05 25 44.9","+41 53 37",81.4365,41.88697
167.26,2.5,"05 19.0","+40 57","Collinder_62","43p",29.0,"nan","nan","nan","nan",4.2,"nan","nan","nan","05 22 30.9","+40 59 51",80.50716,40.99075
167.3,-0.73,"05 05.0","+39 01","King_17","31p",1.5,"nan",14.0,"nan","nan","nan","nan","nan","nan","05 08 26.5","+39 04 51",77.10814,39.07653
167.55,-18.07,"04 03.5","+27 18","Dolidze_14","42p",12.0,"nan","nan","nan","nan","nan","nan","nan","nan","04 06 34.1","+27 26 02",61.65655,27.43977
168.29,-12.3,"04 24.8","+30 49","Czernik_18","42p",10.0,"nan","nan","nan","nan","nan","nan","nan","nan","04 27 58.4","+30 55 38",66.99078,30.92248
168.3,1.32,"05 16.6","+39 25","Czernik_20","22r",18.0,"nan","nan","nan","nan","nan","nan","nan","nan","05 20 03.8","+39 28 01",80.01159,39.46443
168.41,1.26,"05 16.7","+39 18","NGC_1857","22m",9.0,1900.0,8.0,"A",1.0,8.4,"nan",0.4,"nan","05 20 09.6","+39 21 01",80.02926,39.3399
168.88,-2.0,"05 04.7","+36 59","NGC_1778","32p",10.0,1350.0,8.0,"B6",3.0,8.5,"nan",0.35,"nan","05 08 04.7","+37 02 52",77.01483,37.0511
170.2,-3.9,"05 01.3","+34 46","Dolidze_15","41p",18.0,"nan","nan","nan","nan","nan","nan","nan",1.0,"05 04 36.7","+34 50 07",76.11863,34.85531
171.63,3.58,"05 35.6","+37 54","Stock_10","43p",25.0,"nan","nan","B7","nan","nan","nan","nan","nan","05 39 01.5","+37 55 39",84.77764,37.9332
171.88,0.4,"05 23.1","+35 57","Czernik_21","43r",9.0,"nan","nan","nan","nan","nan","nan","nan",1.0,"05 26 27.7","+35 59 33",81.61004,35.99129
172.27,0.7,"05 25.3","+35 48","NGC_1912","32m",18.0,1320.0,8.0,"B4",3.0,6.8,1.0,0.25,"nan","05 28 39.5","+35 50 24",82.18566,35.83399
172.62,0.3,"05 24.7","+35 17","NGC_1907","21m",5.0,1380.0,9.0,"B3",3.0,10.2,1.0,0.38,"nan","05 28 02.5","+35 19 26",82.01493,35.32095
173.18,-3.47,"05 11.3","+32 40","Dolidze_16","32pn",12.0,"nan","nan","nan","nan","nan","nan","nan","nan","05 14 33.7","+32 43 24",78.6576,32.7159
173.35,-0.23,"05 24.3","+34 23","Stock_8","12pn",5.0,"nan",9.0,"0B","nan","nan","nan","nan","nan","05 27 37.0","+34 25 28",81.97183,34.41954
173.41,10.64,"06 11.7","+39 52","NGC_2192","31p",6.0,"nan",14.0,"nan","nan",10.9,"nan","nan","nan","06 15 11.4","+39 51 01",93.80142,39.8529
173.59,-1.7,"05 19.4","+33 21","NGC_1893","22mn",12.0,4000.0,"nan","05",3.0,7.8,2.0,0.59,"nan","05 22 41.1","+33 23 50",80.66744,33.39649
173.84,-1.52,"05 20.8","+33 15","Dolidze_18","42p",12.0,"nan","nan","nan","nan","nan","nan","nan","nan","05 24 05.0","+33 17 43",81.01417,33.29184
173.9,0.28,"05 28.1","+34 13","NGC_1931","n",1.0,"nan",6.0,"nan","nan",11.4,"nan","nan","nan","05 31 24.8","+34 15 12",82.85442,34.24235
173.96,-0.46,"05 25.3","+33 45","Dolidze_20","41p",12.0,"nan","nan","nan","nan","nan","nan","nan",1.0,"05 28 35.9","+33 47 24",82.14941,33.78443
174.09,-8.85,"04 53.9","+28 42","Czernik_19","32m",18.0,"nan","nan","nan","nan","nan","nan","nan","nan","04 57 02.9","+28 46 38",74.26542,28.77555
174.44,-1.8,"05 21.3","+32 36","Berkeley_69","32p",6.0,"nan",14.0,"nan","nan","nan","nan","nan","nan","05 24 33.9","+32 38 41",81.14035,32.63847
174.52,1.04,"05 32.8","+34 06","NGC_1960","23m",15.0,1270.0,9.0,"B2",3.0,6.5,3.0,0.24,"nan","05 36 06.7","+34 07 51",84.03298,34.13498
175.0,17.06,"06 45.8","+41 07","NGC_2281","12p",15.0,500.0,8.0,"A0",3.0,7.2,"nan",0.1,"nan","06 49 18.7","+41 03 34",102.33731,41.0561
175.65,-3.65,"05 17.4","+30 33","Berkeley_17","31r",14.0,"nan",16.0,"nan","nan","nan","nan","nan","nan","05 20 36.6","+30 35 58",80.15054,30.59571
176.4,3.12,"05 46.1","+33 37","King_8","13m",5.0,4150.0,15.0,"B0","nan","nan","nan","nan","nan","05 49 24.1","+33 37 54",87.35386,33.62923
176.57,1.02,"05 38.0","+32 22","Berkeley_71","21p",6.0,"nan",15.0,"nan","nan","nan","nan","nan","nan","05 41 15.9","+32 23 29",85.32107,32.39093
176.91,-3.59,"05 20.9","+29 33","Berkeley_19","42p",7.0,"nan",15.0,"nan","nan","nan","nan","nan","nan","05 24 05.1","+29 35 43",81.02862,29.59185
177.65,3.09,"05 49.1","+32 32","NGC_2099","21r",25.0,1350.0,11.0,"B9",3.0,6.2,1.0,0.31,"nan","05 52 22.3","+32 32 40",88.08237,32.54008
179.02,-10.65,"05 00.6","+23 45","NGC_1746","31p",45.0,420.0,8.0,"B5",1.0,6.1,"nan","nan","nan","05 03 38.3","+23 49 10",75.91931,23.81076
179.15,-10.52,"05 01.4","+23 43","NGC_1758","41p","nan","nan","nan","nan","nan","nan","nan","nan","nan","05 04 26.2","+23 47 07",76.1164,23.78415
179.2,-10.7,"05 00.9","+23 35","NGC_1750","nan","nan","nan",8.0,"nan","nan","nan","nan","nan",3.0,"05 03 56.0","+23 39 09",75.98913,23.63842
179.23,1.2,"05 45.3","+30 12","Basel_4","21p",7.0,5900.0,"nan","B2","nan","nan","nan",0.66,"nan","05 48 30.6","+30 12 57",87.12606,30.21664
180.05,-22.4,"04 24.0","+15 45","Melotte_25, Hyades","23m",400.0,400.0,4.0,"A2",3.0,0.8,3.0,0.0,"nan","04 26 51.1","+15 51 42",66.67057,15.84066
180.39,-16.78,"04 43.1","+18 59","NGC_1647","22m",40.0,550.0,9.0,"B8",3.0,6.2,3.0,0.39,"nan","04 46 01.5","+19 04 24",71.50519,19.06941
180.46,0.76,"05 46.5","+28 55","Czernik_23","31p",6.0,"nan","nan","nan","nan","nan","nan","nan","nan","05 49 40.6","+28 55 52",87.42008,28.93575
180.67,-3.53,"05 30.6","+26 27","Dol-Dzim_3","42p",15.0,"nan","nan","B8","nan","nan","nan","nan","nan","05 33 42.8","+26 29 01",83.42856,26.49312
181.39,-3.41,"05 32.8","+25 55","Dol-Dzim_4","41p",28.0,"nan","nan","nan","nan","nan","nan","nan","nan","05 35 54.0","+25 56 52",83.97312,25.95252
185.79,-19.81,"04 45.8","+13 04","NGC_1663","42p","nan","nan","nan","nan","nan","nan","nan","nan",1.0,"04 48 36.5","+13 09 13",72.14818,13.14689
186.08,-13.5,"05 07.8","+16 28","NGC_1807","22p",15.0,"nan",9.0,"A2",4.0,8.3,"nan",0.2,"nan","05 10 41.0","+16 31 40",77.66987,16.52543
186.13,-13.13,"05 09.2","+16 38","NGC_1817","31m",20.0,1750.0,9.0,"A0",3.0,7.8,1.0,0.35,"nan","05 12 05.3","+16 41 34",78.01828,16.69215
186.32,-2.57,"05 47.3","+22 11","Berkeley_72","22p",6.0,"nan",15.0,"nan","nan","nan","nan","nan","nan","05 50 19.0","+22 11 49",87.5824,22.19863
186.45,1.25,"06 01.9","+24 00","IC_2157","32p",5.0,2000.0,12.0,"OB",3.0,9.1,"nan",0.64,"nan","06 04 57.5","+23 59 45",91.24854,23.99847
186.58,2.18,"06 05.8","+24 21","NGC_2168","32m",40.0,870.0,8.0,"B3",3.0,5.6,3.0,0.23,"nan","06 08 52.0","+24 20 28",92.20838,24.33747
186.61,0.13,"05 58.0","+23 18","NGC_2129","33p",6.0,2000.0,10.0,"B1",3.0,7.0,2.0,0.67,"nan","06 01 02.5","+23 18 02",90.27045,23.30758
186.64,1.76,"06 04.4","+24 06","NGC_2158","23r",5.0,4900.0,15.0,"F0",1.0,12.1,1.0,0.43,"nan","06 07 27.6","+24 05 34",91.83749,24.08141
186.84,-2.51,"05 48.7","+21 46","Berkeley_21","23m",7.0,"nan",16.0,"nan","nan","nan","nan","nan","nan","05 51 42.4","+21 46 43",87.92388,21.78244
187.7,-21.12,"04 45.7","+10 51","NGC_1662","12p",15.0,400.0,9.0,"A0",3.0,8.0,"nan",0.34,"nan","04 48 28.0","+10 56 14",72.11047,10.92954
187.78,10.28,"06 40.1","+27 01","NGC_2266","22m",6.0,3400.0,11.0,"nan",1.0,9.5,"nan","nan","nan","06 43 13.2","+26 57 59",100.81047,26.97263
188.04,-2.27,"05 52.2","+20 52","Czernik_24","43m",6.0,"nan","nan","nan","nan","nan","nan","nan",1.0,"05 55 11.2","+20 52 28",88.79766,20.86997
188.21,3.7,"06 15.0","+23 39","Collinder_89, Gem Mov Cl","42p",45.0,1300.0,"nan","OB","nan",5.7,1.0,0.6,"nan","06 18 02.9","+23 37 48",94.52042,23.6317
188.48,-10.71,"05 23.0","+16 03","Collinder_65","23p",230.0,"nan","nan","B3","nan",3.0,3.0,"nan","nan","05 25 52.8","+16 05 35",81.44175,16.09531
189.67,15.3,"07 04.1","+27 26","NGC_2331","41p",16.0,"nan",9.0,"nan","nan",8.5,"nan","nan","nan","07 07 12.9","+27 21 17",106.80652,27.34528
190.2,0.42,"06 06.8","+20 20","NGC_2175","43pn",15.0,1950.0,8.0,"O6",3.0,6.8,"nan",0.4,"nan","06 09 46.5","+20 19 24",92.43548,20.31874
192.24,-13.57,"05 21.1","+11 25","Dol-Dzim_2","42p",12.0,"nan","nan","K0","nan","nan","nan","nan","nan","05 23 53.1","+11 27 43",80.96632,11.46115
192.61,5.44,"06 30.5","+20 35","Berkeley_23","22p",4.0,"nan",15.0,"nan","nan","nan","nan","nan","nan","06 33 28.6","+20 32 41",98.37149,20.54388
195.05,-12.0,"05 32.3","+09 54","Collinder_69","23pn",40.0,500.0,"nan","O","nan",2.8,"nan",0.1,"nan","05 35 03.3","+09 55 55",83.77922,9.93323
195.11,-15.31,"05 21.0","+08 08","Dolidze_19","41p",24.0,"nan","nan","nan","nan","nan","nan","nan","nan","05 23 43.2","+08 10 44",80.934,8.18235
195.63,-2.92,"06 05.6","+13 58","NGC_2169","13p",6.0,1100.0,"nan","B1",3.0,7.0,2.0,0.16,"nan","06 08 26.3","+13 57 29",92.12431,13.95244
195.88,-16.15,"05 19.7","+07 04","Dolidze_17","42p",12.0,"nan","nan","nan","nan","nan","nan","nan",1.0,"05 22 23.9","+07 06 50",80.5936,7.11413
196.58,-15.1,"05 24.7","+07 02","Dolidze_21","42p",12.0,"nan","nan","nan","nan","nan","nan","nan","nan","05 27 23.9","+07 04 28",81.8503,7.0726
197.17,8.87,"06 52.1","+18 05","NGC_2304","21p",4.0,"nan","nan","nan","nan",10.0,"nan","nan","nan","06 55 00.9","+18 01 08",103.75404,18.00954
197.26,-2.33,"06 11.0","+12 49","NGC_2194","31r",6.0,1600.0,13.0,"nan",1.0,10.0,"nan","nan","nan","06 13 48.9","+12 48 06",93.45993,12.80741
197.98,8.03,"06 50.4","+16 59","Berkeley_29","23r",4.0,"nan",15.0,"nan","nan","nan","nan","nan","nan","06 53 17.6","+16 55 15",103.32839,16.92203
198.07,-5.79,"06 00.3","+10 26","NGC_2141","23r",9.0,"nan",15.0,"nan","nan",10.8,"nan","nan","nan","06 03 04.0","+10 25 53",90.76001,10.43431
198.11,19.65,"07 35.5","+21 41","NGC_2420","12r",6.0,2500.0,11.0,"nan",3.0,10.0,"nan",0.0,"nan","07 38 27.9","+21 34 08",114.61282,21.57689
198.97,-10.4,"05 45.8","+07 23","Collinder_74","32p",3.0,"nan","nan","nan","nan",14.4,"nan","nan","nan","05 48 30.4","+07 23 56",87.12781,7.40558
199.8,-8.05,"05 55.7","+07 50","Berkeley_22","33p",2.0,"nan",15.0,"nan","nan","nan","nan","nan","nan","05 58 24.9","+07 50 13",89.6007,7.83685
201.72,-0.07,"06 27.7","+09 58","Collinder_95","42pn",18.0,"nan","nan","nan","nan","nan","nan","nan","nan","06 30 27.4","+09 55 53",97.63179,9.93267
201.79,2.12,"06 35.8","+10 56","NGC_2259","22p",4.0,"nan",14.0,"nan","nan",10.8,"nan","nan","nan","06 38 34.4","+10 53 18",99.6412,10.87877
202.31,-5.26,"06 10.4","+07 00","Czernik_25","22p",7.0,"nan","nan","nan","nan","nan","nan","nan","nan","06 13 05.9","+06 59 09",93.27386,6.98191
202.86,1.05,"06 34.0","+09 29","Trumpler_5","23r",9.0,"nan",17.0,"nan","nan",10.9,"nan","nan","nan","06 36 44.7","+09 26 26",99.17326,9.43768
202.94,2.2,"06 38.3","+09 56","NGC_2264","43pn",30.0,750.0,5.0,"O7",3.0,4.1,3.0,0.1,"nan","06 41 03.2","+09 53 07",100.24748,9.89317
203.36,11.8,"07 14.1","+13 52","NGC_2355","22p",7.0,"nan",13.0,"nan",4.0,9.7,"nan","nan","nan","07 16 55.3","+13 46 36",109.23069,13.77511
203.5,-17.28,"05 30.4","+00 11","Berkeley_20","13p",3.0,"nan",15.0,"nan","nan","nan","nan","nan","nan","05 32 58.0","+00 13 04",83.24328,0.21878
203.56,-6.2,"06 09.5","+05 28","NGC_2186","22p",4.5,"nan",9.0,"nan","nan",9.2,"nan","nan","nan","06 12 10.1","+05 27 13",93.03056,5.44178
203.6,0.13,"06 32.0","+08 24","NGC_2251","32p",8.0,1550.0,"nan","nan",3.0,8.8,2.0,0.22,"nan","06 34 43.5","+08 21 35",98.69086,8.35749
204.35,0.09,"06 33.3","+07 43","NGC_2254","12p",4.0,"nan",12.0,"nan","nan",10.9,"nan","nan","nan","06 36 00.7","+07 40 29",99.00357,7.67323
204.37,-1.69,"06 27.0","+06 52","NGC_2236","32p",6.0,"nan",12.0,"nan","nan",11.6,"nan","nan","nan","06 29 41.7","+06 49 56",97.42098,6.83407
204.62,13.96,"07 24.3","+13 41","NGC_2395","31p",14.0,1200.0,9.0,"nan",2.0,9.4,"nan",0.72,"nan","07 27 06.8","+13 34 54",111.7804,13.5835
204.98,-17.44,"05 32.6","-01 08","Collinder_70, Orion Belt","23mn",180.0,430.0,"nan","B0",2.0,0.6,"nan","nan","nan","05 35 08.4","-01 06 06",83.77403,-1.10006
205.08,-3.99,"06 20.2","+05 09","Collinder_92","n",11.0,"nan","nan","nan","nan",8.6,"nan","nan",3.0,"06 22 51.7","+05 07 26",95.70352,5.13836
205.34,0.32,"06 36.0","+06 57","Collinder_111","nan",3.2,"nan","nan","nan","nan",7.0,"nan","nan",3.0,"06 38 41.7","+06 54 17",99.6679,6.89944
205.37,-1.77,"06 28.6","+05 57","Collinder_97","43p",22.0,"nan","nan","B0","nan",5.4,"nan","nan","nan","06 31 16.6","+05 54 49",97.81467,5.91082
205.54,32.52,"08 37.2","+20 10","NGC_2632, Praesepe","22m",90.0,160.0,6.0,"A0",3.0,3.9,3.0,0.0,"nan","08 40 04.5","+19 59 20",130.01822,19.97943
205.57,-4.11,"06 20.6","+04 41","Dolidze_22","41p",18.0,"nan","nan","nan","nan","nan","nan","nan",1.0,"06 23 15.2","+04 39 24",95.82493,4.64982
205.9,-12.61,"05 51.3","+00 23","NGC_2112","23m",11.0,"nan",10.0,"nan","nan",9.1,"nan","nan","nan","05 53 52.2","+00 23 32",88.45425,0.3884
206.02,-0.43,"06 34.4","+06 00","Collinder_106","33p",44.0,"nan","nan","B0","nan",4.6,"nan","nan","nan","06 37 04.6","+05 57 24",99.31141,5.95107
206.18,-2.29,"06 28.3","+04 59","NGC_2239","n",16.0,"nan","nan","nan","nan","nan","nan","nan","nan","06 30 57.5","+04 56 51",97.72675,4.95269
206.23,5.14,"06 54.9","+08 22","Biurakan_7","13m",6.0,4000.0,14.0,"nan","nan","nan","nan","nan","nan","06 57 37.2","+08 17 56",104.40753,8.29669
206.27,-1.21,"06 32.3","+05 25","NGC_2252","42pn",14.0,"nan",9.0,"A","nan",7.7,1.0,"nan","nan","06 34 58.0","+05 22 33",98.73078,5.37053
206.42,-2.02,"06 29.7","+04 54","NGC_2244","23pn",30.0,1700.0,7.0,"O5",3.0,5.2,3.0,0.5,"nan","06 32 21.4","+04 51 45",98.07822,4.86442
206.51,13.89,"07 27.3","+12 00","Dolidze_26","41p",24.0,"nan","nan","nan","nan","nan","nan","nan","nan","07 30 04.8","+11 53 42",112.51594,11.89369
206.93,-1.13,"06 33.8","+04 52","Collinder_104","41p",19.0,"nan","nan","nan","nan",9.6,"nan","nan","nan","06 36 27.3","+04 49 27",99.10666,4.8213
207.14,-0.91,"06 35.0","+04 47","Collinder_107","43p",35.0,"nan","nan","OB","nan",5.4,"nan","nan","nan","06 37 39.2","+04 44 22",99.39952,4.73578
207.4,-5.57,"06 18.9","+02 23","Collinder_91","42p",18.0,"nan","nan","nan","nan",6.4,"nan","nan",1.0,"06 21 30.5","+02 21 32",95.37581,2.35733
207.67,2.36,"06 47.6","+05 49","Biurakan_12","43p",4.0,"nan",17.0,"nan","nan","nan","nan","nan",1.0,"06 50 16.4","+05 45 28",102.56381,5.75801
207.77,2.59,"06 48.6","+05 50","Biurakan_11","32p",3.0,8000.0,15.0,"B8",1.0,"nan","nan","nan","nan","06 51 16.4","+05 46 23",102.81537,5.77351
207.95,4.4,"06 55.4","+06 30","Biurakan_8","22m",8.0,9000.0,14.0,"B8",1.0,"nan","nan","nan","nan","06 58 05.1","+06 25 54",104.52014,6.43308
207.97,-3.38,"06 27.7","+02 54","Collinder_96","42p",8.0,"nan","nan","nan","nan",9.1,"nan","nan","nan","06 30 19.1","+02 51 54",97.58323,2.86372
208.01,0.41,"06 41.3","+04 37","NGC_2269","22p",4.0,"nan",10.0,"nan","nan",9.8,"nan","nan","nan","06 43 57.0","+04 33 55",100.97655,4.56674
208.09,-18.98,"05 32.7","-04 28","NGC_1981","32p",25.0,400.0,10.0,"B1","nan",4.2,2.0,"nan","nan","05 35 10.6","-04 26 06",83.78295,-4.43145
208.55,5.52,"07 00.5","+06 29","Czernik_27","22p",5.0,"nan","nan","nan","nan","nan","nan","nan","nan","07 03 11.0","+06 24 33",105.79735,6.40446
208.56,-1.8,"06 34.4","+03 07","VDB_1","32p","nan",1700.0,"nan","nan",3.0,"nan","nan",0.73,"nan","06 37 01.3","+03 04 24",99.25963,3.0661
209.01,-19.37,"05 32.9","-05 25","Trapezium","n",50.0,4500.0,"nan","O6",3.0,"nan",3.0,"nan","nan","05 35 21.5","-05 23 07",83.83087,-5.38271
209.54,-19.6,"05 32.9","-05 58","NGC_1980","n",15.0,"nan","nan","B1","nan",2.5,1.0,"nan","nan","05 35 20.8","-05 56 07",83.85103,-5.93239
209.65,-1.98,"06 35.8","+02 04","Collinder_110","31m",12.0,"nan","nan","nan","nan",10.5,"nan","nan","nan","06 38 24.1","+02 01 18",99.59908,2.01528
210.39,-2.37,"06 35.8","+01 14","NGC_2262","12p",3.0,"nan","nan","nan","nan",11.3,"nan","nan","nan","06 38 23.1","+01 11 19",99.59064,1.17932
210.41,1.51,"06 49.6","+03 00","Biurakan_10","13p",4.0,15000.0,15.0,"O",1.0,"nan","nan","nan","nan","06 52 13.1","+02 56 19",103.05427,2.93272
210.68,-0.8,"06 41.6","+01 39","Dolidze_24","31p",18.0,"nan","nan","nan","nan","nan","nan","nan","nan","06 44 11.6","+01 35 54",101.12005,1.63892
210.78,2.68,"06 55.1","+03 17","Biurakan_9","21p",4.0,"nan",15.0,"B",1.0,"nan","nan","nan","nan","06 57 43.4","+03 12 56",104.26608,3.1358
210.8,-0.3,"06 43.9","+01 49","Collinder_115","32p",8.0,"nan","nan","nan","nan",9.2,"nan","nan","nan","06 46 29.8","+01 45 44",101.61992,1.76041
211.9,9.77,"07 21.8","+05 27","Berkeley_78","21p",8.0,"nan",16.0,"nan","nan","nan","nan","nan","nan","07 24 27.6","+05 21 04",111.11319,5.34619
211.94,-1.29,"06 42.5","+00 21","Dolidze_25","42p",24.0,"nan","nan","nan","nan","nan","nan","nan",1.0,"06 45 04.1","+00 17 50",101.2591,0.29437
211.98,-1.85,"06 40.6","+00 03","Dolidze_23","42p",12.0,"nan","nan","nan","nan","nan","nan","nan","nan","06 43 09.8","-00 00 02",100.77901,0.0033
212.18,-3.46,"06 35.2","-00 52","Berkeley_24","22p",10.0,"nan",17.0,"nan","nan","nan","nan","nan","nan","06 37 44.7","-00 54 39",99.43729,-0.90882
212.55,0.28,"06 49.2","+00 32","NGC_2301","13m",15.0,750.0,8.0,"B8",3.0,6.3,1.0,0.04,"nan","06 51 46.3","+00 28 21",102.93453,0.46758
212.7,5.56,"07 08.2","+02 49","Berkeley_35","12p",8.0,"nan",16.0,"nan","nan","nan","nan","nan","nan","07 10 48.8","+02 44 01",107.7061,2.73777
213.45,3.31,"07 01.6","+01 08","NGC_2324","22r",9.0,2900.0,12.0,"B9",3.0,7.9,"nan",0.1,"nan","07 04 11.0","+01 03 28",106.0417,1.04822
214.18,1.87,"06 57.8","-00 11","Biurakan_13","21m",5.0,"nan",17.0,"nan","nan","nan","nan","nan","nan","07 00 21.5","-00 15 15",105.0928,-0.25755
214.35,-6.51,"06 28.3","-04 11","Czernik_26","31p",5.0,"nan","nan","nan","nan","nan","nan","nan","nan","06 30 46.9","-04 13 09",97.69956,-4.21969
214.36,-7.65,"06 24.3","-04 42","NGC_2232","43p",20.0,"nan","nan","B3","nan",4.2,1.0,"nan","nan","06 26 46.3","-04 43 51",96.68354,-4.74286
215.28,-9.41,"06 19.6","-06 19","Berkeley_73","12p",3.0,"nan",16.0,"nan","nan","nan","nan","nan","nan","06 22 02.4","-06 20 31",95.51327,-6.34557
215.3,-6.45,"06 30.3","-05 00","NGC_2250","42p",7.0,"nan",12.0,"nan","nan",8.9,"nan","nan","nan","06 32 45.9","-05 02 17",98.1806,-5.03499
215.32,-2.3,"06 45.1","-03 07","NGC_2286","43m",13.0,1300.0,9.0,"nan",3.0,8.3,1.0,0.41,"nan","06 47 36.1","-03 10 21",101.89927,-3.17313
215.58,31.72,"08 47.7","+12 00","NGC_2682","22m",16.0,800.0,9.0,"B8",3.0,7.4,3.0,0.06,"nan","08 50 26.2","+11 48 46",132.6193,11.81577
216.01,-10.1,"06 18.4","-07 16","NGC_2215","22p",9.0,1000.0,11.0,"nan",3.0,8.6,"nan",0.1,"nan","06 20 49.2","-07 17 26",95.21381,-7.29703
217.23,5.95,"07 17.9","-01 00","Berkeley_37","22p",8.0,"nan",15.0,"nan","nan","nan","nan","nan","nan","07 20 26.6","-01 05 39",110.11354,-1.0929
217.29,6.31,"07 19.3","-00 53","Czernik_28","32p",4.0,"nan","nan","nan","nan","nan","nan","nan","nan","07 21 50.7","-00 58 45",110.46061,-0.98002
217.73,-0.69,"06 55.3","-04 31","NGC_2311","32p",5.0,"nan",12.0,"nan","nan",9.6,"nan","nan","nan","06 57 46.6","-04 35 05",104.43577,-4.58444
219.28,-3.07,"06 49.5","-07 00","NGC_2302","22p",2.5,"nan",12.0,"nan","nan","nan","nan","nan","nan","06 51 55.7","-07 03 40",103.01425,-7.04702
219.36,5.17,"07 19.1","-03 14","Berkeley_77","11p",7.0,"nan",13.0,"nan","nan","nan","nan","nan","nan","07 21 36.1","-03 19 44",110.40202,-3.33333
219.81,0.01,"07 01.6","-06 03","Haffner_3","22p",2.7,"nan",14.0,"nan","nan","nan","nan","nan","nan","07 04 02.9","-06 07 31",106.01669,-6.11375
219.86,-2.25,"06 53.6","-07 08","NGC_2309","22m",3.0,"nan",13.0,"nan","nan",10.5,"nan","nan","nan","06 56 01.6","-07 11 57",104.01566,-7.19071
221.2,84.01,"12 22.5","+26 23","Melotte_111, Com Mov Cl","23p",250.0,80.0,5.0,"A0",3.0,2.9,3.0,0.0,"nan","12 25 00.3","+26 06 23",186.25532,26.11271
221.67,-1.24,"07 00.6","-08 16","NGC_2323","23m",16.0,910.0,9.0,"B6",3.0,7.2,"nan",0.26,"nan","07 03 00.3","-08 20 27",105.75589,-8.33965
222.05,-5.35,"06 46.5","-10 29","Ruprecht_4","32p",5.0,"nan",14.0,"nan","nan","nan","nan","nan","nan","06 48 51.6","-10 32 27",102.21622,-10.5409
223.47,10.09,"07 44.2","-04 29","Berkeley_39","23r",12.0,"nan",16.0,"nan","nan","nan","nan","nan","nan","07 46 41.0","-04 36 25",116.67511,-4.60957
223.62,-1.27,"07 04.2","-10 00","NGC_2335","33m",11.0,"nan",10.0,"B9","nan",9.3,"nan","nan","nan","07 06 34.4","-10 04 42",106.6345,-10.08592
223.98,-9.69,"06 34.1","-14 08","Ruprecht_1","31p",8.0,"nan",11.0,"nan","nan","nan","nan","nan","nan","06 36 23.1","-14 10 33",99.09445,-14.174
224.16,-1.39,"07 04.8","-10 32","Collinder_465","42p",9.0,"nan","nan","nan","nan",10.1,"nan","nan",1.0,"07 07 09.8","-10 36 45",106.77827,-10.62057
224.32,-1.16,"07 05.9","-10 34","NGC_2343","33p",6.0,"nan",8.0,"A0","nan",7.8,"nan","nan","nan","07 08 15.8","-10 38 49",107.06092,-10.65683
224.35,-1.46,"07 04.9","-10 44","Collinder_466","32p",4.0,"nan","nan","nan","nan",11.1,"nan","nan","nan","07 07 15.5","-10 48 45",106.80382,-10.82143
224.72,0.38,"07 12.2","-10 13","NGC_2353","22p",20.0,1100.0,9.0,"B0",3.0,5.2,2.0,0.12,"nan","07 14 34.3","-10 18 15",108.63762,-10.29926
224.97,-1.99,"07 04.1","-11 32","Berkeley_76","43m",7.0,"nan",16.0,"nan","nan","nan","nan","nan","nan","07 06 26.6","-11 36 42",106.61386,-11.6153
225.3,-5.02,"06 53.7","-13 13","Ruprecht_6","32p",2.0,"nan","nan","nan","nan","nan","nan","nan","nan","06 56 00.5","-13 16 58",104.0026,-13.28509
225.43,-4.62,"06 55.4","-13 09","Ruprecht_7","32m",4.0,"nan",14.0,"nan","nan","nan","nan","nan","nan","06 57 42.6","-13 13 05",104.42945,-13.22065
225.53,1.73,"07 18.6","-10 17","NGC_2368","42p",4.0,"nan","nan","nan","nan",11.8,"nan","nan","nan","07 20 58.3","-10 22 42",110.23552,-10.38498
226.01,-16.07,"06 13.5","-18 38","NGC_2204","33m",11.0,"nan",13.0,"G5","nan",9.3,"nan","nan","nan","06 15 41.2","-18 39 04",93.92138,-18.64705
226.2,-3.92,"06 59.4","-13 31","Ruprecht_8","42p",4.0,"nan",12.0,"nan","nan","nan","nan","nan",1.0,"07 01 42.2","-13 35 22",105.42826,-13.58889
226.37,4.17,"07 28.9","-09 52","Czernik_30","42p",3.0,"nan","nan","nan","nan","nan","nan","nan",1.0,"07 31 16.9","-09 58 24",112.82272,-9.96946
226.57,-2.3,"07 06.0","-13 05","NGC_2345","13m",11.0,"nan",9.0,"A2","nan",8.1,"nan","nan","nan","07 08 18.8","-13 09 49",107.08323,-13.17811
226.62,-9.67,"06 38.8","-16 28","Berkeley_25","13p",7.0,"nan",16.0,"nan","nan","nan","nan","nan","nan","06 41 02.3","-16 30 54",100.28145,-16.51127
227.38,-0.59,"07 13.8","-13 01","Berkeley_36","31m",6.0,"nan",17.0,"nan","nan","nan","nan","nan","nan","07 16 07.1","-13 06 22",109.02469,-13.10509
227.52,1.34,"07 21.1","-12 14","Haffner_8","43m",4.2,"nan",12.0,"nan","nan","nan","nan","nan","nan","07 23 26.1","-12 19 52",110.8395,-12.32372
227.56,2.66,"07 25.8","-11 38","NGC_2396","33p",13.0,"nan",11.0,"nan","nan",7.4,"nan","nan","nan","07 28 08.9","-11 44 11",112.04731,-11.73332
227.83,5.63,"07 36.9","-10 26","Collinder_467","nan",3.0,"nan","nan","nan","nan",11.8,"nan","nan",3.0,"07 39 16.5","-10 32 56",114.83433,-10.5433
227.84,5.37,"07 36.0","-10 34","Melotte_72","21p",5.0,"nan","nan","nan","nan",10.1,"nan","nan","nan","07 38 22.3","-10 40 52",114.60777,-10.67788
227.85,0.25,"07 17.8","-13 02","Haffner_6","43m",4.0,"nan",16.0,"nan","nan","nan","nan","nan","nan","07 20 07.1","-13 07 38",110.01274,-13.12785
227.9,-3.59,"07 03.9","-14 54","Haffner_4","43p",2.4,"nan",14.0,"nan","nan","nan","nan","nan","nan","07 06 10.6","-14 58 41",106.52768,-14.94951
227.92,15.37,"08 11.3","-05 39","NGC_2548","12m",30.0,610.0,8.0,"A0",3.0,5.5,3.0,0.05,"nan","08 13 46.1","-05 48 08",123.43245,-5.80112
228.42,1.04,"07 21.7","-13 10","NGC_2374","23p",10.0,"nan","nan","nan","nan",7.3,"nan","nan","nan","07 24 01.1","-13 15 54",111.00425,-13.25851
228.9,2.97,"07 29.6","-12 39","Ruprecht_24","31p",2.0,"nan",11.0,"nan","nan","nan","nan","nan","nan","07 31 55.8","-12 45 27",112.98043,-12.76087
228.95,4.52,"07 35.2","-11 57","Melotte_71","21m",8.0,"nan","nan","nan","nan",9.0,"nan","nan","nan","07 37 32.8","-12 03 49",114.39539,-12.05703
229.67,1.85,"07 27.1","-13 52","NGC_2401","23p",2.0,"nan","nan","nan","nan",12.6,"nan","nan","nan","07 29 24.4","-13 58 16",112.34876,-13.97271
229.8,-1.42,"07 15.5","-15 32","NGC_2360","22m",12.0,1630.0,9.0,"B8",3.0,9.1,"nan",0.18,"nan","07 17 46.1","-15 37 29",109.4314,-15.63258
230.06,-3.79,"07 07.2","-16 52","Haffner_23","32m",11.0,"nan",13.0,"nan","nan","nan","nan","nan","nan","07 09 26.3","-16 56 54",107.36681,-16.95834
230.14,-7.58,"06 53.2","-18 40","Ruprecht_5","41p",2.0,"nan",13.0,"nan","nan","nan","nan","nan",1.0,"06 55 23.8","-18 43 55",103.84702,-18.73216
230.47,3.55,"07 34.8","-13 45","NGC_2423","42m",20.0,870.0,"nan","B5",3.0,7.0,1.0,0.13,"nan","07 37 06.7","-13 51 47",114.28008,-13.85347
230.57,9.91,"07 57.6","-10 39","NGC_2506","12r",10.0,2200.0,11.0,"nan",3.0,8.9,"nan",0.1,"nan","07 59 58.8","-10 47 17",119.98554,-10.78769
230.8,0.99,"07 26.3","-15 17","Haffner_10","32p",1.6,"nan",15.0,"nan","nan","nan","nan","nan","nan","07 28 34.7","-15 23 13",112.12604,-15.37602
230.8,0.93,"07 26.0","-15 18","Czernik_29","42p",8.0,"nan","nan","nan","nan","nan","nan","nan",1.0,"07 28 16.7","-15 24 12",112.07136,-15.40468
230.97,3.13,"07 34.3","-14 23","NGC_2422","32m",30.0,480.0,5.0,"B3",3.0,4.3,3.0,0.08,"nan","07 36 36.0","-14 29 45",114.15157,-14.4938
231.1,-10.23,"06 44.9","-20 41","NGC_2287","23m",31.0,700.0,8.0,"B3",3.0,5.0,3.0,0.02,"nan","06 47 03.0","-20 44 20",101.74783,-20.73673
231.41,1.96,"07 31.0","-15 20","NGC_2414","13m",6.0,2500.0,"nan","nan","nan",8.2,"nan","nan","nan","07 33 16.8","-15 26 32",113.31236,-15.44504
231.47,3.3,"07 36.0","-14 45","NGC_2425","32p",3.3,"nan",14.0,"nan",1.0,"nan","nan","nan","nan","07 38 17.6","-14 51 52",114.55628,-14.84711
231.76,-0.63,"07 22.3","-16 54","Haffner_9","12p",2.1,"nan",14.0,"nan","nan","nan","nan","nan","nan","07 24 32.7","-16 59 57",111.11768,-16.99102
231.87,4.07,"07 39.5","-14 42","NGC_2437","32m",25.0,1660.0,10.0,"B9",1.0,6.6,"nan",0.14,"nan","07 41 47.8","-14 49 06",115.45299,-14.81804
232.05,2.69,"07 34.9","-15 32","Ruprecht_26","42p",10.0,"nan",12.0,"nan","nan","nan","nan","nan",1.0,"07 37 10.7","-15 38 48",114.29693,-15.65021
232.23,-7.31,"06 58.2","-20 24","Tombaugh_1","32m",5.0,"nan",14.0,"nan","nan","nan","nan","nan","nan","07 00 21.7","-20 28 16",105.07579,-20.47223
232.55,-5.88,"07 04.2","-20 02","Ruprecht_10","42p",4.5,"nan",12.0,"nan","nan","nan","nan","nan",1.0,"07 06 22.3","-20 06 42",106.5913,-20.11793
232.9,-6.85,"07 01.2","-20 47","Tombaugh_2","13m",2.5,"nan",16.0,"nan","nan","nan","nan","nan","nan","07 03 21.3","-20 51 29",105.83195,-20.86356
233.06,3.25,"07 39.0","-16 08","Ruprecht_151","43m",15.0,"nan",12.0,"nan","nan","nan","nan","nan","nan","07 41 16.2","-16 15 04",115.31849,-16.25537
233.27,-5.98,"07 05.2","-20 43","Ruprecht_11","32p",2.9,"nan",11.0,"nan","nan","nan","nan","nan","nan","07 07 21.5","-20 47 46",106.8404,-20.80233
233.46,-0.36,"07 26.6","-18 15","Haffner_24","12p",2.2,"nan",16.0,"nan","nan","nan","nan","nan",1.0,"07 28 49.2","-18 21 14",112.21597,-18.35766
233.58,-2.89,"07 17.5","-19 34","Ruprecht_15","31p",1.3,"nan",12.0,"nan","nan","nan","nan","nan",1.0,"07 19 41.3","-19 39 37",109.91772,-19.6592
233.71,-7.61,"06 59.8","-21 51","Ruprecht_9","21m",1.4,"nan",13.0,"nan","nan","nan","nan","nan",1.0,"07 01 55.8","-21 55 23",105.48368,-21.92098
233.73,11.12,"08 08.4","-12 41","NGC_2539","21m",22.0,1280.0,9.0,"A0",3.0,8.0,"nan",0.1,"nan","08 10 45.0","-12 49 57",122.67455,-12.83457
233.78,-2.06,"07 21.0","-19 21","Ruprecht_16","42p",6.0,"nan",13.0,"nan","nan","nan","nan","nan",1.0,"07 23 11.7","-19 26 51",110.79509,-19.44641
234.28,-10.37,"06 50.1","-23 34","Ruprecht_149","41p",5.6,"nan",13.0,"nan","nan","nan","nan","nan",1.0,"06 52 11.3","-23 37 42",103.05211,-23.62644
234.3,-11.12,"06 47.2","-23 54","Berkeley_75","12p",4.0,"nan",16.0,"nan","nan","nan","nan","nan","nan","06 49 16.7","-23 57 29",102.31869,-23.96191
234.96,4.5,"07 47.5","-17 09","Ruprecht_37","32p",1.9,"nan",14.0,"nan","nan","nan","nan","nan","nan","07 49 45.3","-17 16 37",117.43631,-17.27718
235.26,-2.44,"07 22.6","-20 50","NGC_2383","13m",6.0,"nan","nan","A3","nan",8.7,"nan","nan","nan","07 24 45.9","-20 55 58",111.18144,-20.92963
235.32,7.02,"07 57.3","-16 10","Ruprecht_45","42p",11.0,"nan",13.0,"nan","nan","nan","nan","nan",1.0,"07 59 34.8","-16 18 15",119.89234,-16.30242
235.39,-2.41,"07 22.9","-20 56","NGC_2384","43p",3.5,2000.0,"nan","B0","nan",8.2,2.0,0.31,"nan","07 25 03.8","-21 01 59",111.2755,-21.02992
235.39,-10.4,"06 52.1","-24 34","Collinder_121","33p",46.0,"nan","nan","B3","nan",5.8,"nan","nan","nan","06 54 10.0","-24 37 50",103.53186,-24.62707
235.48,1.79,"07 38.7","-18 58","NGC_2432","21p",4.0,"nan","nan","nan","nan",10.2,"nan","nan","nan","07 40 54.8","-19 05 03",115.23622,-19.07852
235.65,-3.84,"07 18.0","-21 50","NGC_2367","43p",4.0,2000.0,"nan","B3","nan",7.9,"nan","nan","nan","07 20 08.5","-21 55 39",110.04935,-21.93019
235.88,-2.53,"07 23.5","-21 25","Ruprecht_19","42p",6.0,"nan",13.0,"nan","nan","nan","nan","nan",1.0,"07 25 39.2","-21 31 02",111.41052,-21.518
235.97,5.36,"07 52.8","-17 35","NGC_2479","31m",8.0,"nan","nan","nan","nan",9.6,"nan","nan","nan","07 55 03.1","-17 42 58",118.74848,-17.70839
236.09,-4.6,"07 16.0","-22 34","Haffner_5","32p",5.2,"nan",15.0,"nan","nan","nan","nan","nan","nan","07 18 07.5","-22 39 31",109.54167,-22.67149
236.24,0.24,"07 34.6","-20 23","Czernik_31","42p",9.0,"nan","nan","nan","nan","nan","nan","nan",1.0,"07 36 47.0","-20 29 46",114.19768,-20.50156
236.24,0.08,"07 34.1","-20 30","NGC_2421","12m",9.0,"nan",11.0,"nan","nan",9.0,"nan","nan","nan","07 36 16.8","-20 36 44",114.04854,-20.57964
237.16,-3.74,"07 21.5","-23 07","Ruprecht_17","42p",5.0,"nan",12.0,"nan","nan","nan","nan","nan",1.0,"07 23 37.0","-23 12 53",110.90773,-23.21546
237.2,2.15,"07 43.7","-20 16","Ruprecht_34","32p",6.0,"nan",12.0,"nan","nan","nan","nan","nan","nan","07 45 53.5","-20 23 22",116.47594,-20.39112
237.59,3.2,"07 48.4","-20 04","Ruprecht_38","32p",7.0,"nan",13.0,"nan","nan","nan","nan","nan",1.0,"07 50 36.0","-20 11 41",117.6522,-20.19842
237.86,5.83,"07 58.5","-18 56","NGC_2509","21p",4.0,"nan","nan","nan","nan",9.3,"nan","nan","nan","08 00 43.8","-19 04 20",120.19473,-19.07797
237.88,-8.14,"07 05.8","-25 47","Ruprecht_13","32p",4.2,"nan",13.0,"nan","nan","nan","nan","nan","nan","07 07 50.8","-25 51 48",106.96212,-25.86014
238.0,-2.42,"07 28.3","-23 13","Ruprecht_23","32p",3.0,"nan",13.0,"nan","nan","nan","nan","nan","nan","07 30 25.2","-23 19 21",112.60576,-23.3284
238.18,-5.53,"07 16.7","-24 51","NGC_2362","13p",7.0,1550.0,8.0,"O8",3.0,3.8,2.0,0.11,"nan","07 18 46.5","-24 56 33",109.68925,-24.94759
238.2,3.6,"07 51.2","-20 23","Ruprecht_40","32p",3.5,"nan",13.0,"nan","nan","nan","nan","nan",1.0,"07 53 23.8","-20 30 52",118.35016,-20.51875
238.28,-3.38,"07 25.2","-23 56","Trumpler_7","23p",5.5,"nan",10.0,"nan","nan",7.9,"nan","nan","nan","07 27 18.1","-24 02 08",111.82948,-24.03154
238.34,2.31,"07 46.8","-21 10","NGC_2455","32p",5.0,"nan",12.0,"nan","nan",10.2,"nan","nan","nan","07 48 58.6","-21 17 35",117.23717,-21.29508
238.37,5.89,"07 59.9","-19 20","Ruprecht_46","23p",2.0,"nan",12.0,"nan","nan","nan","nan","nan","nan","08 02 07.4","-19 28 25",120.52927,-19.47956
238.38,-3.75,"07 24.0","-24 12","Trumpler_6","32p",6.0,"nan","nan","nan","nan",10.0,"nan","nan","nan","07 26 05.7","-24 18 03",111.52386,-24.29442
238.42,-6.81,"07 12.2","-25 39","NGC_2354","32m",20.0,1850.0,"nan","nan",3.0,8.9,"nan",0.14,"nan","07 14 15.2","-25 44 15",108.54938,-25.74393
238.53,1.35,"07 43.6","-21 49","Ruprecht_33","32m",7.0,"nan",13.0,"nan","nan","nan","nan","nan","nan","07 45 45.7","-21 56 22",116.44773,-21.94242
238.71,-1.21,"07 34.4","-23 15","Ruprecht_25","23p",0.7,"nan",14.0,"nan","nan","nan","nan","nan",1.0,"07 36 31.4","-23 21 46",114.13308,-23.36496
238.78,-14.81,"06 40.2","-29 24","Ruprecht_3","21p",2.8,"nan",11.0,"nan","nan","nan","nan","nan","nan","06 42 08.7","-29 26 59",100.53643,-29.4516
238.78,-15.07,"06 39.1","-29 30","Ruprecht_2","43p",7.0,"nan",12.0,"nan","nan","nan","nan","nan",1.0,"06 41 02.5","-29 32 54",100.26151,-29.55333
239.5,-17.97,"06 27.9","-31 15","NGC_2243","12r",4.0,"nan","nan","nan","nan",10.5,"nan","nan","nan","06 29 47.5","-31 17 06",97.44869,-31.28655
239.73,2.36,"07 50.0","-22 20","Ruprecht_39","32p",1.5,"nan",14.0,"nan","nan","nan","nan","nan","nan","07 52 09.4","-22 27 47",118.04417,-22.46581
239.94,-4.92,"07 22.7","-26 07","Ruprecht_18","32p",4.0,"nan",12.0,"nan","nan","nan","nan","nan","nan","07 24 45.1","-26 12 58",111.18991,-26.21725
239.95,-9.31,"07 05.2","-28 08","Ruprecht_12","41p",5.0,"nan",14.0,"nan","nan","nan","nan","nan",1.0,"07 07 11.4","-28 12 45",106.79193,-28.21217
240.04,-9.67,"07 03.9","-28 22","Ruprecht_150","23p",2.5,"nan",13.0,"nan","nan","nan","nan","nan","nan","07 05 53.0","-28 26 40",106.46756,-28.44873
240.07,0.15,"07 42.5","-23 45","NGC_2447","41p",22.0,1100.0,9.0,"B9",3.0,6.5,"nan",0.06,"nan","07 44 37.2","-23 52 18",116.15673,-23.87614
240.07,-0.77,"07 39.0","-24 13","Ruprecht_29","22p",2.5,"nan",13.0,"nan","nan","nan","nan","nan",1.0,"07 41 06.4","-24 20 04",115.28221,-24.33349
241.54,-0.6,"07 42.9","-25 24","Ruprecht_32","32pn",4.0,"nan",10.0,"nan","nan","nan","nan","nan",1.0,"07 44 59.1","-25 31 19",116.25101,-25.52417
241.63,11.57,"08 27.5","-18 56","Ruprecht_157","42p",14.0,"nan",11.0,"nan","nan","nan","nan","nan","nan","08 29 45.4","-19 06 05",127.4361,-19.10065
241.63,1.97,"07 52.8","-24 10","NGC_2482","31m",11.0,"nan","nan","nan","nan",8.8,"nan","nan","nan","07 54 55.3","-24 17 58",118.74177,-24.29529
241.64,-2.6,"07 35.4","-26 29","Ruprecht_27","22m",18.0,"nan",12.0,"nan","nan","nan","nan","nan","nan","07 37 27.3","-26 35 49",114.37031,-26.59928
242.08,0.48,"07 48.2","-25 19","Haffner_16","11p",1.6,"nan",12.0,"nan","nan","nan","nan","nan","nan","07 50 17.6","-25 26 40",117.58579,-25.44534
242.27,-0.08,"07 46.6","-25 46","Haffner_25","31p",1.0,"nan",14.0,"nan","nan","nan","nan","nan",1.0,"07 48 40.9","-25 53 34",117.15746,-25.89329
242.39,-3.55,"07 33.4","-27 37","Haffner_11","23m",4.4,"nan",16.0,"nan","nan","nan","nan","nan","nan","07 35 25.6","-27 43 41",113.84572,-27.71531
242.48,11.8,"08 30.3","-19 29","Ruprecht_62","42p",7.0,"nan",11.0,"nan","nan","nan","nan","nan",1.0,"08 32 33.0","-19 39 15",128.13678,-19.65641
242.51,-5.79,"07 24.7","-28 47","Ruprecht_20","32m",8.0,"nan",11.0,"nan","nan","nan","nan","nan","nan","07 26 41.5","-28 53 06",111.67227,-28.88583
242.6,-0.31,"07 46.4","-26 10","Ruprecht_36","11p",3.0,"nan",12.0,"nan","nan","nan","nan","nan","nan","07 48 28.4","-26 17 33",117.12253,-26.29431
242.65,-6.86,"07 21.2","-29 24","Haffner_7","23m",2.9,"nan",14.0,"nan","nan","nan","nan","nan","nan","07 23 10.4","-29 29 52",110.66011,-29.50517
243.02,0.52,"07 50.6","-26 07","Haffner_19","13pn",1.8,"nan",14.0,"nan","nan","nan","nan","nan","nan","07 52 40.7","-26 14 49",118.15757,-26.23294
243.07,1.19,"07 53.2","-25 48","Trumpler_9","22p",6.0,"nan","nan","nan","nan",9.1,"nan","nan","nan","07 55 17.3","-25 55 59",118.82565,-25.93071
243.07,-5.47,"07 27.2","-29 07","Ruprecht_22","42p",2.8,"nan",12.0,"nan","nan","nan","nan","nan",1.0,"07 29 11.2","-29 13 16",112.29477,-29.22771
243.11,0.44,"07 50.4","-26 14","Haffner_18","13pn",1.1,"nan",11.0,"nan","nan","nan","nan","nan","nan","07 52 28.5","-26 21 48",118.13243,-26.35122
243.14,0.41,"07 50.4","-26 16","NGC_2467","n",14.0,"nan","nan","O5","nan",7.1,"nan","nan","nan","07 52 28.5","-26 23 48",118.12084,-26.39236
243.3,1.65,"07 55.5","-25 45","Ruprecht_42","22p",2.0,"nan",14.0,"nan","nan","nan","nan","nan","nan","07 57 35.5","-25 53 08",119.39545,-25.88843
243.33,-0.94,"07 45.7","-27 07","NGC_2453","12p",4.0,"nan","nan","OB","nan",9.0,"nan","nan","nan","07 47 45.1","-27 14 30",116.92665,-27.24254
243.34,-9.21,"07 12.5","-31 05","Collinder_132","33p",85.0,"nan","nan","B3","nan",3.8,"nan","nan","nan","07 14 25.4","-31 10 16",108.58641,-31.17453
243.57,-9.16,"07 13.1","-31 16","Ruprecht_14","32p",2.3,"nan",13.0,"nan","nan","nan","nan","nan","nan","07 15 01.2","-31 21 18",108.75633,-31.35606
243.81,0.37,"07 51.8","-26 51","Ruprecht_41","32p",1.1,"nan",14.0,"nan","nan","nan","nan","nan","nan","07 53 51.8","-26 58 54",118.46773,-26.9877
243.97,-2.09,"07 42.8","-28 15","Haffner_14","32m",3.8,"nan",14.0,"nan","nan","nan","nan","nan","nan","07 44 49.4","-28 22 19",116.16486,-28.37294
244.6,-6.78,"07 25.2","-31 05","Ruprecht_21","31m",11.0,"nan",11.0,"nan","nan","nan","nan","nan","nan","07 27 08.2","-31 11 08",111.77929,-31.18521
244.72,2.22,"08 01.0","-26 39","Ruprecht_49","23p",2.5,"nan",13.0,"nan","nan","nan","nan","nan","nan","08 03 04.8","-26 47 29",120.76927,-26.79578
244.81,1.65,"07 59.1","-27 02","Haffner_21","21p",1.1,"nan",15.0,"nan","nan","nan","nan","nan","nan","08 01 10.1","-27 10 22",120.27994,-27.17374
245.04,-3.75,"07 38.5","-30 00","Haffner_13","23p",15.0,"nan",8.0,"B9","nan","nan","nan","nan","nan","07 40 28.7","-30 07 02",115.11715,-30.12277
245.18,-7.87,"07 22.0","-32 06","Collinder_140","33p",41.0,"nan","nan","B3","nan",4.2,"nan","nan","nan","07 23 54.5","-32 11 55",110.95404,-32.19812
245.64,-4.34,"07 37.5","-30 49","Ruprecht_28","23p",4.0,"nan",14.0,"nan","nan","nan","nan","nan",1.0,"07 39 27.4","-30 55 58",114.85942,-30.93334
245.77,0.52,"07 57.0","-28 27","Ruprecht_44","31p",5.0,"nan",12.0,"nan","nan","nan","nan","nan","nan","07 59 02.1","-28 35 14",119.76373,-28.58439
245.83,3.55,"08 08.7","-26 52","Ruprecht_53","42p",18.0,"nan",10.0,"nan","nan","nan","nan","nan","nan","08 10 47.1","-27 00 58",122.69518,-27.01552
245.86,-1.74,"07 48.4","-29 42","Czernik_32","23p",3.0,"nan","nan","nan","nan","nan","nan","nan","nan","07 50 23.8","-29 49 40",117.5997,-29.82862
246.02,0.28,"07 56.7","-28 47","Ruprecht_43","32p",7.0,"nan",12.0,"nan","nan","nan","nan","nan","nan","07 58 43.7","-28 55 12",119.67997,-28.92307
246.13,1.89,"08 03.2","-28 01","NGC_2527","31p",22.0,"nan","nan","nan","nan",8.3,"nan","nan","nan","08 05 15.2","-28 09 37",121.30108,-28.16393
246.3,4.31,"08 12.7","-26 50","Ruprecht_57","32p",5.0,"nan",12.0,"nan","nan","nan","nan","nan","nan","08 14 47.4","-26 59 12",123.69709,-26.99125
246.4,-4.08,"07 40.3","-31 21","Ruprecht_30","22p",4.0,"nan",11.0,"nan","nan","nan","nan","nan","nan","07 42 14.9","-31 28 09",115.55856,-31.46669
246.42,-4.42,"07 38.9","-31 32","NGC_2439","23m",9.0,1610.0,9.0,"B2",3.0,7.1,2.0,0.25,"nan","07 40 50.5","-31 39 03",115.22244,-31.65099
246.63,-3.25,"07 44.2","-31 08","Ruprecht_35","23p",0.8,"nan",14.0,"nan","nan","nan","nan","nan","nan","07 46 09.5","-31 15 24",116.53588,-31.25426
246.71,-0.78,"07 54.2","-29 56","NGC_2489","22m",8.0,"nan",11.0,"B8","nan",9.3,"nan","nan","nan","07 56 11.9","-30 04 03",119.05407,-30.06452
246.77,3.4,"08 10.5","-27 44","Haffner_22","32m",5.0,"nan",15.0,"nan","nan","nan","nan","nan","nan","08 12 34.1","-27 53 04",123.13125,-27.88334
246.98,-0.96,"07 54.3","-30 16","Haffner_20","23p",1.8,"nan",14.0,"nan","nan","nan","nan","nan","nan","07 56 17.5","-30 24 03",119.03814,-30.3887
247.32,-0.15,"07 58.2","-30 07","Ruprecht_153","42pe",1.5,"nan",14.0,"nan","nan","nan","nan","nan","nan","08 00 12.0","-30 15 18",120.04401,-30.25525
247.72,-2.53,"07 49.8","-31 43","Haffner_17","33p",1.6,"nan",15.0,"nan","nan","nan","nan","nan","nan","07 51 45.1","-31 50 46",117.90994,-31.83059
247.81,1.29,"08 05.0","-29 45","NGC_2533","31p",4.0,"nan","nan","nan","nan",10.0,"nan","nan","nan","08 07 01.1","-29 53 44",121.75396,-29.90274
247.88,-4.17,"07 43.4","-32 40","Haffner_15","23p",2.6,"nan",12.0,"nan","nan","nan","nan","nan","nan","07 45 19.2","-32 47 21",116.32835,-32.79419
248.04,0.27,"08 01.6","-30 30","Ruprecht_51","21p",3.5,"nan",14.0,"nan","nan","nan","nan","nan","nan","08 03 35.8","-30 38 31",120.89957,-30.64358
248.23,0.1,"08 01.4","-30 45","Ruprecht_50","32p",3.5,"nan",12.0,"nan","nan","nan","nan","nan","nan","08 03 23.4","-30 53 30",120.84989,-30.89493
248.28,-0.2,"08 00.3","-30 58","Ruprecht_47","11p",5.0,"nan",13.0,"nan","nan","nan","nan","nan","nan","08 02 17.0","-31 06 26",120.58442,-31.09671
248.76,-11.2,"07 15.2","-36 45","Collinder_135","42pn",54.0,"nan","nan","B3","nan",3.4,1.0,"nan","nan","07 16 58.5","-36 50 27",109.24181,-36.84162
249.11,3.54,"08 16.9","-29 35","NGC_2571","41p",11.0,"nan","nan","B8","nan",7.4,"nan","nan","nan","08 18 56.4","-29 44 27",124.74339,-29.7489
249.13,-0.6,"08 00.9","-31 53","Ruprecht_48","22p",2.0,"nan",12.0,"nan","nan","nan","nan","nan","nan","08 02 51.8","-32 01 28",120.71617,-32.02938
249.17,-0.1,"08 03.0","-31 39","Ruprecht_155","42p",2.0,"nan",13.0,"nan","nan","nan","nan","nan",1.0,"08 04 58.3","-31 47 36",121.23955,-31.79652
249.23,4.82,"08 22.1","-28 58","Collinder_187","31p",7.5,"nan","nan","nan","nan",9.6,"nan","nan","nan","08 24 09.6","-29 07 46",126.03266,-29.1228
249.32,-0.17,"08 03.1","-31 49","Ruprecht_52","32p",2.5,"nan",13.0,"nan","nan","nan","nan","nan","nan","08 05 04.1","-31 57 37",121.26452,-31.96068
249.44,4.48,"08 21.4","-29 20","NGC_2587","21p",8.0,"nan","nan","nan","nan",9.2,"nan","nan","nan","08 23 27.1","-29 29 44",125.84926,-29.48863
249.6,2.32,"08 13.4","-30 41","Haffner_26","42p",6.5,"nan",14.0,"nan","nan","nan","nan","nan",1.0,"08 15 24.6","-30 50 15",123.8881,-30.83633
249.81,2.98,"08 16.6","-30 29","NGC_2567","32m",11.0,"nan",11.0,"nan","nan",8.4,"nan","nan","nan","08 18 37.2","-30 38 26",124.66134,-30.64164
249.91,3.7,"08 19.6","-30 09","NGC_2580","22m",8.0,"nan","nan","nan","nan",9.7,"nan","nan","nan","08 21 37.9","-30 18 37",125.41642,-30.31772
250.03,0.95,"08 09.3","-31 48","Ruprecht_54","32p",2.5,"nan",15.0,"nan","nan","nan","nan","nan","nan","08 11 16.7","-31 57 00",122.82741,-31.95075
250.06,-6.01,"07 40.9","-35 28","Ruprecht_31","13p",2.0,"nan",11.0,"nan","nan","nan","nan","nan","nan","07 42 44.7","-35 35 11",115.68635,-35.59031
250.34,1.55,"08 12.7","-31 48","Ruprecht_58","12p",8.0,"nan",12.0,"nan","nan","nan","nan","nan","nan","08 14 41.1","-31 57 12",123.61847,-31.87886
250.69,0.76,"08 10.3","-32 27","Ruprecht_55","42p",13.0,"nan",11.0,"nan","nan","nan","nan","nan","nan","08 12 15.9","-32 36 03",123.06794,-32.60669
251.58,6.65,"08 35.2","-29 46","NGC_2627","32m",10.0,"nan",11.0,"K2","nan",8.4,"nan","nan","nan","08 37 16.0","-29 56 32",129.30949,-29.95267
252.28,2.45,"08 21.2","-32 49","NGC_2588","21p",2.5,"nan","nan","nan","nan",11.8,"nan","nan","nan","08 23 10.6","-32 58 43",125.79271,-32.97487
252.41,-6.72,"07 43.6","-37 51","NGC_2451","22p",41.0,260.0,6.0,"B7",3.0,3.7,1.0,"nan","nan","07 45 23.0","-37 58 21",116.34074,-37.97444
253.03,0.92,"08 17.2","-34 18","Ruprecht_59","31p",2.5,"nan",12.0,"nan","nan","nan","nan","nan","nan","08 19 08.1","-34 27 28",124.79074,-34.46093
253.47,2.07,"08 23.0","-34 00","Ruprecht_61","42p",2.5,"nan",14.0,"nan","nan","nan","nan","nan","nan","08 24 57.2","-34 09 49",126.23825,-34.16671
253.58,-5.29,"07 52.8","-38 08","Ruprecht_152","11p",1.7,"nan",16.0,"nan","nan","nan","nan","nan","nan","07 54 35.5","-38 15 57",118.65461,-38.26643
253.58,-5.83,"07 50.5","-38 25","NGC_2477","13r",27.0,"nan",12.0,"nan",4.0,5.7,2.0,0.2,"nan","07 52 16.8","-38 32 48",118.06084,-38.54045
253.95,6.98,"08 43.0","-31 27","Collinder_196","43p",5.0,"nan","nan","nan","nan",10.5,"nan","nan",1.0,"08 45 02.8","-31 37 58",131.275,-31.62484
254.09,6.93,"08 43.3","-31 35","Collinder_198","nan",6.0,"nan","nan","nan","nan",11.2,"nan","nan",3.0,"08 45 20.7","-31 45 59",131.32916,-31.76516
254.46,6.07,"08 41.4","-32 28","NGC_2658","22m",10.0,"nan",12.0,"F8","nan",9.2,"nan","nan","nan","08 43 25.3","-32 38 52",130.7937,-32.58329
254.67,0.27,"08 19.2","-36 01","NGC_2579","41pn",10.0,"nan","nan","nan","nan",9.2,"nan","nan",1.0,"08 21 05.8","-36 10 35",125.27225,-36.18066
254.76,0.45,"08 20.5","-36 00","Collinder_185","32p",8.0,"nan","nan","nan","nan",10.0,"nan","nan","nan","08 22 24.0","-36 09 40",125.51902,-36.15214
254.9,-1.98,"08 10.6","-37 29","NGC_2546","32m",45.0,1000.0,7.0,"B",2.0,5.2,"nan","nan","nan","08 12 26.6","-37 38 04",123.09983,-37.6292
255.08,-0.74,"08 15.9","-36 56","Pismis_1, Pishmish_1","13p",4.6,"nan",11.0,"nan","nan","nan","nan","nan","nan","08 17 46.1","-37 05 24",124.52265,-37.08972
255.6,3.96,"08 36.5","-34 35","NGC_2635","13p",3.0,"nan",13.0,"nan","nan",10.2,"nan","nan","nan","08 38 28.0","-34 45 36",129.61165,-34.7683
257.28,4.22,"08 42.5","-35 45","Ruprecht_68","31p",10.0,"nan",14.0,"nan","nan","nan","nan","nan","nan","08 44 27.2","-35 55 56",131.11993,-35.93554
257.29,-3.51,"08 10.8","-40 19","Ruprecht_56","42p",42.0,"nan",9.0,"nan","nan","nan","nan","nan",1.0,"08 12 34.0","-40 28 05",123.14016,-40.46444
257.86,0.46,"08 29.1","-38 30","Pismis_3, Pishmish_3","33m",6.5,"nan",13.0,"nan","nan","nan","nan","nan","nan","08 30 57.4","-38 40 10",127.79475,-38.67081
258.47,2.29,"08 38.6","-37 53","Ruprecht_66","32p",1.5,"nan",15.0,"nan","nan","nan","nan","nan","nan","08 40 29.7","-38 03 43",130.12791,-38.05893
258.86,-3.28,"08 16.3","-41 28","Pismis_2, Pishmish_2","nan",4.3,"nan",15.0,"nan","nan","nan","nan","nan","nan","08 18 02.8","-41 37 25",124.54578,-41.64161
259.03,2.0,"08 39.2","-38 30","Pismis_7, Pishmish_7","21p",2.5,"nan",13.0,"nan","nan","nan","nan","nan","nan","08 41 04.9","-38 40 45",130.27186,-38.67902
259.39,0.86,"08 35.7","-39 29","Pismis_5, Pishmish_5","32p",2.0,"nan",11.0,"nan","nan","nan","nan","nan","nan","08 37 32.9","-39 39 33",129.38767,-39.65843
259.55,4.42,"08 50.4","-37 23","Ruprecht_158","22p",2.5,"nan",12.0,"nan","nan","nan","nan","nan","nan","08 52 20.2","-37 34 22",133.08673,-37.57292
259.55,4.37,"08 50.2","-37 25","Ruprecht_72","31p",1.4,"nan",13.0,"nan","nan","nan","nan","nan","nan","08 52 08.1","-37 36 21",133.03805,-37.60473
259.57,-7.3,"08 00.1","-44 16","Ruprecht_154","13p",0.6,"nan",13.0,"nan","nan","nan","nan","nan","nan","08 01 43.3","-44 24 25",120.43677,-44.40645
259.61,-14.29,"07 24.9","-47 38","Melotte_66","22m",11.0,"nan","nan","A0",2.0,10.7,"nan",0.13,"nan","07 26 19.4","-47 44 06",111.56402,-47.73075
259.72,0.58,"08 35.6","-39 55","Ruprecht_64","23p",67.0,"nan",9.0,"nan","nan","nan","nan","nan","nan","08 37 26.2","-40 05 33",129.35708,-40.09055
261.32,-8.06,"08 01.6","-46 08","Collinder_173","42p",360.0,500.0,"nan","nan","nan",0.6,3.0,0.1,"nan","08 03 09.7","-46 16 30",120.79057,-46.28356
261.56,0.88,"08 42.9","-41 11","Collinder_197","42pn",17.0,"nan","nan","nan","nan",7.6,"nan","nan","nan","08 44 43.4","-41 21 57",131.15778,-41.36063
261.98,8.59,"09 14.0","-36 24","NGC_2818","22m",9.0,"nan","nan","nan","nan",9.9,"nan","nan","nan","09 16 01.1","-36 36 34",139.00972,-36.62143
262.12,-5.2,"08 17.8","-45 15","Ruprecht_156","11p",0.3,"nan",15.0,"nan","nan","nan","nan","nan",1.0,"08 19 26.1","-45 24 30",124.86381,-45.41014
262.15,0.79,"08 44.4","-41 42","NGC_2671","13p",4.0,"nan","nan","B9",1.0,11.6,1.0,"nan","nan","08 46 12.9","-41 53 02",131.55522,-41.87817
262.74,-2.37,"08 32.8","-44 06","Pismis_4, Pishmish_4","41pn",10.0,"nan",8.0,"nan","nan","nan","nan","nan","nan","08 34 30.8","-44 16 23",128.62427,-44.27675
262.81,0.64,"08 46.0","-42 18","Trumpler_10","22p",25.0,420.0,"nan","B3",3.0,5.0,1.0,0.1,"nan","08 47 48.2","-42 29 07",131.95564,-42.48644
262.82,-0.78,"08 40.0","-43 12","Ruprecht_67","43p",6.0,"nan",12.0,"nan","nan","nan","nan","nan",1.0,"08 41 45.7","-43 22 47",130.44488,-43.37701
263.0,9.0,"09 19.0","-36 51","Ruprecht_74","21p",2.2,"nan",13.0,"nan","nan","nan","nan","nan","nan","09 21 01.4","-37 03 48",140.2516,-37.06466
263.04,-1.56,"08 37.4","-43 51","Ruprecht_65","41p",11.0,"nan",13.0,"nan","nan","nan","nan","nan",1.0,"08 39 08.1","-44 01 39",129.77704,-44.02792
264.1,-5.49,"08 22.9","-47 02","Ruprecht_60","43p",4.0,"nan",13.0,"nan","nan","nan","nan","nan",1.0,"08 24 29.5","-47 11 48",126.13031,-47.20046
264.16,-1.63,"08 40.9","-44 46","NGC_2659","33m",11.0,"nan",10.0,"B9","nan",9.8,"nan","nan","nan","08 42 37.1","-44 56 50",130.6602,-44.95607
264.55,-8.55,"08 09.2","-49 07","NGC_2547","22p",20.0,400.0,7.0,"B3",4.0,5.0,1.0,0.03,"nan","08 10 40.4","-49 15 58",122.66758,-49.26107
264.81,-2.87,"08 37.6","-46 02","Pismis_6, Pishmish_6","22p",1.5,"nan",9.0,"nan","nan","nan","nan","nan","nan","08 39 16.2","-46 12 39",129.82671,-46.22859
265.08,-2.63,"08 39.8","-46 06","Pismis_8, Pishmish_8","23p",2.0,"nan",10.0,"nan","nan","nan","nan","nan","nan","08 41 28.5","-46 16 46",130.33975,-46.29584
265.27,6.33,"09 17.4","-40 20","NGC_2849","22m",2.0,"nan","nan","nan","nan",12.5,"nan","nan","nan","09 19 20.8","-40 32 43",139.81611,-40.53944
265.43,1.96,"09 00.8","-43 26","Pismis_10, Pishmish_10","nan",2.5,"nan",10.0,"nan","nan","nan","nan","nan",1.0,"09 02 37.2","-43 37 54",135.65062,-43.63393
265.8,-5.01,"08 31.1","-48 08","Ruprecht_63","23p",5.0,"nan",13.0,"nan","nan","nan","nan","nan","nan","08 32 40.8","-48 18 17",128.17239,-48.3011
265.86,-3.03,"08 40.6","-46 58","NGC_2660","13m","nan","nan",13.0,"nan","nan",10.8,"nan","nan","nan","08 42 15.0","-47 08 49",130.5762,-47.15645
266.33,-1.93,"08 47.4","-46 39","Ruprecht_70","42p",5.6,"nan",13.0,"nan","nan","nan","nan","nan","nan","08 49 05.0","-46 50 12",132.26688,-46.83877
266.35,-1.85,"08 47.8","-46 37","Ruprecht_71","32p",7.0,"nan",11.0,"nan","nan","nan","nan","nan","nan","08 49 29.2","-46 48 13",132.37598,-46.80374
266.45,-2.99,"08 43.0","-47 25","Ruprecht_69","32p",1.8,"nan",14.0,"nan","nan","nan","nan","nan","nan","08 44 38.6","-47 35 57",131.15964,-47.59536
266.57,-3.81,"08 39.5","-48 01","IC_2395","23p",20.0,850.0,"nan","B5",3.0,4.6,"nan",0.13,"nan","08 41 06.7","-48 11 45",130.30573,-48.19449
267.47,-3.61,"08 43.9","-48 36","NGC_2670","22p",11.0,1000.0,13.0,"B5",3.0,9.2,"nan",0.48,"nan","08 45 30.5","-48 47 00",131.37839,-48.77861
268.64,3.2,"09 18.1","-44 55","Pismis_12, Pishmish_12","32p",4.5,"nan",12.0,"nan","nan","nan","nan","nan","nan","09 19 56.5","-45 07 45",139.98395,-45.12828
269.21,-1.85,"08 58.9","-48 47","Markarian_18","13p",2.5,"nan","nan","O","nan",8.4,"nan","nan","nan","09 00 33.5","-48 58 48",135.12665,-48.98824
270.36,-6.88,"08 38.8","-52 53","IC_2391","23p",40.0,180.0,4.0,"B3",3.0,2.6,3.0,0.02,"nan","08 40 13.7","-53 03 43",130.07643,-53.05656
270.71,-6.27,"08 43.4","-52 47","NGC_2669","23p",15.0,"nan","nan","B9","nan",6.0,"nan","nan","nan","08 44 51.1","-52 57 58",131.2323,-52.96011
270.76,-3.03,"08 59.7","-50 44","Ruprecht_73","32p",3.6,"nan",14.0,"nan","nan","nan","nan","nan","nan","09 01 17.9","-50 55 50",135.33225,-50.93065
270.79,6.72,"09 40.3","-43 48","Ruprecht_80","31p",8.0,"nan",13.0,"nan","nan","nan","nan","nan","nan","09 42 15.1","-44 01 44",145.56114,-44.03095
271.3,7.02,"09 43.5","-43 54","Ruprecht_81","43p",3.0,"nan",12.0,"nan","nan","nan","nan","nan",1.0,"09 45 27.7","-44 07 52",146.36743,-44.13552
271.53,-0.4,"09 15.0","-49 30","Pismis_11, Pishmish_11","33p",2.0,"nan",12.0,"nan","nan","nan","nan","nan","nan","09 16 42.2","-49 42 36",139.17685,-49.7116
272.55,2.8,"09 32.9","-47 54","Pismis_15, Pishmish_15","23p",4.5,"nan",14.0,"nan","nan","nan","nan","nan","nan","09 34 43.5","-48 07 25",143.68096,-48.12283
273.15,-0.78,"09 20.6","-50 55","Pismis_13, Pishmish_13","22p",2.0,"nan",12.0,"nan","nan","nan","nan","nan","nan","09 22 17.0","-51 07 52",140.5413,-51.1304
273.8,-0.99,"09 22.5","-51 31","Ruprecht_76","32p",5.0,"nan",13.0,"nan","nan","nan","nan","nan","nan","09 24 10.4","-51 43 57",141.04724,-51.73621
273.94,-15.88,"07 57.5","-60 44","NGC_2516","13r",50.0,400.0,7.0,"B3",3.0,3.3,3.0,0.1,"nan","07 58 19.6","-60 52 13",119.58624,-60.87045
274.52,5.91,"09 53.6","-46 47","Ruprecht_160","13p",1.7,"nan",14.0,"nan","nan","nan","nan","nan","nan","09 55 32.6","-47 01 16",148.88711,-47.02718
274.69,1.77,"09 38.5","-50 06","NGC_2972","11p",5.0,"nan","nan","nan","nan",10.2,"nan","nan","nan","09 40 17.5","-50 19 40",145.06861,-50.31649
274.93,1.6,"09 38.9","-50 23","Hogg_1","42p",6.0,"nan","nan","nan","nan","nan","nan","nan",1.0,"09 40 41.2","-50 36 41",145.1761,-50.60244
275.03,-1.17,"09 27.6","-52 30","Pismis_14, Pishmish_14","42p",0.6,"nan",14.0,"nan","nan","nan","nan","nan","nan","09 29 16.0","-52 43 11",142.28966,-52.71892
275.29,-1.18,"09 28.7","-52 41","NGC_2910","12p",6.0,1300.0,"nan","nan",3.0,8.3,"nan",0.09,"nan","09 30 22.0","-52 54 14",142.59119,-52.90454
275.69,-1.85,"09 27.6","-53 27","Ruprecht_78","12p",0.6,"nan",15.0,"nan","nan","nan","nan","nan","nan","09 29 14.1","-53 40 11",142.30888,-53.66632
276.02,-1.24,"09 32.0","-53 13","NGC_2925","31p",14.0,800.0,"nan","nan",3.0,8.3,"nan",0.06,"nan","09 33 40.0","-53 26 23",143.41534,-53.44516
276.47,-3.12,"09 25.5","-54 54","Ruprecht_77","23p",2.0,"nan",14.0,"nan","nan","nan","nan","nan","nan","09 27 04.4","-55 07 05",141.7706,-55.12301
276.71,2.93,"09 52.8","-50 29","Collinder_213","42p",15.0,"nan","nan","nan","nan",9.2,"nan","nan","nan","09 54 39.1","-50 43 14",148.67503,-50.71872
276.79,-4.43,"09 20.7","-56 04","Ruprecht_75","23p",4.0,"nan",12.0,"nan","nan","nan","nan","nan","nan","09 22 12.1","-56 16 52",140.54792,-56.28212
277.09,-0.8,"09 39.3","-53 36","Ruprecht_79","33p",11.0,"nan",11.0,"nan","nan","nan","nan","nan","nan","09 40 59.6","-53 49 42",145.25489,-53.83081
277.7,-0.47,"09 43.9","-53 45","Ruprecht_82","23p",3.6,"nan",12.0,"nan","nan","nan","nan","nan","nan","09 45 36.8","-53 58 53",146.40539,-53.97762
277.81,-4.4,"09 26.1","-56 46","IC_2488","22m",18.0,"nan",10.0,"B8","nan",7.4,"nan","nan","nan","09 27 36.3","-56 59 07",141.90666,-56.97246
277.81,0.66,"09 49.3","-52 57","Pismis_16, Pishmish_16","13p",1.5,"nan",9.0,"nan","nan","nan","nan","nan","nan","09 51 04.0","-53 11 06",147.76195,-53.1774
278.48,-0.59,"09 47.5","-54 20","Ruprecht_83","13p",2.5,"nan",12.0,"nan","nan","nan","nan","nan","nan","09 49 12.9","-54 34 02",147.29982,-54.56922
279.36,4.88,"10 13.5","-50 28","Ruprecht_87","23p",2.2,"nan",11.0,"nan","nan","nan","nan","nan","nan","10 15 27.6","-50 42 58",153.86439,-50.71258
279.48,0.18,"09 56.2","-54 21","Hogg_4","nan",4.0,"nan","nan","nan","nan","nan","nan","nan","nan","09 57 57.9","-54 35 22",149.47724,-54.59067
279.51,0.12,"09 56.1","-54 25","Hogg_3","nan",4.0,"nan","nan","nan","nan","nan","nan","nan","nan","09 57 51.8","-54 39 21",149.45488,-54.65649
279.56,-7.5,"09 19.0","-60 11","Ruprecht_159","23p",0.7,"nan",15.0,"nan","nan","nan","nan","nan","nan","09 20 18.3","-60 23 47",140.08609,-60.3997
279.6,-2.06,"09 47.1","-56 11","NGC_3033","23p",6.0,"nan","nan","nan","nan",8.4,"nan","nan","nan","09 48 45.1","-56 25 01",147.17339,-56.41569
279.83,-1.72,"09 49.9","-56 04","Hogg_2","42p",6.0,"nan","nan","nan","nan","nan","nan","nan",1.0,"09 51 34.4","-56 18 07",147.88316,-56.29813
279.92,0.28,"09 59.0","-54 32","NGC_3105","13p",2.0,"nan","nan","nan","nan",11.1,"nan","nan","nan","10 00 46.6","-54 46 28",150.18701,-54.77843
280.19,0.15,"09 59.9","-54 48","Ruprecht_85","13p",1.7,"nan",15.0,"nan","nan","nan","nan","nan",1.0,"10 01 40.4","-55 02 30",150.42599,-55.04475
280.74,4.58,"10 19.8","-51 28","NGC_3228","11p",25.0,500.0,"nan","B9",3.0,6.4,1.0,0.0,"nan","10 21 46.4","-51 43 10",155.43012,-51.72244
282.85,-3.4,"10 00.0","-59 14","Ruprecht_86","32m",10.0,"nan",12.0,"nan","nan","nan","nan","nan","nan","10 01 37.7","-59 28 30",150.41051,-59.47985
283.34,-3.83,"10 01.1","-59 52","NGC_3114","23r",40.0,900.0,9.0,"B9",3.0,4.5,"nan",0.01,"nan","10 02 42.7","-60 06 32",150.67477,-60.11732
283.83,-3.7,"10 04.8","-60 04","Trumpler_12","13p",5.0,"nan","nan","nan",4.0,10.5,"nan","nan","nan","10 06 25.9","-60 18 40",151.62217,-60.30286
283.85,-3.77,"10 04.6","-60 08","Hogg_5","13r",3.0,"nan","nan","nan","nan","nan","nan","nan","nan","10 06 13.7","-60 22 40",151.57158,-60.37121
283.94,-3.85,"10 04.8","-60 15","Hogg_6","nan",3.0,"nan","nan","nan","nan","nan","nan","nan","nan","10 06 25.5","-60 29 40",151.62338,-60.48873
284.18,3.83,"10 36.6","-53 53","NGC_3330","22p",8.0,1390.0,"nan","nan",3.0,8.4,"nan",0.18,"nan","10 38 37.4","-54 08 38",159.66489,-54.13569
284.26,-0.33,"10 22.1","-57 30","Westerlund_2","13p","nan","nan","nan","O","nan",11.3,"nan","nan","nan","10 23 56.5","-57 45 14",155.98913,-57.75322
284.46,-4.85,"10 03.4","-61 22","Trumpler_11","23m",4.0,"nan","nan","nan","nan",10.8,"nan","nan","nan","10 04 58.2","-61 36 37",151.26817,-61.60196
284.59,-0.35,"10 24.1","-57 41","NGC_3247","22p",7.5,"nan","nan","nan",4.0,10.3,1.0,"nan","nan","10 25 57.0","-57 56 18",156.4947,-57.94535
284.59,-4.26,"10 07.2","-60 57","Ruprecht_161","32p",33.0,"nan",11.0,"nan","nan","nan","nan","nan","nan","10 08 49.0","-61 11 45",152.21103,-61.20044
284.6,0.01,"10 25.5","-57 23","IC_2581","13m",8.0,1660.0,"nan","B0",3.0,5.3,1.0,0.37,"nan","10 27 22.1","-57 38 20",156.86555,-57.64429
285.0,-0.36,"10 26.7","-57 55","Ruprecht_89","22p",2.0,"nan",13.0,"nan","nan","nan","nan","nan","nan","10 28 33.7","-58 10 22",157.145,-58.16856
285.31,-0.26,"10 29.1","-57 59","Ruprecht_90","33m",6.0,"nan",12.0,"nan","nan","nan","nan","nan","nan","10 30 58.7","-58 14 26",157.74698,-58.24276
285.33,-8.83,"09 47.9","-65 02","Ruprecht_84","21p",3.6,"nan",11.0,"nan","nan","nan","nan","nan","nan","09 49 09.4","-65 16 02",147.2833,-65.26601
285.5,-2.31,"10 22.0","-59 50","Trumpler_13","22p",4.0,"nan","nan","nan","nan",11.3,"nan","nan","nan","10 23 46.2","-60 05 14",155.96967,-60.08923
285.86,0.07,"10 33.9","-57 58","NGC_3293","13r",8.0,2600.0,8.0,"B0",3.0,6.2,3.0,0.3,"nan","10 35 48.8","-58 13 34",158.96542,-58.23504
286.08,-2.64,"10 24.7","-60 25","NGC_3255","13m",2.5,"nan","nan","nan","nan",12.6,"nan","nan","nan","10 26 28.4","-60 40 19",156.609,-60.67647
286.19,-1.87,"10 28.7","-59 34","Collinder_223","22p",9.0,"nan","nan","nan","nan",9.4,"nan","nan","nan","10 30 31.8","-59 49 26",157.60953,-60.07612
286.22,-0.17,"10 35.4","-58 22","NGC_3324","13rn",6.0,"nan","nan","nan",1.0,"nan",1.0,"nan","nan","10 37 18.8","-58 37 36",159.33689,-58.62153
286.38,-2.51,"10 27.3","-60 28","Hogg_7","32p",4.0,"nan","nan","nan","nan","nan","nan","nan","nan","10 29 05.5","-60 43 23",157.26993,-60.72227
286.5,-2.66,"10 27.5","-60 39","Hogg_8","22p",3.0,"nan","nan","nan","nan","nan","nan","nan",1.0,"10 29 17.3","-60 54 23",157.3208,-60.91268
286.68,-5.11,"10 17.8","-62 50","Ruprecht_88","32m",6.0,"nan",12.0,"nan","nan","nan","nan","nan","nan","10 19 25.7","-63 05 06",154.85722,-63.08035
286.77,16.93,"11 23.3","-42 58","NGC_3680","12p",12.0,"nan",10.0,"nan","nan",8.6,"nan","nan","nan","11 25 42.1","-43 14 30",171.42099,-43.23437
286.89,1.48,"10 45.7","-57 13","Ruprecht_91","22p",1.7,"nan",10.0,"nan","nan","nan","nan","nan","nan","10 47 43.0","-57 28 52",161.93159,-57.48697
287.4,-0.36,"10 42.8","-59 06","Trumpler_15","n",3.5,1500.0,"nan","O",3.0,9.0,1.0,0.51,"nan","10 44 45.1","-59 21 48",161.1698,-59.35422
287.42,-0.58,"10 42.0","-59 18","Trumpler_14","nan",4.0,1660.0,"nan","O",3.0,6.8,1.0,0.52,"nan","10 43 56.4","-59 33 46",161.00168,-59.55794
287.51,-0.53,"10 42.9","-59 18","Collinder_232","nan",3.0,"nan","nan","B",1.0,6.8,1.0,"nan","nan","10 44 50.8","-59 33 48",161.20483,-59.55592
287.52,-1.03,"10 41.1","-59 45","Collinder_228","nan",18.0,"nan","nan","nan",1.0,4.9,1.0,0.5,"nan","10 43 01.3","-60 00 45",160.75541,-60.00194
287.61,-0.65,"10 43.2","-59 27","Trumpler_16, Eta Car Cl","n",10.0,1700.0,"nan","O",3.0,6.7,1.0,0.52,"nan","10 45 08.8","-59 42 48",161.269,-59.70872
287.65,-0.67,"10 43.4","-59 29","Collinder_234","nan",4.0,"nan","nan","nan",1.0,7.5,1.0,"nan","nan","10 45 20.8","-59 44 48",161.32072,-59.74505
288.66,0.43,"10 54.2","-58 57","Trumpler_17","22p",5.0,1400.0,"nan","nan",4.0,9.4,"nan",0.7,"nan","10 56 14.6","-59 13 03",164.06833,-59.21273
288.84,0.69,"10 56.3","-58 47","Hogg_9","nan",1.5,"nan","nan","nan","nan","nan","nan","nan","nan","10 58 21.8","-59 03 05",164.6013,-59.05388
289.48,0.14,"10 59.1","-59 33","Pismis_17, Pishmish_17","32pn",0.6,"nan",9.0,"nan","nan","nan","nan","nan","nan","11 01 10.2","-59 49 09",165.29484,-59.82052
289.49,-1.97,"10 51.9","-61 28","Ruprecht_92","13p",2.2,"nan",12.0,"nan","nan","nan","nan","nan","nan","10 53 52.1","-61 44 00",163.47911,-61.73553
289.52,-1.18,"10 55.0","-60 46","Collinder_236","32p",10.0,"nan","nan","A0","nan",7.7,"nan","nan","nan","10 57 00.7","-61 02 04",164.24754,-61.03582
289.55,-0.4,"10 57.8","-60 04","NGC_3496","31m",9.0,1100.0,"nan","nan",4.0,9.2,"nan",0.5,"nan","10 59 51.0","-60 20 07",164.97432,-60.34104
289.58,-0.42,"10 58.0","-60 06","SHER1","22p","nan","nan","nan","nan","nan","nan","nan","nan","nan","11 00 03.0","-60 22 07",165.01266,-60.37171
289.6,-4.9,"10 41.4","-64 08","IC_2602","23mn",65.0,150.0,3.0,"B0",3.0,1.6,1.0,0.04,"nan","10 43 11.6","-64 23 45",160.74553,-64.39398
289.64,1.46,"11 04.3","-58 24","NGC_3532","21m",60.0,410.0,8.0,"B5",3.0,3.4,1.0,0.01,"nan","11 06 26.0","-58 40 14",166.62095,-58.67667
289.64,-2.51,"10 51.1","-62 01","Ruprecht_162","32pu",4.5,"nan",12.0,"nan","nan","nan","nan","nan",1.0,"10 53 02.8","-62 16 59",163.26166,-62.28658
289.85,-5.56,"10 40.3","-64 50","Melotte_101","23m",15.0,2100.0,"nan","B6",2.0,8.4,"nan",0.4,"nan","10 42 03.5","-65 05 44",160.52129,-65.09285
290.04,0.38,"11 03.9","-59 33","Feinstein_1","42p","nan","nan","nan","OB","nan","nan","nan",0.4,1.0,"11 06 00.6","-59 49 14",166.50685,-59.82687
290.2,2.86,"11 12.1","-57 19","Trumpler_19","33m",12.0,"nan","nan","nan","nan",9.6,"nan","nan","nan","11 14 18.5","-57 35 22",168.6089,-57.59402
290.47,-1.12,"11 02.3","-61 06","Ruprecht_93","32p",4.0,"nan",11.0,"nan","nan","nan","nan","nan","nan","11 04 22.0","-61 22 12",166.09442,-61.37409
290.52,1.55,"11 10.9","-58 39","Stock_13","12p",3.0,"nan",10.0,"OB","nan","nan","nan","nan","nan","11 13 04.8","-58 55 21",168.2568,-58.92971
290.71,0.21,"11 08.3","-59 58","NGC_3572","12m",6.0,"nan",7.0,"B0",4.0,4.5,"nan",0.4,"nan","11 10 26.3","-60 14 18",167.6117,-60.24313
290.8,0.1,"11 08.6","-60 06","Hogg_10","13p",3.0,"nan","nan","nan","nan","nan","nan","nan","nan","11 10 44.3","-60 22 18",167.69568,-60.37904
290.82,0.2,"11 09.1","-60 01","Collinder_240","31p",25.0,"nan","nan","B2","nan","nan","nan","nan","nan","11 11 14.6","-60 17 19",167.8094,-60.294
290.89,0.14,"11 09.4","-60 06","Hogg_11","1?p",1.5,"nan","nan","nan","nan","nan","nan","nan","nan","11 11 32.7","-60 22 19",167.89484,-60.37592
290.99,-0.14,"11 09.3","-60 24","Trumpler_18","32p",10.0,2500.0,"nan","B2",3.0,8.2,"nan",0.31,"nan","11 11 26.3","-60 40 19",167.86932,-60.67298
291.12,-0.18,"11 10.2","-60 29","Hogg_12","13p",3.0,"nan","nan","nan","nan","nan","nan","nan","nan","11 12 20.7","-60 45 20",168.08513,-60.75875
291.21,-0.18,"11 10.8","-60 31","NGC_3590","21p",4.0,1900.0,"nan","B3",4.0,6.8,"nan",0.4,"nan","11 12 57.0","-60 47 21",168.25625,-60.79221
291.4,0.45,"11 14.1","-60 00","Hogg_13","31p",3.0,"nan","nan","nan","nan","nan","nan","nan","nan","11 16 17.1","-60 16 23",169.08296,-60.27487
291.62,-0.52,"11 12.9","-60 59","NGC_3603","11p",6.0,3500.0,"nan","nan",4.0,9.2,"nan",1.42,"nan","11 15 03.6","-61 15 22",168.78619,-61.25889
292.44,-1.76,"11 15.7","-62 26","IC_2714","23m",13.0,1200.0,10.0,"nan",4.0,8.2,"nan",0.46,"nan","11 17 51.6","-62 42 25",169.46998,-62.71031
292.89,-2.45,"11 17.3","-63 14","Melotte_105","12p",4.0,2100.0,"nan","nan",4.0,9.4,"nan",0.38,"nan","11 19 27.7","-63 30 26",169.86608,-63.5142
293.15,-7.11,"11 02.9","-67 40","Ruprecht_163","22p",1.7,"nan",12.0,"nan","nan","nan","nan","nan","nan","11 04 48.0","-67 56 13",166.196,-67.93283
293.29,0.55,"11 28.8","-60 32","Ruprecht_164","11p",2.0,"nan",14.0,"nan","nan","nan","nan","nan","nan","11 31 06.2","-60 48 34",172.77553,-60.80896
294.02,-1.98,"11 28.1","-63 10","Ruprecht_94","21m",18.0,"nan",10.0,"nan","nan","nan","nan","nan","nan","11 30 22.0","-63 26 34",172.60029,-63.44087
294.11,-0.03,"11 33.8","-61 20","NGC_3766","11p",12.0,1700.0,8.0,"B0",3.0,4.6,"nan",0.19,"nan","11 36 08.3","-61 36 37",174.04471,-61.60595
294.41,6.18,"11 48.4","-55 25","NGC_3960","12m",7.0,"nan","nan","nan","nan",8.8,"nan","nan","nan","11 50 53.3","-55 41 41",177.70973,-55.68586
294.57,-1.37,"11 34.3","-62 45","IC_2944","21p",20.0,2100.0,"nan","O8",3.0,2.8,2.0,0.33,"nan","11 36 37.8","-63 01 37",174.16799,-63.02153
294.83,0.65,"11 41.1","-60 52","Ruprecht_95","22p",6.0,"nan",12.0,"nan","nan","nan","nan","nan","nan","11 43 30.4","-61 08 40",175.8787,-61.14876
294.94,-1.78,"11 36.4","-63 15","IC_2948","12p",15.0,"nan","nan","nan","nan","nan","nan","nan","nan","11 38 44.7","-63 31 38",174.70056,-63.51905
295.23,-0.63,"11 41.6","-62 13","Stock_14","21p",4.0,"nan",10.0,"OB","nan","nan","nan","nan","nan","11 44 00.2","-62 29 40",175.99459,-62.48868
295.94,-0.03,"11 48.7","-61 48","Ruprecht_96","22p",4.0,"nan",13.0,"nan","nan","nan","nan","nan","nan","11 51 10.2","-62 04 42",177.79063,-62.08072
296.76,-0.42,"11 54.8","-62 22","Ruprecht_97","22m",3.5,"nan",12.0,"nan","nan","nan","nan","nan","nan","11 57 19.5","-62 38 42",179.33026,-62.64147
297.22,-2.2,"11 55.5","-64 12","Ruprecht_98","22p",8.0,"nan",9.0,"nan","nan","nan","nan","nan","nan","11 58 01.8","-64 28 42",179.51367,-64.4781
297.29,2.89,"12 04.3","-59 13","Stock_15","41p",12.0,"nan",10.0,"B5","nan","nan","nan","nan","nan","12 06 54.5","-59 29 42",181.70757,-59.49222
297.38,-0.85,"11 59.3","-62 55","NGC_4052","21p",10.0,1900.0,"nan","B3",4.0,8.8,"nan","nan","nan","12 01 52.1","-63 11 43",180.47601,-63.18656
297.57,1.17,"12 04.1","-60 58","NGC_4103","13m",9.0,1200.0,10.0,"OB",4.0,7.4,"nan",0.34,"nan","12 06 42.6","-61 14 42",181.66467,-61.2347
297.63,-1.44,"12 00.5","-63 32","Ruprecht_99","31p",4.0,"nan",12.0,"nan","nan","nan","nan","nan","nan","12 03 04.8","-63 48 43",180.77673,-63.81311
297.69,-0.14,"12 03.1","-62 16","Ruprecht_100","12p",4.0,"nan",12.0,"nan","nan","nan","nan","nan","nan","12 05 42.2","-62 32 42",181.43002,-62.54553
298.03,7.42,"12 14.6","-54 51","NGC_4230","42p",5.0,"nan","nan","nan","nan",9.4,"nan","nan",1.0,"12 17 16.4","-55 07 40",184.33685,-55.12695
298.11,-0.41,"12 06.3","-62 36","Ruprecht_101","33p",6.0,"nan",13.0,"nan","nan","nan","nan","nan","nan","12 08 56.1","-62 52 42",182.23254,-62.8831
298.28,4.14,"12 13.2","-58 08","Ruprecht_103","42p",2.7,"nan",13.0,"nan","nan","nan","nan","nan","nan","12 15 52.6","-58 24 41",183.97624,-58.41044
298.54,-0.08,"12 10.4","-62 21","Ruprecht_102","12p",5.0,"nan",13.0,"nan","nan","nan","nan","nan","nan","12 13 04.3","-62 37 41",183.27284,-62.6243
299.3,4.56,"12 21.2","-57 51","NGC_4337","23p",5.0,"nan","nan","nan","nan",9.8,"nan","nan","nan","12 23 56.3","-58 07 38",185.99301,-58.11793
299.65,2.26,"12 22.0","-60 10","Ruprecht_104","31p",3.0,"nan",13.0,"nan","nan","nan","nan","nan","nan","12 24 45.7","-60 26 37",186.20038,-60.4419
299.67,2.23,"12 25.2","-60 29","Harvard_5","23p",6.0,"nan","nan","nan","nan",8.8,"nan","nan","nan","12 27 59.5","-60 45 36",186.23443,-60.4738
299.77,6.27,"12 25.9","-56 11","Ruprecht_165","41p",18.0,"nan",7.0,"nan","nan","nan","nan","nan",1.0,"12 28 39.7","-56 27 35",187.1642,-56.46182
299.77,0.82,"12 21.7","-61 37","NGC_4349","12m",15.0,1700.0,11.0,"B8",3.0,8.0,"nan",0.3,"nan","12 24 28.3","-61 53 37",186.13806,-61.88658
300.07,2.94,"12 25.8","-59 32","Hogg_14","23p",3.0,"nan","nan","nan","nan","nan","nan","nan","nan","12 28 35.3","-59 48 35",187.16961,-59.80522
300.07,2.66,"12 25.6","-59 49","NGC_4439","21p",4.0,"nan","nan","OB","nan",8.7,"nan","nan","nan","12 28 23.3","-60 05 36",187.12,-60.08411
300.65,-2.01,"12 27.1","-64 31","NGC_4463","13p",5.0,"nan","nan","B0","nan",8.2,"nan","nan","nan","12 29 57.3","-64 47 35",187.49961,-64.78671
300.86,1.24,"12 31.2","-61 17","Ruprecht_105","32p",13.0,"nan",12.0,"nan","nan","nan","nan","nan","nan","12 34 03.2","-61 33 32",188.50642,-61.56168
301.48,2.24,"12 36.8","-60 20","Trumpler_20","22m",10.0,"nan","nan","nan","nan",10.1,"nan","nan","nan","12 39 41.4","-60 36 29",189.90323,-60.59841
301.69,-5.63,"12 34.9","-68 12","Harvard_6","22r",6.0,"nan","nan","nan","nan",10.7,"nan","nan","nan","12 37 54.4","-68 28 30",189.49014,-68.46924
301.9,-0.11,"12 39.4","-62 42","NGC_4609","21p",5.0,1510.0,10.0,"B4","nan",4.5,"nan",0.3,"nan","12 42 20.9","-62 58 27",190.58883,-62.96355
302.04,-0.24,"12 40.6","-62 50","Hogg_15","21p",2.0,"nan","nan","nan","nan","nan","nan","nan","nan","12 43 33.7","-63 06 26",190.88793,-63.09809
303.21,2.53,"12 50.6","-60 04","NGC_4755","13r",11.0,2340.0,7.0,"B2",3.0,5.2,3.0,0.44,"nan","12 53 36.1","-60 20 17",193.42088,-60.34054
303.63,-2.09,"12 54.9","-64 41","NGC_4815","13m",4.0,"nan","nan","O","nan",10.4,"nan","nan","nan","12 58 02.4","-64 57 12",194.50744,-64.95281
304.03,3.25,"12 57.1","-59 20","NGC_4852","22p",11.0,"nan","nan","nan","nan",8.9,"nan","nan","nan","13 00 08.4","-59 36 10",195.02655,-59.60326
305.59,-4.46,"13 15.4","-66 56","Harvard_8","12p",4.0,"nan","nan","nan","nan","nan","nan","nan","nan","13 18 49.9","-67 11 46",199.70906,-67.19024
306.01,-2.25,"13 17.2","-64 41","Ruprecht_107","22p",4.0,"nan",12.0,"nan","nan","nan","nan","nan","nan","13 20 33.7","-64 56 44",200.13904,-64.94758
306.1,-3.43,"13 19.2","-65 51","Collinder_269","42p",15.0,"nan","nan","nan","nan",9.2,"nan","nan",1.0,"13 22 37.6","-66 06 41",200.68825,-66.10894
306.11,0.14,"13 15.8","-62 18","Stock_16","42p",3.0,"nan",10.0,"OB","nan","nan","nan","nan","nan","13 19 04.2","-62 33 46",199.76948,-62.56107
306.8,-0.8,"13 22.7","-63 09","Ruprecht_166","33p",2.4,"nan",13.0,"nan","nan","nan","nan","nan","nan","13 26 03.5","-63 24 35",201.52717,-63.41106
307.09,-1.62,"13 26.3","-63 56","Collinder_271","32p",7.0,"nan","nan","nan","nan",10.1,"nan","nan","nan","13 29 43.2","-64 11 30",202.43935,-64.18195
307.47,1.34,"13 26.0","-60 57","Hogg_16","23p",4.0,"nan","nan","nan","nan","nan","nan","nan","nan","13 29 18.9","-61 12 30",202.30923,-61.19825
307.55,3.55,"13 24.1","-58 45","NGC_5138","22p",8.0,"nan","nan","nan","nan",9.8,"nan","nan","nan","13 27 20.2","-59 00 33",201.83558,-58.99943
307.57,-0.3,"13 28.8","-62 32","Trumpler_21","13p",5.0,1100.0,"nan","B3","nan",9.6,"nan","nan","nan","13 32 11.5","-62 47 25",203.0501,-62.80409
307.62,1.25,"13 27.3","-61 01","Collinder_272","31m",10.0,"nan","nan","nan","nan",9.3,"nan","nan","nan","13 30 37.7","-61 16 28",202.64517,-61.26495
307.74,1.57,"13 27.9","-60 41","NGC_5168","13p",3.0,"nan","nan","OB","nan",11.5,"nan","nan","nan","13 31 13.3","-60 56 27",202.78957,-60.9304
308.18,0.26,"13 33.2","-61 54","Pismis_18, Pishmish_18","22p",4.0,"nan",10.0,"nan","nan","nan","nan","nan","nan","13 36 36.4","-62 09 18",204.15088,-62.15065
308.25,3.96,"13 28.9","-58 14","Ruprecht_108","32p",8.0,"nan",9.0,"nan","nan","nan","nan","nan","nan","13 32 09.5","-58 29 25",203.04958,-58.49024
308.29,2.29,"13 31.3","-59 52","Collinder_275","42p",7.0,"nan","nan","nan","nan",10.2,"nan","nan","nan","13 34 37.4","-60 07 21",203.65803,-60.13162
308.71,-3.86,"13 45.0","-65 50","Collinder_277","31p",16.0,"nan","nan","nan","nan",9.2,"nan","nan","nan","13 48 41.1","-66 04 56",207.20643,-66.08586
309.01,-2.49,"13 45.1","-64 26","NGC_5288","22p",4.0,"nan","nan","nan","nan",11.8,"nan","nan","nan","13 48 42.9","-64 40 55",207.18194,-64.68353
309.17,-0.7,"13 43.1","-62 39","NGC_5281","11p",4.0,"nan",10.0,"OB","nan",8.2,"nan","nan","nan","13 46 37.1","-62 53 59",206.6587,-62.9013
310.01,-5.74,"14 02.5","-67 20","Ruprecht_110","31p",17.0,"nan",10.0,"nan","nan","nan","nan","nan","nan","14 06 27.0","-67 34 18",211.60712,-67.57537
310.23,0.12,"13 50.4","-61 37","NGC_5316","31p",14.0,1120.0,11.0,"B5",1.0,8.8,"nan","nan","nan","13 53 56.2","-61 51 45",208.48631,-61.86282
310.86,-0.38,"13 56.6","-61 57","Lynga_1","43p",3.0,"nan","nan","B","nan","nan","nan","nan","nan","14 00 12.0","-62 11 32",210.05427,-62.18838
311.6,2.14,"13 57.1","-59 19","NGC_5381","22p",12.0,"nan",12.0,"nan","nan","nan","nan","nan",1.0,"14 00 35.9","-59 33 31",210.15417,-59.56246
313.78,-0.49,"14 20.3","-61 10","Lynga_2","42p",12.0,"nan","nan","B","nan","nan","nan","nan","nan","14 24 02.7","-61 23 36",216.00726,-61.39621
313.92,2.04,"14 14.6","-58 44","Ruprecht_167","42p",33.0,"nan",11.0,"nan","nan","nan","nan","nan","nan","14 18 11.7","-58 57 50",214.54482,-58.96876
314.54,-30.43,"20 05.0","-79 28","Melotte_227","22p",60.0,"nan","nan","B9","nan",5.3,1.0,"nan","nan","20 12 35.8","-79 19 06",303.5816,-79.3098
314.67,-0.1,"14 26.0","-60 30","NGC_5617","13m",13.0,"nan",10.0,"OB","nan",8.5,"nan","nan","nan","14 29 45.1","-60 43 21",217.43277,-60.71191
314.67,-0.59,"14 27.4","-60 57","Trumpler_22","22p",8.0,"nan",12.0,"OB","nan",9.9,"nan","nan",1.0,"14 31 11.0","-61 10 17",217.80881,-61.1666
314.68,-0.38,"14 26.9","-60 46","Pismis_19, Pishmish_19","22p",2.2,"nan",12.0,"nan","nan","nan","nan","nan","nan","14 30 40.3","-60 59 19",217.66545,-60.96813
314.84,0.99,"14 24.1","-59 25","NGC_5606","11p",3.0,1700.0,"nan","OB",3.0,10.0,"nan",0.45,"nan","14 27 47.3","-59 38 26",216.94713,-59.6355
314.87,-0.9,"14 29.9","-61 10","Hogg_17","23p",7.0,"nan","nan","nan","nan","nan","nan","nan","nan","14 33 42.8","-61 23 11",218.43869,-61.37739
315.66,0.31,"14 32.1","-59 44","Ruprecht_111","33p",8.5,"nan",13.0,"nan","nan","nan","nan","nan",1.0,"14 35 51.4","-59 57 05",218.9667,-59.95567
315.78,12.65,"14 04.4","-48 05","NGC_5460","23m",30.0,500.0,9.0,"B8","nan",6.1,"nan","nan","nan","14 07 36.8","-48 19 15",211.9,-48.31263
316.35,5.59,"14 22.4","-54 35","NGC_5593","31p",8.0,"nan","nan","nan","nan","nan","nan","nan","nan","14 25 53.3","-54 48 31",216.47961,-54.80149
316.85,-3.12,"14 53.0","-62 21","Ruprecht_112","31m",8.5,"nan",14.0,"nan","nan","nan","nan","nan","nan","14 57 02.4","-62 33 04",224.25777,-62.54785
316.9,3.47,"14 31.6","-56 20","NGC_5662","23m",15.0,"nan",10.0,"B8","nan",7.7,"nan","nan","nan","14 35 12.3","-56 33 06",218.78841,-56.56269
317.53,2.12,"14 39.7","-57 20","NGC_5715","22m",6.0,"nan",11.0,"G5","nan",9.8,"nan","nan","nan","14 43 23.6","-57 32 44",220.84963,-57.54356
319.5,4.53,"14 45.3","-54 19","NGC_5749","41p",8.0,900.0,"nan","B8",3.0,8.8,"nan",0.35,"nan","14 48 54.0","-54 31 28",222.18715,-54.52396
320.36,-1.79,"15 12.8","-59 28","Pismis_21, Pishmish_21","13p",2.0,"nan",13.0,"nan","nan","nan","nan","nan","nan","15 16 47.2","-59 39 02",229.19259,-59.65068
320.52,-1.21,"15 11.5","-58 53","Pismis_20, Pishmish_20","13p",4.5,4400.0,"nan","O9",3.0,"nan","nan",1.22,"nan","15 15 26.8","-59 04 06",228.86165,-59.07314
320.75,6.43,"14 47.2","-52 03","Hogg_18","13p",6.0,1100.0,"nan","B3",3.0,"nan","nan",0.52,"nan","14 50 43.6","-52 15 22",222.65425,-52.26995
320.97,5.86,"14 50.0","-52 29","NGC_5764","22p",2.0,1000.0,"nan","nan","nan",12.6,"nan",0.5,"nan","14 53 33.3","-52 41 14",223.39591,-52.68065
321.04,-0.64,"15 12.6","-58 08","Lynga_3","31p",3.0,"nan","nan","nan",1.0,"nan","nan","nan","nan","15 16 30.8","-58 19 03",229.13745,-58.31506
321.16,2.46,"15 02.0","-55 14","NGC_5823","32m",10.0,"nan",13.0,"F0","nan",8.6,"nan","nan","nan","15 05 43.2","-55 25 37",226.4295,-55.58614
321.71,3.58,"15 01.5","-54 09","NGC_5822","21r",40.0,550.0,10.0,"B8","nan",6.5,"nan","nan","nan","15 05 10.4","-54 20 39",226.30256,-54.34085
324.4,1.7,"15 23.9","-54 21","NGC_5925","31m",20.0,"nan","nan","A1","nan",8.4,"nan","nan","nan","15 27 40.9","-54 31 25",231.93328,-54.52317
324.54,-5.97,"15 59.4","-60 22","NGC_6025","22p",12.0,840.0,7.0,"B3","nan",6.0,"nan","nan","nan","16 03 40.2","-60 30 15",240.92053,-60.50306
324.61,-4.65,"15 53.0","-59 19","Ruprecht_113","31m",32.0,"nan",9.0,"nan","nan","nan","nan","nan","nan","15 57 10.4","-59 27 40",239.29375,-59.46135
324.67,0.67,"15 29.5","-55 03","Lynga_4","42p",6.0,"nan","nan","nan","nan","nan","nan","nan","nan","15 33 20.2","-55 13 05",233.33832,-55.2161
324.82,-1.19,"15 38.1","-56 28","Lynga_5","32m",6.0,"nan","nan","nan","nan","nan","nan","nan","nan","15 42 02.6","-56 37 35",235.51479,-56.62875
325.11,-2.72,"15 46.7","-57 31","Collinder_292","32m",16.0,"nan","nan","nan","nan",7.9,"nan","nan","nan","15 50 44.2","-57 40 03",237.67194,-57.65615
325.66,1.96,"15 30.0","-53 26","Harvard_9","42p",3.0,"nan","nan","nan","nan","nan","nan","nan",1.0,"15 33 45.9","-53 36 04",233.44306,-53.59131
325.79,-2.99,"15 51.8","-57 17","NGC_6005","12p",3.0,"nan","nan","nan","nan",11.4,"nan","nan","nan","15 55 50.7","-57 25 45",238.96903,-57.43333
326.02,-1.93,"15 48.2","-56 19","NGC_5999","13m",5.0,"nan",12.0,"A0","nan",9.0,"nan","nan","nan","15 52 10.6","-56 27 58",238.05558,-56.46985
327.23,-3.56,"16 02.6","-56 47","Ruprecht_114","31p",8.8,"nan",12.0,"nan","nan","nan","nan","nan","nan","16 06 39.4","-56 55 04",241.65986,-56.9189
327.76,-5.4,"16 14.7","-57 47","NGC_6087","12p",18.0,900.0,8.0,"B5",3.0,6.0,"nan",0.22,"nan","16 18 51.5","-57 54 16",244.71993,-57.89281
328.82,-0.43,"15 56.6","-53 23","Trumpler_23","22p",5.0,"nan","nan","nan","nan",11.2,"nan","nan","nan","16 00 27.6","-53 31 27",240.11348,-53.52113
329.25,-1.53,"16 03.7","-53 56","NGC_6031","12p",2.0,3200.0,"nan","B3",3.0,12.2,"nan","nan","nan","16 07 36.5","-54 04 00",241.89289,-54.05963
329.67,-3.38,"16 14.4","-55 00","Collinder_299","32p",21.0,"nan","nan","B3","nan",6.9,"nan","nan","nan","16 18 23.8","-55 07 18",244.61098,-55.11736
329.76,-2.2,"16 09.3","-54 05","NGC_6067","12r",16.0,2100.0,10.0,"B2",3.0,6.5,"nan",0.3,"nan","16 13 14.0","-54 12 38",243.30821,-54.2048
329.91,-3.42,"16 15.9","-54 52","Harvard_10","22p",30.0,"nan","nan","B5",2.0,"nan","nan","nan","nan","16 19 53.7","-54 59 12",244.95787,-54.97771
330.37,0.34,"16 01.1","-51 47","Lynga_6","nan",5.0,"nan","nan","B","nan","nan","nan","nan","nan","16 04 54.0","-51 55 10",241.19952,-51.92025
330.97,-0.83,"16 09.0","-52 15","Ruprecht_115","31p",5.5,"nan",13.0,"nan","nan","nan","nan","nan","nan","16 12 50.7","-52 22 39",243.20828,-52.37824
331.36,-0.55,"16 09.6","-51 47","Pismis_22, Pishmish_22","12p",4.0,"nan",13.0,"nan","nan","nan","nan","nan","nan","16 13 25.5","-51 54 37",243.35761,-51.90698
332.41,-1.71,"16 19.7","-51 53","Ruprecht_116","22p",5.0,"nan",9.0,"nan","nan","nan","nan","nan","nan","16 23 33.4","-51 59 57",245.89161,-52.00232
332.5,-1.64,"16 19.8","-51 46","Ruprecht_117","31p",1.7,"nan",12.0,"nan","nan","nan","nan","nan","nan","16 23 39.1","-51 52 57",245.91337,-51.88912
332.54,-1.79,"16 20.7","-51 51","Ruprecht_118","12p",2.2,"nan",11.0,"nan","nan","nan","nan","nan","nan","16 24 33.4","-51 57 53",246.1322,-51.96586
332.93,-3.14,"16 28.8","-52 31","NGC_6152","22m",27.0,1030.0,11.0,"B5","nan",8.1,"nan","nan","nan","16 32 42.6","-52 37 21",248.16864,-52.61626
333.24,-0.02,"16 15.9","-50 06","Lynga_8","32m",1.0,"nan","nan","nan","nan","nan","nan","nan","nan","16 19 40.0","-50 13 12",244.92467,-50.22006
333.28,-1.9,"16 24.5","-51 24","Ruprecht_119","21p",7.0,"nan",10.0,"nan","nan","nan","nan","nan","nan","16 28 20.8","-51 30 38",247.09096,-51.51128
333.69,-5.82,"16 45.5","-53 44","NGC_6208","21m",17.0,"nan","nan","nan","nan",9.5,"nan","nan","nan","16 49 30.5","-53 49 12",252.36938,-53.81292
334.42,-2.31,"16 31.4","-50 52","Collinder_307","32p",6.0,"nan","nan","nan","nan",10.2,"nan","nan","nan","16 35 14.2","-50 58 10",248.81212,-50.95929
334.51,1.07,"16 16.8","-48 26","Lynga_9","31m",6.0,"nan","nan","nan","nan","nan","nan","nan","nan","16 20 30.0","-48 33 09",245.13502,-48.5521
334.64,0.43,"16 20.1","-48 48","Pismis_23, Pishmish_23","32m",4.0,"nan",15.0,"nan","nan","nan","nan","nan","nan","16 23 49.4","-48 54 56",245.96112,-48.91212
334.92,-0.19,"16 24.0","-49 02","NGC_6134","23m",9.0,790.0,11.0,"B8","nan",8.8,"nan","nan","nan","16 27 44.5","-49 08 40",246.93639,-49.14424
335.06,-0.31,"16 25.1","-49 01","Hogg_19","42p",4.0,"nan","nan","nan","nan","nan","nan","nan","nan","16 28 50.6","-49 07 36",247.21686,-49.12619
335.32,-1.28,"16 30.6","-49 30","NGC_6167","23m",14.0,1200.0,"nan","B",1.0,6.6,"nan","nan","nan","16 34 22.5","-49 36 14",248.57638,-49.6001
335.46,-6.25,"16 55.1","-52 38","NGC_6253","13m",6.0,"nan",13.0,"nan","nan",10.2,"nan","nan","nan","16 59 04.1","-52 42 32",254.77015,-52.70775
335.67,-3.46,"16 42.1","-50 42","Lynga_12","41p",6.0,"nan","nan","nan","nan","nan","nan","nan","nan","16 45 57.1","-50 47 26",251.4876,-50.78416
336.4,-0.54,"16 31.7","-48 12","Ruprecht_120","23p",3.4,"nan",12.0,"nan","nan","nan","nan","nan","nan","16 35 25.4","-48 18 09",248.85821,-48.30416
336.7,-1.57,"16 37.5","-48 40","NGC_6193","23p",16.0,1350.0,"nan","OB","nan",5.4,2.0,0.5,"nan","16 41 15.2","-48 45 45",250.3185,-48.76891
337.96,-1.17,"16 40.7","-47 28","Hogg_20","31p",4.0,"nan","nan","nan","nan","nan","nan","nan","nan","16 44 24.6","-47 33 32",251.10751,-47.55658
337.97,-1.49,"16 42.2","-47 40","Hogg_21","12p",4.0,"nan","nan","nan","nan","nan","nan","nan","nan","16 45 55.3","-47 45 26",251.47753,-47.75753
338.0,-1.09,"16 40.5","-47 23","NGC_6200","32m",12.0,"nan","nan","nan","nan",8.0,"nan","nan","nan","16 44 12.4","-47 28 33",251.05659,-47.47401
338.17,0.47,"16 34.4","-46 13","Lynga_11","22p",4.0,"nan","nan","nan","nan","nan","nan","nan","nan","16 38 03.0","-46 18 58",249.50894,-46.31461
338.4,1.23,"16 32.1","-45 32","NGC_6178","13p",4.0,"nan","nan","B5","nan",7.2,"nan","nan","nan","16 35 43.2","-45 38 08",248.92082,-45.63384
338.55,-1.16,"16 43.0","-47 01","Hogg_22","nan",1.5,"nan","nan","nan","nan","nan","nan","nan","nan","16 46 41.8","-47 06 23",251.66275,-47.10223
338.59,-1.08,"16 42.8","-46 56","NGC_6204","12p",6.0,2600.0,"nan","OB",2.0,8.4,"nan",0.6,"nan","16 46 29.6","-47 01 24",251.61143,-47.01991
338.73,0.04,"16 38.4","-46 05","Ruprecht_121","22p",8.4,"nan",13.0,"nan","nan","nan","nan","nan","nan","16 42 03.1","-46 10 42",250.51159,-46.18145
339.38,2.51,"16 30.5","-43 57","NGC_6169","nan",7.0,1100.0,"nan","O","nan",6.6,1.0,0.3,"nan","16 34 03.6","-44 03 14",248.52387,-44.04686
339.69,-0.55,"16 44.6","-45 46","Westerlund_1","13p",2.0,1400.0,"nan","OB","nan","nan","nan","nan","nan","16 48 15.0","-45 51 16",252.0569,-45.83822
339.69,-4.3,"17 01.6","-48 07","Harvard_13","22p",15.0,"nan","nan","nan","nan","nan","nan","nan","nan","17 05 22.1","-48 11 05",256.35704,-48.17742
340.07,-7.88,"17 20.8","-49 54","IC_4651","23m",14.0,780.0,10.0,"nan","nan",8.0,"nan","nan","nan","17 24 40.2","-49 56 42",261.15402,-49.93357
340.65,2.12,"16 36.8","-43 16","NGC_6192","12p",7.0,"nan",11.0,"A2","nan",8.5,"nan","nan","nan","16 40 20.9","-43 21 49",250.10056,-43.36613
340.67,0.01,"16 45.8","-44 39","NGC_6216","22p",4.0,"nan",12.0,"nan","nan",10.1,"nan","nan","nan","16 49 24.6","-44 44 11",252.3436,-44.72769
340.77,5.96,"16 22.2","-40 33","NGC_6124","23m",25.0,490.0,9.0,"B8",3.0,6.3,"nan",0.7,"nan","16 25 38.1","-40 39 48",246.41325,-40.67141
340.79,-1.83,"16 54.3","-45 43","NGC_6250","43p",11.0,"nan","nan","B8","nan",8.0,"nan","nan","nan","16 57 57.7","-45 47 36",254.47765,-45.79735
340.88,-1.16,"16 51.6","-45 14","Lynga_14","nan",2.0,"nan","nan","nan","nan","nan","nan","nan","nan","16 55 14.4","-45 18 47",253.81084,-45.3085
341.56,-1.16,"16 54.0","-44 42","NGC_6249","21p",7.0,"nan","nan","nan","nan",9.3,"nan","nan","nan","16 57 37.4","-44 46 37",254.41243,-44.77789
341.65,0.85,"16 45.7","-43 21","Lynga_13","43p",8.0,"nan","nan","nan","nan","nan","nan","nan","nan","16 49 15.8","-43 26 12",252.32299,-43.43706
341.98,-1.52,"16 57.1","-44 36","NGC_6259","32m",15.0,770.0,11.0,"F8","nan",8.6,"nan","nan","nan","17 00 43.4","-44 40 24",255.17615,-44.67082
343.47,1.22,"16 50.5","-41 43","NGC_6231","13p",15.0,1800.0,6.0,"O8",3.0,3.4,3.0,0.4,"nan","16 54 00.9","-41 47 52",253.50905,-41.79798
344.39,1.62,"16 52.0","-40 45","Collinder_316","12m","nan","nan",14.0,"nan","nan",3.4,"nan","nan","nan","16 55 29.0","-40 49 46",253.86538,-40.83141
344.7,1.51,"16 53.5","-40 35","Trumpler_24","42pn",40.0,"nan","nan","O7","nan",8.6,2.0,"nan","nan","16 56 58.8","-40 39 40",254.23455,-40.65848
345.27,-3.07,"17 14.9","-42 54","NGC_6322","12p",10.0,1200.0,"nan","B1",1.0,6.5,"nan","nan","nan","17 18 28.8","-42 57 08",259.61213,-42.94854
345.46,2.43,"16 52.2","-39 25","NGC_6242","13m",10.0,"nan",8.0,"B5","nan",8.2,"nan","nan","nan","16 55 38.5","-39 29 45",253.9167,-39.49051
346.04,1.31,"16 58.9","-39 40","NGC_6268","22p",8.0,"nan","nan","nan","nan",9.5,"nan","nan","nan","17 02 21.4","-39 44 17",255.52418,-39.72888
347.82,2.01,"17 01.4","-37 50","NGC_6281","22pn",9.0,"nan",9.0,"nan","nan",8.4,"nan","nan","nan","17 04 48.1","-37 54 06",256.20156,-37.89117
348.06,-0.96,"17 14.3","-39 24","NGC_6318","32p",5.0,"nan",12.0,"nan","nan",11.8,"nan","nan","nan","17 17 45.7","-39 27 11",259.45139,-39.4541
348.07,-3.32,"17 24.5","-40 44","Ruprecht_124","23p",2.0,"nan",12.0,"nan","nan","nan","nan","nan","nan","17 28 00.7","-40 46 27",262.00496,-40.77965
348.48,-3.44,"17 26.2","-40 28","Ruprecht_125","23p",14.0,"nan",11.0,"nan","nan","nan","nan","nan","nan","17 29 42.3","-40 30 20",262.43427,-40.50433
349.2,-1.8,"17 21.3","-38 57","Trumpler_25","21m",5.0,"nan","nan","nan","nan",11.7,"nan","nan","nan","17 24 45.1","-38 59 41",261.18032,-38.99516
349.94,-0.99,"17 20.0","-37 53","Ruprecht_123","23p",8.0,"nan",10.0,"nan","nan","nan","nan","nan","nan","17 23 25.1","-37 55 47",260.85753,-37.92769
350.04,-5.15,"17 38.1","-40 05","Trumpler_29","23p",12.0,"nan","nan","nan","nan",7.5,"nan","nan","nan","17 41 35.8","-40 06 28",265.4208,-40.10774
351.46,-1.73,"17 27.4","-37 03","Collinder_332","41p",11.0,"nan","nan","nan","nan",8.9,"nan","nan","nan","17 30 47.8","-37 05 15",262.69892,-37.07749
351.6,15.75,"16 23.0","-26 07","Collinder_302","33pn",507.0,"nan","nan","nan","nan",1.0,"nan","nan","nan","16 26 03.8","-26 13 46",246.53196,-26.22684
351.86,-3.25,"17 34.8","-37 32","Collinder_338","32p",25.0,"nan","nan","nan","nan",8.0,"nan","nan","nan","17 38 12.9","-37 33 43",264.57845,-37.56333
352.65,-3.34,"17 37.4","-36 55","NGC_6400","22m",6.0,"nan",9.0,"nan","nan",8.8,"nan","nan","nan","17 40 47.8","-36 56 31",265.19953,-36.94224
352.89,-2.45,"17 34.3","-36 14","Ruprecht_127","42p",5.0,"nan",11.0,"nan","nan","nan","nan","nan","nan","17 37 40.5","-36 15 45",264.41878,-36.26643
353.12,0.71,"17 22.0","-34 18","Pismis_24, Pishmish_24","42pn",4.0,"nan",10.0,"nan","nan","nan","nan","nan","nan","17 25 18.8","-34 20 38",261.3337,-34.34247
354.02,-0.17,"17 28.0","-34 03","Collinder_333","32p",5.0,"nan","nan","nan","nan",9.8,"nan","nan","nan","17 31 18.6","-34 05 12",262.82279,-34.08168
354.02,-1.86,"17 34.8","-34 58","NGC_6396","23p",3.0,"nan","nan","nan","nan",11.0,"nan","nan","nan","17 38 08.3","-34 59 43",264.54774,-34.9967
354.27,-0.95,"17 31.8","-34 16","Ruprecht_126","13p",7.0,"nan",13.0,"nan","nan","nan","nan","nan","nan","17 35 07.0","-34 17 56",263.77822,-34.29684
354.78,-2.85,"17 40.9","-34 51","Ruprecht_128","31m",3.4,"nan",13.0,"nan","nan","nan","nan","nan","nan","17 44 14.2","-34 52 16",266.06239,-34.87453
355.07,-0.7,"17 32.9","-33 27","Trumpler_27","12p",7.0,"nan","nan","nan","nan",9.1,"nan","nan","nan","17 36 11.7","-33 28 51",264.04477,-33.48851
355.37,0.48,"17 29.0","-32 34","NGC_6374","41p",2.5,"nan","nan","nan","nan",10.0,"nan","nan",1.0,"17 32 16.1","-32 36 08",263.05663,-32.59615
355.39,-3.75,"17 46.2","-34 48","Ruprecht_132","32m",10.0,"nan",11.0,"nan","nan","nan","nan","nan","nan","17 49 32.2","-34 48 53",267.38469,-34.81779
355.66,-1.17,"17 36.3","-33 13","NGC_6404","33m",5.0,"nan","nan","nan","nan",10.6,"nan","nan","nan","17 39 35.4","-33 14 36",264.89822,-33.24182
355.67,-5.21,"17 53.1","-35 19","Trumpler_30","32p",14.0,"nan","nan","nan","nan",8.8,"nan","nan","nan","17 56 27.1","-35 19 23",269.09737,-35.31223
355.68,0.05,"17 31.5","-32 32","NGC_6383","43pn",5.0,1380.0,"nan","O7",1.0,5.4,2.0,0.32,"nan","17 34 46.1","-32 33 57",263.68497,-32.57003
355.78,-2.32,"17 41.3","-33 44","Collinder_345","n",5.0,"nan","nan","nan","nan",10.9,"nan","nan",3.0,"17 44 36.3","-33 45 15",266.14608,-33.74577
355.86,-4.53,"17 50.6","-34 48","NGC_6475","22r",60.0,240.0,7.0,"B8",3.0,3.3,2.0,0.08,"nan","17 53 56.2","-34 48 34",268.49305,-34.80869
355.98,-0.26,"17 33.5","-32 27","Trumpler_28","22p",7.5,"nan","nan","nan","nan",9.4,"nan","nan","nan","17 36 46.0","-32 28 49",264.18653,-32.48476
356.58,-0.7,"17 36.8","-32 11","NGC_6405","32p",25.0,600.0,7.0,"B5",3.0,4.6,"nan",0.13,"nan","17 40 03.7","-32 12 34",265.00631,-32.21284
356.94,-1.54,"17 41.1","-32 20","NGC_6416","41p",20.0,"nan","nan","A0","nan",8.7,"nan","nan","nan","17 44 22.0","-32 21 15",266.07505,-32.34974
357.53,2.86,"17 25.3","-29 27","Trumpler_26","32p",7.5,2800.0,"nan","nan","nan",9.5,"nan","nan","nan","17 28 29.1","-29 29 24",262.12175,-29.48422
357.97,-1.6,"17 43.7","-31 30","NGC_6425","11p",10.0,"nan","nan","nan","nan",9.2,"nan","nan","nan","17 46 56.7","-31 31 04",266.76673,-31.50175
359.22,-0.98,"17 44.4","-30 06","Ruprecht_130","31p",3.0,"nan",14.0,"nan","nan","nan","nan","nan","nan","17 47 36.5","-30 07 01",266.90219,-30.11158
359.48,-1.61,"17 47.5","-30 12","NGC_6451","21p",6.0,570.0,12.0,"nan",1.0,8.2,"nan","nan","nan","17 50 42.6","-30 12 48",267.6817,-30.21274
359.62,-0.66,"17 44.1","-29 35","Ruprecht_129","41p",6.0,"nan",12.0,"nan","nan","nan","nan","nan","nan","17 47 17.7","-29 36 03",266.82519,-29.60374
359.76,-1.82,"17 49.0","-30 04","Basel_5","22p",7.0,850.0,"nan","nan",1.0,"nan","nan","nan","nan","17 52 12.4","-30 04 41",268.05567,-30.07916
359.78,-0.32,"17 43.2","-29 17","Collinder_347","32p",4.0,"nan","nan","nan","nan",10.5,"nan","nan","nan","17 46 23.2","-29 18 06",266.58673,-29.29056
