"fname","process","frame_limit","N_clust","N_clust_max","use_mag_fastmp"
"ads12696","n","nan","nan","nan","nan"
"ads13292","n","nan","nan","nan","nan"
"ads16795","n","nan","nan","nan","nan"
"afgl333","n","nan","nan",100.0,"nan"
"afgl4029","n","nan",80.0,"nan","nan"
"afgl437","n","nan","nan","nan","nan"
"afgl490","n","nan","nan","nan","nan"
"afgl5066","n","nan","nan",100.0,"nan"
"afgl5085","n","nan","nan",100.0,"nan"
"afgl5142","n","nan","nan","nan","nan"
"afgl5173","n","nan","nan",100.0,"nan"
"afgl5180","n","nan","nan","nan","nan"
"afgl5182","n","nan","nan",100.0,"nan"
"afgl6366s","n","nan",80.0,"nan","nan"
"afgl961","n","nan","nan",100.0,"nan"
"ah03j0822364","n","nan","nan","nan","nan"
"ah20031","n","nan","nan","nan","nan"
"ah20032","n","nan","nan","nan","nan"
"ah20033","n","nan","nan","nan","nan"
"alessi1","n","nan",125.0,"nan","nan"
"alessi10","n","nan","nan","nan","nan"
"alessi11","n","nan","nan","nan","nan"
"alessi116","n","nan",150.0,"nan","nan"
"alessi12","n","nan","nan","nan","nan"
"alessi129","n","nan","nan","nan","nan"
"alessi13","n","nan",125.0,"nan","nan"
"alessi14","n","nan","nan","nan","nan"
"alessi144","n","nan",50.0,"nan","nan"
"alessi145","n","nan",100.0,"nan","nan"
"alessi146","n","nan","nan","nan","nan"
"alessi147","n","nan","nan","nan","nan"
"alessi15","n","nan","nan","nan","nan"
"alessi158","n","nan","nan","nan","nan"
"alessi16","n","nan","nan","nan","nan"
"alessi161","n","nan","nan","nan","nan"
"alessi162","n","nan","nan","nan","nan"
"alessi165","n","nan","nan","nan","nan"
"alessi167","n","nan","nan","nan","nan"
"alessi168","n","nan","nan","nan","nan"
"alessi169","n","nan","nan","nan","nan"
"alessi17","n","nan","nan","nan","nan"
"alessi170","n","nan",150.0,"nan","nan"
"alessi173","n","nan","nan","nan","nan"
"alessi175","n","nan","nan","nan","nan"
"alessi176","n","nan","nan","nan","nan"
"alessi177","n","nan","nan","nan","nan"
"alessi179","n","nan","nan","nan","nan"
"alessi18","n","nan","nan","nan","nan"
"alessi180","n","nan","nan","nan","nan"
"alessi181","n","nan","nan","nan","nan"
"alessi183","n","nan","nan","nan","nan"
"alessi184","n","nan","nan","nan","nan"
"alessi186","n","nan","nan","nan","nan"
"alessi187","n","nan","nan","nan","nan"
"alessi188","n","nan","nan","nan","nan"
"alessi189","n","nan","nan","nan","nan"
"alessi19","n","nan","nan","nan","nan"
"alessi190","n","nan","nan","nan","nan"
"alessi191","n","nan",45.0,"nan","nan"
"alessi19101p0509","n","nan","nan","nan","nan"
"alessi192","n","nan","nan","nan","nan"
"alessi2","n","nan","nan","nan","nan"
"alessi20","n","nan","nan","nan","nan"
"alessi21","n","nan","nan","nan","nan"
"alessi22","n","nan",50.0,"nan","nan"
"alessi24","n","nan","nan","nan","nan"
"alessi250","n","nan","nan",50.0,"nan"
"alessi283","n","nan","nan",117.0,"nan"
"alessi3","n","nan","nan",225.0,"nan"
"alessi31","n","nan","nan","nan","nan"
"alessi33","n","nan","nan","nan","nan"
"alessi34","n","nan","nan","nan","nan"
"alessi37","n","nan","nan","nan","nan"
"alessi4","n","nan","nan","nan","nan"
"alessi40","n","nan","nan","nan","nan"
"alessi408","n","nan","nan",50.0,"nan"
"alessi43","n","nan","nan","nan","nan"
"alessi432","n","nan","nan",61.0,"nan"
"alessi44","n","t_-10",75.0,"nan","nan"
"alessi443","n","nan","nan",50.0,"nan"
"alessi49","n","nan","nan","nan","nan"
"alessi5","n","nan","nan","nan","nan"
"alessi50","n","nan","nan",200.0,"nan"
"alessi52","n","nan","nan","nan","nan"
"alessi53","n","nan","nan","nan","nan"
"alessi55","n","nan","nan","nan","nan"
"alessi56","n","nan","nan","nan","nan"
"alessi57","n","nan","nan","nan","nan"
"alessi58","n","b_3.5","nan","nan","nan"
"alessi59","n","nan","nan","nan","nan"
"alessi6","n","nan","nan","nan","nan"
"alessi60","n","nan",150.0,"nan","nan"
"alessi61","n","nan","nan","nan","nan"
"alessi62","n","nan","nan","nan","nan"
"alessi64","n","nan","nan","nan","nan"
"alessi65","n","nan",80.0,"nan","nan"
"alessi67","n","nan","nan","nan","nan"
"alessi68","n","nan","nan","nan","nan"
"alessi72","n","nan","nan","nan","nan"
"alessi8","n","nan",80.0,"nan","nan"
"alessi87","n","nan","nan","nan","nan"
"alessi9","n","nan","nan","nan","nan"
"alessi90","n","nan","nan","nan","nan"
"alessi94","n","nan","nan","nan","nan"
"alessij06016p3531","n","plxl_0.52",90.0,50.0,"nan"
"alessij06224p2114","n","nan","nan","nan","nan"
"alessij19337p1147","n","nan","nan","nan","nan"
"alessij23270p55","n","nan","nan","nan","nan"
"alessiteutsch10","n","nan","nan","nan","nan"
"alessiteutsch11","n","nan","nan",250.0,"nan"
"alessiteutsch12","n","nan",75.0,"nan","nan"
"alessiteutsch3","n","nan","nan","nan","nan"
"alessiteutsch5","n","nan","nan","nan","nan"
"alessiteutsch7","n","nan",170.0,"nan","nan"
"alessiteutsch8","n","nan","nan","nan","nan"
"alessiteutsch9","n","nan",100.0,"nan","nan"
"alicante10","n","nan","nan","nan","nan"
"alicante7","n","nan","nan","nan","nan"
"alicante8","n","nan","nan","nan","nan"
"am0430392","n","nan","nan",50.0,"nan"
"am1353265","n","nan","nan",50.0,"nan"
"andrewslindsay5","n","nan","nan",250.0,"nan"
"antalova1","n","nan","nan","nan","nan"
"antalova2","n","nan","nan","nan","nan"
"antalova3","n","nan","nan","nan","nan"
"antalova4","n","nan","nan","nan","nan"
"arches","n","nan","nan","nan","nan"
"archinal1","n","nan","nan","nan","nan"
"arpmadore2","n","nan","nan","nan","nan"
"ascc1","n","nan","nan","nan","nan"
"ascc100","n","pml_1.75",100.0,"nan","nan"
"ascc101","n","nan","nan","nan","nan"
"ascc102","n","nan","nan","nan","nan"
"ascc104","n","nan","nan","nan","nan"
"ascc105","n","nan","nan","nan","nan"
"ascc107","n","nan","nan","nan","nan"
"ascc108","n","nan",300.0,"nan","nan"
"ascc109","n","nan","nan","nan","nan"
"ascc11","n","nan","nan","nan","nan"
"ascc110","n","nan",120.0,"nan","nan"
"ascc111","n","nan",100.0,"nan","nan"
"ascc113","n","nan","nan","nan","nan"
"ascc114","n","nan","nan","nan","nan"
"ascc115","n","nan","nan","nan","nan"
"ascc116","n","nan","nan","nan","nan"
"ascc117","n","nan","nan","nan","nan"
"ascc119","n","nan",170.0,"nan","nan"
"ascc12","n","nan","nan","nan","nan"
"ascc120","n","nan","nan","nan","nan"
"ascc121","n","nan","nan","nan","nan"
"ascc122","n","nan","nan","nan","nan"
"ascc123","n","nan","nan","nan","nan"
"ascc125","n","nan","nan",350.0,"nan"
"ascc126","n","nan","nan","nan","nan"
"ascc127","n","nan","nan","nan","nan"
"ascc128","n","nan","nan","nan","nan"
"ascc13","n","nan",100.0,"nan","nan"
"ascc130","n","nan","nan","nan","nan"
"ascc14","n","nan","nan","nan","nan"
"ascc15","n","nan","nan","nan","nan"
"ascc16","n","nan","nan",450.0,"nan"
"ascc17","n","nan","nan","nan","nan"
"ascc18","n","plxr_2.55","nan","nan","nan"
"ascc19","n","nan","nan","nan","nan"
"ascc2","n","nan","nan","nan","nan"
"ascc20","n","plxl_2.55","nan","nan","nan"
"ascc21","n","nan","nan","nan","nan"
"ascc23","n","nan","nan","nan","nan"
"ascc24","n","nan","nan","nan","nan"
"ascc25","n","nan","nan","nan","nan"
"ascc26","n","nan","nan","nan","nan"
"ascc28","n","nan","nan","nan","nan"
"ascc29","n","nan","nan","nan","nan"
"ascc3","n","nan","nan","nan","nan"
"ascc30","n","nan",75.0,"nan","nan"
"ascc31","n","nan","nan","nan","nan"
"ascc33","n","nan",50.0,"nan","nan"
"ascc34","n","nan","nan","nan","nan"
"ascc35","n","nan","nan","nan","nan"
"ascc36","n","nan","nan","nan","nan"
"ascc37","n","nan","nan","nan","nan"
"ascc38","n","nan","nan","nan","nan"
"ascc39","n","nan","nan","nan","nan"
"ascc4","n","nan","nan","nan","nan"
"ascc40","n","nan","nan","nan","nan"
"ascc43","n","nan","nan","nan","nan"
"ascc45","n","nan","nan",100.0,"nan"
"ascc46","n","nan","nan","nan","nan"
"ascc48","n","nan","nan","nan","nan"
"ascc5","n","nan","nan","nan","nan"
"ascc51","n","nan","nan","nan","nan"
"ascc52","n","nan","nan","nan","nan"
"ascc53","n","nan","nan","nan","nan"
"ascc54","n","nan","nan","nan","nan"
"ascc55","n","nan","nan","nan","nan"
"ascc56","n","nan","nan","nan","nan"
"ascc57","n","nan","nan","nan","nan"
"ascc58","n","nan","nan","nan","nan"
"ascc59","n","nan","nan","nan","nan"
"ascc6","n","nan","nan","nan","nan"
"ascc60","n","nan",110.0,"nan","nan"
"ascc61","n","nan",220.0,"nan","nan"
"ascc62","n","nan",70.0,"nan","nan"
"ascc63","n","nan",90.0,"nan","nan"
"ascc64","n","nan","nan","nan","nan"
"ascc65","n","nan","nan",150.0,"nan"
"ascc66","n","nan","nan","nan","nan"
"ascc67","n","nan","nan","nan","nan"
"ascc69","n","nan","nan","nan","nan"
"ascc7","n","nan","nan","nan","nan"
"ascc70","n","nan","nan","nan","nan"
"ascc71","n","nan","nan","nan","nan"
"ascc72","n","nan",100.0,"nan","nan"
"ascc73","n","nan",50.0,"nan","nan"
"ascc74","n","nan","nan","nan","nan"
"ascc75","n","nan","nan","nan","nan"
"ascc76","n","nan","nan","nan","nan"
"ascc77","n","nan","nan","nan","nan"
"ascc78","n","nan","nan","nan","nan"
"ascc79","n","nan","nan","nan","nan"
"ascc8","n","nan","nan","nan","nan"
"ascc80","n","nan","nan","nan","nan"
"ascc81","n","nan","nan","nan","nan"
"ascc82","n","nan","nan","nan","nan"
"ascc83","n","nan","nan","nan","nan"
"ascc84","n","nan","nan","nan","nan"
"ascc85","n","nan",150.0,"nan","nan"
"ascc87","n","nan",80.0,"nan","nan"
"ascc88","n","nan","nan","nan","nan"
"ascc9","n","nan","nan",200.0,"nan"
"ascc90","n","nan",80.0,"nan","nan"
"ascc91","n","nan","nan","nan","nan"
"ascc93","n","nan","nan","nan","nan"
"ascc94","n","nan",75.0,"nan","nan"
"ascc95","n","nan","nan","nan","nan"
"ascc98","n","nan","nan","nan","nan"
"ascc99","n","nan","nan","nan","nan"
"at14","n","nan","nan","nan","nan"
"at16","n","nan","nan","nan","nan"
"at21","n","nan","nan","nan","nan"
"auner1","n","nan",100.0,"nan","nan"
"avenihunter1","n","nan","nan","nan","nan"
"b30","n","nan","nan",100.0,"nan"
"b35","n","nan","nan","nan","nan"
"barkhatova1","n","nan","nan","nan","nan"
"barkhatova2","n","nan","nan","nan","nan"
"basel1","n","nan","nan","nan","nan"
"basel10","n","nan","nan","nan","nan"
"basel11a","n","nan","nan","nan","nan"
"basel11b","n","nan","nan","nan","nan"
"basel12","n","nan","nan","nan","nan"
"basel14","n","nan","nan","nan","nan"
"basel15","n","b_-0.15","nan",50.0,"nan"
"basel17","n","nan","nan","nan","nan"
"basel18","n","nan","nan","nan","nan"
"basel20","n","nan","nan","nan","nan"
"basel4","n","nan","nan","nan","nan"
"basel5","n","nan","nan","nan","nan"
"basel6","n","nan","nan","nan","nan"
"basel7","n","nan","nan","nan","nan"
"basel8","n","nan",50.0,"nan","nan"
"bdp40d4124","n","nan","nan",100.0,"nan"
"bdsb10","n","nan","nan","nan","nan"
"bdsb102","n","nan","nan","nan","nan"
"bdsb103","n","nan","nan",100.0,"nan"
"bdsb104","n","nan","nan","nan","nan"
"bdsb105","n","nan","nan",100.0,"nan"
"bdsb106","n","nan","nan","nan","nan"
"bdsb107","n","nan","nan","nan","nan"
"bdsb108","n","nan","nan","nan","nan"
"bdsb109","n","nan","nan","nan","nan"
"bdsb11","n","nan","nan","nan","nan"
"bdsb110","n","nan","nan","nan","nan"
"bdsb111","n","nan","nan","nan","nan"
"bdsb112","n","nan","nan","nan","nan"
"bdsb113","n","nan","nan","nan","nan"
"bdsb114","n","nan","nan","nan","nan"
"bdsb115","n","nan","nan","nan","nan"
"bdsb116","n","nan","nan","nan","nan"
"bdsb117","n","nan","nan","nan","nan"
"bdsb118","n","nan","nan","nan","nan"
"bdsb119","n","nan","nan","nan","nan"
"bdsb12","n","nan","nan","nan","nan"
"bdsb120","n","nan","nan","nan","nan"
"bdsb121","n","nan","nan","nan","nan"
"bdsb122","n","nan",120.0,"nan","nan"
"bdsb123","n","nan","nan","nan","nan"
"bdsb124","n","nan","nan","nan","nan"
"bdsb125","n","nan","nan","nan","nan"
"bdsb126","n","nan","nan","nan","nan"
"bdsb127","n","nan","nan","nan","nan"
"bdsb128","n","nan","nan","nan","nan"
"bdsb129","n","nan","nan","nan","nan"
"bdsb13","n","nan","nan",100.0,"nan"
"bdsb130","n","nan","nan","nan","nan"
"bdsb131","n","nan","nan","nan","nan"
"bdsb133","n","nan","nan","nan","nan"
"bdsb134","n","nan","nan","nan","nan"
"bdsb135","n","nan","nan","nan","nan"
"bdsb137","n","nan","nan","nan","nan"
"bdsb138","n","nan","nan","nan","nan"
"bdsb139","n","nan","nan","nan","nan"
"bdsb14","n","nan","nan",100.0,"nan"
"bdsb140","n","nan","nan","nan","nan"
"bdsb141","n","nan","nan","nan","nan"
"bdsb142","n","nan","nan","nan","nan"
"bdsb143","n","nan","nan","nan","nan"
"bdsb144","n","nan","nan","nan","nan"
"bdsb146","n","nan","nan","nan","nan"
"bdsb147","n","nan","nan","nan","nan"
"bdsb148","n","nan","nan","nan","nan"
"bdsb15","n","nan","nan","nan","nan"
"bdsb151","n","nan","nan","nan","nan"
"bdsb153","n","nan","nan","nan","nan"
"bdsb154","n","nan","nan","nan","nan"
"bdsb155","n","nan","nan","nan","nan"
"bdsb156","n","nan","nan","nan","nan"
"bdsb157","n","nan","nan","nan","nan"
"bdsb159","n","nan","nan",100.0,"nan"
"bdsb16","n","nan","nan",100.0,"nan"
"bdsb164","n","nan","nan","nan","nan"
"bdsb165","n","nan","nan","nan","nan"
"bdsb166","n","nan","nan","nan","nan"
"bdsb167","n","nan","nan","nan","nan"
"bdsb18","n","nan","nan","nan","nan"
"bdsb19","n","nan","nan","nan","nan"
"bdsb2","n","nan","nan",100.0,"nan"
"bdsb21","n","nan","nan","nan","nan"
"bdsb22","n","nan","nan","nan","nan"
"bdsb23","n","nan","nan","nan","nan"
"bdsb24","n","nan","nan","nan","nan"
"bdsb26","n","nan","nan",100.0,"nan"
"bdsb27","n","nan","nan",100.0,"nan"
"bdsb29","n","nan","nan",100.0,"nan"
"bdsb3","n","nan","nan","nan","nan"
"bdsb30","n","nan","nan","nan","nan"
"bdsb31","n","nan","nan",100.0,"nan"
"bdsb34","n","nan","nan",100.0,"nan"
"bdsb35","n","nan","nan",100.0,"nan"
"bdsb36","n","nan","nan",100.0,"nan"
"bdsb37","n","nan","nan","nan","nan"
"bdsb38","n","nan","nan",100.0,"nan"
"bdsb39","n","nan","nan",100.0,"nan"
"bdsb41","n","nan","nan",100.0,"nan"
"bdsb42","n","nan","nan",100.0,"nan"
"bdsb43","n","nan","nan","nan","nan"
"bdsb44","n","nan","nan","nan","nan"
"bdsb45","n","nan",100.0,100.0,"nan"
"bdsb46","n","nan","nan","nan","nan"
"bdsb47","n","nan","nan","nan","nan"
"bdsb48","n","nan","nan",100.0,"nan"
"bdsb50","n","nan","nan",100.0,"nan"
"bdsb51","n","nan","nan",100.0,"nan"
"bdsb52","n","nan","nan",100.0,"nan"
"bdsb53","n","nan","nan",100.0,"nan"
"bdsb54","n","nan","nan",100.0,"nan"
"bdsb55","n","nan","nan",100.0,"nan"
"bdsb56","n","nan","nan",100.0,"nan"
"bdsb57","n","nan","nan",100.0,"nan"
"bdsb6","n","nan","nan","nan","nan"
"bdsb60","n","nan","nan",100.0,"nan"
"bdsb62","n","nan","nan",100.0,"nan"
"bdsb63","n","nan","nan",100.0,"nan"
"bdsb64","n","nan","nan",100.0,"nan"
"bdsb65","n","nan","nan",100.0,"nan"
"bdsb66","n","nan","nan",100.0,"nan"
"bdsb68","n","nan","nan","nan","nan"
"bdsb7","n","nan","nan","nan","nan"
"bdsb73","n","nan","nan","nan","nan"
"bdsb75","n","nan","nan",100.0,"nan"
"bdsb76","n","nan","nan",100.0,"nan"
"bdsb77","n","nan","nan","nan","nan"
"bdsb78","n","nan","nan",100.0,"nan"
"bdsb8","n","nan","nan","nan","nan"
"bdsb81","n","nan","nan","nan","nan"
"bdsb82","n","nan",75.0,"nan","nan"
"bdsb87","n","nan","nan",100.0,"nan"
"bdsb88","n","nan",50.0,"nan","nan"
"bdsb9","n","nan","nan",100.0,"nan"
"bdsb90","n","nan","nan","nan","nan"
"bdsb91","n","nan","nan","nan","nan"
"bdsb92","n","nan","nan",100.0,"nan"
"bdsb93","n","nan","nan","nan","nan"
"bdsb94","n","nan","nan",100.0,"nan"
"bdsb95","n","nan","nan",100.0,"nan"
"bdsb96","n","nan","nan",180.0,"nan"
"bdsb97","n","nan","nan",50.0,"nan"
"bdsb99","n","nan","nan","nan","nan"
"berkeley1","n","nan","nan","nan","nan"
"berkeley10","n","nan","nan","nan","nan"
"berkeley100","n","nan","nan","nan","nan"
"berkeley101","n","nan","nan","nan","nan"
"berkeley102","n","nan","nan",150.0,"nan"
"berkeley103","n","nan","nan","nan","nan"
"berkeley104","n","nan","nan","nan","nan"
"berkeley11","n","nan","nan","nan","nan"
"berkeley12","n","nan","nan","nan","nan"
"berkeley13","n","nan","nan","nan","nan"
"berkeley14","n","nan","nan","nan","nan"
"berkeley14a","n","nan","nan","nan","nan"
"berkeley15","n","nan","nan","nan","nan"
"berkeley17","n","nan","nan","nan","nan"
"berkeley18","n","nan","nan",1200.0,"nan"
"berkeley19","n","nan","nan","nan","nan"
"berkeley2","n","nan","nan","nan","nan"
"berkeley20","n","nan","nan","nan","nan"
"berkeley21","n","nan","nan",250.0,"nan"
"berkeley22","n","nan","nan",250.0,"nan"
"berkeley23","n","nan","nan","nan","nan"
"berkeley24","n","nan","nan",375.0,"nan"
"berkeley25","n","nan","nan","nan","nan"
"berkeley26","n","nan","nan","nan","nan"
"berkeley27","n","nan","nan","nan","nan"
"berkeley28","n","nan","nan","nan","nan"
"berkeley29","n","plxl_-0.5;plxr_0.5","nan",180.0,"y"
"berkeley3","n","nan","nan","nan","nan"
"berkeley30","n","nan","nan","nan","nan"
"berkeley31","n","nan","nan",325.0,"nan"
"berkeley32","n","nan","nan","nan","nan"
"berkeley34","n","nan","nan","nan","nan"
"berkeley35","n","nan","nan","nan","nan"
"berkeley36","n","nan","nan",800.0,"nan"
"berkeley37","n","nan","nan","nan","nan"
"berkeley39","n","nan","nan",1250.0,"nan"
"berkeley4","n","nan","nan","nan","nan"
"berkeley43","n","nan","nan","nan","nan"
"berkeley44","n","nan","nan","nan","nan"
"berkeley45","n","nan","nan","nan","nan"
"berkeley47","n","nan","nan","nan","nan"
"berkeley49","n","nan","nan","nan","nan"
"berkeley5","n","nan","nan","nan","nan"
"berkeley50","n","nan","nan","nan","nan"
"berkeley51","n","nan","nan","nan","nan"
"berkeley52","n","nan","nan",150.0,"nan"
"berkeley53","n","nan","nan",1800.0,"nan"
"berkeley54","n","nan","nan",450.0,"nan"
"berkeley55","n","nan","nan",225.0,"nan"
"berkeley56","n","nan","nan",450.0,"nan"
"berkeley58","n","nan","nan",250.0,"nan"
"berkeley59","n","nan","nan",500.0,"nan"
"berkeley6","n","nan","nan","nan","nan"
"berkeley60","n","nan","nan",250.0,"nan"
"berkeley61","n","nan","nan","nan","nan"
"berkeley62","n","nan","nan","nan","nan"
"berkeley63","n","nan","nan","nan","nan"
"berkeley64","n","nan","nan","nan","nan"
"berkeley65","n","nan","nan","nan","nan"
"berkeley66","n","nan","nan","nan","nan"
"berkeley67","n","nan","nan","nan","nan"
"berkeley68","n","nan","nan","nan","nan"
"berkeley69","n","nan","nan","nan","nan"
"berkeley7","n","nan","nan","nan","nan"
"berkeley70","n","nan","nan",450.0,"nan"
"berkeley71","n","nan","nan","nan","nan"
"berkeley72","n","nan","nan","nan","nan"
"berkeley73","n","nan","nan","nan","nan"
"berkeley75","n","nan","nan",150.0,"nan"
"berkeley76","n","nan","nan","nan","nan"
"berkeley77","n","nan","nan","nan","nan"
"berkeley78","n","nan","nan","nan","nan"
"berkeley79","n","nan","nan","nan","nan"
"berkeley8","n","nan","nan","nan","nan"
"berkeley80","n","nan","nan","nan","nan"
"berkeley81","n","nan","nan","nan","nan"
"berkeley82","n","nan","nan","nan","nan"
"berkeley83","n","nan","nan",130.0,"nan"
"berkeley84","n","nan","nan","nan","nan"
"berkeley85","n","nan","nan","nan","nan"
"berkeley86","n","nan","nan","nan","nan"
"berkeley87","n","nan","nan","nan","nan"
"berkeley88","n","nan","nan","nan","nan"
"berkeley89","n","nan","nan",450.0,"nan"
"berkeley9","n","nan","nan","nan","nan"
"berkeley90","n","nan","nan","nan","nan"
"berkeley91","n","nan","nan","nan","nan"
"berkeley92","n","nan","nan",150.0,"nan"
"berkeley93","n","nan","nan","nan","nan"
"berkeley94","n","nan","nan","nan","nan"
"berkeley95","n","nan","nan","nan","nan"
"berkeley96","n","nan","nan","nan","nan"
"berkeley97","n","nan","nan","nan","nan"
"berkeley98","n","nan","nan","nan","nan"
"berkeley99","n","nan","nan","nan","nan"
"bfs51","n","nan","nan",100.0,"nan"
"bfs56","n","nan","nan",100.0,"nan"
"bica1","n","t_0.76;r_80.2","nan",50.0,"nan"
"bica105","n","nan","nan","nan","nan"
"bica106","n","nan","nan","nan","nan"
"bica107","n","nan","nan","nan","nan"
"bica110","n","nan","nan","nan","nan"
"bica112","n","nan","nan","nan","nan"
"bica119","n","nan","nan","nan","nan"
"bica131","n","nan","nan","nan","nan"
"bica154","n","nan","nan","nan","nan"
"bica158","n","nan","nan","nan","nan"
"bica159","n","nan","nan","nan","nan"
"bica214","n","nan","nan","nan","nan"
"bica28","n","nan","nan","nan","nan"
"bica3","n","nan",80.0,"nan","nan"
"bica349","n","nan","nan","nan","nan"
"bica351","n","nan","nan","nan","nan"
"bica361","n","nan","nan","nan","nan"
"bica369","n","nan","nan","nan","nan"
"bica386","n","nan","nan","nan","nan"
"bica4","n","nan","nan","nan","nan"
"bica409","n","nan","nan","nan","nan"
"bica432","n","nan","nan","nan","nan"
"bica449","n","nan","nan","nan","nan"
"bica46","n","nan","nan","nan","nan"
"bica47","n","nan","nan","nan","nan"
"bica484","n","nan","nan","nan","nan"
"bica486","n","nan","nan","nan","nan"
"bica490","n","nan","nan","nan","nan"
"bica494","n","nan","nan","nan","nan"
"bica497","n","nan","nan","nan","nan"
"bica498","n","nan","nan","nan","nan"
"bica499","n","nan","nan","nan","nan"
"bica5","n","nan","nan","nan","nan"
"bica506","n","nan","nan","nan","nan"
"bica513","n","nan","nan","nan","nan"
"bica516","n","nan","nan","nan","nan"
"bica520","n","nan","nan","nan","nan"
"bica522","n","nan","nan","nan","nan"
"bica524","n","nan","nan","nan","nan"
"bica525","n","nan","nan","nan","nan"
"bica531","n","nan","nan","nan","nan"
"bica588","n","nan","nan","nan","nan"
"bica6","n","nan","nan","nan","nan"
"bica626","n","nan","nan","nan","nan"
"bica631","n","nan","nan","nan","nan"
"bica636","n","nan","nan","nan","nan"
"bica638","n","nan","nan","nan","nan"
"bica639","n","nan","nan","nan","nan"
"bica641","n","nan","nan","nan","nan"
"bica643","n","nan","nan","nan","nan"
"bica644","n","nan","nan","nan","nan"
"bica652","n","nan","nan","nan","nan"
"bica659","n","nan","nan","nan","nan"
"bica68","n","nan","nan","nan","nan"
"bica7","n","nan","nan","nan","nan"
"biurakan1","n","nan","nan","nan","nan"
"biurakan2","n","nan","nan","nan","nan"
"bkf48","n","nan","nan","nan","nan"
"bkf49","n","nan","nan","nan","nan"
"blanco1","n","plxl_3.4;l_-10;r_40","nan","nan","nan"
"bochum1","n","t_3.5",100.0,"nan","nan"
"bochum10","n","nan","nan","nan","nan"
"bochum11","n","nan","nan","nan","nan"
"bochum12","n","nan","nan","nan","nan"
"bochum13","n","nan","nan","nan","nan"
"bochum14","n","nan","nan",175.0,"nan"
"bochum15","n","b_-5.65",75.0,"nan","nan"
"bochum2","n","nan",50.0,"nan","nan"
"bochum3","n","nan","nan","nan","nan"
"bochum4","n","nan","nan","nan","nan"
"bochum5","n","nan","nan","nan","nan"
"bochum6","n","nan","nan","nan","nan"
"bochum7","n","nan","nan","nan","nan"
"bochum9","n","nan","nan","nan","nan"
"brc12ir","n","nan","nan",100.0,"nan"
"brc13","n","nan","nan",100.0,"nan"
"brc2","n","nan","nan",100.0,"nan"
"bsf56","n","nan","nan","nan","nan"
"c1331622","n","nan","nan","nan","nan"
"carraro1","n","nan","nan","nan","nan"
"casado10","n","nan","nan","nan","nan"
"casado11","n","nan","nan","nan","nan"
"casado12","n","nan",100.0,"nan","nan"
"casado13","n","nan","nan","nan","nan"
"casado14","n","nan","nan","nan","nan"
"casado15","n","nan","nan","nan","nan"
"casado16","n","nan","nan","nan","nan"
"casado17","n","nan",100.0,"nan","nan"
"casado18","n","nan","nan","nan","nan"
"casado19","n","nan",60.0,"nan","nan"
"casado2","n","nan","nan","nan","nan"
"casado20","n","nan","nan","nan","nan"
"casado21","n","nan","nan","nan","nan"
"casado3","n","nan",50.0,"nan","nan"
"casado4","n","nan","nan","nan","nan"
"casado5","n","nan","nan","nan","nan"
"casado6","n","nan","nan","nan","nan"
"casado7","n","nan","nan","nan","nan"
"casado8","n","nan","nan","nan","nan"
"casado82","n","nan","nan","nan","nan"
"casado9","n","nan","nan","nan","nan"
"cbb3","n","nan","nan",100.0,"nan"
"cbb4","n","nan","nan",100.0,"nan"
"cbb6","n","nan","nan",100.0,"nan"
"cbb7","n","nan","nan",100.0,"nan"
"cbb8","n","nan","nan",100.0,"nan"
"cbb9","n","nan","nan",100.0,"nan"
"cbjc4","n","nan","nan","nan","nan"
"cbjc5","n","nan","nan",100.0,"nan"
"cbjc6","n","nan",230.0,100.0,"nan"
"cbjc8","n","nan","nan","nan","nan"
"cepheusa","n","nan","nan",100.0,"nan"
"cepheusc","n","nan","nan",100.0,"nan"
"cepob3","n","nan","nan","nan","nan"
"cepob5","n","nan",150.0,100.0,"nan"
"chainorth","n","nan","nan",80.0,"nan"
"chaisouth","n","t_-15.3","nan",85.0,"nan"
"chereul1","n","nan","nan",50.0,"nan"
"chereul2","n","nan","nan",50.0,"nan"
"chereul3","n","nan","nan",50.0,"nan"
"cirob1","n","nan","nan",100.0,"nan"
"ckcwdm10746","n","nan","nan","nan","nan"
"ckcwdm10750","n","nan","nan","nan","nan"
"ckcwdm10781","n","nan","nan","nan","nan"
"ckcwdm10782","n","nan","nan","nan","nan"
"ckcwdm11106","n","nan","nan","nan","nan"
"ckcwdm11151","n","nan","nan","nan","nan"
"ckcwdm11186","n","nan","nan","nan","nan"
"ckcwdm11500","n","nan","nan","nan","nan"
"ckcwdm12756","n","nan","nan","nan","nan"
"ckcwdm1327","n","nan","nan","nan","nan"
"ckcwdm13270","n","nan","nan","nan","nan"
"ckcwdm13280","n","nan","nan","nan","nan"
"ckcwdm13304","n","nan","nan","nan","nan"
"ckcwdm13324","n","nan","nan","nan","nan"
"ckcwdm13382","n","nan","nan","nan","nan"
"ckcwdm13489","n","nan","nan","nan","nan"
"ckcwdm13565","n","nan","nan","nan","nan"
"ckcwdm13611","n","nan","nan","nan","nan"
"ckcwdm13661","n","nan","nan","nan","nan"
"ckcwdm1428","n","nan","nan","nan","nan"
"ckcwdm14529","n","nan","nan","nan","nan"
"ckcwdm14735","n","nan","nan","nan","nan"
"ckcwdm14736","n","nan","nan","nan","nan"
"ckcwdm14742","n","nan","nan","nan","nan"
"ckcwdm14756","n","nan","nan","nan","nan"
"ckcwdm14773","n","nan","nan","nan","nan"
"ckcwdm14822","n","nan","nan","nan","nan"
"ckcwdm1489","n","nan","nan","nan","nan"
"ckcwdm1534","n","nan","nan","nan","nan"
"ckcwdm1543","n","nan","nan","nan","nan"
"ckcwdm15903","n","nan","nan","nan","nan"
"ckcwdm15905","n","nan","nan","nan","nan"
"ckcwdm15912","n","nan","nan","nan","nan"
"ckcwdm16094","n","nan","nan","nan","nan"
"ckcwdm16261","n","nan","nan","nan","nan"
"ckcwdm16298","n","nan","nan","nan","nan"
"ckcwdm1649","n","nan","nan","nan","nan"
"ckcwdm1654","n","nan","nan","nan","nan"
"ckcwdm1684","n","nan","nan","nan","nan"
"ckcwdm1687","n","nan","nan","nan","nan"
"ckcwdm1699","n","nan","nan","nan","nan"
"ckcwdm17224","n","nan","nan","nan","nan"
"ckcwdm17322","n","nan","nan","nan","nan"
"ckcwdm17355","n","nan","nan","nan","nan"
"ckcwdm17388","n","nan","nan","nan","nan"
"ckcwdm17394","n","nan","nan","nan","nan"
"ckcwdm17444","n","nan","nan","nan","nan"
"ckcwdm17554","n","nan","nan","nan","nan"
"ckcwdm17564","n","nan","nan","nan","nan"
"ckcwdm17579","n","nan","nan","nan","nan"
"ckcwdm1758","n","nan","nan","nan","nan"
"ckcwdm17618","n","nan","nan","nan","nan"
"ckcwdm17684","n","nan","nan","nan","nan"
"ckcwdm17720","n","nan","nan","nan","nan"
"ckcwdm17724","n","nan","nan","nan","nan"
"ckcwdm17758","n","nan","nan","nan","nan"
"ckcwdm17843","n","nan","nan","nan","nan"
"ckcwdm17855","n","nan","nan","nan","nan"
"ckcwdm17872","n","nan","nan","nan","nan"
"ckcwdm17877","n","nan","nan","nan","nan"
"ckcwdm17904","n","nan","nan","nan","nan"
"ckcwdm17916","n","nan","nan","nan","nan"
"ckcwdm17942","n","nan","nan","nan","nan"
"ckcwdm17961","n","nan","nan","nan","nan"
"ckcwdm17966","n","nan","nan","nan","nan"
"ckcwdm17967","n","nan","nan","nan","nan"
"ckcwdm17985","n","nan","nan","nan","nan"
"ckcwdm18087","n","nan","nan","nan","nan"
"ckcwdm18240","n","nan","nan","nan","nan"
"ckcwdm1837","n","nan","nan","nan","nan"
"ckcwdm18487","n","nan","nan","nan","nan"
"ckcwdm18505","n","nan","nan","nan","nan"
"ckcwdm18506","n","nan","nan","nan","nan"
"ckcwdm18516","n","nan","nan","nan","nan"
"ckcwdm18542","n","nan","nan","nan","nan"
"ckcwdm18587","n","nan","nan","nan","nan"
"ckcwdm18603","n","nan","nan","nan","nan"
"ckcwdm18616","n","nan","nan","nan","nan"
"ckcwdm18691","n","nan","nan","nan","nan"
"ckcwdm18743","n","nan","nan","nan","nan"
"ckcwdm18805","n","nan","nan","nan","nan"
"ckcwdm18950","n","nan","nan","nan","nan"
"ckcwdm19194","n","nan","nan","nan","nan"
"ckcwdm19307","n","nan","nan","nan","nan"
"ckcwdm19533","n","nan","nan","nan","nan"
"ckcwdm19589","n","nan","nan","nan","nan"
"ckcwdm19652","n","nan","nan","nan","nan"
"ckcwdm19722","n","nan","nan","nan","nan"
"ckcwdm20041","n","nan","nan","nan","nan"
"ckcwdm20113","n","nan","nan","nan","nan"
"ckcwdm20203","n","nan","nan","nan","nan"
"ckcwdm20366","n","nan","nan","nan","nan"
"ckcwdm20430","n","nan","nan","nan","nan"
"ckcwdm20562","n","nan","nan","nan","nan"
"ckcwdm20570","n","nan","nan","nan","nan"
"ckcwdm20620","n","nan","nan","nan","nan"
"ckcwdm20625","n","nan","nan","nan","nan"
"ckcwdm20899","n","nan","nan","nan","nan"
"ckcwdm20901","n","nan","nan","nan","nan"
"ckcwdm21395","n","nan","nan","nan","nan"
"ckcwdm21494","n","nan","nan","nan","nan"
"ckcwdm21522","n","nan","nan","nan","nan"
"ckcwdm21579","n","nan","nan","nan","nan"
"ckcwdm21630","n","nan","nan","nan","nan"
"ckcwdm21634","n","nan","nan","nan","nan"
"ckcwdm21950","n","nan","nan","nan","nan"
"ckcwdm21978","n","nan","nan","nan","nan"
"ckcwdm22007","n","nan","nan","nan","nan"
"ckcwdm22021","n","nan","nan","nan","nan"
"ckcwdm22156","n","nan","nan","nan","nan"
"ckcwdm22166","n","nan","nan","nan","nan"
"ckcwdm22388","n","nan","nan","nan","nan"
"ckcwdm22395","n","nan","nan","nan","nan"
"ckcwdm22440","n","nan","nan","nan","nan"
"ckcwdm22461","n","nan","nan","nan","nan"
"ckcwdm22556","n","nan","nan","nan","nan"
"ckcwdm22566","n","nan","nan","nan","nan"
"ckcwdm22608","n","nan","nan","nan","nan"
"ckcwdm22613","n","nan","nan","nan","nan"
"ckcwdm22617","n","nan","nan","nan","nan"
"ckcwdm22823","n","nan","nan","nan","nan"
"ckcwdm22851","n","nan","nan","nan","nan"
"ckcwdm22875","n","nan","nan","nan","nan"
"ckcwdm23478","n","nan","nan","nan","nan"
"ckcwdm23532","n","nan","nan","nan","nan"
"ckcwdm23553","n","nan","nan","nan","nan"
"ckcwdm23621","n","nan","nan","nan","nan"
"ckcwdm23778","n","nan","nan","nan","nan"
"ckcwdm24066","n","nan","nan","nan","nan"
"ckcwdm24316","n","nan","nan","nan","nan"
"ckcwdm24371","n","nan","nan","nan","nan"
"ckcwdm24429","n","nan","nan","nan","nan"
"ckcwdm24489","n","nan","nan","nan","nan"
"ckcwdm24497","n","nan","nan","nan","nan"
"ckcwdm24510","n","nan","nan","nan","nan"
"ckcwdm24513","n","nan","nan","nan","nan"
"ckcwdm24644","n","nan","nan","nan","nan"
"ckcwdm24756","n","nan","nan","nan","nan"
"ckcwdm24816","n","nan","nan","nan","nan"
"ckcwdm24855","n","nan","nan","nan","nan"
"ckcwdm25027","n","nan","nan","nan","nan"
"ckcwdm25093","n","nan","nan","nan","nan"
"ckcwdm25103","n","nan","nan","nan","nan"
"ckcwdm25107","n","nan","nan","nan","nan"
"ckcwdm25116","n","nan","nan","nan","nan"
"ckcwdm25132","n","nan","nan","nan","nan"
"ckcwdm25134","n","nan","nan","nan","nan"
"ckcwdm25149","n","nan","nan","nan","nan"
"ckcwdm25239","n","nan","nan","nan","nan"
"ckcwdm25243","n","nan","nan","nan","nan"
"ckcwdm25248","n","nan","nan","nan","nan"
"ckcwdm25276","n","nan","nan","nan","nan"
"ckcwdm25284","n","nan","nan","nan","nan"
"ckcwdm25285","n","nan","nan","nan","nan"
"ckcwdm25306","n","nan","nan","nan","nan"
"ckcwdm25315","n","nan","nan","nan","nan"
"ckcwdm25324","n","nan","nan","nan","nan"
"ckcwdm25355","n","nan","nan","nan","nan"
"ckcwdm25356","n","nan","nan","nan","nan"
"ckcwdm25362","n","nan","nan","nan","nan"
"ckcwdm25422","n","nan","nan","nan","nan"
"ckcwdm25423","n","nan","nan","nan","nan"
"ckcwdm25429","n","nan","nan","nan","nan"
"ckcwdm25476","n","nan","nan","nan","nan"
"ckcwdm25547","n","nan","nan","nan","nan"
"ckcwdm25554","n","nan","nan","nan","nan"
"ckcwdm25586","n","nan","nan","nan","nan"
"ckcwdm25598","n","nan","nan","nan","nan"
"ckcwdm25601","n","nan","nan","nan","nan"
"ckcwdm25614","n","nan","nan","nan","nan"
"ckcwdm25648","n","nan","nan","nan","nan"
"ckcwdm25651","n","nan","nan","nan","nan"
"ckcwdm25672","n","nan","nan","nan","nan"
"ckcwdm25726","n","nan","nan","nan","nan"
"ckcwdm2575","n","nan","nan","nan","nan"
"ckcwdm26781","n","nan","nan","nan","nan"
"ckcwdm27033","n","nan","nan","nan","nan"
"ckcwdm27071","n","nan","nan","nan","nan"
"ckcwdm2721","n","nan","nan","nan","nan"
"ckcwdm27388","n","nan","nan","nan","nan"
"ckcwdm2739","n","nan","nan","nan","nan"
"ckcwdm2773","n","nan","nan","nan","nan"
"ckcwdm27871","n","nan","nan","nan","nan"
"ckcwdm27955","n","nan","nan","nan","nan"
"ckcwdm28004","n","nan","nan","nan","nan"
"ckcwdm28031","n","nan","nan","nan","nan"
"ckcwdm28035","n","nan","nan","nan","nan"
"ckcwdm28039","n","nan","nan","nan","nan"
"ckcwdm28044","n","nan","nan","nan","nan"
"ckcwdm28070","n","nan","nan","nan","nan"
"ckcwdm28078","n","nan","nan","nan","nan"
"ckcwdm28113","n","nan","nan","nan","nan"
"ckcwdm28131","n","nan","nan","nan","nan"
"ckcwdm28143","n","nan","nan","nan","nan"
"ckcwdm28144","n","nan","nan","nan","nan"
"ckcwdm28147","n","nan","nan","nan","nan"
"ckcwdm28153","n","nan","nan","nan","nan"
"ckcwdm28184","n","nan","nan","nan","nan"
"ckcwdm2822","n","nan","nan","nan","nan"
"ckcwdm28251","n","nan","nan","nan","nan"
"ckcwdm28260","n","nan","nan","nan","nan"
"ckcwdm28373","n","nan","nan","nan","nan"
"ckcwdm28375","n","nan","nan","nan","nan"
"ckcwdm28457","n","nan","nan","nan","nan"
"ckcwdm2850","n","nan","nan","nan","nan"
"ckcwdm28509","n","nan","nan","nan","nan"
"ckcwdm28545","n","nan","nan","nan","nan"
"ckcwdm2856","n","nan","nan","nan","nan"
"ckcwdm28616","n","nan","nan","nan","nan"
"ckcwdm28694","n","nan","nan","nan","nan"
"ckcwdm28835","n","nan","nan","nan","nan"
"ckcwdm28840","n","nan","nan","nan","nan"
"ckcwdm28863","n","nan","nan","nan","nan"
"ckcwdm28868","n","nan","nan","nan","nan"
"ckcwdm28893","n","nan","nan","nan","nan"
"ckcwdm28938","n","nan","nan","nan","nan"
"ckcwdm29095","n","nan","nan","nan","nan"
"ckcwdm29204","n","nan","nan","nan","nan"
"ckcwdm29343","n","nan","nan","nan","nan"
"ckcwdm29354","n","nan","nan","nan","nan"
"ckcwdm29389","n","nan","nan","nan","nan"
"ckcwdm29398","n","nan","nan","nan","nan"
"ckcwdm29447","n","nan","nan","nan","nan"
"ckcwdm29454","n","nan","nan","nan","nan"
"ckcwdm29463","n","nan","nan","nan","nan"
"ckcwdm29464","n","nan","nan","nan","nan"
"ckcwdm29482","n","nan","nan","nan","nan"
"ckcwdm29498","n","nan","nan","nan","nan"
"ckcwdm29503","n","nan","nan","nan","nan"
"ckcwdm29591","n","nan","nan","nan","nan"
"ckcwdm29603","n","nan","nan","nan","nan"
"ckcwdm29646","n","nan","nan","nan","nan"
"ckcwdm29686","n","nan","nan","nan","nan"
"ckcwdm29710","n","nan","nan","nan","nan"
"ckcwdm29762","n","nan","nan","nan","nan"
"ckcwdm29776","n","nan","nan","nan","nan"
"ckcwdm29791","n","nan","nan","nan","nan"
"ckcwdm29863","n","nan","nan","nan","nan"
"ckcwdm29864","n","nan","nan","nan","nan"
"ckcwdm29870","n","nan","nan","nan","nan"
"ckcwdm29935","n","nan","nan","nan","nan"
"ckcwdm29954","n","nan","nan","nan","nan"
"ckcwdm29966","n","nan","nan","nan","nan"
"ckcwdm29972","n","nan","nan","nan","nan"
"ckcwdm29984","n","nan","nan","nan","nan"
"ckcwdm30731","n","nan","nan","nan","nan"
"ckcwdm30820","n","nan","nan","nan","nan"
"ckcwdm3087","n","nan","nan","nan","nan"
"ckcwdm30897","n","nan","nan","nan","nan"
"ckcwdm30910","n","nan","nan","nan","nan"
"ckcwdm31010","n","nan","nan","nan","nan"
"ckcwdm31051","n","nan","nan","nan","nan"
"ckcwdm31290","n","nan","nan","nan","nan"
"ckcwdm31407","n","nan","nan","nan","nan"
"ckcwdm31442","n","nan","nan","nan","nan"
"ckcwdm3150","n","nan","nan","nan","nan"
"ckcwdm31579","n","nan","nan","nan","nan"
"ckcwdm31618","n","nan","nan","nan","nan"
"ckcwdm31658","n","nan","nan","nan","nan"
"ckcwdm31674","n","nan","nan","nan","nan"
"ckcwdm31740","n","nan","nan","nan","nan"
"ckcwdm31744","n","nan","nan","nan","nan"
"ckcwdm31856","n","nan","nan","nan","nan"
"ckcwdm31942","n","nan","nan","nan","nan"
"ckcwdm3218","n","nan","nan","nan","nan"
"ckcwdm32442","n","nan","nan","nan","nan"
"ckcwdm3270","n","nan","nan","nan","nan"
"ckcwdm32762","n","nan","nan","nan","nan"
"ckcwdm33169","n","nan","nan","nan","nan"
"ckcwdm33220","n","nan","nan","nan","nan"
"ckcwdm33221","n","nan","nan","nan","nan"
"ckcwdm33338","n","nan","nan","nan","nan"
"ckcwdm33444","n","nan","nan","nan","nan"
"ckcwdm33522","n","nan","nan","nan","nan"
"ckcwdm33701","n","nan","nan","nan","nan"
"ckcwdm33703","n","nan","nan","nan","nan"
"ckcwdm34129","n","nan","nan","nan","nan"
"ckcwdm34143","n","nan","nan","nan","nan"
"ckcwdm34177","n","nan","nan","nan","nan"
"ckcwdm34207","n","nan","nan","nan","nan"
"ckcwdm34417","n","nan","nan","nan","nan"
"ckcwdm34463","n","nan","nan","nan","nan"
"ckcwdm34489","n","nan","nan","nan","nan"
"ckcwdm34547","n","nan","nan","nan","nan"
"ckcwdm34678","n","nan","nan","nan","nan"
"ckcwdm34683","n","nan","nan","nan","nan"
"ckcwdm34705","n","nan","nan","nan","nan"
"ckcwdm34819","n","nan","nan","nan","nan"
"ckcwdm34823","n","nan","nan","nan","nan"
"ckcwdm34893","n","nan","nan","nan","nan"
"ckcwdm34944","n","nan","nan","nan","nan"
"ckcwdm34993","n","nan","nan","nan","nan"
"ckcwdm35114","n","nan","nan","nan","nan"
"ckcwdm35150","n","nan","nan","nan","nan"
"ckcwdm35211","n","nan","nan","nan","nan"
"ckcwdm35705","n","nan","nan","nan","nan"
"ckcwdm35912","n","nan","nan","nan","nan"
"ckcwdm35994","n","nan","nan","nan","nan"
"ckcwdm3603","n","nan","nan","nan","nan"
"ckcwdm36084","n","nan","nan","nan","nan"
"ckcwdm3610","n","nan","nan","nan","nan"
"ckcwdm36308","n","nan","nan","nan","nan"
"ckcwdm36364","n","nan","nan","nan","nan"
"ckcwdm36412","n","nan","nan","nan","nan"
"ckcwdm36626","n","nan","nan","nan","nan"
"ckcwdm36694","n","nan","nan","nan","nan"
"ckcwdm36707","n","nan","nan","nan","nan"
"ckcwdm37186","n","nan","nan","nan","nan"
"ckcwdm37207","n","nan","nan","nan","nan"
"ckcwdm37259","n","nan","nan","nan","nan"
"ckcwdm37298","n","nan","nan","nan","nan"
"ckcwdm3743","n","nan","nan","nan","nan"
"ckcwdm37460","n","nan","nan","nan","nan"
"ckcwdm37509","n","nan","nan","nan","nan"
"ckcwdm37946","n","nan","nan","nan","nan"
"ckcwdm38001","n","nan","nan","nan","nan"
"ckcwdm38021","n","nan","nan","nan","nan"
"ckcwdm38025","n","nan","nan","nan","nan"
"ckcwdm38158","n","nan","nan","nan","nan"
"ckcwdm3926","n","nan","nan","nan","nan"
"ckcwdm3941","n","nan","nan","nan","nan"
"ckcwdm3952","n","nan","nan","nan","nan"
"ckcwdm40993","n","nan","nan","nan","nan"
"ckcwdm4230","n","nan","nan","nan","nan"
"ckcwdm44145","n","nan","nan","nan","nan"
"ckcwdm44263","n","nan","nan","nan","nan"
"ckcwdm44392","n","nan","nan","nan","nan"
"ckcwdm44624","n","nan","nan","nan","nan"
"ckcwdm4482","n","nan","nan","nan","nan"
"ckcwdm4497","n","nan","nan","nan","nan"
"ckcwdm4502","n","nan","nan","nan","nan"
"ckcwdm45932","n","nan","nan","nan","nan"
"ckcwdm45936","n","nan","nan","nan","nan"
"ckcwdm46099","n","nan","nan","nan","nan"
"ckcwdm46137","n","nan","nan","nan","nan"
"ckcwdm46139","n","nan","nan","nan","nan"
"ckcwdm46177","n","nan","nan","nan","nan"
"ckcwdm46193","n","nan","nan","nan","nan"
"ckcwdm46206","n","nan","nan","nan","nan"
"ckcwdm46214","n","nan","nan","nan","nan"
"ckcwdm46239","n","nan","nan","nan","nan"
"ckcwdm46255","n","nan","nan","nan","nan"
"ckcwdm46311","n","nan","nan","nan","nan"
"ckcwdm46333","n","nan","nan","nan","nan"
"ckcwdm46355","n","nan","nan","nan","nan"
"ckcwdm46386","n","nan","nan","nan","nan"
"ckcwdm46404","n","nan","nan","nan","nan"
"ckcwdm46434","n","nan","nan","nan","nan"
"ckcwdm46451","n","nan","nan","nan","nan"
"ckcwdm46471","n","nan","nan","nan","nan"
"ckcwdm46555","n","nan","nan","nan","nan"
"ckcwdm46598","n","nan","nan","nan","nan"
"ckcwdm46612","n","nan","nan","nan","nan"
"ckcwdm46660","n","nan","nan","nan","nan"
"ckcwdm46679","n","nan","nan","nan","nan"
"ckcwdm46699","n","nan","nan","nan","nan"
"ckcwdm46848","n","nan","nan","nan","nan"
"ckcwdm4691","n","nan","nan","nan","nan"
"ckcwdm46967","n","nan","nan","nan","nan"
"ckcwdm47294","n","nan","nan","nan","nan"
"ckcwdm47327","n","nan","nan","nan","nan"
"ckcwdm47337","n","nan","nan","nan","nan"
"ckcwdm47392","n","nan","nan","nan","nan"
"ckcwdm47493","n","nan","nan","nan","nan"
"ckcwdm47503","n","nan","nan","nan","nan"
"ckcwdm47522","n","nan","nan","nan","nan"
"ckcwdm47534","n","nan","nan","nan","nan"
"ckcwdm47874","n","nan","nan","nan","nan"
"ckcwdm48071","n","nan","nan","nan","nan"
"ckcwdm48195","n","nan","nan","nan","nan"
"ckcwdm48201","n","nan","nan","nan","nan"
"ckcwdm48235","n","nan","nan","nan","nan"
"ckcwdm48243","n","nan","nan","nan","nan"
"ckcwdm48257","n","nan","nan","nan","nan"
"ckcwdm48263","n","nan","nan","nan","nan"
"ckcwdm48434","n","nan","nan","nan","nan"
"ckcwdm48472","n","nan","nan","nan","nan"
"ckcwdm48561","n","nan","nan","nan","nan"
"ckcwdm48816","n","nan","nan","nan","nan"
"ckcwdm48959","n","nan","nan","nan","nan"
"ckcwdm4928","n","nan","nan","nan","nan"
"ckcwdm4931","n","nan","nan","nan","nan"
"ckcwdm49436","n","nan","nan","nan","nan"
"ckcwdm4947","n","nan","nan","nan","nan"
"ckcwdm498","n","nan","nan","nan","nan"
"ckcwdm4987","n","nan","nan","nan","nan"
"ckcwdm50936","n","nan","nan","nan","nan"
"ckcwdm5247","n","nan","nan","nan","nan"
"ckcwdm52497","n","nan","nan","nan","nan"
"ckcwdm52944","n","nan","nan","nan","nan"
"ckcwdm53314","n","nan","nan","nan","nan"
"ckcwdm53567","n","nan","nan","nan","nan"
"ckcwdm53615","n","nan","nan","nan","nan"
"ckcwdm53658","n","nan","nan","nan","nan"
"ckcwdm53902","n","nan","nan","nan","nan"
"ckcwdm53907","n","nan","nan","nan","nan"
"ckcwdm53919","n","nan","nan","nan","nan"
"ckcwdm54009","n","nan","nan","nan","nan"
"ckcwdm54034","n","nan","nan","nan","nan"
"ckcwdm54069","n","nan","nan","nan","nan"
"ckcwdm54095","n","nan","nan","nan","nan"
"ckcwdm54127","n","nan","nan","nan","nan"
"ckcwdm54158","n","nan","nan","nan","nan"
"ckcwdm54192","n","nan","nan","nan","nan"
"ckcwdm54209","n","nan","nan","nan","nan"
"ckcwdm54275","n","nan","nan","nan","nan"
"ckcwdm543","n","nan","nan","nan","nan"
"ckcwdm54309","n","nan","nan","nan","nan"
"ckcwdm54314","n","nan","nan","nan","nan"
"ckcwdm54338","n","nan","nan","nan","nan"
"ckcwdm54381","n","nan","nan","nan","nan"
"ckcwdm54412","n","nan","nan","nan","nan"
"ckcwdm54466","n","nan","nan","nan","nan"
"ckcwdm54493","n","nan","nan","nan","nan"
"ckcwdm54497","n","nan","nan","nan","nan"
"ckcwdm54500","n","nan","nan","nan","nan"
"ckcwdm54631","n","nan","nan","nan","nan"
"ckcwdm54642","n","nan","nan","nan","nan"
"ckcwdm54657","n","nan","nan","nan","nan"
"ckcwdm5467","n","nan","nan","nan","nan"
"ckcwdm54683","n","nan","nan","nan","nan"
"ckcwdm54690","n","nan","nan","nan","nan"
"ckcwdm54695","n","nan","nan","nan","nan"
"ckcwdm54723","n","nan","nan","nan","nan"
"ckcwdm54747","n","nan","nan","nan","nan"
"ckcwdm54760","n","nan","nan","nan","nan"
"ckcwdm54775","n","nan","nan","nan","nan"
"ckcwdm54814","n","nan","nan","nan","nan"
"ckcwdm54890","n","nan","nan","nan","nan"
"ckcwdm54928","n","nan","nan","nan","nan"
"ckcwdm54946","n","nan","nan","nan","nan"
"ckcwdm54967","n","nan","nan","nan","nan"
"ckcwdm55081","n","nan","nan","nan","nan"
"ckcwdm55138","n","nan","nan","nan","nan"
"ckcwdm55226","n","nan","nan","nan","nan"
"ckcwdm55291","n","nan","nan","nan","nan"
"ckcwdm55339","n","nan","nan","nan","nan"
"ckcwdm55350","n","nan","nan","nan","nan"
"ckcwdm55356","n","nan","nan","nan","nan"
"ckcwdm55361","n","nan","nan","nan","nan"
"ckcwdm55362","n","nan","nan","nan","nan"
"ckcwdm55371","n","nan","nan","nan","nan"
"ckcwdm55382","n","nan","nan","nan","nan"
"ckcwdm55384","n","nan","nan","nan","nan"
"ckcwdm55399","n","nan","nan","nan","nan"
"ckcwdm55406","n","nan","nan","nan","nan"
"ckcwdm55449","n","nan","nan","nan","nan"
"ckcwdm55459","n","nan","nan","nan","nan"
"ckcwdm55461","n","nan","nan","nan","nan"
"ckcwdm55476","n","nan","nan","nan","nan"
"ckcwdm55486","n","nan","nan","nan","nan"
"ckcwdm55554","n","nan","nan","nan","nan"
"ckcwdm55743","n","nan","nan","nan","nan"
"ckcwdm55745","n","nan","nan","nan","nan"
"ckcwdm55752","n","nan","nan","nan","nan"
"ckcwdm55864","n","nan","nan","nan","nan"
"ckcwdm55904","n","nan","nan","nan","nan"
"ckcwdm55913","n","nan","nan","nan","nan"
"ckcwdm55920","n","nan","nan","nan","nan"
"ckcwdm55921","n","nan","nan","nan","nan"
"ckcwdm55922","n","nan","nan","nan","nan"
"ckcwdm55925","n","nan","nan","nan","nan"
"ckcwdm55937","n","nan","nan","nan","nan"
"ckcwdm55949","n","nan","nan","nan","nan"
"ckcwdm55968","n","nan","nan","nan","nan"
"ckcwdm55986","n","nan","nan","nan","nan"
"ckcwdm56003","n","nan","nan","nan","nan"
"ckcwdm56007","n","nan","nan","nan","nan"
"ckcwdm56015","n","nan","nan","nan","nan"
"ckcwdm56049","n","nan","nan","nan","nan"
"ckcwdm56074","n","nan","nan","nan","nan"
"ckcwdm56080","n","nan","nan","nan","nan"
"ckcwdm56088","n","nan","nan","nan","nan"
"ckcwdm56098","n","nan","nan","nan","nan"
"ckcwdm56196","n","nan","nan","nan","nan"
"ckcwdm56860","n","nan","nan","nan","nan"
"ckcwdm56861","n","nan","nan","nan","nan"
"ckcwdm56862","n","nan","nan","nan","nan"
"ckcwdm56931","n","nan","nan","nan","nan"
"ckcwdm57038","n","nan","nan","nan","nan"
"ckcwdm57046","n","nan","nan","nan","nan"
"ckcwdm57051","n","nan","nan","nan","nan"
"ckcwdm57071","n","nan","nan","nan","nan"
"ckcwdm57079","n","nan","nan","nan","nan"
"ckcwdm57089","n","nan","nan","nan","nan"
"ckcwdm57130","n","nan","nan","nan","nan"
"ckcwdm57147","n","nan","nan","nan","nan"
"ckcwdm57237","n","nan","nan","nan","nan"
"ckcwdm57240","n","nan","nan","nan","nan"
"ckcwdm57325","n","nan","nan","nan","nan"
"ckcwdm57380","n","nan","nan","nan","nan"
"ckcwdm57518","n","nan","nan","nan","nan"
"ckcwdm57570","n","nan","nan","nan","nan"
"ckcwdm58017","n","nan","nan","nan","nan"
"ckcwdm58214","n","nan","nan","nan","nan"
"ckcwdm58488","n","nan","nan","nan","nan"
"ckcwdm585","n","nan","nan","nan","nan"
"ckcwdm587","n","nan","nan","nan","nan"
"ckcwdm58966","n","nan","nan","nan","nan"
"ckcwdm59330","n","nan","nan","nan","nan"
"ckcwdm59353","n","nan","nan","nan","nan"
"ckcwdm59471","n","nan","nan","nan","nan"
"ckcwdm59667","n","nan","nan","nan","nan"
"ckcwdm59703","n","nan","nan","nan","nan"
"ckcwdm59705","n","nan","nan","nan","nan"
"ckcwdm59779","n","nan","nan","nan","nan"
"ckcwdm59842","n","nan","nan","nan","nan"
"ckcwdm59962","n","nan","nan","nan","nan"
"ckcwdm59968","n","nan","nan","nan","nan"
"ckcwdm59977","n","nan","nan","nan","nan"
"ckcwdm59980","n","nan","nan","nan","nan"
"ckcwdm59986","n","nan","nan","nan","nan"
"ckcwdm59990","n","nan","nan","nan","nan"
"ckcwdm60012","n","nan","nan","nan","nan"
"ckcwdm60019","n","nan","nan","nan","nan"
"ckcwdm60027","n","nan","nan","nan","nan"
"ckcwdm60029","n","nan","nan","nan","nan"
"ckcwdm60035","n","nan","nan","nan","nan"
"ckcwdm60050","n","nan","nan","nan","nan"
"ckcwdm60069","n","nan","nan","nan","nan"
"ckcwdm60086","n","nan","nan","nan","nan"
"ckcwdm60146","n","nan","nan","nan","nan"
"ckcwdm60162","n","nan","nan","nan","nan"
"ckcwdm60197","n","nan","nan","nan","nan"
"ckcwdm60204","n","nan","nan","nan","nan"
"ckcwdm60231","n","nan","nan","nan","nan"
"ckcwdm60251","n","nan","nan","nan","nan"
"ckcwdm60260","n","nan","nan","nan","nan"
"ckcwdm60275","n","nan","nan","nan","nan"
"ckcwdm60343","n","nan","nan","nan","nan"
"ckcwdm60396","n","nan","nan","nan","nan"
"ckcwdm6040","n","nan","nan","nan","nan"
"ckcwdm60403","n","nan","nan","nan","nan"
"ckcwdm60404","n","nan","nan","nan","nan"
"ckcwdm60411","n","nan","nan","nan","nan"
"ckcwdm60414","n","nan","nan","nan","nan"
"ckcwdm60421","n","nan","nan","nan","nan"
"ckcwdm60431","n","nan","nan","nan","nan"
"ckcwdm60457","n","nan","nan","nan","nan"
"ckcwdm60462","n","nan","nan","nan","nan"
"ckcwdm60472","n","nan","nan","nan","nan"
"ckcwdm60492","n","nan","nan","nan","nan"
"ckcwdm60516","n","nan","nan","nan","nan"
"ckcwdm60523","n","nan","nan","nan","nan"
"ckcwdm60527","n","nan","nan","nan","nan"
"ckcwdm60529","n","nan","nan","nan","nan"
"ckcwdm60535","n","nan","nan","nan","nan"
"ckcwdm60559","n","nan","nan","nan","nan"
"ckcwdm60568","n","nan","nan","nan","nan"
"ckcwdm60570","n","nan","nan","nan","nan"
"ckcwdm60604","n","nan","nan","nan","nan"
"ckcwdm60630","n","nan","nan","nan","nan"
"ckcwdm60632","n","nan","nan","nan","nan"
"ckcwdm60657","n","nan","nan","nan","nan"
"ckcwdm60661","n","nan","nan","nan","nan"
"ckcwdm60668","n","nan","nan","nan","nan"
"ckcwdm60724","n","nan","nan","nan","nan"
"ckcwdm60727","n","nan","nan","nan","nan"
"ckcwdm60758","n","nan","nan","nan","nan"
"ckcwdm60852","n","nan","nan","nan","nan"
"ckcwdm60860","n","nan","nan","nan","nan"
"ckcwdm60863","n","nan","nan","nan","nan"
"ckcwdm60864","n","nan","nan","nan","nan"
"ckcwdm60870","n","nan","nan","nan","nan"
"ckcwdm60895","n","nan","nan","nan","nan"
"ckcwdm60898","n","nan","nan","nan","nan"
"ckcwdm60916","n","nan","nan","nan","nan"
"ckcwdm60921","n","nan","nan","nan","nan"
"ckcwdm60926","n","nan","nan","nan","nan"
"ckcwdm60946","n","nan","nan","nan","nan"
"ckcwdm60949","n","nan","nan","nan","nan"
"ckcwdm60952","n","nan","nan","nan","nan"
"ckcwdm60968","n","nan","nan","nan","nan"
"ckcwdm60969","n","nan","nan","nan","nan"
"ckcwdm60979","n","nan","nan","nan","nan"
"ckcwdm61011","n","nan","nan","nan","nan"
"ckcwdm61089","n","nan","nan","nan","nan"
"ckcwdm61154","n","nan","nan","nan","nan"
"ckcwdm61156","n","nan","nan","nan","nan"
"ckcwdm61172","n","nan","nan","nan","nan"
"ckcwdm61182","n","nan","nan","nan","nan"
"ckcwdm61188","n","nan","nan","nan","nan"
"ckcwdm61241","n","nan","nan","nan","nan"
"ckcwdm61246","n","nan","nan","nan","nan"
"ckcwdm61281","n","nan","nan","nan","nan"
"ckcwdm61302","n","nan","nan","nan","nan"
"ckcwdm61303","n","nan","nan","nan","nan"
"ckcwdm61311","n","nan","nan","nan","nan"
"ckcwdm61335","n","nan","nan","nan","nan"
"ckcwdm61339","n","nan","nan","nan","nan"
"ckcwdm61398","n","nan","nan","nan","nan"
"ckcwdm61403","n","nan","nan","nan","nan"
"ckcwdm61412","n","nan","nan","nan","nan"
"ckcwdm61421","n","nan","nan","nan","nan"
"ckcwdm61441","n","nan","nan","nan","nan"
"ckcwdm61445","n","nan","nan","nan","nan"
"ckcwdm61460","n","nan","nan","nan","nan"
"ckcwdm61482","n","nan","nan","nan","nan"
"ckcwdm61507","n","nan","nan","nan","nan"
"ckcwdm61557","n","nan","nan","nan","nan"
"ckcwdm61559","n","nan","nan","nan","nan"
"ckcwdm61594","n","nan","nan","nan","nan"
"ckcwdm61636","n","nan","nan","nan","nan"
"ckcwdm61671","n","nan","nan","nan","nan"
"ckcwdm61678","n","nan","nan","nan","nan"
"ckcwdm61686","n","nan","nan","nan","nan"
"ckcwdm61700","n","nan","nan","nan","nan"
"ckcwdm61716","n","nan","nan","nan","nan"
"ckcwdm61730","n","nan","nan","nan","nan"
"ckcwdm61784","n","nan","nan","nan","nan"
"ckcwdm61841","n","nan","nan","nan","nan"
"ckcwdm61857","n","nan","nan","nan","nan"
"ckcwdm61873","n","nan","nan","nan","nan"
"ckcwdm61878","n","nan","nan","nan","nan"
"ckcwdm61930","n","nan","nan","nan","nan"
"ckcwdm62005","n","nan","nan","nan","nan"
"ckcwdm62006","n","nan","nan","nan","nan"
"ckcwdm62011","n","nan","nan","nan","nan"
"ckcwdm62065","n","nan","nan","nan","nan"
"ckcwdm62079","n","nan","nan","nan","nan"
"ckcwdm62111","n","nan","nan","nan","nan"
"ckcwdm62112","n","nan","nan","nan","nan"
"ckcwdm62113","n","nan","nan","nan","nan"
"ckcwdm62116","n","nan","nan","nan","nan"
"ckcwdm62121","n","nan","nan","nan","nan"
"ckcwdm62152","n","nan","nan","nan","nan"
"ckcwdm62215","n","nan","nan","nan","nan"
"ckcwdm62219","n","nan","nan","nan","nan"
"ckcwdm62222","n","nan","nan","nan","nan"
"ckcwdm62224","n","nan","nan","nan","nan"
"ckcwdm62240","n","nan","nan","nan","nan"
"ckcwdm6323","n","nan","nan","nan","nan"
"ckcwdm63424","n","nan","nan","nan","nan"
"ckcwdm63480","n","nan","nan","nan","nan"
"ckcwdm63574","n","nan","nan","nan","nan"
"ckcwdm63577","n","nan","nan","nan","nan"
"ckcwdm63616","n","nan","nan","nan","nan"
"ckcwdm63661","n","nan","nan","nan","nan"
"ckcwdm63692","n","nan","nan","nan","nan"
"ckcwdm63742","n","nan","nan","nan","nan"
"ckcwdm63748","n","nan","nan","nan","nan"
"ckcwdm63814","n","nan","nan","nan","nan"
"ckcwdm63824","n","nan","nan","nan","nan"
"ckcwdm63832","n","nan","nan","nan","nan"
"ckcwdm63840","n","nan","nan","nan","nan"
"ckcwdm63864","n","nan","nan","nan","nan"
"ckcwdm63897","n","nan","nan","nan","nan"
"ckcwdm63909","n","nan","nan","nan","nan"
"ckcwdm6393","n","nan","nan","nan","nan"
"ckcwdm63937","n","nan","nan","nan","nan"
"ckcwdm63941","n","nan","nan","nan","nan"
"ckcwdm63955","n","nan","nan","nan","nan"
"ckcwdm63964","n","nan","nan","nan","nan"
"ckcwdm64044","n","nan","nan","nan","nan"
"ckcwdm64092","n","nan","nan","nan","nan"
"ckcwdm64107","n","nan","nan","nan","nan"
"ckcwdm64151","n","nan","nan","nan","nan"
"ckcwdm64153","n","nan","nan","nan","nan"
"ckcwdm64161","n","nan","nan","nan","nan"
"ckcwdm64168","n","nan","nan","nan","nan"
"ckcwdm64171","n","nan","nan","nan","nan"
"ckcwdm64183","n","nan","nan","nan","nan"
"ckcwdm64184","n","nan","nan","nan","nan"
"ckcwdm64198","n","nan","nan","nan","nan"
"ckcwdm64202","n","nan","nan","nan","nan"
"ckcwdm64225","n","nan","nan","nan","nan"
"ckcwdm64243","n","nan","nan","nan","nan"
"ckcwdm64259","n","nan","nan","nan","nan"
"ckcwdm64284","n","nan","nan","nan","nan"
"ckcwdm64403","n","nan","nan","nan","nan"
"ckcwdm64496","n","nan","nan","nan","nan"
"ckcwdm64517","n","nan","nan","nan","nan"
"ckcwdm64519","n","nan","nan","nan","nan"
"ckcwdm64546","n","nan","nan","nan","nan"
"ckcwdm64580","n","nan","nan","nan","nan"
"ckcwdm64637","n","nan","nan","nan","nan"
"ckcwdm64654","n","nan","nan","nan","nan"
"ckcwdm64679","n","nan","nan","nan","nan"
"ckcwdm64715","n","nan","nan","nan","nan"
"ckcwdm64717","n","nan","nan","nan","nan"
"ckcwdm64719","n","nan","nan","nan","nan"
"ckcwdm64731","n","nan","nan","nan","nan"
"ckcwdm64732","n","nan","nan","nan","nan"
"ckcwdm64767","n","nan","nan","nan","nan"
"ckcwdm64768","n","nan","nan","nan","nan"
"ckcwdm64783","n","nan","nan","nan","nan"
"ckcwdm64792","n","nan","nan","nan","nan"
"ckcwdm64800","n","nan","nan","nan","nan"
"ckcwdm64829","n","nan","nan","nan","nan"
"ckcwdm64863","n","nan","nan","nan","nan"
"ckcwdm64873","n","nan","nan","nan","nan"
"ckcwdm64895","n","nan","nan","nan","nan"
"ckcwdm64970","n","nan","nan","nan","nan"
"ckcwdm65047","n","nan","nan","nan","nan"
"ckcwdm65097","n","nan","nan","nan","nan"
"ckcwdm6531","n","nan","nan","nan","nan"
"ckcwdm6578","n","nan","nan","nan","nan"
"ckcwdm65840","n","nan","nan","nan","nan"
"ckcwdm65906","n","nan","nan","nan","nan"
"ckcwdm65907","n","nan","nan","nan","nan"
"ckcwdm6594","n","nan","nan","nan","nan"
"ckcwdm65947","n","nan","nan","nan","nan"
"ckcwdm65952","n","nan","nan","nan","nan"
"ckcwdm65985","n","nan","nan","nan","nan"
"ckcwdm65997","n","nan","nan","nan","nan"
"ckcwdm66003","n","nan","nan","nan","nan"
"ckcwdm66006","n","nan","nan","nan","nan"
"ckcwdm66030","n","nan","nan","nan","nan"
"ckcwdm66036","n","nan","nan","nan","nan"
"ckcwdm66068","n","nan","nan","nan","nan"
"ckcwdm66178","n","nan","nan","nan","nan"
"ckcwdm6650","n","nan","nan","nan","nan"
"ckcwdm66772","n","nan","nan","nan","nan"
"ckcwdm66848","n","nan","nan","nan","nan"
"ckcwdm66855","n","nan","nan","nan","nan"
"ckcwdm67159","n","nan","nan","nan","nan"
"ckcwdm67230","n","nan","nan","nan","nan"
"ckcwdm67637","n","nan","nan","nan","nan"
"ckcwdm67658","n","nan","nan","nan","nan"
"ckcwdm67738","n","nan","nan","nan","nan"
"ckcwdm696","n","nan","nan","nan","nan"
"ckcwdm7128","n","nan","nan","nan","nan"
"ckcwdm7296","n","nan","nan","nan","nan"
"ckcwdm7488","n","nan","nan","nan","nan"
"ckcwdm752","n","nan","nan","nan","nan"
"ckcwdm7581","n","nan","nan","nan","nan"
"ckcwdm7850","n","nan","nan","nan","nan"
"ckcwdm8188","n","nan","nan","nan","nan"
"ckcwdm868","n","nan","nan","nan","nan"
"ckcwdm9474","n","nan","nan","nan","nan"
"ckcwdm948","n","nan","nan","nan","nan"
"ckcwdm974","n","nan","nan","nan","nan"
"ckcwdm992","n","nan","nan","nan","nan"
"cma05","n","nan","nan","nan","nan"
"cma08","n","nan","nan","nan","nan"
"cma23","n","nan","nan","nan","nan"
"cmg1004","n","nan","nan","nan","nan"
"cmg1039","n","nan","nan","nan","nan"
"cmg1042","n","nan","nan","nan","nan"
"cmg1049","n","nan","nan","nan","nan"
"cmg1050","n","t_-5.65","nan","nan","nan"
"cmg1072","n","nan","nan","nan","nan"
"cmg109","n","nan","nan","nan","nan"
"cmg112","n","nan","nan","nan","nan"
"cmg113","n","nan","nan","nan","nan"
"cmg119","n","nan","nan","nan","nan"
"cmg122","n","nan","nan","nan","nan"
"cmg126","n","nan","nan","nan","nan"
"cmg129","n","nan","nan","nan","nan"
"cmg170","n","nan","nan","nan","nan"
"cmg173","n","nan","nan","nan","nan"
"cmg175","n","nan","nan","nan","nan"
"cmg180","n","nan","nan","nan","nan"
"cmg193","n","nan","nan","nan","nan"
"cmg2010g329337p0147","n","nan","nan","nan","nan"
"cmg235","n","nan","nan","nan","nan"
"cmg38","n","nan","nan","nan","nan"
"cmg4","n","nan","nan","nan","nan"
"cmg451","n","nan","nan","nan","nan"
"cmg46","n","nan","nan","nan","nan"
"cmg469","n","nan","nan","nan","nan"
"cmg582","n","nan","nan","nan","nan"
"cmg66","n","nan","nan","nan","nan"
"cmg67","n","nan","nan","nan","nan"
"cmg681","n","nan","nan","nan","nan"
"cmg70","n","nan","nan","nan","nan"
"cmg76","n","nan","nan","nan","nan"
"cmg78","n","nan","nan","nan","nan"
"cmg79","n","nan","nan","nan","nan"
"cmg836","n","nan","nan","nan","nan"
"cmg840","n","nan","nan","nan","nan"
"cmg841","n","nan","nan","nan","nan"
"cmg843","n","nan","nan","nan","nan"
"cmg849","n","nan","nan","nan","nan"
"cmg862","n","nan","nan","nan","nan"
"cmg881","n","nan","nan","nan","nan"
"cmg882","n","nan","nan","nan","nan"
"cmg883","n","nan","nan","nan","nan"
"cmg892","n","nan","nan","nan","nan"
"cmg898","n","nan","nan","nan","nan"
"cmg900","n","nan","nan","nan","nan"
"cmg902","n","nan","nan","nan","nan"
"cmg903","n","nan","nan","nan","nan"
"cmg907","n","nan","nan","nan","nan"
"cmg909","n","nan","nan","nan","nan"
"cmg910","n","nan","nan","nan","nan"
"cmg913","n","nan","nan","nan","nan"
"coingaia1","n","nan","nan","nan","nan"
"coingaia10","n","nan","nan","nan","nan"
"coingaia11","n","nan",150.0,"nan","nan"
"coingaia12","n","nan",100.0,"nan","nan"
"coingaia13","n","nan","nan","nan","nan"
"coingaia14","n","nan",50.0,"nan","nan"
"coingaia15","n","nan","nan","nan","nan"
"coingaia16","n","nan","nan","nan","nan"
"coingaia18","n","nan","nan","nan","nan"
"coingaia19","n","nan","nan","nan","nan"
"coingaia20","n","nan","nan","nan","nan"
"coingaia21","n","nan",75.0,"nan","nan"
"coingaia24","n","nan","nan","nan","nan"
"coingaia25","n","nan","nan","nan","nan"
"coingaia26","n","nan","nan","nan","nan"
"coingaia28","n","nan","nan","nan","nan"
"coingaia29","n","nan","nan","nan","nan"
"coingaia3","n","nan","nan","nan","nan"
"coingaia30","n","nan","nan","nan","nan"
"coingaia31","n","nan","nan","nan","nan"
"coingaia32","n","nan",50.0,"nan","nan"
"coingaia33","n","nan","nan","nan","nan"
"coingaia34","n","nan","nan","nan","nan"
"coingaia35","n","nan","nan","nan","nan"
"coingaia36","n","nan",150.0,"nan","nan"
"coingaia37","n","nan",50.0,"nan","nan"
"coingaia38","n","nan","nan","nan","nan"
"coingaia39","n","nan","nan","nan","nan"
"coingaia4","n","nan",150.0,"nan","nan"
"coingaia40","n","nan","nan","nan","nan"
"coingaia41","n","nan","nan","nan","nan"
"coingaia5","n","nan","nan","nan","nan"
"coingaia6","n","nan","nan","nan","nan"
"coingaia7","n","nan","nan","nan","nan"
"coingaia8","n","nan",125.0,"nan","nan"
"coingaia9","n","nan","nan","nan","nan"
"collinder104","n","nan","nan","nan","nan"
"collinder106","n","plxl_0.55;plxr_0.8","nan",200.0,"nan"
"collinder107","n","pml_-3;pmr_-2","nan","nan","nan"
"collinder110","n","nan","nan","nan","nan"
"collinder111","n","nan","nan","nan","nan"
"collinder115","n","nan","nan","nan","nan"
"collinder121","n","nan","nan","nan","nan"
"collinder132","n","nan",75.0,"nan","nan"
"collinder135","n","b_-12.5",400.0,"nan","nan"
"collinder140","n","nan","nan","nan","nan"
"collinder173","n","nan","nan","nan","nan"
"collinder185","n","nan","nan","nan","nan"
"collinder187","n","nan","nan","nan","nan"
"collinder196","n","nan","nan","nan","nan"
"collinder197","n","nan","nan",450.0,"nan"
"collinder198","n","nan","nan","nan","nan"
"collinder205","n","nan","nan",150.0,"nan"
"collinder21","n","nan","nan",100.0,"nan"
"collinder213","n","nan","nan","nan","nan"
"collinder223","n","nan","nan","nan","nan"
"collinder228","n","nan","nan",100.0,"nan"
"collinder236","n","nan","nan","nan","nan"
"collinder240","n","nan","nan","nan","nan"
"collinder258","n","nan","nan","nan","nan"
"collinder261","n","nan","nan",3500.0,"nan"
"collinder268","n","nan","nan","nan","nan"
"collinder269","n","nan","nan","nan","nan"
"collinder271","n","nan",50.0,"nan","nan"
"collinder272","n","nan","nan","nan","nan"
"collinder275","n","nan","nan","nan","nan"
"collinder277","n","nan","nan","nan","nan"
"collinder285","n","nan","nan","nan","nan"
"collinder292","n","nan","nan","nan","nan"
"collinder299","n","nan","nan","nan","nan"
"collinder302","n","l_351.2,r_351.8",25.0,100.0,"nan"
"collinder307","n","nan","nan","nan","nan"
"collinder316","n","nan","nan",75.0,"nan"
"collinder33","n","nan","nan","nan","nan"
"collinder332","n","nan","nan","nan","nan"
"collinder333","n","nan","nan","nan","nan"
"collinder338","n","nan","nan","nan","nan"
"collinder34","n","nan","nan","nan","nan"
"collinder345","n","nan","nan","nan","nan"
"collinder347","n","nan","nan",150.0,"nan"
"collinder350","n","nan",200.0,"nan","nan"
"collinder351","n","nan","nan","nan","nan"
"collinder367","n","nan","nan","nan","nan"
"collinder394","n","r_15.1","nan",200.0,"nan"
"collinder399","n","nan","nan","nan","nan"
"collinder401","n","nan","nan","nan","nan"
"collinder404","n","nan","nan","nan","nan"
"collinder408","n","nan",75.0,"nan","nan"
"collinder419","n","nan","nan","nan","nan"
"collinder421","n","nan","nan","nan","nan"
"collinder428","n","nan","nan","nan","nan"
"collinder458","n","nan","nan","nan","nan"
"collinder463","n","nan","nan","nan","nan"
"collinder464","n","nan","nan","nan","nan"
"collinder465","n","nan","nan","nan","nan"
"collinder466","n","nan","nan","nan","nan"
"collinder468","n","nan","nan","nan","nan"
"collinder469","n","nan","nan","nan","nan"
"collinder471","n","nan",75.0,"nan","nan"
"collinder62","n","nan","nan","nan","nan"
"collinder65","n","nan","nan","nan","nan"
"collinder69","n","nan","nan","nan","nan"
"collinder70","n","nan","nan","nan","nan"
"collinder74","n","nan","nan","nan","nan"
"collinder89","n","nan","nan","nan","nan"
"collinder91","n","nan","nan","nan","nan"
"collinder92","n","nan","nan","nan","nan"
"collinder95","n","nan","nan","nan","nan"
"collinder96","n","nan","nan","nan","nan"
"collinder97","n","nan","nan","nan","nan"
"cruiigroup","n","nan","nan","nan","nan"
"css1a","n","nan","nan",100.0,"nan"
"css3","n","nan","nan",100.0,"nan"
"cwnu1001","n","nan","nan",60.0,"nan"
"cwnu1002","n","nan","nan",54.0,"nan"
"cwnu1004","n","nan","nan",38.0,"nan"
"cwnu1005","n","nan","nan",32.0,"nan"
"cwnu1007","n","nan",75.0,150.0,"nan"
"cwnu1008","n","nan","nan",44.0,"nan"
"cwnu1009","n","nan","nan",107.0,"nan"
"cwnu101","n","nan","nan",64.0,"nan"
"cwnu1010","n","nan","nan",48.0,"nan"
"cwnu1012","n","nan",75.0,107.0,"nan"
"cwnu1013","n","nan","nan",51.0,"nan"
"cwnu1015","n","nan",75.0,73.0,"nan"
"cwnu1016","n","nan","nan",56.0,"nan"
"cwnu1017","n","nan","nan",32.0,"nan"
"cwnu1018","n","nan",50.0,67.0,"nan"
"cwnu1019","n","nan","nan",38.0,"nan"
"cwnu102","n","nan","nan",52.0,"nan"
"cwnu1020","n","nan","nan",198.0,"nan"
"cwnu1021","n","nan","nan",36.0,"nan"
"cwnu1022","n","nan","nan",35.0,"nan"
"cwnu1023","n","nan","nan",116.0,"nan"
"cwnu1024","n","nan","nan",302.0,"nan"
"cwnu1025","n","nan","nan",64.0,"nan"
"cwnu1027","n","nan","nan",30.0,"nan"
"cwnu1028","n","nan","nan",30.0,"nan"
"cwnu1029","n","nan","nan",152.0,"nan"
"cwnu1030","n","nan","nan",94.0,"nan"
"cwnu1031","n","nan",60.0,38.0,"nan"
"cwnu1032","n","nan","nan",49.0,"nan"
"cwnu1033","n","nan","nan",41.0,"nan"
"cwnu1034","n","nan","nan",75.0,"nan"
"cwnu1035","n","nan","nan",35.0,"nan"
"cwnu1036","n","nan","nan",28.0,"nan"
"cwnu1037","n","nan","nan",59.0,"nan"
"cwnu1039","n","nan","nan",78.0,"nan"
"cwnu1041","n","nan","nan",30.0,"nan"
"cwnu1042","n","nan","nan",68.0,"nan"
"cwnu1043","n","nan","nan",52.0,"nan"
"cwnu1044","n","nan","nan",699.0,"nan"
"cwnu1045","n","nan","nan",406.0,"nan"
"cwnu1046","n","nan","nan",52.0,"nan"
"cwnu1047","n","nan","nan",30.0,"nan"
"cwnu1048","n","nan","nan",32.0,"nan"
"cwnu1049","n","nan","nan",83.0,"nan"
"cwnu105","n","nan","nan",51.0,"nan"
"cwnu1050","n","nan","nan",54.0,"nan"
"cwnu1051","n","nan","nan",30.0,"nan"
"cwnu1052","n","nan","nan",28.0,"nan"
"cwnu1053","n","nan",100.0,107.0,"nan"
"cwnu1054","n","nan","nan",67.0,"nan"
"cwnu1055","n","nan","nan",60.0,"nan"
"cwnu1056","n","nan","nan",56.0,"nan"
"cwnu1057","n","nan","nan",32.0,"nan"
"cwnu1058","n","nan","nan",97.0,"nan"
"cwnu1059","n","nan",70.0,57.0,"nan"
"cwnu1060","n","nan","nan",25.0,"nan"
"cwnu1061","n","nan","nan",62.0,"nan"
"cwnu1062","n","nan",50.0,51.0,"nan"
"cwnu1063","n","nan","nan",38.0,"nan"
"cwnu1064","n","nan","nan",25.0,"nan"
"cwnu1065","n","nan",50.0,32.0,"nan"
"cwnu1066","n","nan",50.0,35.0,"nan"
"cwnu1067","n","nan","nan",48.0,"nan"
"cwnu1069","n","nan",100.0,142.0,"nan"
"cwnu107","n","nan","nan",59.0,"nan"
"cwnu1070","n","nan",150.0,75.0,"nan"
"cwnu1072","n","nan","nan",46.0,"nan"
"cwnu1073","n","nan","nan",32.0,"nan"
"cwnu1074","n","nan",150.0,35.0,"nan"
"cwnu1075","n","nan","nan",81.0,"nan"
"cwnu1076","n","nan",75.0,48.0,"nan"
"cwnu1077","n","nan","nan",51.0,"nan"
"cwnu1078","n","nan","nan",57.0,"nan"
"cwnu1079","n","nan","nan",41.0,"nan"
"cwnu1081","n","nan","nan",28.0,"nan"
"cwnu1082","n","nan","nan",788.0,"nan"
"cwnu1083","n","nan","nan",125.0,"nan"
"cwnu1084","n","nan",130.0,83.0,"nan"
"cwnu1085","n","nan","nan",102.0,"nan"
"cwnu1086","n","nan","nan",48.0,"nan"
"cwnu1087","n","nan","nan",67.0,"nan"
"cwnu1088","n","nan","nan",30.0,"nan"
"cwnu1089","n","nan","nan",51.0,"nan"
"cwnu1090","n","nan","nan",108.0,"nan"
"cwnu1091","n","nan",50.0,33.0,"nan"
"cwnu1092","n","nan","nan",28.0,"nan"
"cwnu1093","n","nan","nan",35.0,"nan"
"cwnu1094","n","nan","nan",100.0,"nan"
"cwnu1095","n","nan",75.0,60.0,"nan"
"cwnu1096","n","nan","nan",38.0,"nan"
"cwnu1097","n","nan","nan",25.0,"nan"
"cwnu1098","n","nan",50.0,112.0,"nan"
"cwnu1099","n","nan","nan",32.0,"nan"
"cwnu11","n","nan","nan",51.0,"nan"
"cwnu110","n","nan","nan",123.0,"nan"
"cwnu1100","n","nan","nan",48.0,"nan"
"cwnu1101","n","nan","nan",107.0,"nan"
"cwnu1102","n","nan","nan",62.0,"nan"
"cwnu1103","n","nan","nan",32.0,"nan"
"cwnu1105","n","nan","nan",49.0,"nan"
"cwnu1106","n","nan","nan",33.0,"nan"
"cwnu1107","n","nan","nan",33.0,"nan"
"cwnu1109","n","nan",50.0,25.0,"nan"
"cwnu111","n","nan","nan",41.0,"nan"
"cwnu1110","n","nan","nan",28.0,"nan"
"cwnu1111","n","nan","nan",59.0,"nan"
"cwnu1112","n","nan",100.0,118.0,"nan"
"cwnu1113","n","nan","nan",49.0,"nan"
"cwnu1114","n","nan","nan",70.0,"nan"
"cwnu1117","n","nan","nan",41.0,"nan"
"cwnu1118","n","nan","nan",70.0,"nan"
"cwnu1119","n","nan",75.0,54.0,"nan"
"cwnu112","n","nan","nan",76.0,"nan"
"cwnu1120","n","nan","nan",28.0,"nan"
"cwnu1121","n","nan",75.0,65.0,"nan"
"cwnu1123","n","nan","nan",203.0,"nan"
"cwnu1124","n","nan","nan",89.0,"nan"
"cwnu1126","n","nan",60.0,41.0,"nan"
"cwnu1127","n","nan","nan",44.0,"nan"
"cwnu1129","n","nan","nan",40.0,"nan"
"cwnu113","n","nan","nan",51.0,"nan"
"cwnu1130","n","nan",100.0,59.0,"nan"
"cwnu1132","n","nan","nan",44.0,"nan"
"cwnu1133","n","nan","nan",44.0,"nan"
"cwnu1134","n","nan","nan",41.0,"nan"
"cwnu1135","n","nan","nan",40.0,"nan"
"cwnu1136","n","t_2","nan",321.0,"nan"
"cwnu1137","n","nan",60.0,38.0,"nan"
"cwnu1138","n","nan",80.0,76.0,"nan"
"cwnu1139","n","nan","nan",57.0,"nan"
"cwnu1140","n","nan","nan",35.0,"nan"
"cwnu1142","n","nan",75.0,369.0,"nan"
"cwnu1143","n","nan","nan",64.0,"nan"
"cwnu1144","n","nan",60.0,94.0,"nan"
"cwnu1145","n","nan","nan",64.0,"nan"
"cwnu1147","n","nan","nan",27.0,"nan"
"cwnu1148","n","nan",75.0,36.0,"nan"
"cwnu1149","n","nan","nan",25.0,"nan"
"cwnu1150","n","nan","nan",185.0,"nan"
"cwnu1151","n","nan","nan",91.0,"nan"
"cwnu1152","n","nan","nan",40.0,"nan"
"cwnu1153","n","nan","nan",28.0,"nan"
"cwnu1155","n","nan","nan",30.0,"nan"
"cwnu1156","n","nan","nan",32.0,"nan"
"cwnu1159","n","nan","nan",27.0,"nan"
"cwnu116","n","nan","nan",49.0,"nan"
"cwnu1160","n","nan","nan",25.0,"nan"
"cwnu1161","n","nan","nan",30.0,"nan"
"cwnu1162","n","nan","nan",30.0,"nan"
"cwnu1163","n","nan","nan",25.0,"nan"
"cwnu1164","n","nan",55.0,25.0,"nan"
"cwnu1165","n","nan","nan",25.0,"nan"
"cwnu1166","n","nan","nan",25.0,"nan"
"cwnu1167","n","nan","nan",33.0,"nan"
"cwnu1168","n","nan","nan",41.0,"nan"
"cwnu1169","n","nan","nan",30.0,"nan"
"cwnu1171","n","nan","nan",25.0,"nan"
"cwnu1172","n","nan","nan",25.0,"nan"
"cwnu1173","n","nan",100.0,27.0,"nan"
"cwnu1174","n","nan","nan",25.0,"nan"
"cwnu1175","n","nan","nan",32.0,"nan"
"cwnu1176","n","nan","nan",25.0,"nan"
"cwnu1177","n","nan","nan",25.0,"nan"
"cwnu1178","n","nan","nan",25.0,"nan"
"cwnu1179","n","nan","nan",28.0,"nan"
"cwnu1182","n","nan","nan",25.0,"nan"
"cwnu1184","n","nan","nan",28.0,"nan"
"cwnu1186","n","nan","nan",25.0,"nan"
"cwnu1188","n","nan","nan",28.0,"nan"
"cwnu1189","n","nan","nan",25.0,"nan"
"cwnu119","n","nan","nan",62.0,"nan"
"cwnu1190","n","nan","nan",35.0,"nan"
"cwnu1193","n","nan","nan",25.0,"nan"
"cwnu1194","n","nan",75.0,25.0,"nan"
"cwnu1195","n","nan","nan",30.0,"nan"
"cwnu1196","n","nan",100.0,25.0,"nan"
"cwnu1197","n","nan","nan",25.0,"nan"
"cwnu1198","n","nan","nan",28.0,"nan"
"cwnu1199","n","nan","nan",32.0,"nan"
"cwnu120","n","nan","nan",99.0,"nan"
"cwnu1200","n","nan","nan",25.0,"nan"
"cwnu1201","n","nan","nan",32.0,"nan"
"cwnu1202","n","nan","nan",25.0,"nan"
"cwnu1205","n","nan",50.0,27.0,"nan"
"cwnu1206","n","nan","nan",28.0,"nan"
"cwnu1207","n","nan","nan",32.0,"nan"
"cwnu1209","n","nan","nan",25.0,"nan"
"cwnu121","n","nan","nan",54.0,"nan"
"cwnu1210","n","nan","nan",25.0,"nan"
"cwnu1211","n","nan",40.0,28.0,"nan"
"cwnu1212","n","nan","nan",27.0,"nan"
"cwnu1214","n","nan","nan",25.0,"nan"
"cwnu1216","n","nan","nan",32.0,"nan"
"cwnu1217","n","nan","nan",64.0,"nan"
"cwnu1218","n","nan","nan",35.0,"nan"
"cwnu1220","n","nan","nan",158.0,"nan"
"cwnu1221","n","nan","nan",57.0,"nan"
"cwnu1223","n","nan","nan",33.0,"nan"
"cwnu1224","n","nan","nan",44.0,"nan"
"cwnu1225","n","nan","nan",49.0,"nan"
"cwnu1226","n","nan","nan",54.0,"nan"
"cwnu1227","n","nan",60.0,33.0,"nan"
"cwnu1228","n","nan","nan",201.0,"nan"
"cwnu123","n","nan","nan",59.0,"nan"
"cwnu1230","n","nan","nan",51.0,"nan"
"cwnu1231","n","nan","nan",25.0,"nan"
"cwnu1232","n","nan","nan",25.0,"nan"
"cwnu1233","n","nan","nan",25.0,"nan"
"cwnu1234","n","nan","nan",57.0,"nan"
"cwnu1235","n","nan","nan",36.0,"nan"
"cwnu1236","n","nan","nan",25.0,"nan"
"cwnu1237","n","nan","nan",35.0,"nan"
"cwnu1239","n","nan","nan",54.0,"nan"
"cwnu124","n","nan","nan",56.0,"nan"
"cwnu1240","n","nan",50.0,30.0,"nan"
"cwnu1241","n","nan","nan",49.0,"nan"
"cwnu1242","n","nan","nan",25.0,"nan"
"cwnu1243","n","nan","nan",54.0,"nan"
"cwnu1246","n","nan","nan",33.0,"nan"
"cwnu1247","n","nan","nan",25.0,"nan"
"cwnu1248","n","nan","nan",25.0,"nan"
"cwnu1250","n","nan","nan",27.0,"nan"
"cwnu1251","n","nan","nan",32.0,"nan"
"cwnu1252","n","nan","nan",38.0,"nan"
"cwnu1253","n","nan","nan",54.0,"nan"
"cwnu1256","n","nan","nan",30.0,"nan"
"cwnu1257","n","nan","nan",25.0,"nan"
"cwnu1258","n","nan","nan",25.0,"nan"
"cwnu1259","n","nan","nan",25.0,"nan"
"cwnu126","n","nan","nan",48.0,"nan"
"cwnu1260","n","nan","nan",28.0,"nan"
"cwnu1261","n","nan","nan",27.0,"nan"
"cwnu1262","n","nan","nan",38.0,"nan"
"cwnu1263","n","nan","nan",28.0,"nan"
"cwnu1264","n","nan","nan",27.0,"nan"
"cwnu1265","n","nan","nan",30.0,"nan"
"cwnu1266","n","nan","nan",30.0,"nan"
"cwnu1267","n","nan","nan",25.0,"nan"
"cwnu1268","n","nan","nan",25.0,"nan"
"cwnu1269","n","nan","nan",25.0,"nan"
"cwnu127","n","nan","nan",60.0,"nan"
"cwnu1270","n","nan","nan",25.0,"nan"
"cwnu1271","n","nan","nan",72.0,"nan"
"cwnu1272","n","nan","nan",41.0,"nan"
"cwnu1273","n","nan",80.0,72.0,"nan"
"cwnu1274","n","nan","nan",72.0,"nan"
"cwnu1275","n","nan","nan",72.0,"nan"
"cwnu1276","n","nan",70.0,70.0,"nan"
"cwnu1277","n","nan","nan",40.0,"nan"
"cwnu1278","n","nan",65.0,70.0,"nan"
"cwnu1279","n","nan","nan",40.0,"nan"
"cwnu128","n","nan",100.0,105.0,"nan"
"cwnu1280","n","nan","nan",70.0,"nan"
"cwnu1281","n","nan","nan",70.0,"nan"
"cwnu1282","n","nan","nan",40.0,"nan"
"cwnu1283","n","nan","nan",40.0,"nan"
"cwnu1284","n","nan","nan",70.0,"nan"
"cwnu1285","n","nan","nan",68.0,"nan"
"cwnu1286","n","nan","nan",40.0,"nan"
"cwnu1287","n","nan",50.0,68.0,"nan"
"cwnu1288","n","nan","nan",40.0,"nan"
"cwnu1289","n","nan","nan",40.0,"nan"
"cwnu129","n","nan","nan",56.0,"nan"
"cwnu1290","n","nan","nan",68.0,"nan"
"cwnu1291","n","nan","nan",40.0,"nan"
"cwnu1292","n","nan","nan",67.0,"nan"
"cwnu1293","n","nan","nan",67.0,"nan"
"cwnu1294","n","nan","nan",67.0,"nan"
"cwnu1296","n","nan","nan",40.0,"nan"
"cwnu1297","n","nan","nan",67.0,"nan"
"cwnu1298","n","nan",50.0,67.0,"nan"
"cwnu1299","n","nan","nan",67.0,"nan"
"cwnu1300","n","nan","nan",72.0,"nan"
"cwnu1301","n","nan","nan",40.0,"nan"
"cwnu1303","n","nan","nan",65.0,"nan"
"cwnu1304","n","nan","nan",38.0,"nan"
"cwnu1305","n","nan","nan",65.0,"nan"
"cwnu1306","n","nan","nan",38.0,"nan"
"cwnu1307","n","nan","nan",38.0,"nan"
"cwnu1308","n","nan","nan",83.0,"nan"
"cwnu1309","n","nan","nan",38.0,"nan"
"cwnu1310","n","nan","nan",64.0,"nan"
"cwnu1311","n","nan","nan",38.0,"nan"
"cwnu1312","n","nan","nan",38.0,"nan"
"cwnu1313","n","nan","nan",64.0,"nan"
"cwnu1314","n","nan","nan",38.0,"nan"
"cwnu1315","n","nan","nan",38.0,"nan"
"cwnu1316","n","nan","nan",38.0,"nan"
"cwnu1317","n","nan","nan",51.0,"nan"
"cwnu1318","n","nan","nan",25.0,"nan"
"cwnu1319","n","nan","nan",38.0,"nan"
"cwnu132","n","nan","nan",112.0,"nan"
"cwnu1320","n","nan","nan",38.0,"nan"
"cwnu1321","n","nan","nan",88.0,"nan"
"cwnu1322","n","nan",60.0,73.0,"nan"
"cwnu1323","n","nan","nan",38.0,"nan"
"cwnu1324","n","nan","nan",38.0,"nan"
"cwnu1325","n","nan","nan",62.0,"nan"
"cwnu1326","n","nan","nan",46.0,"nan"
"cwnu1327","n","nan","nan",62.0,"nan"
"cwnu1328","n","nan","nan",38.0,"nan"
"cwnu1329","n","nan","nan",62.0,"nan"
"cwnu133","n","nan",50.0,68.0,"nan"
"cwnu1330","n","nan","nan",38.0,"nan"
"cwnu1331","n","nan","nan",62.0,"nan"
"cwnu1332","n","nan","nan",62.0,"nan"
"cwnu1333","n","nan","nan",62.0,"nan"
"cwnu1334","n","nan","nan",62.0,"nan"
"cwnu1335","n","nan","nan",38.0,"nan"
"cwnu1336","n","nan","nan",38.0,"nan"
"cwnu1338","n","nan","nan",62.0,"nan"
"cwnu1339","n","nan","nan",38.0,"nan"
"cwnu134","n","nan","nan",57.0,"nan"
"cwnu1340","n","nan","nan",62.0,"nan"
"cwnu1341","n","nan","nan",38.0,"nan"
"cwnu1342","n","nan","nan",60.0,"nan"
"cwnu1343","n","nan","nan",38.0,"nan"
"cwnu1344","n","nan","nan",60.0,"nan"
"cwnu1346","n","nan",50.0,60.0,"nan"
"cwnu1347","n","nan","nan",60.0,"nan"
"cwnu1349","n","nan","nan",60.0,"nan"
"cwnu135","n","nan","nan",49.0,"nan"
"cwnu1350","n","nan","nan",60.0,"nan"
"cwnu1352","n","nan","nan",60.0,"nan"
"cwnu1353","n","nan","nan",60.0,"nan"
"cwnu1354","n","nan","nan",36.0,"nan"
"cwnu1355","n","nan","nan",59.0,"nan"
"cwnu1356","n","nan",50.0,36.0,"nan"
"cwnu1357","n","nan","nan",67.0,"nan"
"cwnu1358","n","nan","nan",59.0,"nan"
"cwnu1359","n","nan","nan",36.0,"nan"
"cwnu136","n","nan",80.0,67.0,"nan"
"cwnu1360","n","nan","nan",41.0,"nan"
"cwnu1361","n","nan","nan",36.0,"nan"
"cwnu1362","n","nan","nan",59.0,"nan"
"cwnu1363","n","nan","nan",36.0,"nan"
"cwnu1365","n","nan","nan",57.0,"nan"
"cwnu1366","n","nan","nan",36.0,"nan"
"cwnu1367","n","nan","nan",57.0,"nan"
"cwnu1368","n","nan","nan",57.0,"nan"
"cwnu1369","n","nan","nan",36.0,"nan"
"cwnu137","n","nan","nan",171.0,"nan"
"cwnu1370","n","nan","nan",36.0,"nan"
"cwnu1371","n","nan","nan",36.0,"nan"
"cwnu1372","n","nan",50.0,57.0,"nan"
"cwnu1373","n","nan","nan",65.0,"nan"
"cwnu1374","n","nan","nan",57.0,"nan"
"cwnu1375","n","nan",40.0,36.0,"nan"
"cwnu1376","n","nan","nan",57.0,"nan"
"cwnu1377","n","nan","nan",57.0,"nan"
"cwnu1378","n","nan",75.0,36.0,"nan"
"cwnu1379","n","nan","nan",57.0,"nan"
"cwnu138","n","nan","nan",75.0,"nan"
"cwnu1380","n","nan","nan",36.0,"nan"
"cwnu1381","n","nan","nan",57.0,"nan"
"cwnu1382","n","nan","nan",57.0,"nan"
"cwnu1383","n","nan","nan",57.0,"nan"
"cwnu1384","n","nan",50.0,56.0,"nan"
"cwnu1385","n","nan","nan",41.0,"nan"
"cwnu1386","n","nan","nan",56.0,"nan"
"cwnu1387","n","nan","nan",36.0,"nan"
"cwnu1388","n","nan","nan",56.0,"nan"
"cwnu1389","n","nan",50.0,56.0,"nan"
"cwnu139","n","nan","nan",56.0,"nan"
"cwnu1390","n","nan","nan",56.0,"nan"
"cwnu1391","n","nan","nan",56.0,"nan"
"cwnu1392","n","nan","nan",56.0,"nan"
"cwnu1393","n","nan","nan",72.0,"nan"
"cwnu1394","n","nan","nan",56.0,"nan"
"cwnu1395","n","nan","nan",56.0,"nan"
"cwnu1396","n","nan","nan",35.0,"nan"
"cwnu1397","n","nan","nan",56.0,"nan"
"cwnu1398","n","nan","nan",35.0,"nan"
"cwnu1399","n","nan","nan",54.0,"nan"
"cwnu14","n","nan",40.0,76.0,"nan"
"cwnu1400","n","nan","nan",35.0,"nan"
"cwnu1401","n","nan",75.0,54.0,"nan"
"cwnu1402","n","nan","nan",35.0,"nan"
"cwnu1403","n","nan","nan",54.0,"nan"
"cwnu1405","n","nan","nan",35.0,"nan"
"cwnu1406","n","nan","nan",54.0,"nan"
"cwnu1407","n","nan","nan",35.0,"nan"
"cwnu1408","n","nan","nan",54.0,"nan"
"cwnu1409","n","nan",80.0,54.0,"nan"
"cwnu141","n","nan",90.0,102.0,"nan"
"cwnu1410","n","nan","nan",54.0,"nan"
"cwnu1411","n","nan","nan",54.0,"nan"
"cwnu1412","n","nan","nan",54.0,"nan"
"cwnu1413","n","nan","nan",35.0,"nan"
"cwnu1414","n","nan","nan",35.0,"nan"
"cwnu1415","n","nan","nan",35.0,"nan"
"cwnu1416","n","nan",50.0,56.0,"nan"
"cwnu1418","n","nan","nan",35.0,"nan"
"cwnu1419","n","nan","nan",35.0,"nan"
"cwnu1420","n","nan","nan",54.0,"nan"
"cwnu1421","n","nan","nan",54.0,"nan"
"cwnu1422","n","nan","nan",54.0,"nan"
"cwnu1423","n","nan","nan",54.0,"nan"
"cwnu1424","n","nan","nan",54.0,"nan"
"cwnu1425","n","nan",90.0,54.0,"nan"
"cwnu1426","n","nan","nan",35.0,"nan"
"cwnu1427","n","nan","nan",52.0,"nan"
"cwnu1428","n","nan","nan",60.0,"nan"
"cwnu1429","n","nan","nan",35.0,"nan"
"cwnu1430","n","nan","nan",52.0,"nan"
"cwnu1431","n","nan","nan",52.0,"nan"
"cwnu1432","n","nan","nan",35.0,"nan"
"cwnu1433","n","nan","nan",41.0,"nan"
"cwnu1434","n","nan","nan",52.0,"nan"
"cwnu1435","n","nan","nan",35.0,"nan"
"cwnu1436","n","nan","nan",52.0,"nan"
"cwnu1437","n","nan","nan",52.0,"nan"
"cwnu1438","n","nan","nan",35.0,"nan"
"cwnu1439","n","nan","nan",52.0,"nan"
"cwnu144","n","nan",75.0,57.0,"nan"
"cwnu1440","n","nan","nan",52.0,"nan"
"cwnu1441","n","nan","nan",35.0,"nan"
"cwnu1442","n","nan",90.0,52.0,"nan"
"cwnu1443","n","nan","nan",35.0,"nan"
"cwnu1444","n","nan","nan",52.0,"nan"
"cwnu1445","n","nan","nan",52.0,"nan"
"cwnu1446","n","nan","nan",52.0,"nan"
"cwnu1447","n","nan","nan",52.0,"nan"
"cwnu1448","n","nan","nan",52.0,"nan"
"cwnu1449","n","nan","nan",52.0,"nan"
"cwnu145","n","nan","nan",48.0,"nan"
"cwnu1450","n","nan","nan",52.0,"nan"
"cwnu1451","n","nan","nan",52.0,"nan"
"cwnu1452","n","nan","nan",35.0,"nan"
"cwnu1453","n","nan","nan",51.0,"nan"
"cwnu1454","n","nan","nan",35.0,"nan"
"cwnu1455","n","nan","nan",51.0,"nan"
"cwnu1456","n","nan","nan",35.0,"nan"
"cwnu1457","n","nan","nan",35.0,"nan"
"cwnu1458","n","nan","nan",51.0,"nan"
"cwnu1459","n","nan","nan",60.0,"nan"
"cwnu1460","n","nan","nan",51.0,"nan"
"cwnu1461","n","nan","nan",33.0,"nan"
"cwnu1462","n","nan","nan",51.0,"nan"
"cwnu1463","n","nan","nan",51.0,"nan"
"cwnu1464","n","nan",65.0,51.0,"nan"
"cwnu1465","n","nan","nan",51.0,"nan"
"cwnu1466","n","nan","nan",51.0,"nan"
"cwnu1467","n","nan","nan",51.0,"nan"
"cwnu1468","n","nan","nan",51.0,"nan"
"cwnu1469","n","nan","nan",88.0,"nan"
"cwnu147","n","nan",50.0,62.0,"nan"
"cwnu1470","n","nan",50.0,51.0,"nan"
"cwnu1471","n","nan","nan",51.0,"nan"
"cwnu1472","n","nan","nan",51.0,"nan"
"cwnu1473","n","nan","nan",51.0,"nan"
"cwnu1474","n","nan","nan",51.0,"nan"
"cwnu1475","n","nan","nan",33.0,"nan"
"cwnu1476","n","nan","nan",49.0,"nan"
"cwnu1477","n","nan","nan",33.0,"nan"
"cwnu1478","n","nan","nan",49.0,"nan"
"cwnu1479","n","nan","nan",49.0,"nan"
"cwnu148","n","nan","nan",59.0,"nan"
"cwnu1480","n","nan","nan",49.0,"nan"
"cwnu1481","n","nan","nan",49.0,"nan"
"cwnu1482","n","t_-1.29","nan",100.0,"nan"
"cwnu1483","n","nan","nan",33.0,"nan"
"cwnu1485","n","nan","nan",33.0,"nan"
"cwnu1487","n","nan","nan",49.0,"nan"
"cwnu1488","n","nan","nan",33.0,"nan"
"cwnu1489","n","nan","nan",49.0,"nan"
"cwnu1490","n","nan","nan",49.0,"nan"
"cwnu1491","n","nan",50.0,49.0,"nan"
"cwnu1492","n","nan",50.0,49.0,"nan"
"cwnu1493","n","nan","nan",49.0,"nan"
"cwnu1494","n","nan",45.0,49.0,"nan"
"cwnu1495","n","nan","nan",49.0,"nan"
"cwnu1496","n","nan","nan",33.0,"nan"
"cwnu1497","n","nan","nan",49.0,"nan"
"cwnu1498","n","nan","nan",49.0,"nan"
"cwnu1499","n","nan","nan",49.0,"nan"
"cwnu15","n","nan",50.0,80.0,"nan"
"cwnu1500","n","nan","nan",33.0,"nan"
"cwnu1501","n","nan","nan",49.0,"nan"
"cwnu1502","n","nan","nan",49.0,"nan"
"cwnu1503","n","nan","nan",48.0,"nan"
"cwnu1504","n","nan","nan",48.0,"nan"
"cwnu1505","n","nan","nan",48.0,"nan"
"cwnu1506","n","nan","nan",33.0,"nan"
"cwnu1507","n","nan","nan",48.0,"nan"
"cwnu1508","n","nan","nan",48.0,"nan"
"cwnu1509","n","nan","nan",33.0,"nan"
"cwnu151","n","nan","nan",57.0,"nan"
"cwnu1510","n","nan","nan",48.0,"nan"
"cwnu1511","n","nan","nan",33.0,"nan"
"cwnu1513","n","nan","nan",48.0,"nan"
"cwnu1514","n","nan","nan",48.0,"nan"
"cwnu1515","n","nan","nan",33.0,"nan"
"cwnu1516","n","nan","nan",48.0,"nan"
"cwnu1517","n","nan","nan",33.0,"nan"
"cwnu1519","n","nan","nan",48.0,"nan"
"cwnu152","n","nan","nan",49.0,"nan"
"cwnu1520","n","nan","nan",33.0,"nan"
"cwnu1521","n","nan","nan",48.0,"nan"
"cwnu1522","n","nan","nan",33.0,"nan"
"cwnu1523","n","nan","nan",33.0,"nan"
"cwnu1524","n","nan","nan",33.0,"nan"
"cwnu1525","n","nan","nan",48.0,"nan"
"cwnu1526","n","nan","nan",48.0,"nan"
"cwnu1527","n","nan","nan",33.0,"nan"
"cwnu1528","n","nan","nan",48.0,"nan"
"cwnu1529","n","nan",75.0,48.0,"nan"
"cwnu153","n","nan","nan",65.0,"nan"
"cwnu1530","n","nan","nan",48.0,"nan"
"cwnu1531","n","nan","nan",48.0,"nan"
"cwnu1532","n","nan","nan",32.0,"nan"
"cwnu1533","n","nan","nan",48.0,"nan"
"cwnu1534","n","nan","nan",48.0,"nan"
"cwnu1535","n","nan","nan",48.0,"nan"
"cwnu1536","n","nan","nan",32.0,"nan"
"cwnu1537","n","nan","nan",46.0,"nan"
"cwnu1538","n","nan","nan",32.0,"nan"
"cwnu1539","n","nan","nan",32.0,"nan"
"cwnu154","n","nan","nan",140.0,"nan"
"cwnu1540","n","nan",75.0,57.0,"nan"
"cwnu1541","n","nan",50.0,46.0,"nan"
"cwnu1542","n","nan","nan",46.0,"nan"
"cwnu1543","n","nan","nan",46.0,"nan"
"cwnu1544","n","nan","nan",32.0,"nan"
"cwnu1545","n","nan","nan",32.0,"nan"
"cwnu1546","n","nan","nan",46.0,"nan"
"cwnu1547","n","nan","nan",32.0,"nan"
"cwnu1549","n","nan","nan",68.0,"nan"
"cwnu155","n","nan","nan",70.0,"nan"
"cwnu1550","n","nan","nan",46.0,"nan"
"cwnu1551","n","nan","nan",32.0,"nan"
"cwnu1552","n","nan","nan",32.0,"nan"
"cwnu1553","n","nan","nan",32.0,"nan"
"cwnu1554","n","nan",100.0,46.0,"nan"
"cwnu1555","n","nan","nan",32.0,"nan"
"cwnu1556","n","nan","nan",32.0,"nan"
"cwnu1557","n","nan","nan",32.0,"nan"
"cwnu1558","n","nan","nan",46.0,"nan"
"cwnu1559","n","nan","nan",46.0,"nan"
"cwnu156","n","nan","nan",72.0,"nan"
"cwnu1560","n","nan","nan",46.0,"nan"
"cwnu1561","n","nan","nan",44.0,"nan"
"cwnu1562","n","nan","nan",44.0,"nan"
"cwnu1563","n","nan","nan",44.0,"nan"
"cwnu1564","n","nan","nan",44.0,"nan"
"cwnu1565","n","nan","nan",32.0,"nan"
"cwnu1567","n","nan","nan",44.0,"nan"
"cwnu1568","n","nan","nan",44.0,"nan"
"cwnu1569","n","nan","nan",44.0,"nan"
"cwnu157","n","nan","nan",38.0,"nan"
"cwnu1570","n","nan","nan",44.0,"nan"
"cwnu1572","n","nan","nan",32.0,"nan"
"cwnu1573","n","nan","nan",44.0,"nan"
"cwnu1574","n","nan","nan",32.0,"nan"
"cwnu1575","n","nan","nan",32.0,"nan"
"cwnu1576","n","nan","nan",32.0,"nan"
"cwnu1577","n","nan","nan",32.0,"nan"
"cwnu1578","n","nan","nan",44.0,"nan"
"cwnu1579","n","nan",75.0,44.0,"nan"
"cwnu158","n","nan","nan",56.0,"nan"
"cwnu1580","n","nan","nan",44.0,"nan"
"cwnu1581","n","nan","nan",44.0,"nan"
"cwnu1582","n","nan","nan",32.0,"nan"
"cwnu1583","n","nan","nan",32.0,"nan"
"cwnu1584","n","nan","nan",44.0,"nan"
"cwnu1585","n","nan","nan",44.0,"nan"
"cwnu1586","n","nan","nan",44.0,"nan"
"cwnu1587","n","nan","nan",32.0,"nan"
"cwnu1588","n","nan","nan",32.0,"nan"
"cwnu1589","n","nan","nan",43.0,"nan"
"cwnu1590","n","nan",50.0,44.0,"nan"
"cwnu1591","n","nan","nan",32.0,"nan"
"cwnu1592","n","nan","nan",44.0,"nan"
"cwnu1593","n","nan","nan",40.0,"nan"
"cwnu1594","n","nan","nan",44.0,"nan"
"cwnu1595","n","nan","nan",32.0,"nan"
"cwnu1596","n","nan","nan",43.0,"nan"
"cwnu1597","n","nan","nan",43.0,"nan"
"cwnu1598","n","nan","nan",43.0,"nan"
"cwnu1599","n","nan","nan",30.0,"nan"
"cwnu16","n","nan",60.0,51.0,"nan"
"cwnu160","n","nan","nan",68.0,"nan"
"cwnu1600","n","nan","nan",43.0,"nan"
"cwnu1601","n","nan","nan",43.0,"nan"
"cwnu1602","n","nan","nan",43.0,"nan"
"cwnu1603","n","nan","nan",30.0,"nan"
"cwnu1604","n","nan","nan",30.0,"nan"
"cwnu1605","n","nan","nan",30.0,"nan"
"cwnu1607","n","nan","nan",43.0,"nan"
"cwnu1608","n","nan",70.0,46.0,"nan"
"cwnu1609","n","nan","nan",43.0,"nan"
"cwnu161","n","nan",40.0,54.0,"nan"
"cwnu1611","n","nan","nan",43.0,"nan"
"cwnu1612","n","nan","nan",30.0,"nan"
"cwnu1613","n","nan","nan",30.0,"nan"
"cwnu1614","n","nan","nan",30.0,"nan"
"cwnu1615","n","nan","nan",43.0,"nan"
"cwnu1616","n","nan","nan",43.0,"nan"
"cwnu1617","n","nan","nan",43.0,"nan"
"cwnu1618","n","nan","nan",30.0,"nan"
"cwnu1619","n","nan","nan",43.0,"nan"
"cwnu162","n","nan","nan",59.0,"nan"
"cwnu1620","n","nan","nan",30.0,"nan"
"cwnu1621","n","nan","nan",43.0,"nan"
"cwnu1622","n","nan","nan",25.0,"nan"
"cwnu1623","n","nan","nan",41.0,"nan"
"cwnu1624","n","nan","nan",41.0,"nan"
"cwnu1625","n","nan","nan",41.0,"nan"
"cwnu1626","n","nan","nan",30.0,"nan"
"cwnu1627","n","nan","nan",41.0,"nan"
"cwnu1628","n","nan","nan",30.0,"nan"
"cwnu1629","n","nan","nan",41.0,"nan"
"cwnu1630","n","nan",50.0,41.0,"nan"
"cwnu1631","n","nan","nan",41.0,"nan"
"cwnu1632","n","nan","nan",41.0,"nan"
"cwnu1633","n","nan","nan",41.0,"nan"
"cwnu1634","n","nan","nan",41.0,"nan"
"cwnu1635","n","nan","nan",41.0,"nan"
"cwnu1636","n","nan","nan",41.0,"nan"
"cwnu1637","n","nan","nan",41.0,"nan"
"cwnu1638","n","nan","nan",41.0,"nan"
"cwnu1639","n","nan","nan",41.0,"nan"
"cwnu164","n","nan","nan",56.0,"nan"
"cwnu1640","n","nan","nan",30.0,"nan"
"cwnu1641","n","nan","nan",41.0,"nan"
"cwnu1642","n","nan","nan",41.0,"nan"
"cwnu1643","n","nan","nan",30.0,"nan"
"cwnu1644","n","nan","nan",38.0,"nan"
"cwnu1645","n","nan","nan",40.0,"nan"
"cwnu1646","n","nan","nan",40.0,"nan"
"cwnu1647","n","nan","nan",30.0,"nan"
"cwnu1648","n","nan","nan",40.0,"nan"
"cwnu1649","n","nan","nan",40.0,"nan"
"cwnu165","n","nan","nan",57.0,"nan"
"cwnu1650","n","nan","nan",30.0,"nan"
"cwnu1651","n","nan","nan",30.0,"nan"
"cwnu1652","n","nan","nan",30.0,"nan"
"cwnu1653","n","nan","nan",30.0,"nan"
"cwnu1654","n","nan","nan",30.0,"nan"
"cwnu1655","n","nan","nan",30.0,"nan"
"cwnu1656","n","nan","nan",40.0,"nan"
"cwnu1657","n","nan","nan",30.0,"nan"
"cwnu1658","n","nan","nan",30.0,"nan"
"cwnu1659","n","nan","nan",30.0,"nan"
"cwnu166","n","nan","nan",52.0,"nan"
"cwnu1660","n","nan","nan",30.0,"nan"
"cwnu1661","n","nan","nan",30.0,"nan"
"cwnu1662","n","nan","nan",30.0,"nan"
"cwnu1663","n","nan","nan",30.0,"nan"
"cwnu1664","n","nan","nan",40.0,"nan"
"cwnu1665","n","nan",40.0,40.0,"nan"
"cwnu1666","n","nan","nan",40.0,"nan"
"cwnu1667","n","nan","nan",40.0,"nan"
"cwnu1668","n","nan","nan",40.0,"nan"
"cwnu1669","n","nan","nan",28.0,"nan"
"cwnu1670","n","nan","nan",40.0,"nan"
"cwnu1671","n","nan","nan",40.0,"nan"
"cwnu1672","n","nan","nan",40.0,"nan"
"cwnu1673","n","nan",70.0,40.0,"nan"
"cwnu1674","n","nan","nan",40.0,"nan"
"cwnu1675","n","nan","nan",28.0,"nan"
"cwnu1676","n","nan","nan",28.0,"nan"
"cwnu1677","n","nan",50.0,40.0,"nan"
"cwnu1678","n","nan","nan",40.0,"nan"
"cwnu1679","n","nan","nan",40.0,"nan"
"cwnu168","n","nan","nan",80.0,"nan"
"cwnu1680","n","nan","nan",28.0,"nan"
"cwnu1681","n","nan","nan",40.0,"nan"
"cwnu1682","n","nan","nan",28.0,"nan"
"cwnu1684","n","nan","nan",38.0,"nan"
"cwnu1685","n","nan","nan",28.0,"nan"
"cwnu1686","n","nan","nan",38.0,"nan"
"cwnu1687","n","nan","nan",41.0,"nan"
"cwnu1689","n","nan","nan",28.0,"nan"
"cwnu169","n","nan","nan",48.0,"nan"
"cwnu1690","n","nan","nan",38.0,"nan"
"cwnu1691","n","nan","nan",28.0,"nan"
"cwnu1692","n","nan","nan",28.0,"nan"
"cwnu1693","n","nan","nan",38.0,"nan"
"cwnu1694","n","nan","nan",28.0,"nan"
"cwnu1695","n","nan","nan",28.0,"nan"
"cwnu1696","n","nan","nan",38.0,"nan"
"cwnu1697","n","nan",90.0,48.0,"nan"
"cwnu1698","n","nan","nan",38.0,"nan"
"cwnu1699","n","nan","nan",38.0,"nan"
"cwnu170","n","nan","nan",49.0,"nan"
"cwnu1701","n","nan","nan",56.0,"nan"
"cwnu1702","n","nan","nan",25.0,"nan"
"cwnu1703","n","nan","nan",38.0,"nan"
"cwnu1704","n","nan","nan",38.0,"nan"
"cwnu1705","n","nan","nan",43.0,"nan"
"cwnu1706","n","nan","nan",38.0,"nan"
"cwnu1707","n","nan","nan",38.0,"nan"
"cwnu1708","n","nan","nan",28.0,"nan"
"cwnu1709","n","nan","nan",28.0,"nan"
"cwnu171","n","nan","nan",78.0,"nan"
"cwnu1710","n","nan","nan",28.0,"nan"
"cwnu1711","n","nan","nan",28.0,"nan"
"cwnu1712","n","nan","nan",38.0,"nan"
"cwnu1713","n","nan","nan",38.0,"nan"
"cwnu1714","n","nan",75.0,38.0,"nan"
"cwnu1715","n","nan",50.0,38.0,"nan"
"cwnu1716","n","nan","nan",38.0,"nan"
"cwnu1717","n","nan",50.0,36.0,"nan"
"cwnu1718","n","nan","nan",36.0,"nan"
"cwnu1719","n","nan","nan",36.0,"nan"
"cwnu172","n","nan",70.0,57.0,"nan"
"cwnu1720","n","nan","nan",44.0,"nan"
"cwnu1721","n","nan","nan",41.0,"nan"
"cwnu1722","n","nan","nan",49.0,"nan"
"cwnu1723","n","nan","nan",28.0,"nan"
"cwnu1724","n","nan","nan",36.0,"nan"
"cwnu1725","n","nan","nan",28.0,"nan"
"cwnu1726","n","nan","nan",36.0,"nan"
"cwnu1727","n","nan","nan",28.0,"nan"
"cwnu1728","n","nan","nan",36.0,"nan"
"cwnu1729","n","nan","nan",36.0,"nan"
"cwnu173","n","nan","nan",36.0,"nan"
"cwnu1730","n","nan","nan",36.0,"nan"
"cwnu1731","n","nan","nan",28.0,"nan"
"cwnu1733","n","nan","nan",36.0,"nan"
"cwnu1734","n","nan",75.0,28.0,"nan"
"cwnu1735","n","nan","nan",28.0,"nan"
"cwnu1736","n","nan","nan",28.0,"nan"
"cwnu1737","n","nan","nan",36.0,"nan"
"cwnu1738","n","nan","nan",28.0,"nan"
"cwnu1739","n","nan","nan",36.0,"nan"
"cwnu174","n","nan",50.0,49.0,"nan"
"cwnu1740","n","nan","nan",38.0,"nan"
"cwnu1741","n","nan","nan",36.0,"nan"
"cwnu1742","n","nan","nan",27.0,"nan"
"cwnu1743","n","nan","nan",27.0,"nan"
"cwnu1744","n","nan","nan",38.0,"nan"
"cwnu1745","n","nan","nan",27.0,"nan"
"cwnu1746","n","nan","nan",27.0,"nan"
"cwnu1747","n","nan","nan",27.0,"nan"
"cwnu1748","n","nan","nan",27.0,"nan"
"cwnu1749","n","nan","nan",36.0,"nan"
"cwnu175","n","nan","nan",78.0,"nan"
"cwnu1750","n","nan","nan",27.0,"nan"
"cwnu1751","n","nan","nan",27.0,"nan"
"cwnu1752","n","nan","nan",27.0,"nan"
"cwnu1753","n","nan",50.0,36.0,"nan"
"cwnu1754","n","nan","nan",36.0,"nan"
"cwnu1755","n","nan","nan",36.0,"nan"
"cwnu1756","n","nan","nan",36.0,"nan"
"cwnu1757","n","nan","nan",36.0,"nan"
"cwnu1758","n","nan","nan",27.0,"nan"
"cwnu1759","n","nan",50.0,36.0,"nan"
"cwnu1760","n","nan","nan",36.0,"nan"
"cwnu1761","n","nan","nan",35.0,"nan"
"cwnu1762","n","nan","nan",35.0,"nan"
"cwnu1763","n","nan","nan",35.0,"nan"
"cwnu1764","n","nan","nan",27.0,"nan"
"cwnu1765","n","nan","nan",35.0,"nan"
"cwnu1767","n","nan","nan",35.0,"nan"
"cwnu1768","n","nan","nan",35.0,"nan"
"cwnu1769","n","nan","nan",35.0,"nan"
"cwnu1771","n","nan","nan",35.0,"nan"
"cwnu1772","n","nan","nan",27.0,"nan"
"cwnu1773","n","nan","nan",35.0,"nan"
"cwnu1774","n","nan","nan",35.0,"nan"
"cwnu1775","n","nan","nan",35.0,"nan"
"cwnu1776","n","nan","nan",35.0,"nan"
"cwnu1777","n","nan","nan",35.0,"nan"
"cwnu1778","n","nan","nan",43.0,"nan"
"cwnu1779","n","nan","nan",27.0,"nan"
"cwnu178","n","nan","nan",99.0,"nan"
"cwnu1780","n","nan","nan",35.0,"nan"
"cwnu1781","n","nan","nan",35.0,"nan"
"cwnu1782","n","nan","nan",27.0,"nan"
"cwnu1783","n","nan","nan",27.0,"nan"
"cwnu1784","n","nan","nan",27.0,"nan"
"cwnu1785","n","nan",50.0,35.0,"nan"
"cwnu1786","n","nan","nan",35.0,"nan"
"cwnu1787","n","nan","nan",35.0,"nan"
"cwnu1788","n","nan","nan",35.0,"nan"
"cwnu1789","n","nan","nan",27.0,"nan"
"cwnu1790","n","nan",50.0,35.0,"nan"
"cwnu1791","n","nan","nan",35.0,"nan"
"cwnu1792","n","nan","nan",35.0,"nan"
"cwnu1793","n","nan","nan",35.0,"nan"
"cwnu1794","n","nan","nan",27.0,"nan"
"cwnu1795","n","nan","nan",27.0,"nan"
"cwnu1796","n","nan","nan",27.0,"nan"
"cwnu1797","n","nan","nan",35.0,"nan"
"cwnu1799","n","nan","nan",33.0,"nan"
"cwnu180","n","nan",60.0,161.0,"nan"
"cwnu1800","n","nan","nan",33.0,"nan"
"cwnu1801","n","nan","nan",33.0,"nan"
"cwnu1802","n","nan","nan",33.0,"nan"
"cwnu1803","n","nan","nan",33.0,"nan"
"cwnu1804","n","nan","nan",27.0,"nan"
"cwnu1805","n","nan","nan",27.0,"nan"
"cwnu1806","n","nan","nan",33.0,"nan"
"cwnu1807","n","nan","nan",33.0,"nan"
"cwnu1808","n","nan","nan",33.0,"nan"
"cwnu1809","n","nan","nan",33.0,"nan"
"cwnu181","n","nan","nan",54.0,"nan"
"cwnu1810","n","nan","nan",33.0,"nan"
"cwnu1811","n","nan","nan",27.0,"nan"
"cwnu1812","n","nan","nan",33.0,"nan"
"cwnu1813","n","nan","nan",33.0,"nan"
"cwnu1814","n","nan","nan",33.0,"nan"
"cwnu1815","n","nan","nan",27.0,"nan"
"cwnu1816","n","nan",50.0,33.0,"nan"
"cwnu1817","n","nan","nan",25.0,"nan"
"cwnu1818","n","nan","nan",33.0,"nan"
"cwnu1819","n","nan","nan",33.0,"nan"
"cwnu182","n","nan",75.0,128.0,"nan"
"cwnu1820","n","nan","nan",25.0,"nan"
"cwnu1821","n","nan","nan",33.0,"nan"
"cwnu1822","n","nan","nan",33.0,"nan"
"cwnu1823","n","nan","nan",25.0,"nan"
"cwnu1824","n","nan","nan",33.0,"nan"
"cwnu1825","n","nan","nan",25.0,"nan"
"cwnu1826","n","nan","nan",33.0,"nan"
"cwnu1827","n","nan","nan",33.0,"nan"
"cwnu1828","n","nan","nan",33.0,"nan"
"cwnu1829","n","nan","nan",33.0,"nan"
"cwnu183","n","nan","nan",48.0,"nan"
"cwnu1830","n","nan","nan",25.0,"nan"
"cwnu1831","n","nan","nan",33.0,"nan"
"cwnu1832","n","nan","nan",33.0,"nan"
"cwnu1833","n","nan","nan",33.0,"nan"
"cwnu1834","n","nan","nan",33.0,"nan"
"cwnu1835","n","nan","nan",25.0,"nan"
"cwnu1836","n","nan","nan",33.0,"nan"
"cwnu1837","n","nan","nan",25.0,"nan"
"cwnu1838","n","nan","nan",33.0,"nan"
"cwnu1839","n","nan","nan",25.0,"nan"
"cwnu1840","n","nan","nan",33.0,"nan"
"cwnu1841","n","nan","nan",72.0,"nan"
"cwnu1842","n","nan",50.0,33.0,"nan"
"cwnu1843","n","nan","nan",33.0,"nan"
"cwnu1844","n","nan","nan",33.0,"nan"
"cwnu1845","n","nan","nan",33.0,"nan"
"cwnu1846","n","nan","nan",25.0,"nan"
"cwnu1847","n","nan","nan",33.0,"nan"
"cwnu1848","n","nan","nan",25.0,"nan"
"cwnu1849","n","nan","nan",25.0,"nan"
"cwnu1850","n","nan","nan",36.0,"nan"
"cwnu1851","n","nan","nan",32.0,"nan"
"cwnu1852","n","nan","nan",25.0,"nan"
"cwnu1854","n","nan","nan",32.0,"nan"
"cwnu1855","n","nan","nan",25.0,"nan"
"cwnu1856","n","nan","nan",32.0,"nan"
"cwnu1857","n","nan",75.0,32.0,"nan"
"cwnu1858","n","nan","nan",32.0,"nan"
"cwnu1859","n","nan",40.0,32.0,"nan"
"cwnu1860","n","nan","nan",32.0,"nan"
"cwnu1861","n","nan","nan",32.0,"nan"
"cwnu1862","n","nan","nan",25.0,"nan"
"cwnu1863","n","nan","nan",32.0,"nan"
"cwnu1864","n","nan","nan",32.0,"nan"
"cwnu1865","n","nan","nan",32.0,"nan"
"cwnu1866","n","nan","nan",32.0,"nan"
"cwnu1867","n","nan",50.0,32.0,"nan"
"cwnu1868","n","nan","nan",32.0,"nan"
"cwnu1869","n","nan","nan",32.0,"nan"
"cwnu1870","n","nan","nan",32.0,"nan"
"cwnu1871","n","nan","nan",32.0,"nan"
"cwnu1872","n","nan","nan",25.0,"nan"
"cwnu1873","n","nan","nan",25.0,"nan"
"cwnu1874","n","nan","nan",25.0,"nan"
"cwnu1875","n","nan","nan",25.0,"nan"
"cwnu1876","n","nan","nan",32.0,"nan"
"cwnu1878","n","nan","nan",32.0,"nan"
"cwnu1879","n","nan","nan",25.0,"nan"
"cwnu1880","n","nan","nan",32.0,"nan"
"cwnu1881","n","nan","nan",25.0,"nan"
"cwnu1882","n","nan","nan",25.0,"nan"
"cwnu1883","n","nan","nan",32.0,"nan"
"cwnu1884","n","nan","nan",25.0,"nan"
"cwnu1885","n","nan","nan",32.0,"nan"
"cwnu1886","n","nan","nan",25.0,"nan"
"cwnu1887","n","nan","nan",30.0,"nan"
"cwnu1888","n","nan","nan",30.0,"nan"
"cwnu1889","n","nan","nan",30.0,"nan"
"cwnu189","n","nan","nan",57.0,"nan"
"cwnu1890","n","nan","nan",30.0,"nan"
"cwnu1891","n","nan","nan",25.0,"nan"
"cwnu1892","n","nan","nan",30.0,"nan"
"cwnu1893","n","nan","nan",25.0,"nan"
"cwnu1894","n","nan","nan",30.0,"nan"
"cwnu1895","n","nan","nan",33.0,"nan"
"cwnu1896","n","nan","nan",30.0,"nan"
"cwnu1897","n","nan",50.0,30.0,"nan"
"cwnu1898","n","nan","nan",30.0,"nan"
"cwnu1899","n","nan","nan",30.0,"nan"
"cwnu19","n","nan",50.0,56.0,"nan"
"cwnu1900","n","nan","nan",30.0,"nan"
"cwnu1901","n","nan","nan",25.0,"nan"
"cwnu1902","n","nan","nan",25.0,"nan"
"cwnu1903","n","nan","nan",40.0,"nan"
"cwnu1904","n","nan","nan",30.0,"nan"
"cwnu1905","n","nan","nan",25.0,"nan"
"cwnu1906","n","nan","nan",30.0,"nan"
"cwnu1907","n","nan","nan",30.0,"nan"
"cwnu1908","n","nan","nan",30.0,"nan"
"cwnu1909","n","nan","nan",30.0,"nan"
"cwnu1910","n","nan","nan",30.0,"nan"
"cwnu1911","n","nan","nan",25.0,"nan"
"cwnu1912","n","nan","nan",52.0,"nan"
"cwnu1913","n","nan","nan",25.0,"nan"
"cwnu1914","n","nan","nan",30.0,"nan"
"cwnu1915","n","nan","nan",30.0,"nan"
"cwnu1916","n","nan","nan",25.0,"nan"
"cwnu1917","n","nan","nan",25.0,"nan"
"cwnu1918","n","nan",75.0,30.0,"nan"
"cwnu1919","n","nan","nan",30.0,"nan"
"cwnu1920","n","nan",50.0,30.0,"nan"
"cwnu1921","n","nan","nan",30.0,"nan"
"cwnu1922","n","nan","nan",30.0,"nan"
"cwnu1923","n","nan","nan",25.0,"nan"
"cwnu1924","n","nan","nan",30.0,"nan"
"cwnu1925","n","nan","nan",30.0,"nan"
"cwnu1926","n","nan","nan",30.0,"nan"
"cwnu1927","n","nan","nan",30.0,"nan"
"cwnu1928","n","nan","nan",30.0,"nan"
"cwnu1929","n","nan","nan",30.0,"nan"
"cwnu193","n","nan",45.0,46.0,"nan"
"cwnu1930","n","nan","nan",30.0,"nan"
"cwnu1931","n","nan","nan",28.0,"nan"
"cwnu1932","n","nan","nan",28.0,"nan"
"cwnu1933","n","nan","nan",28.0,"nan"
"cwnu1934","n","nan","nan",28.0,"nan"
"cwnu1935","n","nan","nan",28.0,"nan"
"cwnu1936","n","nan","nan",28.0,"nan"
"cwnu1937","n","nan","nan",28.0,"nan"
"cwnu1938","n","nan",75.0,28.0,"nan"
"cwnu1939","n","nan","nan",28.0,"nan"
"cwnu1940","n","nan","nan",28.0,"nan"
"cwnu1941","n","nan","nan",28.0,"nan"
"cwnu1942","n","nan","nan",33.0,"nan"
"cwnu1943","n","b_-1.29","nan",100.0,"nan"
"cwnu1944","n","nan",200.0,142.0,"nan"
"cwnu1945","n","nan","nan",108.0,"nan"
"cwnu1946","n","nan","nan",65.0,"nan"
"cwnu1947","n","nan","nan",44.0,"nan"
"cwnu1948","n","nan","nan",41.0,"nan"
"cwnu1949","n","nan","nan",60.0,"nan"
"cwnu195","n","nan",60.0,54.0,"nan"
"cwnu1950","n","nan","nan",40.0,"nan"
"cwnu1951","n","nan","nan",38.0,"nan"
"cwnu1952","n","nan","nan",35.0,"nan"
"cwnu1953","n","nan","nan",38.0,"nan"
"cwnu1954","n","nan","nan",88.0,"nan"
"cwnu1955","n","nan","nan",83.0,"nan"
"cwnu1956","n","nan","nan",84.0,"nan"
"cwnu1957","n","nan","nan",25.0,"nan"
"cwnu1958","n","nan","nan",25.0,"nan"
"cwnu1959","n","nan","nan",25.0,"nan"
"cwnu1960","n","nan","nan",28.0,"nan"
"cwnu1961","n","nan","nan",28.0,"nan"
"cwnu1962","n","nan","nan",28.0,"nan"
"cwnu1963","n","nan","nan",25.0,"nan"
"cwnu1964","n","nan","nan",28.0,"nan"
"cwnu1965","n","nan","nan",28.0,"nan"
"cwnu1966","n","nan",75.0,54.0,"nan"
"cwnu1967","n","nan","nan",25.0,"nan"
"cwnu1968","n","nan","nan",28.0,"nan"
"cwnu1969","n","nan","nan",28.0,"nan"
"cwnu1970","n","nan","nan",28.0,"nan"
"cwnu1971","n","nan","nan",28.0,"nan"
"cwnu1972","n","nan","nan",28.0,"nan"
"cwnu1973","n","nan","nan",28.0,"nan"
"cwnu1974","n","nan","nan",25.0,"nan"
"cwnu1975","n","nan","nan",40.0,"nan"
"cwnu1976","n","nan","nan",28.0,"nan"
"cwnu1977","n","nan","nan",25.0,"nan"
"cwnu1978","n","nan","nan",28.0,"nan"
"cwnu1979","n","nan","nan",28.0,"nan"
"cwnu1980","n","nan","nan",28.0,"nan"
"cwnu1981","n","nan","nan",25.0,"nan"
"cwnu1982","n","nan","nan",28.0,"nan"
"cwnu1983","n","nan",40.0,28.0,"nan"
"cwnu1984","n","nan","nan",25.0,"nan"
"cwnu1985","n","nan","nan",25.0,"nan"
"cwnu1986","n","nan","nan",25.0,"nan"
"cwnu1987","n","nan","nan",28.0,"nan"
"cwnu1988","n","nan","nan",28.0,"nan"
"cwnu1989","n","nan","nan",25.0,"nan"
"cwnu199","n","nan","nan",68.0,"nan"
"cwnu1990","n","nan","nan",25.0,"nan"
"cwnu1991","n","nan","nan",28.0,"nan"
"cwnu1992","n","nan","nan",25.0,"nan"
"cwnu1993","n","nan","nan",28.0,"nan"
"cwnu1994","n","nan","nan",28.0,"nan"
"cwnu1995","n","nan","nan",28.0,"nan"
"cwnu1996","n","nan","nan",25.0,"nan"
"cwnu1997","n","nan","nan",28.0,"nan"
"cwnu1998","n","nan","nan",28.0,"nan"
"cwnu1999","n","nan","nan",28.0,"nan"
"cwnu2","n","nan","nan",38.0,"nan"
"cwnu20","n","nan",65.0,64.0,"nan"
"cwnu200","n","nan",50.0,76.0,"nan"
"cwnu2000","n","nan","nan",25.0,"nan"
"cwnu2001","n","nan","nan",25.0,"nan"
"cwnu2002","n","nan",75.0,27.0,"nan"
"cwnu2003","n","nan","nan",27.0,"nan"
"cwnu2004","n","nan",50.0,49.0,"nan"
"cwnu2005","n","nan","nan",27.0,"nan"
"cwnu2006","n","nan","nan",27.0,"nan"
"cwnu2007","n","nan","nan",27.0,"nan"
"cwnu2008","n","nan","nan",35.0,"nan"
"cwnu2009","n","nan","nan",25.0,"nan"
"cwnu201","n","nan",50.0,49.0,"nan"
"cwnu2010","n","nan","nan",27.0,"nan"
"cwnu2011","n","nan","nan",27.0,"nan"
"cwnu2012","n","nan",75.0,28.0,"nan"
"cwnu2013","n","nan","nan",27.0,"nan"
"cwnu2014","n","nan","nan",27.0,"nan"
"cwnu2015","n","nan","nan",25.0,"nan"
"cwnu2016","n","nan","nan",27.0,"nan"
"cwnu2017","n","nan",50.0,27.0,"nan"
"cwnu2018","n","nan","nan",27.0,"nan"
"cwnu2019","n","nan","nan",27.0,"nan"
"cwnu202","n","nan",45.0,67.0,"nan"
"cwnu2020","n","nan","nan",25.0,"nan"
"cwnu2021","n","nan","nan",27.0,"nan"
"cwnu2022","n","nan","nan",27.0,"nan"
"cwnu2023","n","nan","nan",25.0,"nan"
"cwnu2024","n","nan","nan",27.0,"nan"
"cwnu2025","n","nan","nan",25.0,"nan"
"cwnu2026","n","nan","nan",25.0,"nan"
"cwnu2028","n","nan",50.0,27.0,"nan"
"cwnu2029","n","nan","nan",25.0,"nan"
"cwnu203","n","nan","nan",91.0,"nan"
"cwnu2030","n","nan","nan",25.0,"nan"
"cwnu2031","n","nan","nan",25.0,"nan"
"cwnu2032","n","nan","nan",27.0,"nan"
"cwnu2033","n","nan","nan",27.0,"nan"
"cwnu2034","n","nan","nan",27.0,"nan"
"cwnu2035","n","nan","nan",25.0,"nan"
"cwnu2036","n","nan","nan",27.0,"nan"
"cwnu2037","n","nan","nan",27.0,"nan"
"cwnu2038","n","nan","nan",27.0,"nan"
"cwnu2039","n","nan","nan",27.0,"nan"
"cwnu204","n","nan","nan",68.0,"nan"
"cwnu2040","n","nan","nan",25.0,"nan"
"cwnu2041","n","nan","nan",25.0,"nan"
"cwnu2042","n","nan","nan",27.0,"nan"
"cwnu2043","n","nan","nan",27.0,"nan"
"cwnu2045","n","nan","nan",27.0,"nan"
"cwnu2046","n","nan","nan",27.0,"nan"
"cwnu2047","n","nan","nan",25.0,"nan"
"cwnu2048","n","nan","nan",25.0,"nan"
"cwnu2049","n","nan","nan",27.0,"nan"
"cwnu205","n","nan",75.0,112.0,"nan"
"cwnu2050","n","nan","nan",25.0,"nan"
"cwnu2051","n","nan","nan",27.0,"nan"
"cwnu2052","n","nan","nan",25.0,"nan"
"cwnu2053","n","nan","nan",25.0,"nan"
"cwnu2054","n","nan","nan",25.0,"nan"
"cwnu2055","n","nan","nan",27.0,"nan"
"cwnu2056","n","nan","nan",27.0,"nan"
"cwnu2057","n","nan","nan",27.0,"nan"
"cwnu2058","n","nan","nan",27.0,"nan"
"cwnu2059","n","nan","nan",25.0,"nan"
"cwnu206","n","nan","nan",51.0,"nan"
"cwnu2060","n","nan","nan",25.0,"nan"
"cwnu2061","n","nan","nan",25.0,"nan"
"cwnu2062","n","nan","nan",25.0,"nan"
"cwnu2063","n","nan","nan",32.0,"nan"
"cwnu2064","n","nan","nan",25.0,"nan"
"cwnu2065","n","nan",60.0,25.0,"nan"
"cwnu2066","n","nan","nan",25.0,"nan"
"cwnu2067","n","nan","nan",25.0,"nan"
"cwnu2068","n","nan","nan",25.0,"nan"
"cwnu2069","n","nan","nan",25.0,"nan"
"cwnu207","n","nan","nan",65.0,"nan"
"cwnu2070","n","nan","nan",25.0,"nan"
"cwnu2071","n","nan","nan",25.0,"nan"
"cwnu2072","n","nan","nan",25.0,"nan"
"cwnu2073","n","nan","nan",25.0,"nan"
"cwnu2074","n","nan","nan",25.0,"nan"
"cwnu2075","n","nan","nan",25.0,"nan"
"cwnu2076","n","nan","nan",25.0,"nan"
"cwnu2077","n","nan","nan",25.0,"nan"
"cwnu2079","n","nan","nan",25.0,"nan"
"cwnu2080","n","nan","nan",25.0,"nan"
"cwnu2081","n","nan","nan",25.0,"nan"
"cwnu2082","n","nan","nan",25.0,"nan"
"cwnu2083","n","nan","nan",25.0,"nan"
"cwnu2084","n","nan","nan",25.0,"nan"
"cwnu2085","n","nan","nan",25.0,"nan"
"cwnu2086","n","nan","nan",25.0,"nan"
"cwnu2087","n","nan","nan",25.0,"nan"
"cwnu2088","n","nan","nan",25.0,"nan"
"cwnu2089","n","nan",100.0,54.0,"nan"
"cwnu209","n","nan","nan",51.0,"nan"
"cwnu2090","n","nan","nan",25.0,"nan"
"cwnu2091","n","nan","nan",36.0,"nan"
"cwnu2092","n","nan","nan",25.0,"nan"
"cwnu2093","n","nan","nan",25.0,"nan"
"cwnu2094","n","nan","nan",25.0,"nan"
"cwnu2095","n","nan","nan",48.0,"nan"
"cwnu2096","n","nan",50.0,25.0,"nan"
"cwnu2097","n","nan","nan",25.0,"nan"
"cwnu2098","n","nan","nan",25.0,"nan"
"cwnu2099","n","nan","nan",25.0,"nan"
"cwnu2100","n","nan","nan",25.0,"nan"
"cwnu2101","n","nan","nan",25.0,"nan"
"cwnu2102","n","nan","nan",25.0,"nan"
"cwnu2103","n","nan",50.0,25.0,"nan"
"cwnu2104","n","nan","nan",25.0,"nan"
"cwnu2105","n","nan","nan",25.0,"nan"
"cwnu2106","n","nan","nan",25.0,"nan"
"cwnu2107","n","nan","nan",25.0,"nan"
"cwnu2108","n","nan","nan",25.0,"nan"
"cwnu2109","n","nan","nan",25.0,"nan"
"cwnu211","n","nan","nan",65.0,"nan"
"cwnu2110","n","nan","nan",25.0,"nan"
"cwnu2111","n","nan","nan",25.0,"nan"
"cwnu2112","n","nan","nan",25.0,"nan"
"cwnu2113","n","nan","nan",25.0,"nan"
"cwnu2114","n","nan","nan",25.0,"nan"
"cwnu2115","n","nan","nan",25.0,"nan"
"cwnu2116","n","nan","nan",25.0,"nan"
"cwnu2117","n","nan","nan",25.0,"nan"
"cwnu2118","n","nan","nan",25.0,"nan"
"cwnu2119","n","nan","nan",25.0,"nan"
"cwnu212","n","nan",50.0,80.0,"nan"
"cwnu2120","n","nan","nan",25.0,"nan"
"cwnu2121","n","nan","nan",25.0,"nan"
"cwnu2122","n","nan","nan",25.0,"nan"
"cwnu2124","n","nan","nan",25.0,"nan"
"cwnu2125","n","nan","nan",25.0,"nan"
"cwnu2126","n","nan","nan",25.0,"nan"
"cwnu2127","n","nan","nan",25.0,"nan"
"cwnu2128","n","nan","nan",25.0,"nan"
"cwnu2129","n","nan","nan",25.0,"nan"
"cwnu213","n","nan","nan",73.0,"nan"
"cwnu2130","n","nan","nan",43.0,"nan"
"cwnu2131","n","nan","nan",25.0,"nan"
"cwnu2132","n","nan","nan",25.0,"nan"
"cwnu2133","n","nan","nan",25.0,"nan"
"cwnu2134","n","nan","nan",25.0,"nan"
"cwnu2135","n","nan","nan",25.0,"nan"
"cwnu2136","n","nan",75.0,25.0,"nan"
"cwnu2137","n","nan","nan",25.0,"nan"
"cwnu2138","n","nan","nan",25.0,"nan"
"cwnu2139","n","nan","nan",25.0,"nan"
"cwnu214","n","nan","nan",113.0,"nan"
"cwnu2140","n","nan","nan",25.0,"nan"
"cwnu2141","n","nan","nan",25.0,"nan"
"cwnu2142","n","nan","nan",25.0,"nan"
"cwnu2143","n","nan","nan",25.0,"nan"
"cwnu2144","n","nan","nan",25.0,"nan"
"cwnu2145","n","nan","nan",25.0,"nan"
"cwnu2146","n","nan","nan",25.0,"nan"
"cwnu2147","n","nan","nan",25.0,"nan"
"cwnu2148","n","nan","nan",25.0,"nan"
"cwnu2149","n","nan","nan",25.0,"nan"
"cwnu215","n","nan",50.0,49.0,"nan"
"cwnu2150","n","nan","nan",25.0,"nan"
"cwnu2151","n","nan","nan",25.0,"nan"
"cwnu2152","n","nan","nan",25.0,"nan"
"cwnu2153","n","nan","nan",25.0,"nan"
"cwnu2154","n","nan","nan",25.0,"nan"
"cwnu2155","n","nan","nan",25.0,"nan"
"cwnu2157","n","nan","nan",25.0,"nan"
"cwnu2158","n","nan","nan",32.0,"nan"
"cwnu2159","n","nan","nan",25.0,"nan"
"cwnu2160","n","nan","nan",25.0,"nan"
"cwnu2161","n","nan","nan",25.0,"nan"
"cwnu2162","n","nan","nan",25.0,"nan"
"cwnu2163","n","nan","nan",25.0,"nan"
"cwnu2164","n","nan","nan",25.0,"nan"
"cwnu2165","n","nan","nan",25.0,"nan"
"cwnu2166","n","nan","nan",25.0,"nan"
"cwnu2167","n","nan","nan",25.0,"nan"
"cwnu2168","n","nan","nan",25.0,"nan"
"cwnu2169","n","nan","nan",25.0,"nan"
"cwnu217","n","nan","nan",33.0,"nan"
"cwnu2170","n","nan","nan",25.0,"nan"
"cwnu2171","n","nan","nan",25.0,"nan"
"cwnu2172","n","nan","nan",25.0,"nan"
"cwnu2173","n","nan","nan",25.0,"nan"
"cwnu2174","n","nan","nan",25.0,"nan"
"cwnu2175","n","nan","nan",25.0,"nan"
"cwnu2176","n","nan","nan",25.0,"nan"
"cwnu2177","n","nan","nan",25.0,"nan"
"cwnu2178","n","nan",75.0,25.0,"nan"
"cwnu2179","n","nan","nan",25.0,"nan"
"cwnu218","n","nan",70.0,148.0,"nan"
"cwnu2180","n","nan","nan",25.0,"nan"
"cwnu2181","n","nan","nan",25.0,"nan"
"cwnu2182","n","nan","nan",25.0,"nan"
"cwnu2184","n","nan","nan",25.0,"nan"
"cwnu2185","n","nan","nan",25.0,"nan"
"cwnu2186","n","nan","nan",25.0,"nan"
"cwnu2187","n","nan","nan",25.0,"nan"
"cwnu2188","n","nan","nan",25.0,"nan"
"cwnu2189","n","nan","nan",25.0,"nan"
"cwnu2190","n","nan","nan",25.0,"nan"
"cwnu2191","n","nan","nan",25.0,"nan"
"cwnu2192","n","nan","nan",25.0,"nan"
"cwnu2193","n","nan",50.0,25.0,"nan"
"cwnu2194","n","nan","nan",25.0,"nan"
"cwnu2195","n","nan","nan",25.0,"nan"
"cwnu2196","n","nan","nan",25.0,"nan"
"cwnu2197","n","nan","nan",25.0,"nan"
"cwnu2198","n","nan","nan",25.0,"nan"
"cwnu2199","n","nan","nan",25.0,"nan"
"cwnu22","n","nan","nan",78.0,"nan"
"cwnu2200","n","nan","nan",25.0,"nan"
"cwnu2201","n","nan","nan",25.0,"nan"
"cwnu2202","n","nan","nan",25.0,"nan"
"cwnu2203","n","nan","nan",25.0,"nan"
"cwnu2204","n","nan","nan",25.0,"nan"
"cwnu2205","n","nan","nan",25.0,"nan"
"cwnu2206","n","nan","nan",25.0,"nan"
"cwnu2207","n","nan","nan",25.0,"nan"
"cwnu2208","n","nan","nan",25.0,"nan"
"cwnu2209","n","nan","nan",30.0,"nan"
"cwnu221","n","nan","nan",84.0,"nan"
"cwnu2210","n","nan",50.0,25.0,"nan"
"cwnu2211","n","nan","nan",25.0,"nan"
"cwnu2212","n","nan","nan",25.0,"nan"
"cwnu2213","n","nan","nan",25.0,"nan"
"cwnu2214","n","nan","nan",25.0,"nan"
"cwnu2215","n","nan","nan",25.0,"nan"
"cwnu2216","n","nan",60.0,297.0,"nan"
"cwnu2217","n","nan","nan",25.0,"nan"
"cwnu2218","n","nan","nan",25.0,"nan"
"cwnu2219","n","nan","nan",25.0,"nan"
"cwnu222","n","nan","nan",59.0,"nan"
"cwnu2220","n","nan","nan",25.0,"nan"
"cwnu2221","n","nan","nan",36.0,"nan"
"cwnu2222","n","nan","nan",25.0,"nan"
"cwnu2223","n","nan","nan",243.0,"nan"
"cwnu2224","n","nan","nan",25.0,"nan"
"cwnu2225","n","nan","nan",25.0,"nan"
"cwnu2226","n","nan","nan",25.0,"nan"
"cwnu2227","n","nan","nan",225.0,"nan"
"cwnu2228","n","nan","nan",224.0,"nan"
"cwnu2229","n","nan","nan",30.0,"nan"
"cwnu223","n","nan",100.0,48.0,"nan"
"cwnu2230","n","nan","nan",25.0,"nan"
"cwnu2231","n","nan","nan",25.0,"nan"
"cwnu2232","n","nan",75.0,212.0,"nan"
"cwnu2233","n","nan","nan",25.0,"nan"
"cwnu2234","n","nan","nan",25.0,"nan"
"cwnu2235","n","nan","nan",25.0,"nan"
"cwnu2238","n","nan","nan",25.0,"nan"
"cwnu2239","n","nan","nan",25.0,"nan"
"cwnu224","n","nan",75.0,124.0,"nan"
"cwnu2240","n","nan","nan",25.0,"nan"
"cwnu2241","n","nan","nan",25.0,"nan"
"cwnu2242","n","nan","nan",25.0,"nan"
"cwnu2243","n","nan","nan",198.0,"nan"
"cwnu2244","n","nan","nan",25.0,"nan"
"cwnu2245","n","nan","nan",25.0,"nan"
"cwnu2246","n","nan",50.0,25.0,"nan"
"cwnu2247","n","nan","nan",25.0,"nan"
"cwnu2248","n","nan","nan",25.0,"nan"
"cwnu2249","n","nan","nan",25.0,"nan"
"cwnu2250","n","nan","nan",25.0,"nan"
"cwnu2251","n","nan","nan",25.0,"nan"
"cwnu2252","n","nan","nan",25.0,"nan"
"cwnu2253","n","nan","nan",25.0,"nan"
"cwnu2254","n","nan","nan",25.0,"nan"
"cwnu2255","n","nan","nan",25.0,"nan"
"cwnu2256","n","nan","nan",25.0,"nan"
"cwnu2257","n","nan","nan",25.0,"nan"
"cwnu2258","n","nan","nan",209.0,"nan"
"cwnu2259","n","nan","nan",227.0,"nan"
"cwnu226","n","nan","nan",49.0,"nan"
"cwnu2260","n","nan","nan",25.0,"nan"
"cwnu2261","n","nan","nan",158.0,"nan"
"cwnu2262","n","nan",65.0,25.0,"nan"
"cwnu2264","n","nan","nan",25.0,"nan"
"cwnu2265","n","nan","nan",150.0,"nan"
"cwnu2266","n","nan","nan",150.0,"nan"
"cwnu2267","n","nan","nan",25.0,"nan"
"cwnu2268","n","nan","nan",145.0,"nan"
"cwnu2269","n","nan","nan",160.0,"nan"
"cwnu2270","n","nan","nan",172.0,"nan"
"cwnu2271","n","nan","nan",25.0,"nan"
"cwnu2272","n","nan","nan",25.0,"nan"
"cwnu2273","n","nan","nan",25.0,"nan"
"cwnu2274","n","nan","nan",134.0,"nan"
"cwnu2276","n","nan","nan",131.0,"nan"
"cwnu2277","n","nan",75.0,129.0,"nan"
"cwnu2278","n","nan","nan",25.0,"nan"
"cwnu2279","n","nan","nan",129.0,"nan"
"cwnu2280","n","nan","nan",25.0,"nan"
"cwnu2281","n","nan","nan",136.0,"nan"
"cwnu2282","n","nan","nan",126.0,"nan"
"cwnu2283","n","nan","nan",123.0,"nan"
"cwnu2284","n","nan",100.0,134.0,"nan"
"cwnu2285","n","nan","nan",123.0,"nan"
"cwnu2286","n","nan",80.0,123.0,"nan"
"cwnu2287","n","nan","nan",25.0,"nan"
"cwnu2288","n","nan","nan",123.0,"nan"
"cwnu2289","n","nan","nan",25.0,"nan"
"cwnu229","n","nan","nan",83.0,"nan"
"cwnu2290","n","nan","nan",25.0,"nan"
"cwnu2291","n","nan","nan",120.0,"nan"
"cwnu2292","n","nan","nan",120.0,"nan"
"cwnu2293","n","nan",75.0,118.0,"nan"
"cwnu2294","n","nan","nan",25.0,"nan"
"cwnu2295","n","nan","nan",25.0,"nan"
"cwnu2296","n","nan","nan",25.0,"nan"
"cwnu2297","n","nan","nan",116.0,"nan"
"cwnu2298","n","nan","nan",25.0,"nan"
"cwnu2299","n","nan","nan",25.0,"nan"
"cwnu23","n","nan",75.0,92.0,"nan"
"cwnu230","n","nan","nan",56.0,"nan"
"cwnu2300","n","nan","nan",25.0,"nan"
"cwnu2301","n","nan","nan",25.0,"nan"
"cwnu2302","n","nan","nan",25.0,"nan"
"cwnu2303","n","nan","nan",113.0,"nan"
"cwnu2304","n","nan",110.0,110.0,"nan"
"cwnu2306","n","nan","nan",25.0,"nan"
"cwnu2307","n","nan","nan",25.0,"nan"
"cwnu2308","n","nan","nan",107.0,"nan"
"cwnu2309","n","nan","nan",115.0,"nan"
"cwnu2310","n","nan",50.0,107.0,"nan"
"cwnu2311","n","nan","nan",25.0,"nan"
"cwnu2312","n","nan","nan",105.0,"nan"
"cwnu2313","n","nan","nan",25.0,"nan"
"cwnu2314","n","nan",50.0,105.0,"nan"
"cwnu2316","n","nan","nan",102.0,"nan"
"cwnu2317","n","nan","nan",110.0,"nan"
"cwnu2318","n","nan","nan",25.0,"nan"
"cwnu2319","n","nan","nan",102.0,"nan"
"cwnu232","n","nan","nan",158.0,"nan"
"cwnu2320","n","nan","nan",100.0,"nan"
"cwnu2321","n","nan","nan",100.0,"nan"
"cwnu2322","n","nan","nan",25.0,"nan"
"cwnu2323","n","nan","nan",99.0,"nan"
"cwnu2324","n","nan","nan",97.0,"nan"
"cwnu2325","n","nan","nan",97.0,"nan"
"cwnu2326","n","nan","nan",97.0,"nan"
"cwnu2327","n","nan","nan",97.0,"nan"
"cwnu2328","n","nan","nan",97.0,"nan"
"cwnu2329","n","nan","nan",25.0,"nan"
"cwnu2330","n","nan",50.0,96.0,"nan"
"cwnu2331","n","nan","nan",102.0,"nan"
"cwnu2332","n","nan",50.0,96.0,"nan"
"cwnu2333","n","nan","nan",96.0,"nan"
"cwnu2334","n","nan","nan",27.0,"nan"
"cwnu2335","n","nan","nan",102.0,"nan"
"cwnu2336","n","nan","nan",94.0,"nan"
"cwnu2337","n","nan",60.0,25.0,"nan"
"cwnu2338","n","nan","nan",94.0,"nan"
"cwnu2339","n","nan","nan",94.0,"nan"
"cwnu234","n","nan","nan",72.0,"nan"
"cwnu2340","n","nan","nan",94.0,"nan"
"cwnu2342","n","nan","nan",94.0,"nan"
"cwnu2343","n","nan","nan",92.0,"nan"
"cwnu2344","n","nan","nan",92.0,"nan"
"cwnu2346","n","nan","nan",92.0,"nan"
"cwnu2347","n","nan","nan",92.0,"nan"
"cwnu2348","n","nan","nan",25.0,"nan"
"cwnu2349","n","nan","nan",92.0,"nan"
"cwnu2350","n","nan","nan",92.0,"nan"
"cwnu2351","n","nan","nan",25.0,"nan"
"cwnu2352","n","nan",50.0,91.0,"nan"
"cwnu2353","n","nan","nan",25.0,"nan"
"cwnu2354","n","nan","nan",25.0,"nan"
"cwnu2355","n","nan","nan",25.0,"nan"
"cwnu2356","n","nan","nan",89.0,"nan"
"cwnu2357","n","nan","nan",25.0,"nan"
"cwnu2358","n","nan","nan",25.0,"nan"
"cwnu2359","n","nan","nan",89.0,"nan"
"cwnu236","n","nan","nan",97.0,"nan"
"cwnu2360","n","nan","nan",97.0,"nan"
"cwnu2361","n","nan","nan",25.0,"nan"
"cwnu2362","n","nan","nan",88.0,"nan"
"cwnu2363","n","nan","nan",88.0,"nan"
"cwnu2364","n","nan","nan",88.0,"nan"
"cwnu2365","n","nan","nan",25.0,"nan"
"cwnu2366","n","nan",75.0,67.0,"nan"
"cwnu2367","n","nan","nan",25.0,"nan"
"cwnu2368","n","nan","nan",86.0,"nan"
"cwnu2369","n","nan","nan",25.0,"nan"
"cwnu2370","n","nan","nan",84.0,"nan"
"cwnu2371","n","nan","nan",84.0,"nan"
"cwnu2372","n","nan","nan",102.0,"nan"
"cwnu2373","n","nan","nan",83.0,"nan"
"cwnu2374","n","nan","nan",96.0,"nan"
"cwnu2375","n","nan","nan",83.0,"nan"
"cwnu2376","n","nan","nan",25.0,"nan"
"cwnu2377","n","nan",80.0,83.0,"nan"
"cwnu2378","n","nan","nan",83.0,"nan"
"cwnu2379","n","nan","nan",25.0,"nan"
"cwnu2380","n","nan","nan",81.0,"nan"
"cwnu2381","n","nan","nan",81.0,"nan"
"cwnu2382","n","nan","nan",25.0,"nan"
"cwnu2383","n","nan","nan",81.0,"nan"
"cwnu2385","n","nan","nan",32.0,"nan"
"cwnu2386","n","nan","nan",81.0,"nan"
"cwnu2387","n","nan","nan",81.0,"nan"
"cwnu2388","n","nan","nan",25.0,"nan"
"cwnu2389","n","nan","nan",80.0,"nan"
"cwnu2390","n","nan",50.0,80.0,"nan"
"cwnu2391","n","nan","nan",25.0,"nan"
"cwnu2392","n","nan","nan",80.0,"nan"
"cwnu2393","n","nan","nan",78.0,"nan"
"cwnu2394","n","nan","nan",78.0,"nan"
"cwnu2395","n","nan","nan",78.0,"nan"
"cwnu2396","n","nan","nan",78.0,"nan"
"cwnu2397","n","nan","nan",76.0,"nan"
"cwnu2398","n","nan","nan",25.0,"nan"
"cwnu2399","n","nan","nan",91.0,"nan"
"cwnu24","n","nan","nan",54.0,"nan"
"cwnu240","n","nan","nan",49.0,"nan"
"cwnu2400","n","nan","nan",76.0,"nan"
"cwnu2401","n","nan","nan",25.0,"nan"
"cwnu2402","n","nan","nan",25.0,"nan"
"cwnu2403","n","nan","nan",25.0,"nan"
"cwnu2404","n","nan",60.0,76.0,"nan"
"cwnu2405","n","nan","nan",76.0,"nan"
"cwnu2406","n","nan","nan",75.0,"nan"
"cwnu2407","n","nan","nan",75.0,"nan"
"cwnu2408","n","nan","nan",25.0,"nan"
"cwnu2409","n","nan","nan",25.0,"nan"
"cwnu2410","n","nan","nan",75.0,"nan"
"cwnu2411","n","nan","nan",75.0,"nan"
"cwnu2412","n","nan","nan",75.0,"nan"
"cwnu2413","n","nan","nan",75.0,"nan"
"cwnu2414","n","nan","nan",75.0,"nan"
"cwnu2415","n","nan",100.0,75.0,"nan"
"cwnu2416","n","nan","nan",100.0,"nan"
"cwnu2417","n","nan","nan",73.0,"nan"
"cwnu2418","n","nan","nan",73.0,"nan"
"cwnu2419","n","nan",60.0,73.0,"nan"
"cwnu2420","n","nan","nan",25.0,"nan"
"cwnu2421","n","nan","nan",94.0,"nan"
"cwnu2422","n","nan","nan",86.0,"nan"
"cwnu2423","n","nan",100.0,73.0,"nan"
"cwnu2424","n","nan","nan",73.0,"nan"
"cwnu2425","n","nan","nan",72.0,"nan"
"cwnu2426","n","nan","nan",25.0,"nan"
"cwnu2427","n","nan","nan",25.0,"nan"
"cwnu2428","n","nan","nan",72.0,"nan"
"cwnu2429","n","nan","nan",72.0,"nan"
"cwnu2430","n","nan","nan",72.0,"nan"
"cwnu2431","n","nan",50.0,72.0,"nan"
"cwnu2432","n","nan","nan",72.0,"nan"
"cwnu2433","n","nan","nan",72.0,"nan"
"cwnu2434","n","nan","nan",25.0,"nan"
"cwnu2435","n","nan","nan",70.0,"nan"
"cwnu2436","n","nan","nan",70.0,"nan"
"cwnu2437","n","nan","nan",70.0,"nan"
"cwnu2438","n","nan","nan",25.0,"nan"
"cwnu2439","n","nan","nan",70.0,"nan"
"cwnu2441","n","nan","nan",25.0,"nan"
"cwnu2442","n","nan","nan",70.0,"nan"
"cwnu2443","n","nan","nan",25.0,"nan"
"cwnu2444","n","nan","nan",70.0,"nan"
"cwnu2445","n","nan","nan",70.0,"nan"
"cwnu2446","n","nan",50.0,70.0,"nan"
"cwnu2447","n","nan","nan",70.0,"nan"
"cwnu2448","n","nan","nan",68.0,"nan"
"cwnu2449","n","nan","nan",68.0,"nan"
"cwnu2450","n","nan","nan",68.0,"nan"
"cwnu2451","n","nan","nan",68.0,"nan"
"cwnu2452","n","nan",60.0,68.0,"nan"
"cwnu2453","n","nan","nan",68.0,"nan"
"cwnu2454","n","nan","nan",67.0,"nan"
"cwnu2455","n","nan","nan",67.0,"nan"
"cwnu2456","n","nan","nan",67.0,"nan"
"cwnu2457","n","nan","nan",67.0,"nan"
"cwnu2458","n","nan","nan",67.0,"nan"
"cwnu2459","n","nan","nan",67.0,"nan"
"cwnu246","n","nan",50.0,52.0,"nan"
"cwnu2460","n","nan","nan",67.0,"nan"
"cwnu2461","n","nan","nan",67.0,"nan"
"cwnu2462","n","nan","nan",67.0,"nan"
"cwnu2463","n","nan","nan",25.0,"nan"
"cwnu2464","n","nan","nan",65.0,"nan"
"cwnu2465","n","nan","nan",25.0,"nan"
"cwnu2466","n","nan","nan",75.0,"nan"
"cwnu2467","n","nan",80.0,217.0,"nan"
"cwnu2468","n","nan","nan",65.0,"nan"
"cwnu2469","n","nan","nan",25.0,"nan"
"cwnu2470","n","nan","nan",65.0,"nan"
"cwnu2472","n","nan",50.0,65.0,"nan"
"cwnu2473","n","nan","nan",25.0,"nan"
"cwnu2474","n","nan","nan",256.0,"nan"
"cwnu2475","n","nan","nan",64.0,"nan"
"cwnu2476","n","nan","nan",64.0,"nan"
"cwnu2477","n","nan","nan",65.0,"nan"
"cwnu2478","n","nan",50.0,64.0,"nan"
"cwnu2479","n","nan","nan",64.0,"nan"
"cwnu2480","n","nan","nan",64.0,"nan"
"cwnu2481","n","nan",60.0,62.0,"nan"
"cwnu2482","n","nan","nan",25.0,"nan"
"cwnu2483","n","nan","nan",62.0,"nan"
"cwnu2484","n","nan","nan",25.0,"nan"
"cwnu2485","n","nan","nan",62.0,"nan"
"cwnu2486","n","nan","nan",62.0,"nan"
"cwnu2487","n","nan",50.0,62.0,"nan"
"cwnu2488","n","nan","nan",62.0,"nan"
"cwnu2489","n","nan","nan",60.0,"nan"
"cwnu249","n","nan","nan",59.0,"nan"
"cwnu2490","n","nan","nan",25.0,"nan"
"cwnu2491","n","nan","nan",72.0,"nan"
"cwnu2492","n","nan","nan",25.0,"nan"
"cwnu2494","n","nan","nan",60.0,"nan"
"cwnu2495","n","nan","nan",60.0,"nan"
"cwnu2496","n","nan","nan",193.0,"nan"
"cwnu2497","n","nan","nan",25.0,"nan"
"cwnu2498","n","nan","nan",60.0,"nan"
"cwnu2499","n","nan",50.0,59.0,"nan"
"cwnu25","n","nan","nan",49.0,"nan"
"cwnu2500","n","nan",45.0,70.0,"nan"
"cwnu2502","n","nan","nan",59.0,"nan"
"cwnu2503","n","nan","nan",102.0,"nan"
"cwnu2504","n","nan","nan",25.0,"nan"
"cwnu2505","n","nan","nan",145.0,"nan"
"cwnu2506","n","nan","nan",59.0,"nan"
"cwnu2507","n","nan","nan",59.0,"nan"
"cwnu2508","n","nan","nan",59.0,"nan"
"cwnu2509","n","nan","nan",59.0,"nan"
"cwnu2510","n","nan","nan",59.0,"nan"
"cwnu2511","n","nan","nan",59.0,"nan"
"cwnu2512","n","nan","nan",59.0,"nan"
"cwnu2513","n","nan","nan",59.0,"nan"
"cwnu2514","n","nan","nan",59.0,"nan"
"cwnu2515","n","nan","nan",25.0,"nan"
"cwnu2516","n","nan","nan",57.0,"nan"
"cwnu2517","n","nan",40.0,57.0,"nan"
"cwnu2518","n","nan","nan",25.0,"nan"
"cwnu2519","n","nan","nan",57.0,"nan"
"cwnu252","n","nan","nan",60.0,"nan"
"cwnu2520","n","nan","nan",57.0,"nan"
"cwnu2521","n","nan","nan",57.0,"nan"
"cwnu2522","n","nan","nan",57.0,"nan"
"cwnu2523","n","nan",50.0,57.0,"nan"
"cwnu2524","n","nan","nan",57.0,"nan"
"cwnu2525","n","nan","nan",57.0,"nan"
"cwnu2526","n","nan","nan",57.0,"nan"
"cwnu2527","n","nan","nan",144.0,"nan"
"cwnu2528","n","nan","nan",57.0,"nan"
"cwnu2529","n","nan",75.0,56.0,"nan"
"cwnu2530","n","nan","nan",142.0,"nan"
"cwnu2531","n","nan","nan",56.0,"nan"
"cwnu2532","n","nan","nan",25.0,"nan"
"cwnu2533","n","nan","nan",25.0,"nan"
"cwnu2534","n","nan","nan",67.0,"nan"
"cwnu2535","n","nan","nan",169.0,"nan"
"cwnu2536","n","nan","nan",56.0,"nan"
"cwnu2537","n","nan","nan",56.0,"nan"
"cwnu2538","n","nan","nan",54.0,"nan"
"cwnu2539","n","nan","nan",54.0,"nan"
"cwnu2540","n","nan","nan",54.0,"nan"
"cwnu2541","n","nan","nan",54.0,"nan"
"cwnu2542","n","nan","nan",54.0,"nan"
"cwnu2543","n","nan","nan",132.0,"nan"
"cwnu2544","n","nan","nan",54.0,"nan"
"cwnu2545","n","nan","nan",54.0,"nan"
"cwnu2546","n","nan","nan",131.0,"nan"
"cwnu2547","n","nan","nan",54.0,"nan"
"cwnu2548","n","nan","nan",54.0,"nan"
"cwnu2549","n","nan","nan",54.0,"nan"
"cwnu255","n","nan",50.0,64.0,"nan"
"cwnu2550","n","nan","nan",54.0,"nan"
"cwnu2551","n","nan","nan",70.0,"nan"
"cwnu2552","n","nan","nan",54.0,"nan"
"cwnu2553","n","nan","nan",54.0,"nan"
"cwnu2555","n","nan","nan",52.0,"nan"
"cwnu2556","n","nan",50.0,52.0,"nan"
"cwnu2557","n","nan","nan",126.0,"nan"
"cwnu2558","n","nan",75.0,124.0,"nan"
"cwnu2559","n","nan","nan",52.0,"nan"
"cwnu2560","n","nan",200.0,124.0,"nan"
"cwnu2561","n","nan","nan",52.0,"nan"
"cwnu2562","n","nan","nan",52.0,"nan"
"cwnu2563","n","nan","nan",52.0,"nan"
"cwnu2564","n","nan","nan",52.0,"nan"
"cwnu2565","n","nan","nan",52.0,"nan"
"cwnu2566","n","nan","nan",52.0,"nan"
"cwnu2567","n","nan","nan",52.0,"nan"
"cwnu2568","n","nan","nan",121.0,"nan"
"cwnu2569","n","nan","nan",52.0,"nan"
"cwnu2570","n","nan","nan",52.0,"nan"
"cwnu2571","n","nan","nan",52.0,"nan"
"cwnu2572","n","nan","nan",144.0,"nan"
"cwnu2573","n","nan",50.0,51.0,"nan"
"cwnu2574","n","nan","nan",116.0,"nan"
"cwnu2575","n","nan","nan",116.0,"nan"
"cwnu2576","n","nan","nan",41.0,"nan"
"cwnu2577","n","nan","nan",25.0,"nan"
"cwnu2578","n","nan","nan",67.0,"nan"
"cwnu2579","n","nan","nan",51.0,"nan"
"cwnu258","n","nan","nan",49.0,"nan"
"cwnu2580","n","nan",70.0,115.0,"nan"
"cwnu2581","n","nan","nan",113.0,"nan"
"cwnu2582","n","nan","nan",51.0,"nan"
"cwnu2583","n","nan",50.0,112.0,"nan"
"cwnu2584","n","nan","nan",51.0,"nan"
"cwnu2586","n","nan","nan",41.0,"nan"
"cwnu2587","n","nan","nan",120.0,"nan"
"cwnu2588","n","nan","nan",49.0,"nan"
"cwnu2589","n","nan","nan",110.0,"nan"
"cwnu259","n","nan","nan",91.0,"nan"
"cwnu2590","n","nan","nan",110.0,"nan"
"cwnu2591","n","nan","nan",49.0,"nan"
"cwnu2592","n","nan","nan",49.0,"nan"
"cwnu2593","n","nan","nan",49.0,"nan"
"cwnu2595","n","nan",50.0,108.0,"nan"
"cwnu2596","n","nan","nan",49.0,"nan"
"cwnu2597","n","nan","nan",25.0,"nan"
"cwnu2598","n","nan","nan",107.0,"nan"
"cwnu26","n","nan","nan",83.0,"nan"
"cwnu260","n","nan",85.0,115.0,"nan"
"cwnu2600","n","nan","nan",49.0,"nan"
"cwnu2601","n","nan","nan",49.0,"nan"
"cwnu2602","n","nan","nan",49.0,"nan"
"cwnu2603","n","nan","nan",107.0,"nan"
"cwnu2604","n","nan","nan",49.0,"nan"
"cwnu2605","n","nan","nan",49.0,"nan"
"cwnu2606","n","nan","nan",49.0,"nan"
"cwnu2607","n","nan","nan",49.0,"nan"
"cwnu2608","n","nan","nan",49.0,"nan"
"cwnu2609","n","nan","nan",49.0,"nan"
"cwnu2611","n","nan","nan",49.0,"nan"
"cwnu2612","n","nan","nan",49.0,"nan"
"cwnu2613","n","nan","nan",104.0,"nan"
"cwnu2614","n","nan","nan",25.0,"nan"
"cwnu2615","n","nan","nan",49.0,"nan"
"cwnu2616","n","nan","nan",25.0,"nan"
"cwnu2617","n","nan","nan",49.0,"nan"
"cwnu2618","n","nan","nan",49.0,"nan"
"cwnu2619","n","nan","nan",102.0,"nan"
"cwnu262","n","nan","nan",43.0,"nan"
"cwnu2620","n","nan","nan",25.0,"nan"
"cwnu2621","n","nan","nan",48.0,"nan"
"cwnu2622","n","nan","nan",102.0,"nan"
"cwnu2623","n","nan","nan",102.0,"nan"
"cwnu2624","n","nan","nan",48.0,"nan"
"cwnu2625","n","nan","nan",25.0,"nan"
"cwnu2626","n","nan","nan",100.0,"nan"
"cwnu2627","n","nan","nan",100.0,"nan"
"cwnu2628","n","nan","nan",100.0,"nan"
"cwnu2629","n","nan","nan",100.0,"nan"
"cwnu263","n","nan","nan",52.0,"nan"
"cwnu2631","n","nan",75.0,99.0,"nan"
"cwnu2632","n","nan","nan",48.0,"nan"
"cwnu2633","n","nan","nan",48.0,"nan"
"cwnu2634","n","nan",100.0,99.0,"nan"
"cwnu2635","n","nan","nan",57.0,"nan"
"cwnu2636","n","nan",75.0,99.0,"nan"
"cwnu2637","n","nan",75.0,97.0,"nan"
"cwnu2638","n","nan",50.0,96.0,"nan"
"cwnu2639","n","nan","nan",48.0,"nan"
"cwnu264","n","nan","nan",44.0,"nan"
"cwnu2640","n","nan","nan",48.0,"nan"
"cwnu2641","n","nan","nan",96.0,"nan"
"cwnu2642","n","nan","nan",48.0,"nan"
"cwnu2643","n","nan","nan",59.0,"nan"
"cwnu2644","n","nan","nan",94.0,"nan"
"cwnu2645","n","nan",50.0,94.0,"nan"
"cwnu2647","n","nan","nan",94.0,"nan"
"cwnu2648","n","nan","nan",48.0,"nan"
"cwnu2649","n","nan","nan",25.0,"nan"
"cwnu265","n","nan","nan",59.0,"nan"
"cwnu2650","n","nan","nan",46.0,"nan"
"cwnu2651","n","nan","nan",92.0,"nan"
"cwnu2652","n","nan","nan",46.0,"nan"
"cwnu2653","n","nan","nan",46.0,"nan"
"cwnu2654","n","nan","nan",46.0,"nan"
"cwnu2655","n","nan","nan",91.0,"nan"
"cwnu2656","n","nan",70.0,91.0,"nan"
"cwnu2657","n","nan","nan",46.0,"nan"
"cwnu2658","n","nan","nan",46.0,"nan"
"cwnu2659","n","nan","nan",46.0,"nan"
"cwnu2660","n","nan","nan",89.0,"nan"
"cwnu2661","n","nan","nan",112.0,"nan"
"cwnu2662","n","nan","nan",89.0,"nan"
"cwnu2663","n","nan","nan",46.0,"nan"
"cwnu2664","n","nan","nan",89.0,"nan"
"cwnu2665","n","nan","nan",89.0,"nan"
"cwnu2666","n","nan","nan",89.0,"nan"
"cwnu2667","n","nan","nan",88.0,"nan"
"cwnu2668","n","nan","nan",44.0,"nan"
"cwnu2669","n","nan","nan",44.0,"nan"
"cwnu267","n","nan","nan",64.0,"nan"
"cwnu2670","n","nan","nan",78.0,"nan"
"cwnu2671","n","nan","nan",88.0,"nan"
"cwnu2672","n","nan","nan",88.0,"nan"
"cwnu2674","n","nan","nan",88.0,"nan"
"cwnu2675","n","nan","nan",86.0,"nan"
"cwnu2676","n","nan","nan",86.0,"nan"
"cwnu2677","n","nan",60.0,86.0,"nan"
"cwnu2678","n","nan","nan",44.0,"nan"
"cwnu2679","n","nan","nan",86.0,"nan"
"cwnu268","n","nan",50.0,54.0,"nan"
"cwnu2680","n","nan","nan",44.0,"nan"
"cwnu2681","n","nan","nan",44.0,"nan"
"cwnu2682","n","nan","nan",44.0,"nan"
"cwnu2683","n","nan","nan",84.0,"nan"
"cwnu2684","n","nan","nan",84.0,"nan"
"cwnu2685","n","nan","nan",57.0,"nan"
"cwnu2686","n","nan","nan",44.0,"nan"
"cwnu2687","n","nan","nan",88.0,"nan"
"cwnu2688","n","nan","nan",44.0,"nan"
"cwnu2689","n","nan","nan",44.0,"nan"
"cwnu2690","n","nan","nan",83.0,"nan"
"cwnu2691","n","nan","nan",44.0,"nan"
"cwnu2692","n","nan","nan",83.0,"nan"
"cwnu2693","n","nan","nan",44.0,"nan"
"cwnu2694","n","nan","nan",83.0,"nan"
"cwnu2695","n","nan","nan",44.0,"nan"
"cwnu2696","n","nan","nan",44.0,"nan"
"cwnu2697","n","nan","nan",44.0,"nan"
"cwnu2698","n","nan","nan",72.0,"nan"
"cwnu2699","n","nan","nan",83.0,"nan"
"cwnu270","n","nan","nan",60.0,"nan"
"cwnu2700","n","nan",40.0,83.0,"nan"
"cwnu2701","n","nan","nan",44.0,"nan"
"cwnu2702","n","nan","nan",44.0,"nan"
"cwnu2703","n","nan","nan",65.0,"nan"
"cwnu2705","n","nan","nan",43.0,"nan"
"cwnu2706","n","nan","nan",43.0,"nan"
"cwnu2707","n","nan","nan",43.0,"nan"
"cwnu2708","n","nan","nan",80.0,"nan"
"cwnu2709","n","nan","nan",80.0,"nan"
"cwnu2710","n","nan","nan",43.0,"nan"
"cwnu2712","n","nan","nan",43.0,"nan"
"cwnu2713","n","nan","nan",80.0,"nan"
"cwnu2714","n","nan","nan",80.0,"nan"
"cwnu2715","n","nan","nan",78.0,"nan"
"cwnu2716","n","nan","nan",43.0,"nan"
"cwnu2717","n","nan","nan",78.0,"nan"
"cwnu2718","n","nan","nan",91.0,"nan"
"cwnu2719","n","nan","nan",78.0,"nan"
"cwnu2720","n","nan","nan",43.0,"nan"
"cwnu2721","n","nan","nan",43.0,"nan"
"cwnu2722","n","nan","nan",78.0,"nan"
"cwnu2723","n","nan","nan",76.0,"nan"
"cwnu2724","n","nan",50.0,76.0,"nan"
"cwnu2725","n","nan","nan",86.0,"nan"
"cwnu2726","n","nan","nan",43.0,"nan"
"cwnu2727","n","nan","nan",43.0,"nan"
"cwnu2728","n","nan","nan",76.0,"nan"
"cwnu2729","n","nan",50.0,76.0,"nan"
"cwnu273","n","nan","nan",73.0,"nan"
"cwnu2730","n","nan","nan",43.0,"nan"
"cwnu2731","n","nan","nan",41.0,"nan"
"cwnu2732","n","nan","nan",41.0,"nan"
"cwnu2733","n","nan","nan",41.0,"nan"
"cwnu2734","n","nan","nan",41.0,"nan"
"cwnu2735","n","nan",40.0,41.0,"nan"
"cwnu2736","n","nan",50.0,75.0,"nan"
"cwnu2737","n","nan","nan",41.0,"nan"
"cwnu2738","n","nan","nan",41.0,"nan"
"cwnu2739","n","nan","nan",75.0,"nan"
"cwnu274","n","nan","nan",59.0,"nan"
"cwnu2741","n","nan","nan",75.0,"nan"
"cwnu2742","n","nan","nan",41.0,"nan"
"cwnu2743","n","nan","nan",102.0,"nan"
"cwnu2744","n","nan","nan",41.0,"nan"
"cwnu2745","n","nan","nan",73.0,"nan"
"cwnu2746","n","nan",50.0,75.0,"nan"
"cwnu2747","n","nan","nan",73.0,"nan"
"cwnu2748","n","nan","nan",73.0,"nan"
"cwnu2749","n","nan","nan",73.0,"nan"
"cwnu275","n","nan",75.0,49.0,"nan"
"cwnu2750","n","nan","nan",73.0,"nan"
"cwnu2751","n","nan","nan",41.0,"nan"
"cwnu2752","n","nan","nan",73.0,"nan"
"cwnu2753","n","nan","nan",41.0,"nan"
"cwnu2754","n","nan","nan",73.0,"nan"
"cwnu2755","n","nan","nan",73.0,"nan"
"cwnu2756","n","nan","nan",49.0,"nan"
"cwnu2757","n","nan",50.0,73.0,"nan"
"cwnu2758","n","nan","nan",73.0,"nan"
"cwnu2759","n","nan","nan",60.0,"nan"
"cwnu276","n","nan","nan",94.0,"nan"
"cwnu2760","n","nan","nan",72.0,"nan"
"cwnu2761","n","nan","nan",72.0,"nan"
"cwnu2762","n","nan","nan",51.0,"nan"
"cwnu2763","n","nan","nan",49.0,"nan"
"cwnu2764","n","nan","nan",84.0,"nan"
"cwnu2765","n","nan","nan",89.0,"nan"
"cwnu2766","n","nan","nan",27.0,"nan"
"cwnu2767","n","nan","nan",25.0,"nan"
"cwnu2768","n","nan","nan",36.0,"nan"
"cwnu2769","n","nan","nan",28.0,"nan"
"cwnu277","n","nan","nan",56.0,"nan"
"cwnu2770","n","nan",75.0,40.0,"nan"
"cwnu2771","n","nan","nan",27.0,"nan"
"cwnu2772","n","nan","nan",25.0,"nan"
"cwnu2773","n","nan","nan",25.0,"nan"
"cwnu2774","n","nan","nan",25.0,"nan"
"cwnu2775","n","nan","nan",25.0,"nan"
"cwnu2776","n","nan","nan",25.0,"nan"
"cwnu2777","n","nan","nan",25.0,"nan"
"cwnu2778","n","nan",50.0,36.0,"nan"
"cwnu2779","n","nan","nan",25.0,"nan"
"cwnu2780","n","nan","nan",25.0,"nan"
"cwnu2781","n","nan","nan",25.0,"nan"
"cwnu2782","n","nan","nan",25.0,"nan"
"cwnu2783","n","nan","nan",25.0,"nan"
"cwnu2784","n","nan","nan",25.0,"nan"
"cwnu2786","n","nan","nan",25.0,"nan"
"cwnu2787","n","nan","nan",25.0,"nan"
"cwnu2788","n","nan","nan",25.0,"nan"
"cwnu2789","n","nan","nan",25.0,"nan"
"cwnu279","n","nan","nan",88.0,"nan"
"cwnu2790","n","nan","nan",25.0,"nan"
"cwnu2791","n","nan","nan",25.0,"nan"
"cwnu2792","n","nan",50.0,200.0,"nan"
"cwnu2793","n","nan","nan",25.0,"nan"
"cwnu2794","n","nan","nan",142.0,"nan"
"cwnu2795","n","nan","nan",118.0,"nan"
"cwnu2796","n","nan","nan",108.0,"nan"
"cwnu2797","n","nan","nan",107.0,"nan"
"cwnu2798","n","nan","nan",164.0,"nan"
"cwnu2799","n","nan","nan",192.0,"nan"
"cwnu2800","n","nan","nan",36.0,"nan"
"cwnu2801","n","nan","nan",104.0,"nan"
"cwnu2802","n","nan","nan",25.0,"nan"
"cwnu2803","n","nan","nan",25.0,"nan"
"cwnu2804","n","nan","nan",25.0,"nan"
"cwnu2805","n","nan","nan",32.0,"nan"
"cwnu2806","n","nan","nan",25.0,"nan"
"cwnu2807","n","nan","nan",72.0,"nan"
"cwnu2808","n","nan","nan",25.0,"nan"
"cwnu2809","n","nan","nan",139.0,"nan"
"cwnu281","n","nan","nan",64.0,"nan"
"cwnu2810","n","nan","nan",68.0,"nan"
"cwnu2811","n","nan","nan",25.0,"nan"
"cwnu2812","n","nan","nan",56.0,"nan"
"cwnu2813","n","nan","nan",52.0,"nan"
"cwnu2814","n","nan","nan",68.0,"nan"
"cwnu2815","n","nan","nan",25.0,"nan"
"cwnu2816","n","nan","nan",49.0,"nan"
"cwnu2817","n","nan","nan",48.0,"nan"
"cwnu2818","n","nan","nan",48.0,"nan"
"cwnu282","n","nan","nan",80.0,"nan"
"cwnu2820","n","nan","nan",25.0,"nan"
"cwnu2821","n","nan","nan",52.0,"nan"
"cwnu2822","n","nan","nan",44.0,"nan"
"cwnu2823","n","nan","nan",41.0,"nan"
"cwnu2824","n","nan","nan",80.0,"nan"
"cwnu2825","n","nan","nan",67.0,"nan"
"cwnu2826","n","nan","nan",40.0,"nan"
"cwnu2827","n","nan","nan",38.0,"nan"
"cwnu2828","n","nan","nan",38.0,"nan"
"cwnu2829","n","nan","nan",38.0,"nan"
"cwnu283","n","nan","nan",41.0,"nan"
"cwnu2831","n","nan","nan",57.0,"nan"
"cwnu2832","n","nan","nan",36.0,"nan"
"cwnu2833","n","nan","nan",36.0,"nan"
"cwnu2834","n","nan","nan",35.0,"nan"
"cwnu2835","n","nan","nan",35.0,"nan"
"cwnu2836","n","nan","nan",33.0,"nan"
"cwnu2837","n","nan","nan",33.0,"nan"
"cwnu2838","n","nan","nan",33.0,"nan"
"cwnu2839","n","nan","nan",33.0,"nan"
"cwnu2840","n","nan","nan",44.0,"nan"
"cwnu2841","n","nan","nan",33.0,"nan"
"cwnu2842","n","nan","nan",32.0,"nan"
"cwnu2843","n","nan","nan",46.0,"nan"
"cwnu2844","n","nan","nan",46.0,"nan"
"cwnu2845","n","nan","nan",44.0,"nan"
"cwnu2846","n","nan","nan",30.0,"nan"
"cwnu2847","n","nan","nan",41.0,"nan"
"cwnu2848","n","nan","nan",30.0,"nan"
"cwnu2849","n","nan","nan",40.0,"nan"
"cwnu285","n","nan",50.0,112.0,"nan"
"cwnu2850","n","nan","nan",28.0,"nan"
"cwnu2851","n","nan","nan",38.0,"nan"
"cwnu2852","n","nan","nan",27.0,"nan"
"cwnu2853","n","nan","nan",27.0,"nan"
"cwnu2854","n","nan","nan",35.0,"nan"
"cwnu2855","n","nan","nan",33.0,"nan"
"cwnu2856","n","nan","nan",33.0,"nan"
"cwnu2857","n","nan","nan",25.0,"nan"
"cwnu2858","n","nan","nan",30.0,"nan"
"cwnu286","n","nan","nan",88.0,"nan"
"cwnu2860","n","nan","nan",30.0,"nan"
"cwnu2861","n","nan","nan",25.0,"nan"
"cwnu2862","n","nan","nan",28.0,"nan"
"cwnu2863","n","nan","nan",25.0,"nan"
"cwnu2864","n","nan","nan",25.0,"nan"
"cwnu2865","n","nan","nan",25.0,"nan"
"cwnu2866","n","nan","nan",25.0,"nan"
"cwnu2867","n","nan","nan",25.0,"nan"
"cwnu2868","n","nan","nan",80.0,"nan"
"cwnu2869","n","nan","nan",59.0,"nan"
"cwnu287","n","nan","nan",48.0,"nan"
"cwnu2870","n","nan","nan",155.0,"nan"
"cwnu2872","n","nan","nan",25.0,"nan"
"cwnu2873","n","nan","nan",25.0,"nan"
"cwnu2874","n","nan","nan",25.0,"nan"
"cwnu2875","n","nan","nan",25.0,"nan"
"cwnu2876","n","nan","nan",25.0,"nan"
"cwnu2877","n","nan","nan",25.0,"nan"
"cwnu2878","n","nan","nan",25.0,"nan"
"cwnu2879","n","nan","nan",25.0,"nan"
"cwnu2880","n","nan","nan",27.0,"nan"
"cwnu2881","n","nan","nan",25.0,"nan"
"cwnu2882","n","nan","nan",25.0,"nan"
"cwnu2883","n","nan","nan",25.0,"nan"
"cwnu2884","n","nan","nan",25.0,"nan"
"cwnu2885","n","nan","nan",25.0,"nan"
"cwnu2886","n","nan","nan",25.0,"nan"
"cwnu2887","n","nan","nan",25.0,"nan"
"cwnu2888","n","nan",70.0,25.0,"nan"
"cwnu2889","n","nan","nan",25.0,"nan"
"cwnu289","n","nan","nan",262.0,"nan"
"cwnu2890","n","nan","nan",25.0,"nan"
"cwnu2891","n","nan","nan",25.0,"nan"
"cwnu2892","n","nan","nan",25.0,"nan"
"cwnu2893","n","nan","nan",25.0,"nan"
"cwnu2894","n","nan","nan",25.0,"nan"
"cwnu2895","n","nan","nan",25.0,"nan"
"cwnu2896","n","nan","nan",25.0,"nan"
"cwnu2897","n","nan","nan",25.0,"nan"
"cwnu2898","n","nan","nan",25.0,"nan"
"cwnu2899","n","nan","nan",25.0,"nan"
"cwnu29","n","nan","nan",52.0,"nan"
"cwnu290","n","nan","nan",49.0,"nan"
"cwnu2900","n","nan","nan",25.0,"nan"
"cwnu2901","n","nan","nan",25.0,"nan"
"cwnu2902","n","nan","nan",25.0,"nan"
"cwnu2903","n","nan","nan",25.0,"nan"
"cwnu2904","n","nan","nan",25.0,"nan"
"cwnu2905","n","nan","nan",25.0,"nan"
"cwnu2906","n","nan","nan",25.0,"nan"
"cwnu2907","n","nan","nan",25.0,"nan"
"cwnu2908","n","nan","nan",25.0,"nan"
"cwnu2909","n","nan","nan",25.0,"nan"
"cwnu291","n","nan","nan",54.0,"nan"
"cwnu2910","n","nan","nan",25.0,"nan"
"cwnu2911","n","nan","nan",25.0,"nan"
"cwnu2912","n","nan","nan",25.0,"nan"
"cwnu2913","n","nan","nan",40.0,"nan"
"cwnu2914","n","nan",50.0,25.0,"nan"
"cwnu2915","n","nan","nan",32.0,"nan"
"cwnu2916","n","nan","nan",32.0,"nan"
"cwnu2917","n","nan","nan",27.0,"nan"
"cwnu2918","n","nan","nan",35.0,"nan"
"cwnu2919","n","nan","nan",25.0,"nan"
"cwnu2920","n","nan",60.0,32.0,"nan"
"cwnu2921","n","nan","nan",30.0,"nan"
"cwnu2922","n","nan","nan",25.0,"nan"
"cwnu2923","n","nan","nan",25.0,"nan"
"cwnu2924","n","nan","nan",25.0,"nan"
"cwnu2925","n","nan","nan",25.0,"nan"
"cwnu2926","n","nan","nan",25.0,"nan"
"cwnu2929","n","nan","nan",84.0,"nan"
"cwnu293","n","nan","nan",59.0,"nan"
"cwnu2930","n","nan","nan",86.0,"nan"
"cwnu2931","n","nan","nan",56.0,"nan"
"cwnu2934","n","nan","nan",81.0,"nan"
"cwnu2935","n","nan","nan",120.0,"nan"
"cwnu2938","n","nan","nan",120.0,"nan"
"cwnu2942","n","nan","nan",94.0,"nan"
"cwnu2943","n","nan","nan",135.0,"nan"
"cwnu2945","n","nan","nan",74.0,"nan"
"cwnu2947","n","nan","nan",59.0,"nan"
"cwnu2948","n","nan","nan",69.0,"nan"
"cwnu2949","n","nan","nan",65.0,"nan"
"cwnu295","n","nan","nan",54.0,"nan"
"cwnu2950","n","nan","nan",73.0,"nan"
"cwnu2951","n","nan","nan",43.0,"nan"
"cwnu2955","n","nan","nan",116.0,"nan"
"cwnu2956","n","nan","nan",92.0,"nan"
"cwnu2959","n","nan","nan",115.0,"nan"
"cwnu296","n","nan","nan",84.0,"nan"
"cwnu2961","n","nan","nan",154.0,"nan"
"cwnu2966","n","nan","nan",154.0,"nan"
"cwnu2967","n","nan","nan",85.0,"nan"
"cwnu2969","n","nan","nan",131.0,"nan"
"cwnu2971","n","nan","nan",136.0,"nan"
"cwnu2975","n","nan","nan",121.0,"nan"
"cwnu2976","n","nan","nan",47.0,"nan"
"cwnu2979","n","nan","nan",119.0,"nan"
"cwnu2981","n","nan","nan",122.0,"nan"
"cwnu2987","n","nan","nan",119.0,"nan"
"cwnu2989","n","nan","nan",39.0,"nan"
"cwnu299","n","nan","nan",67.0,"nan"
"cwnu2990","n","nan","nan",79.0,"nan"
"cwnu2991","n","nan","nan",87.0,"nan"
"cwnu2992","n","nan","nan",66.0,"nan"
"cwnu2993","n","nan","nan",85.0,"nan"
"cwnu2995","n","nan","nan",55.0,"nan"
"cwnu2996","n","nan","nan",84.0,"nan"
"cwnu2998","n","nan","nan",118.0,"nan"
"cwnu3","n","nan",50.0,76.0,"nan"
"cwnu3000","n","nan","nan",79.0,"nan"
"cwnu3003","n","nan","nan",68.0,"nan"
"cwnu3004","n","nan","nan",80.0,"nan"
"cwnu3006","n","nan","nan",50.0,"nan"
"cwnu3007","n","nan","nan",92.0,"nan"
"cwnu3009","n","nan","nan",120.0,"nan"
"cwnu301","n","nan","nan",75.0,"nan"
"cwnu3010","n","nan","nan",159.0,"nan"
"cwnu3012","n","nan","nan",159.0,"nan"
"cwnu3013","n","nan","nan",45.0,"nan"
"cwnu3016","n","nan","nan",124.0,"nan"
"cwnu3017","n","nan","nan",122.0,"nan"
"cwnu302","n","nan","nan",89.0,"nan"
"cwnu3023","n","nan","nan",126.0,"nan"
"cwnu3027","n","nan","nan",50.0,"nan"
"cwnu3028","n","nan","nan",101.0,"nan"
"cwnu3029","n","nan","nan",86.0,"nan"
"cwnu303","n","nan","nan",67.0,"nan"
"cwnu3032","n","nan","nan",104.0,"nan"
"cwnu3037","n","nan","nan",39.0,"nan"
"cwnu3039","n","nan","nan",85.0,"nan"
"cwnu304","n","nan","nan",97.0,"nan"
"cwnu3040","n","nan","nan",67.0,"nan"
"cwnu3043","n","nan","nan",79.0,"nan"
"cwnu3044","n","nan","nan",107.0,"nan"
"cwnu3046","n","nan","nan",118.0,"nan"
"cwnu3048","n","nan","nan",169.0,"nan"
"cwnu3049","n","nan","nan",128.0,"nan"
"cwnu305","n","nan","nan",65.0,"nan"
"cwnu3050","n","nan","nan",105.0,"nan"
"cwnu3054","n","nan","nan",149.0,"nan"
"cwnu3055","n","nan","nan",68.0,"nan"
"cwnu3057","n","nan","nan",77.0,"nan"
"cwnu3060","n","nan","nan",59.0,"nan"
"cwnu3061","n","nan","nan",53.0,"nan"
"cwnu3062","n","nan","nan",216.0,"nan"
"cwnu3064","n","nan","nan",146.0,"nan"
"cwnu3068","n","nan","nan",132.0,"nan"
"cwnu3071","n","nan","nan",94.0,"nan"
"cwnu3073","n","nan","nan",31.0,"nan"
"cwnu3074","n","nan","nan",65.0,"nan"
"cwnu3075","n","nan","nan",60.0,"nan"
"cwnu3076","n","nan","nan",91.0,"nan"
"cwnu3079","n","nan","nan",116.0,"nan"
"cwnu3083","n","nan","nan",83.0,"nan"
"cwnu3084","n","nan","nan",75.0,"nan"
"cwnu3085","n","nan","nan",125.0,"nan"
"cwnu3090","n","nan","nan",49.0,"nan"
"cwnu3093","n","nan","nan",51.0,"nan"
"cwnu3095","n","nan","nan",51.0,"nan"
"cwnu3097","n","nan","nan",51.0,"nan"
"cwnu3098","n","nan","nan",79.0,"nan"
"cwnu3101","n","nan","nan",98.0,"nan"
"cwnu3102","n","nan","nan",80.0,"nan"
"cwnu3104","n","nan","nan",66.0,"nan"
"cwnu3105","n","nan","nan",116.0,"nan"
"cwnu3107","n","nan","nan",58.0,"nan"
"cwnu3108","n","nan","nan",76.0,"nan"
"cwnu3109","n","nan","nan",132.0,"nan"
"cwnu311","n","nan",75.0,49.0,"nan"
"cwnu3110","n","nan","nan",93.0,"nan"
"cwnu3112","n","nan","nan",48.0,"nan"
"cwnu3113","n","nan","nan",83.0,"nan"
"cwnu3114","n","nan","nan",158.0,"nan"
"cwnu3115","n","nan","nan",94.0,"nan"
"cwnu3117","n","nan","nan",320.0,"nan"
"cwnu312","n","nan","nan",49.0,"nan"
"cwnu3120","n","nan","nan",39.0,"nan"
"cwnu3123","n","nan","nan",99.0,"nan"
"cwnu3124","n","nan","nan",52.0,"nan"
"cwnu3128","n","nan","nan",87.0,"nan"
"cwnu313","n","nan",50.0,48.0,"nan"
"cwnu3131","n","nan","nan",64.0,"nan"
"cwnu3132","n","nan","nan",178.0,"nan"
"cwnu314","n","nan",50.0,62.0,"nan"
"cwnu3142","n","nan","nan",117.0,"nan"
"cwnu3144","n","nan","nan",95.0,"nan"
"cwnu3146","n","nan","nan",57.0,"nan"
"cwnu3147","n","nan","nan",239.0,"nan"
"cwnu3148","n","nan","nan",128.0,"nan"
"cwnu3149","n","nan","nan",219.0,"nan"
"cwnu315","n","nan","nan",112.0,"nan"
"cwnu3152","n","nan","nan",49.0,"nan"
"cwnu3154","n","nan","nan",148.0,"nan"
"cwnu3155","n","nan","nan",106.0,"nan"
"cwnu3160","n","nan","nan",219.0,"nan"
"cwnu3162","n","nan","nan",84.0,"nan"
"cwnu3164","n","nan","nan",50.0,"nan"
"cwnu3166","n","nan","nan",93.0,"nan"
"cwnu3167","n","nan","nan",193.0,"nan"
"cwnu3169","n","nan","nan",44.0,"nan"
"cwnu317","n","nan","nan",145.0,"nan"
"cwnu3170","n","nan","nan",150.0,"nan"
"cwnu3171","n","nan","nan",104.0,"nan"
"cwnu3173","n","nan","nan",46.0,"nan"
"cwnu3175","n","nan","nan",89.0,"nan"
"cwnu3176","n","nan","nan",49.0,"nan"
"cwnu318","n","nan","nan",51.0,"nan"
"cwnu3182","n","nan","nan",76.0,"nan"
"cwnu3183","n","nan","nan",111.0,"nan"
"cwnu3184","n","nan","nan",107.0,"nan"
"cwnu3185","n","nan","nan",164.0,"nan"
"cwnu3188","n","nan","nan",33.0,"nan"
"cwnu3194","n","nan","nan",30.0,"nan"
"cwnu3195","n","nan","nan",76.0,"nan"
"cwnu3197","n","nan","nan",60.0,"nan"
"cwnu3198","n","nan","nan",66.0,"nan"
"cwnu3199","n","nan","nan",101.0,"nan"
"cwnu32","n","nan","nan",54.0,"nan"
"cwnu3200","n","nan","nan",220.0,"nan"
"cwnu3203","n","nan","nan",147.0,"nan"
"cwnu3205","n","nan","nan",71.0,"nan"
"cwnu3206","n","nan","nan",63.0,"nan"
"cwnu3212","n","nan","nan",169.0,"nan"
"cwnu3213","n","nan","nan",43.0,"nan"
"cwnu3216","n","nan","nan",95.0,"nan"
"cwnu3219","n","nan","nan",61.0,"nan"
"cwnu3220","n","nan","nan",92.0,"nan"
"cwnu3222","n","nan","nan",110.0,"nan"
"cwnu3223","n","nan","nan",119.0,"nan"
"cwnu3229","n","nan","nan",75.0,"nan"
"cwnu323","n","nan",60.0,60.0,"nan"
"cwnu3230","n","nan","nan",71.0,"nan"
"cwnu3231","n","nan","nan",90.0,"nan"
"cwnu3233","n","nan","nan",77.0,"nan"
"cwnu3234","n","nan","nan",113.0,"nan"
"cwnu3236","n","nan","nan",114.0,"nan"
"cwnu3237","n","nan","nan",78.0,"nan"
"cwnu3242","n","nan","nan",109.0,"nan"
"cwnu3243","n","nan","nan",167.0,"nan"
"cwnu3246","n","nan","nan",65.0,"nan"
"cwnu325","n","nan","nan",57.0,"nan"
"cwnu3252","n","nan","nan",105.0,"nan"
"cwnu3256","n","nan","nan",93.0,"nan"
"cwnu3257","n","nan","nan",39.0,"nan"
"cwnu3259","n","nan","nan",42.0,"nan"
"cwnu326","n","nan","nan",54.0,"nan"
"cwnu3262","n","nan","nan",43.0,"nan"
"cwnu3266","n","nan","nan",137.0,"nan"
"cwnu3268","n","nan","nan",100.0,"nan"
"cwnu327","n","nan","nan",54.0,"nan"
"cwnu3273","n","nan","nan",70.0,"nan"
"cwnu3280","n","nan","nan",121.0,"nan"
"cwnu3282","n","nan","nan",127.0,"nan"
"cwnu3285","n","nan","nan",53.0,"nan"
"cwnu3286","n","nan","nan",152.0,"nan"
"cwnu3288","n","nan","nan",104.0,"nan"
"cwnu3292","n","nan","nan",87.0,"nan"
"cwnu3293","n","nan","nan",103.0,"nan"
"cwnu3296","n","nan","nan",60.0,"nan"
"cwnu330","n","nan","nan",51.0,"nan"
"cwnu3300","n","nan","nan",82.0,"nan"
"cwnu3301","n","nan","nan",61.0,"nan"
"cwnu3303","n","nan","nan",144.0,"nan"
"cwnu3304","n","nan","nan",124.0,"nan"
"cwnu3306","n","nan","nan",106.0,"nan"
"cwnu3308","n","nan","nan",126.0,"nan"
"cwnu331","n","nan","nan",56.0,"nan"
"cwnu3310","n","nan","nan",71.0,"nan"
"cwnu3311","n","nan","nan",156.0,"nan"
"cwnu3312","n","nan","nan",87.0,"nan"
"cwnu3313","n","nan","nan",96.0,"nan"
"cwnu3314","n","nan","nan",122.0,"nan"
"cwnu3315","n","nan","nan",57.0,"nan"
"cwnu3316","n","nan","nan",124.0,"nan"
"cwnu3317","n","nan","nan",68.0,"nan"
"cwnu3318","n","nan","nan",40.0,"nan"
"cwnu3319","n","nan","nan",133.0,"nan"
"cwnu3320","n","nan","nan",168.0,"nan"
"cwnu3325","n","nan","nan",113.0,"nan"
"cwnu3328","n","nan","nan",109.0,"nan"
"cwnu3329","n","nan","nan",26.0,"nan"
"cwnu3331","n","nan","nan",162.0,"nan"
"cwnu3333","n","nan","nan",132.0,"nan"
"cwnu3335","n","nan","nan",53.0,"nan"
"cwnu3336","n","nan","nan",141.0,"nan"
"cwnu3338","n","nan","nan",56.0,"nan"
"cwnu334","n","nan",50.0,65.0,"nan"
"cwnu3341","n","nan","nan",205.0,"nan"
"cwnu3343","n","nan","nan",57.0,"nan"
"cwnu3344","n","nan","nan",184.0,"nan"
"cwnu3347","n","nan","nan",72.0,"nan"
"cwnu3349","n","nan","nan",116.0,"nan"
"cwnu335","n","nan","nan",92.0,"nan"
"cwnu3352","n","nan","nan",268.0,"nan"
"cwnu3353","n","nan","nan",147.0,"nan"
"cwnu3357","n","nan","nan",91.0,"nan"
"cwnu336","n","nan","nan",60.0,"nan"
"cwnu3360","n","nan","nan",58.0,"nan"
"cwnu3363","n","nan","nan",93.0,"nan"
"cwnu3366","n","nan","nan",73.0,"nan"
"cwnu3369","n","nan","nan",101.0,"nan"
"cwnu337","n","nan","nan",89.0,"nan"
"cwnu3370","n","nan","nan",64.0,"nan"
"cwnu3375","n","nan","nan",80.0,"nan"
"cwnu3378","n","nan","nan",109.0,"nan"
"cwnu3381","n","nan","nan",101.0,"nan"
"cwnu3382","n","nan","nan",61.0,"nan"
"cwnu3384","n","nan","nan",71.0,"nan"
"cwnu3385","n","nan","nan",142.0,"nan"
"cwnu3386","n","nan","nan",113.0,"nan"
"cwnu3387","n","nan","nan",230.0,"nan"
"cwnu3388","n","nan","nan",118.0,"nan"
"cwnu3389","n","nan","nan",33.0,"nan"
"cwnu339","n","nan","nan",52.0,"nan"
"cwnu3390","n","nan","nan",96.0,"nan"
"cwnu3391","n","nan","nan",53.0,"nan"
"cwnu3392","n","nan","nan",64.0,"nan"
"cwnu3393","n","nan","nan",54.0,"nan"
"cwnu3394","n","nan","nan",70.0,"nan"
"cwnu3397","n","nan","nan",72.0,"nan"
"cwnu34","n","nan","nan",49.0,"nan"
"cwnu340","n","nan","nan",49.0,"nan"
"cwnu3401","n","nan","nan",35.0,"nan"
"cwnu3402","n","nan","nan",65.0,"nan"
"cwnu3404","n","nan","nan",79.0,"nan"
"cwnu3409","n","nan","nan",92.0,"nan"
"cwnu3410","n","nan","nan",35.0,"nan"
"cwnu3417","n","nan","nan",133.0,"nan"
"cwnu3418","n","nan","nan",96.0,"nan"
"cwnu3419","n","nan","nan",51.0,"nan"
"cwnu342","n","nan","nan",51.0,"nan"
"cwnu3420","n","nan","nan",100.0,"nan"
"cwnu3422","n","nan","nan",110.0,"nan"
"cwnu3423","n","nan","nan",48.0,"nan"
"cwnu3424","n","nan","nan",50.0,"nan"
"cwnu3425","n","nan","nan",49.0,"nan"
"cwnu3426","n","nan","nan",111.0,"nan"
"cwnu3427","n","nan","nan",40.0,"nan"
"cwnu3428","n","nan","nan",152.0,"nan"
"cwnu3429","n","nan","nan",51.0,"nan"
"cwnu3430","n","nan","nan",112.0,"nan"
"cwnu3431","n","nan","nan",53.0,"nan"
"cwnu3432","n","nan","nan",42.0,"nan"
"cwnu3433","n","nan","nan",49.0,"nan"
"cwnu3434","n","nan","nan",67.0,"nan"
"cwnu3436","n","nan","nan",59.0,"nan"
"cwnu3437","n","nan","nan",36.0,"nan"
"cwnu3438","n","nan","nan",65.0,"nan"
"cwnu3439","n","nan","nan",36.0,"nan"
"cwnu3440","n","nan","nan",100.0,"nan"
"cwnu3441","n","nan","nan",44.0,"nan"
"cwnu3442","n","nan","nan",65.0,"nan"
"cwnu3443","n","nan","nan",76.0,"nan"
"cwnu3445","n","nan","nan",33.0,"nan"
"cwnu3446","n","nan","nan",27.0,"nan"
"cwnu3448","n","nan","nan",80.0,"nan"
"cwnu3449","n","nan","nan",31.0,"nan"
"cwnu345","n","nan","nan",51.0,"nan"
"cwnu3452","n","nan","nan",62.0,"nan"
"cwnu3453","n","nan","nan",89.0,"nan"
"cwnu3458","n","nan","nan",190.0,"nan"
"cwnu3459","n","nan","nan",221.0,"nan"
"cwnu346","n","nan","nan",84.0,"nan"
"cwnu3460","n","nan","nan",142.0,"nan"
"cwnu3461","n","nan","nan",242.0,"nan"
"cwnu3463","n","nan","nan",124.0,"nan"
"cwnu3464","n","nan","nan",126.0,"nan"
"cwnu3466","n","nan","nan",43.0,"nan"
"cwnu3467","n","nan","nan",127.0,"nan"
"cwnu3469","n","nan","nan",128.0,"nan"
"cwnu3470","n","nan","nan",128.0,"nan"
"cwnu3471","n","nan","nan",130.0,"nan"
"cwnu3475","n","nan","nan",135.0,"nan"
"cwnu3476","n","nan","nan",135.0,"nan"
"cwnu3478","n","nan","nan",138.0,"nan"
"cwnu3479","n","nan","nan",94.0,"nan"
"cwnu348","n","nan","nan",51.0,"nan"
"cwnu3482","n","nan","nan",205.0,"nan"
"cwnu3484","n","nan","nan",84.0,"nan"
"cwnu3485","n","nan","nan",37.0,"nan"
"cwnu3486","n","nan","nan",42.0,"nan"
"cwnu3487","n","nan","nan",48.0,"nan"
"cwnu3488","n","nan","nan",56.0,"nan"
"cwnu3489","n","nan","nan",30.0,"nan"
"cwnu3492","n","nan",100.0,609.0,"nan"
"cwnu3493","n","nan","nan",59.0,"nan"
"cwnu3494","n","nan","nan",188.0,"nan"
"cwnu3495","n","nan","nan",120.0,"nan"
"cwnu3496","n","nan","nan",71.0,"nan"
"cwnu3497","n","nan","nan",66.0,"nan"
"cwnu35","n","nan","nan",48.0,"nan"
"cwnu350","n","nan","nan",56.0,"nan"
"cwnu3500","n","nan","nan",77.0,"nan"
"cwnu3501","n","nan","nan",127.0,"nan"
"cwnu3502","n","nan","nan",161.0,"nan"
"cwnu3503","n","nan","nan",107.0,"nan"
"cwnu3504","n","nan","nan",81.0,"nan"
"cwnu3507","n","nan","nan",85.0,"nan"
"cwnu3509","n","nan","nan",43.0,"nan"
"cwnu3511","n","nan","nan",90.0,"nan"
"cwnu3512","n","nan","nan",99.0,"nan"
"cwnu3513","n","nan","nan",72.0,"nan"
"cwnu3514","n","nan","nan",75.0,"nan"
"cwnu3518","n","nan","nan",174.0,"nan"
"cwnu352","n","nan","nan",118.0,"nan"
"cwnu3520","n","nan","nan",85.0,"nan"
"cwnu3521","n","nan","nan",96.0,"nan"
"cwnu3523","n","nan","nan",148.0,"nan"
"cwnu3524","n","nan","nan",89.0,"nan"
"cwnu3529","n","nan","nan",182.0,"nan"
"cwnu3531","n","nan","nan",52.0,"nan"
"cwnu3533","n","nan","nan",54.0,"nan"
"cwnu3534","n","nan","nan",88.0,"nan"
"cwnu3536","n","nan","nan",53.0,"nan"
"cwnu354","n","nan","nan",75.0,"nan"
"cwnu3544","n","nan","nan",166.0,"nan"
"cwnu3546","n","nan","nan",153.0,"nan"
"cwnu3548","n","nan","nan",30.0,"nan"
"cwnu3549","n","nan","nan",37.0,"nan"
"cwnu3551","n","nan","nan",39.0,"nan"
"cwnu3552","n","nan","nan",51.0,"nan"
"cwnu3553","n","nan","nan",44.0,"nan"
"cwnu3554","n","nan","nan",33.0,"nan"
"cwnu3555","n","nan","nan",193.0,"nan"
"cwnu3556","n","nan","nan",134.0,"nan"
"cwnu3557","n","nan","nan",138.0,"nan"
"cwnu3558","n","nan","nan",44.0,"nan"
"cwnu3559","n","nan","nan",47.0,"nan"
"cwnu356","n","nan","nan",83.0,"nan"
"cwnu3561","n","nan","nan",58.0,"nan"
"cwnu3562","n","nan","nan",66.0,"nan"
"cwnu3565","n","nan","nan",123.0,"nan"
"cwnu3566","n","nan","nan",205.0,"nan"
"cwnu3567","n","nan","nan",127.0,"nan"
"cwnu3568","n","nan","nan",43.0,"nan"
"cwnu3569","n","nan","nan",69.0,"nan"
"cwnu357","n","nan","nan",64.0,"nan"
"cwnu3570","n","nan","nan",121.0,"nan"
"cwnu3572","n","nan","nan",321.0,"nan"
"cwnu3574","n","nan","nan",159.0,"nan"
"cwnu3576","n","nan","nan",117.0,"nan"
"cwnu3579","n","nan","nan",332.0,"nan"
"cwnu358","n","nan","nan",38.0,"nan"
"cwnu3585","n","nan","nan",48.0,"nan"
"cwnu3588","n","nan","nan",201.0,"nan"
"cwnu3589","n","nan","nan",300.0,"nan"
"cwnu359","n","nan","nan",62.0,"nan"
"cwnu3591","n","nan","nan",30.0,"nan"
"cwnu3592","n","nan","nan",45.0,"nan"
"cwnu3593","n","nan","nan",194.0,"nan"
"cwnu3594","n","nan","nan",60.0,"nan"
"cwnu3595","n","nan","nan",48.0,"nan"
"cwnu3597","n","nan","nan",116.0,"nan"
"cwnu36","n","nan","nan",48.0,"nan"
"cwnu360","n","nan","nan",48.0,"nan"
"cwnu3601","n","nan","nan",112.0,"nan"
"cwnu3602","n","nan","nan",106.0,"nan"
"cwnu3603","n","nan","nan",95.0,"nan"
"cwnu3604","n","nan","nan",96.0,"nan"
"cwnu3608","n","nan","nan",115.0,"nan"
"cwnu3609","n","nan","nan",100.0,"nan"
"cwnu361","n","nan","nan",92.0,"nan"
"cwnu3610","n","nan","nan",103.0,"nan"
"cwnu3611","n","nan","nan",104.0,"nan"
"cwnu3613","n","nan","nan",104.0,"nan"
"cwnu3615","n","nan","nan",122.0,"nan"
"cwnu3617","n","nan","nan",145.0,"nan"
"cwnu3618","n","nan","nan",147.0,"nan"
"cwnu3619","n","nan","nan",99.0,"nan"
"cwnu362","n","nan",50.0,67.0,"nan"
"cwnu3621","n","nan","nan",112.0,"nan"
"cwnu3622","n","nan","nan",108.0,"nan"
"cwnu3625","n","nan","nan",101.0,"nan"
"cwnu3626","n","nan","nan",179.0,"nan"
"cwnu3627","n","nan","nan",139.0,"nan"
"cwnu3628","n","nan","nan",110.0,"nan"
"cwnu3629","n","nan","nan",121.0,"nan"
"cwnu3630","n","nan","nan",93.0,"nan"
"cwnu3631","n","nan","nan",280.0,"nan"
"cwnu3637","n","nan","nan",38.0,"nan"
"cwnu3639","n","nan","nan",110.0,"nan"
"cwnu364","n","nan","nan",65.0,"nan"
"cwnu3642","n","nan","nan",109.0,"nan"
"cwnu3643","n","nan","nan",109.0,"nan"
"cwnu3644","n","nan","nan",158.0,"nan"
"cwnu3648","n","nan","nan",169.0,"nan"
"cwnu3649","n","nan","nan",204.0,"nan"
"cwnu3650","n","nan","nan",80.0,"nan"
"cwnu3651","n","nan","nan",378.0,"nan"
"cwnu3653","n","nan","nan",56.0,"nan"
"cwnu3654","n","nan","nan",77.0,"nan"
"cwnu3655","n","nan","nan",44.0,"nan"
"cwnu3656","n","nan","nan",62.0,"nan"
"cwnu3657","n","nan","nan",67.0,"nan"
"cwnu3659","n","nan","nan",67.0,"nan"
"cwnu3660","n","nan","nan",67.0,"nan"
"cwnu3661","n","nan","nan",76.0,"nan"
"cwnu3668","n","nan","nan",82.0,"nan"
"cwnu3669","n","nan","nan",85.0,"nan"
"cwnu367","n","nan","nan",60.0,"nan"
"cwnu3673","n","nan","nan",88.0,"nan"
"cwnu3675","n","nan","nan",67.0,"nan"
"cwnu3676","n","nan","nan",68.0,"nan"
"cwnu3677","n","nan","nan",68.0,"nan"
"cwnu3678","n","nan","nan",69.0,"nan"
"cwnu3679","n","nan","nan",70.0,"nan"
"cwnu368","n","nan","nan",49.0,"nan"
"cwnu3683","n","nan","nan",62.0,"nan"
"cwnu3685","n","nan","nan",39.0,"nan"
"cwnu3686","n","nan","nan",63.0,"nan"
"cwnu3688","n","nan","nan",64.0,"nan"
"cwnu369","n","nan","nan",48.0,"nan"
"cwnu3690","n","nan",40.0,65.0,"nan"
"cwnu3692","n","nan","nan",66.0,"nan"
"cwnu3693","n","nan","nan",66.0,"nan"
"cwnu3694","n","nan","nan",67.0,"nan"
"cwnu3695","n","nan","nan",64.0,"nan"
"cwnu3696","n","nan","nan",63.0,"nan"
"cwnu3699","n","nan","nan",60.0,"nan"
"cwnu37","n","nan",75.0,92.0,"nan"
"cwnu3700","n","nan","nan",60.0,"nan"
"cwnu3701","n","nan","nan",72.0,"nan"
"cwnu3702","n","nan","nan",59.0,"nan"
"cwnu3705","n","nan","nan",57.0,"nan"
"cwnu3706","n","nan","nan",59.0,"nan"
"cwnu3707","n","nan","nan",38.0,"nan"
"cwnu3708","n","nan","nan",73.0,"nan"
"cwnu371","n","nan","nan",48.0,"nan"
"cwnu3710","n","nan","nan",41.0,"nan"
"cwnu3711","n","nan","nan",41.0,"nan"
"cwnu3712","n","nan","nan",42.0,"nan"
"cwnu3713","n","nan","nan",108.0,"nan"
"cwnu3714","n","nan","nan",47.0,"nan"
"cwnu3715","n","nan","nan",47.0,"nan"
"cwnu3716","n","nan","nan",53.0,"nan"
"cwnu3717","n","nan","nan",41.0,"nan"
"cwnu3719","n","nan","nan",55.0,"nan"
"cwnu372","n","nan","nan",64.0,"nan"
"cwnu3720","n","nan","nan",56.0,"nan"
"cwnu3721","n","nan","nan",56.0,"nan"
"cwnu3722","n","nan","nan",53.0,"nan"
"cwnu3725","n","nan","nan",48.0,"nan"
"cwnu3727","n","nan","nan",54.0,"nan"
"cwnu3728","n","nan","nan",41.0,"nan"
"cwnu373","n","nan","nan",60.0,"nan"
"cwnu3730","n","nan","nan",74.0,"nan"
"cwnu3731","n","nan","nan",57.0,"nan"
"cwnu3732","n","nan","nan",57.0,"nan"
"cwnu3733","n","nan","nan",43.0,"nan"
"cwnu3737","n","nan","nan",44.0,"nan"
"cwnu3738","n","nan","nan",44.0,"nan"
"cwnu3739","n","nan","nan",45.0,"nan"
"cwnu3741","n","nan","nan",45.0,"nan"
"cwnu3742","n","nan","nan",45.0,"nan"
"cwnu3743","n","nan","nan",40.0,"nan"
"cwnu3745","n","nan","nan",40.0,"nan"
"cwnu3747","n","nan","nan",39.0,"nan"
"cwnu3749","n","nan","nan",39.0,"nan"
"cwnu375","n","nan","nan",80.0,"nan"
"cwnu3750","n","nan","nan",39.0,"nan"
"cwnu3753","n","nan","nan",46.0,"nan"
"cwnu3754","n","nan","nan",93.0,"nan"
"cwnu3755","n","nan","nan",38.0,"nan"
"cwnu3756","n","nan","nan",39.0,"nan"
"cwnu3757","n","nan","nan",84.0,"nan"
"cwnu3758","n","nan","nan",25.0,"nan"
"cwnu3759","n","nan","nan",30.0,"nan"
"cwnu3761","n","nan","nan",35.0,"nan"
"cwnu3762","n","nan","nan",35.0,"nan"
"cwnu3763","n","nan","nan",35.0,"nan"
"cwnu3764","n","nan","nan",35.0,"nan"
"cwnu3765","n","nan","nan",35.0,"nan"
"cwnu3767","n","nan","nan",35.0,"nan"
"cwnu3768","n","nan","nan",25.0,"nan"
"cwnu377","n","nan",60.0,92.0,"nan"
"cwnu3771","n","nan","nan",36.0,"nan"
"cwnu3773","n","nan","nan",37.0,"nan"
"cwnu3775","n","nan","nan",34.0,"nan"
"cwnu3778","n","nan","nan",31.0,"nan"
"cwnu3779","n","nan","nan",36.0,"nan"
"cwnu3780","n","nan","nan",39.0,"nan"
"cwnu3781","n","nan","nan",60.0,"nan"
"cwnu3782","n","nan","nan",120.0,"nan"
"cwnu3783","n","nan","nan",59.0,"nan"
"cwnu3784","n","nan","nan",89.0,"nan"
"cwnu3786","n","nan","nan",111.0,"nan"
"cwnu3788","n","nan","nan",28.0,"nan"
"cwnu379","n","nan","nan",65.0,"nan"
"cwnu3791","n","nan","nan",122.0,"nan"
"cwnu3792","n","nan","nan",30.0,"nan"
"cwnu3793","n","nan","nan",32.0,"nan"
"cwnu3794","n","nan","nan",32.0,"nan"
"cwnu3795","n","nan","nan",110.0,"nan"
"cwnu3796","n","nan","nan",124.0,"nan"
"cwnu3797","n","nan","nan",84.0,"nan"
"cwnu3798","n","nan","nan",104.0,"nan"
"cwnu38","n","nan","nan",51.0,"nan"
"cwnu380","n","nan","nan",59.0,"nan"
"cwnu3801","n","nan","nan",117.0,"nan"
"cwnu3802","n","nan","nan",120.0,"nan"
"cwnu3805","n","nan","nan",79.0,"nan"
"cwnu3807","n","nan","nan",93.0,"nan"
"cwnu3808","n","nan","nan",129.0,"nan"
"cwnu3810","n","nan","nan",83.0,"nan"
"cwnu3813","n","nan","nan",106.0,"nan"
"cwnu3814","n","nan","nan",157.0,"nan"
"cwnu3816","n","nan","nan",125.0,"nan"
"cwnu3817","n","nan","nan",38.0,"nan"
"cwnu3819","n","nan","nan",34.0,"nan"
"cwnu382","n","nan","nan",57.0,"nan"
"cwnu3820","n","nan","nan",34.0,"nan"
"cwnu3821","n","nan","nan",32.0,"nan"
"cwnu3823","n","nan","nan",135.0,"nan"
"cwnu3824","n","nan","nan",84.0,"nan"
"cwnu3825","n","nan","nan",104.0,"nan"
"cwnu3827","n","nan","nan",108.0,"nan"
"cwnu3828","n","nan","nan",82.0,"nan"
"cwnu3829","n","nan","nan",112.0,"nan"
"cwnu383","n","nan","nan",56.0,"nan"
"cwnu3830","n","nan","nan",131.0,"nan"
"cwnu3831","n","nan","nan",83.0,"nan"
"cwnu3834","n","nan","nan",128.0,"nan"
"cwnu3835","n","nan","nan",69.0,"nan"
"cwnu3836","n","nan","nan",87.0,"nan"
"cwnu3837","n","nan","nan",61.0,"nan"
"cwnu3839","n","nan","nan",63.0,"nan"
"cwnu384","n","nan","nan",52.0,"nan"
"cwnu3840","n","nan","nan",458.0,"nan"
"cwnu3841","n","nan","nan",113.0,"nan"
"cwnu3843","n","nan","nan",61.0,"nan"
"cwnu3844","n","nan","nan",70.0,"nan"
"cwnu3846","n","nan","nan",60.0,"nan"
"cwnu3847","n","nan","nan",60.0,"nan"
"cwnu3848","n","nan","nan",73.0,"nan"
"cwnu3849","n","nan","nan",73.0,"nan"
"cwnu385","n","nan","nan",56.0,"nan"
"cwnu3850","n","nan","nan",77.0,"nan"
"cwnu3851","n","nan","nan",81.0,"nan"
"cwnu3852","n","nan","nan",70.0,"nan"
"cwnu3853","n","nan","nan",66.0,"nan"
"cwnu3854","n","nan","nan",93.0,"nan"
"cwnu3855","n","nan","nan",72.0,"nan"
"cwnu3856","n","nan","nan",386.0,"nan"
"cwnu3857","n","nan","nan",70.0,"nan"
"cwnu3859","n","nan","nan",102.0,"nan"
"cwnu3860","n","nan","nan",138.0,"nan"
"cwnu3861","n","nan","nan",137.0,"nan"
"cwnu3864","n","nan","nan",143.0,"nan"
"cwnu3865","n","nan","nan",56.0,"nan"
"cwnu3866","n","nan","nan",79.0,"nan"
"cwnu3867","n","nan","nan",208.0,"nan"
"cwnu3868","n","nan","nan",97.0,"nan"
"cwnu3869","n","nan","nan",201.0,"nan"
"cwnu3871","n","nan","nan",375.0,"nan"
"cwnu3874","n","nan","nan",53.0,"nan"
"cwnu3875","n","nan","nan",342.0,"nan"
"cwnu3876","n","nan","nan",88.0,"nan"
"cwnu3877","n","nan","nan",171.0,"nan"
"cwnu3878","n","nan","nan",65.0,"nan"
"cwnu3879","n","nan","nan",78.0,"nan"
"cwnu388","n","nan",50.0,56.0,"nan"
"cwnu3880","n","nan","nan",250.0,"nan"
"cwnu3882","n","nan","nan",81.0,"nan"
"cwnu3883","n","nan","nan",150.0,"nan"
"cwnu3884","n","nan","nan",740.0,"nan"
"cwnu3885","n","nan","nan",127.0,"nan"
"cwnu3886","n","nan","nan",97.0,"nan"
"cwnu3887","n","nan","nan",46.0,"nan"
"cwnu3889","n","nan","nan",88.0,"nan"
"cwnu389","n","nan","nan",54.0,"nan"
"cwnu3890","n","nan","nan",37.0,"nan"
"cwnu3892","n","nan","nan",86.0,"nan"
"cwnu3893","n","nan","nan",82.0,"nan"
"cwnu3894","n","nan","nan",133.0,"nan"
"cwnu3895","n","nan","nan",161.0,"nan"
"cwnu3896","n","nan","nan",101.0,"nan"
"cwnu3898","n","nan","nan",281.0,"nan"
"cwnu3899","n","nan","nan",161.0,"nan"
"cwnu39","n","nan","nan",107.0,"nan"
"cwnu3900","n","nan","nan",273.0,"nan"
"cwnu3903","n","nan","nan",107.0,"nan"
"cwnu3905","n","nan","nan",102.0,"nan"
"cwnu3906","n","nan","nan",348.0,"nan"
"cwnu3907","n","nan","nan",109.0,"nan"
"cwnu3908","n","nan","nan",205.0,"nan"
"cwnu3909","n","nan","nan",150.0,"nan"
"cwnu391","n","nan","nan",70.0,"nan"
"cwnu3910","n","nan","nan",135.0,"nan"
"cwnu3911","n","nan","nan",234.0,"nan"
"cwnu3912","n","nan","nan",120.0,"nan"
"cwnu3913","n","nan","nan",137.0,"nan"
"cwnu3915","n","nan","nan",54.0,"nan"
"cwnu3916","n","nan","nan",64.0,"nan"
"cwnu3917","n","nan","nan",108.0,"nan"
"cwnu3918","n","nan","nan",179.0,"nan"
"cwnu3919","n","nan","nan",145.0,"nan"
"cwnu392","n","nan","nan",70.0,"nan"
"cwnu3920","n","nan","nan",101.0,"nan"
"cwnu3921","n","nan","nan",81.0,"nan"
"cwnu3922","n","nan","nan",74.0,"nan"
"cwnu3923","n","nan","nan",123.0,"nan"
"cwnu3924","n","nan","nan",48.0,"nan"
"cwnu3925","n","nan","nan",123.0,"nan"
"cwnu3926","n","nan","nan",183.0,"nan"
"cwnu3928","n","nan","nan",105.0,"nan"
"cwnu3929","n","nan","nan",122.0,"nan"
"cwnu393","n","nan","nan",62.0,"nan"
"cwnu3932","n","nan","nan",265.0,"nan"
"cwnu3934","n","nan","nan",159.0,"nan"
"cwnu3935","n","nan","nan",212.0,"nan"
"cwnu3936","n","nan","nan",138.0,"nan"
"cwnu3937","n","nan","nan",110.0,"nan"
"cwnu3938","n","nan","nan",188.0,"nan"
"cwnu3939","n","nan","nan",103.0,"nan"
"cwnu3940","n","nan","nan",93.0,"nan"
"cwnu3941","n","nan","nan",158.0,"nan"
"cwnu3945","n","nan","nan",296.0,"nan"
"cwnu3948","n","nan","nan",105.0,"nan"
"cwnu3949","n","nan","nan",225.0,"nan"
"cwnu395","n","nan","nan",70.0,"nan"
"cwnu3950","n","nan","nan",247.0,"nan"
"cwnu3951","n","nan","nan",189.0,"nan"
"cwnu3953","n","nan","nan",59.0,"nan"
"cwnu3954","n","nan","nan",145.0,"nan"
"cwnu3956","n","nan","nan",89.0,"nan"
"cwnu3958","n","nan","nan",133.0,"nan"
"cwnu3959","n","nan","nan",138.0,"nan"
"cwnu396","n","nan","nan",57.0,"nan"
"cwnu3960","n","nan","nan",186.0,"nan"
"cwnu3961","n","nan","nan",191.0,"nan"
"cwnu3962","n","nan","nan",203.0,"nan"
"cwnu3963","n","nan","nan",102.0,"nan"
"cwnu3964","n","nan","nan",61.0,"nan"
"cwnu3965","n","nan","nan",101.0,"nan"
"cwnu3967","n","nan","nan",101.0,"nan"
"cwnu3968","n","nan","nan",98.0,"nan"
"cwnu3969","n","nan","nan",92.0,"nan"
"cwnu3970","n","nan","nan",119.0,"nan"
"cwnu3971","n","nan","nan",182.0,"nan"
"cwnu3973","n","nan","nan",207.0,"nan"
"cwnu3975","n","nan","nan",62.0,"nan"
"cwnu3977","n","nan","nan",165.0,"nan"
"cwnu3978","n","nan","nan",42.0,"nan"
"cwnu3979","n","nan","nan",79.0,"nan"
"cwnu398","n","nan","nan",56.0,"nan"
"cwnu3981","n","nan","nan",95.0,"nan"
"cwnu3982","n","nan","nan",36.0,"nan"
"cwnu3983","n","nan","nan",187.0,"nan"
"cwnu3984","n","nan","nan",164.0,"nan"
"cwnu3985","n","nan","nan",138.0,"nan"
"cwnu3986","n","nan","nan",66.0,"nan"
"cwnu3987","n","nan","nan",165.0,"nan"
"cwnu3988","n","nan","nan",196.0,"nan"
"cwnu3989","n","nan","nan",270.0,"nan"
"cwnu399","n","nan",50.0,54.0,"nan"
"cwnu3991","n","nan","nan",321.0,"nan"
"cwnu3993","n","nan","nan",202.0,"nan"
"cwnu3994","n","nan","nan",142.0,"nan"
"cwnu3995","n","nan","nan",158.0,"nan"
"cwnu3999","n","nan","nan",226.0,"nan"
"cwnu40","n","nan",50.0,52.0,"nan"
"cwnu4001","n","nan","nan",93.0,"nan"
"cwnu4002","n","nan","nan",108.0,"nan"
"cwnu4003","n","nan","nan",214.0,"nan"
"cwnu4004","n","nan","nan",145.0,"nan"
"cwnu4005","n","nan","nan",147.0,"nan"
"cwnu4006","n","nan","nan",131.0,"nan"
"cwnu4007","n","nan","nan",54.0,"nan"
"cwnu4009","n","nan","nan",85.0,"nan"
"cwnu4010","n","nan","nan",152.0,"nan"
"cwnu4011","n","nan","nan",170.0,"nan"
"cwnu4012","n","nan","nan",109.0,"nan"
"cwnu4013","n","nan","nan",108.0,"nan"
"cwnu4014","n","nan","nan",97.0,"nan"
"cwnu4016","n","nan","nan",202.0,"nan"
"cwnu4017","n","nan","nan",98.0,"nan"
"cwnu4018","n","nan","nan",100.0,"nan"
"cwnu4019","n","nan","nan",128.0,"nan"
"cwnu402","n","nan","nan",49.0,"nan"
"cwnu4020","n","nan","nan",494.0,"nan"
"cwnu4021","n","nan","nan",152.0,"nan"
"cwnu4022","n","nan","nan",88.0,"nan"
"cwnu4023","n","nan","nan",79.0,"nan"
"cwnu4024","n","nan","nan",80.0,"nan"
"cwnu4025","n","nan","nan",258.0,"nan"
"cwnu4026","n","nan","nan",393.0,"nan"
"cwnu4027","n","nan","nan",139.0,"nan"
"cwnu4028","n","nan","nan",204.0,"nan"
"cwnu4029","n","nan","nan",312.0,"nan"
"cwnu403","n","nan","nan",49.0,"nan"
"cwnu4031","n","nan","nan",342.0,"nan"
"cwnu4032","n","nan","nan",278.0,"nan"
"cwnu4036","n","nan","nan",245.0,"nan"
"cwnu4039","n","nan","nan",232.0,"nan"
"cwnu4041","n","nan","nan",929.0,"nan"
"cwnu4042","n","nan","nan",71.0,"nan"
"cwnu4044","n","nan","nan",103.0,"nan"
"cwnu4045","n","nan","nan",196.0,"nan"
"cwnu4047","n","nan","nan",80.0,"nan"
"cwnu4048","n","nan","nan",93.0,"nan"
"cwnu405","n","nan",100.0,140.0,"nan"
"cwnu4053","n","nan","nan",294.0,"nan"
"cwnu4056","n","nan","nan",100.0,"nan"
"cwnu4057","n","nan","nan",1000.0,"nan"
"cwnu4058","n","nan",50.0,318.0,"nan"
"cwnu406","n","nan",50.0,78.0,"nan"
"cwnu4062","n","nan","nan",42.0,"nan"
"cwnu4063","n","nan","nan",115.0,"nan"
"cwnu4065","n","nan","nan",60.0,"nan"
"cwnu4067","n","nan","nan",143.0,"nan"
"cwnu4068","n","nan","nan",58.0,"nan"
"cwnu4069","n","nan","nan",155.0,"nan"
"cwnu407","n","nan",90.0,158.0,"nan"
"cwnu4070","n","nan","nan",47.0,"nan"
"cwnu4071","n","nan","nan",67.0,"nan"
"cwnu4072","n","nan","nan",51.0,"nan"
"cwnu4073","n","nan","nan",52.0,"nan"
"cwnu4075","n","nan","nan",25.0,"nan"
"cwnu4076","n","nan","nan",57.0,"nan"
"cwnu4077","n","nan","nan",65.0,"nan"
"cwnu4078","n","nan","nan",60.0,"nan"
"cwnu4079","n","nan","nan",63.0,"nan"
"cwnu4080","n","nan","nan",52.0,"nan"
"cwnu4081","n","nan","nan",32.0,"nan"
"cwnu4082","n","nan","nan",66.0,"nan"
"cwnu4083","n","nan","nan",98.0,"nan"
"cwnu4084","n","nan","nan",152.0,"nan"
"cwnu4085","n","nan","nan",62.0,"nan"
"cwnu4086","n","nan","nan",148.0,"nan"
"cwnu4087","n","nan","nan",145.0,"nan"
"cwnu4089","n","nan","nan",46.0,"nan"
"cwnu409","n","nan","nan",59.0,"nan"
"cwnu4090","n","nan","nan",80.0,"nan"
"cwnu4091","n","nan","nan",60.0,"nan"
"cwnu4092","n","nan","nan",151.0,"nan"
"cwnu4093","n","nan","nan",91.0,"nan"
"cwnu4094","n","nan","nan",105.0,"nan"
"cwnu4095","n","nan","nan",144.0,"nan"
"cwnu4096","n","nan","nan",145.0,"nan"
"cwnu4097","n","nan","nan",190.0,"nan"
"cwnu4098","n","nan","nan",128.0,"nan"
"cwnu41","n","nan","nan",59.0,"nan"
"cwnu410","n","nan","nan",68.0,"nan"
"cwnu4100","n","nan","nan",183.0,"nan"
"cwnu4103","n","nan","nan",93.0,"nan"
"cwnu4104","n","nan","nan",51.0,"nan"
"cwnu4105","n","nan","nan",200.0,"nan"
"cwnu4107","n","nan","nan",99.0,"nan"
"cwnu4108","n","nan","nan",118.0,"nan"
"cwnu4109","n","nan","nan",118.0,"nan"
"cwnu4110","n","nan","nan",385.0,"nan"
"cwnu4111","n","nan","nan",285.0,"nan"
"cwnu4112","n","nan","nan",200.0,"nan"
"cwnu4113","n","nan","nan",162.0,"nan"
"cwnu4115","n","nan","nan",149.0,"nan"
"cwnu4117","n","nan","nan",228.0,"nan"
"cwnu4118","n","nan","nan",163.0,"nan"
"cwnu4119","n","nan","nan",109.0,"nan"
"cwnu4121","n","nan","nan",158.0,"nan"
"cwnu4123","n","nan","nan",52.0,"nan"
"cwnu4124","n","nan","nan",191.0,"nan"
"cwnu4125","n","nan","nan",109.0,"nan"
"cwnu4128","n","nan","nan",53.0,"nan"
"cwnu4129","n","nan","nan",40.0,"nan"
"cwnu413","n","nan","nan",64.0,"nan"
"cwnu4131","n","nan","nan",79.0,"nan"
"cwnu4133","n","nan","nan",576.0,"nan"
"cwnu4134","n","nan","nan",291.0,"nan"
"cwnu4135","n","nan","nan",221.0,"nan"
"cwnu4137","n","nan","nan",283.0,"nan"
"cwnu4138","n","nan","nan",62.0,"nan"
"cwnu4139","n","nan","nan",151.0,"nan"
"cwnu414","n","nan","nan",62.0,"nan"
"cwnu4140","n","nan","nan",60.0,"nan"
"cwnu4141","n","nan","nan",228.0,"nan"
"cwnu4142","n","nan","nan",101.0,"nan"
"cwnu4143","n","nan","nan",68.0,"nan"
"cwnu4146","n","nan","nan",183.0,"nan"
"cwnu4147","n","nan","nan",178.0,"nan"
"cwnu4150","n","nan","nan",90.0,"nan"
"cwnu4151","n","nan","nan",205.0,"nan"
"cwnu4152","n","nan","nan",419.0,"nan"
"cwnu4153","n","nan","nan",86.0,"nan"
"cwnu4154","n","nan","nan",84.0,"nan"
"cwnu4156","n","nan","nan",113.0,"nan"
"cwnu4157","n","nan","nan",48.0,"nan"
"cwnu4158","n","nan","nan",147.0,"nan"
"cwnu4159","n","nan","nan",62.0,"nan"
"cwnu416","n","nan","nan",38.0,"nan"
"cwnu4160","n","nan","nan",73.0,"nan"
"cwnu4161","n","nan","nan",168.0,"nan"
"cwnu4163","n","nan","nan",213.0,"nan"
"cwnu4165","n","nan","nan",182.0,"nan"
"cwnu4166","n","nan","nan",451.0,"nan"
"cwnu4167","n","nan","nan",391.0,"nan"
"cwnu4168","n","nan","nan",531.0,"nan"
"cwnu4169","n","nan","nan",199.0,"nan"
"cwnu4170","n","nan","nan",155.0,"nan"
"cwnu4171","n","nan","nan",117.0,"nan"
"cwnu4172","n","nan","nan",161.0,"nan"
"cwnu4173","n","nan","nan",150.0,"nan"
"cwnu4174","n","nan","nan",224.0,"nan"
"cwnu4177","n","nan","nan",131.0,"nan"
"cwnu4178","n","nan","nan",198.0,"nan"
"cwnu4179","n","nan","nan",194.0,"nan"
"cwnu418","n","nan",50.0,51.0,"nan"
"cwnu4181","n","nan","nan",119.0,"nan"
"cwnu4184","n","nan","nan",338.0,"nan"
"cwnu4185","n","nan","nan",222.0,"nan"
"cwnu4186","n","nan","nan",204.0,"nan"
"cwnu4187","n","nan","nan",145.0,"nan"
"cwnu4190","n","nan","nan",33.0,"nan"
"cwnu4191","n","nan","nan",37.0,"nan"
"cwnu4192","n","nan","nan",52.0,"nan"
"cwnu4193","n","nan","nan",47.0,"nan"
"cwnu4194","n","nan","nan",76.0,"nan"
"cwnu4195","n","nan","nan",78.0,"nan"
"cwnu4196","n","nan","nan",77.0,"nan"
"cwnu4197","n","nan","nan",76.0,"nan"
"cwnu4198","n","nan","nan",75.0,"nan"
"cwnu4199","n","nan","nan",74.0,"nan"
"cwnu42","n","nan",75.0,67.0,"nan"
"cwnu4200","n","nan","nan",74.0,"nan"
"cwnu4201","n","nan","nan",73.0,"nan"
"cwnu4202","n","nan","nan",72.0,"nan"
"cwnu4203","n","nan","nan",71.0,"nan"
"cwnu4204","n","nan","nan",69.0,"nan"
"cwnu4208","n","nan","nan",67.0,"nan"
"cwnu4210","n","nan","nan",67.0,"nan"
"cwnu4212","n","nan","nan",65.0,"nan"
"cwnu4213","n","nan","nan",65.0,"nan"
"cwnu4214","n","nan","nan",64.0,"nan"
"cwnu4215","n","nan","nan",64.0,"nan"
"cwnu4216","n","nan","nan",63.0,"nan"
"cwnu4217","n","nan","nan",63.0,"nan"
"cwnu4218","n","nan","nan",63.0,"nan"
"cwnu4219","n","nan","nan",62.0,"nan"
"cwnu4220","n","nan","nan",60.0,"nan"
"cwnu4221","n","nan","nan",58.0,"nan"
"cwnu4222","n","nan","nan",57.0,"nan"
"cwnu4223","n","nan","nan",56.0,"nan"
"cwnu4224","n","nan","nan",55.0,"nan"
"cwnu4226","n","nan","nan",54.0,"nan"
"cwnu4227","n","nan","nan",53.0,"nan"
"cwnu4228","n","nan","nan",53.0,"nan"
"cwnu4229","n","nan","nan",52.0,"nan"
"cwnu423","n","nan","nan",51.0,"nan"
"cwnu4230","n","nan","nan",52.0,"nan"
"cwnu4231","n","nan","nan",51.0,"nan"
"cwnu4232","n","nan","nan",51.0,"nan"
"cwnu4234","n","nan","nan",48.0,"nan"
"cwnu4235","n","nan","nan",47.0,"nan"
"cwnu4236","n","nan","nan",46.0,"nan"
"cwnu4237","n","nan","nan",46.0,"nan"
"cwnu4238","n","nan","nan",46.0,"nan"
"cwnu4239","n","nan","nan",42.0,"nan"
"cwnu4240","n","nan","nan",42.0,"nan"
"cwnu4241","n","nan","nan",42.0,"nan"
"cwnu4242","n","nan","nan",41.0,"nan"
"cwnu4243","n","nan","nan",38.0,"nan"
"cwnu4244","n","nan","nan",37.0,"nan"
"cwnu4245","n","nan","nan",35.0,"nan"
"cwnu4246","n","nan","nan",35.0,"nan"
"cwnu4247","n","nan","nan",32.0,"nan"
"cwnu4249","n","nan","nan",30.0,"nan"
"cwnu425","n","nan","nan",110.0,"nan"
"cwnu4250","n","nan","nan",29.0,"nan"
"cwnu4251","n","nan","nan",28.0,"nan"
"cwnu4252","n","nan","nan",28.0,"nan"
"cwnu4253","n","nan","nan",28.0,"nan"
"cwnu4254","n","nan","nan",25.0,"nan"
"cwnu4255","n","nan","nan",224.0,"nan"
"cwnu4256","n","nan","nan",217.0,"nan"
"cwnu4258","n","nan","nan",201.0,"nan"
"cwnu4259","n","nan","nan",199.0,"nan"
"cwnu426","n","nan",50.0,56.0,"nan"
"cwnu4260","n","nan","nan",197.0,"nan"
"cwnu4262","n","nan","nan",144.0,"nan"
"cwnu4264","n","nan","nan",131.0,"nan"
"cwnu4266","n","nan","nan",129.0,"nan"
"cwnu4267","n","nan","nan",128.0,"nan"
"cwnu4268","n","nan","nan",126.0,"nan"
"cwnu427","n","nan","nan",65.0,"nan"
"cwnu4270","n","nan","nan",117.0,"nan"
"cwnu4271","n","nan","nan",116.0,"nan"
"cwnu4272","n","nan","nan",115.0,"nan"
"cwnu4274","n","nan","nan",113.0,"nan"
"cwnu4275","n","nan","nan",113.0,"nan"
"cwnu4277","n","nan","nan",111.0,"nan"
"cwnu4279","n","nan","nan",108.0,"nan"
"cwnu428","n","nan","nan",52.0,"nan"
"cwnu4280","n","nan","nan",107.0,"nan"
"cwnu4281","n","nan","nan",104.0,"nan"
"cwnu4282","n","nan","nan",102.0,"nan"
"cwnu4283","n","nan","nan",101.0,"nan"
"cwnu4285","n","nan","nan",99.0,"nan"
"cwnu4286","n","nan","nan",96.0,"nan"
"cwnu4287","n","nan","nan",93.0,"nan"
"cwnu4288","n","nan","nan",93.0,"nan"
"cwnu429","n","nan","nan",54.0,"nan"
"cwnu4290","n","nan","nan",91.0,"nan"
"cwnu4291","n","nan","nan",91.0,"nan"
"cwnu4292","n","nan","nan",91.0,"nan"
"cwnu4293","n","nan","nan",91.0,"nan"
"cwnu4294","n","nan","nan",90.0,"nan"
"cwnu4295","n","nan","nan",90.0,"nan"
"cwnu4296","n","nan","nan",89.0,"nan"
"cwnu4297","n","nan","nan",89.0,"nan"
"cwnu4298","n","nan","nan",89.0,"nan"
"cwnu4299","n","nan","nan",87.0,"nan"
"cwnu4300","n","nan","nan",86.0,"nan"
"cwnu4302","n","nan","nan",85.0,"nan"
"cwnu4303","n","nan","nan",84.0,"nan"
"cwnu4305","n","nan","nan",84.0,"nan"
"cwnu4307","n","nan","nan",83.0,"nan"
"cwnu4308","n","nan","nan",81.0,"nan"
"cwnu4309","n","nan","nan",81.0,"nan"
"cwnu4310","n","nan","nan",80.0,"nan"
"cwnu4311","n","nan","nan",78.0,"nan"
"cwnu4312","n","nan","nan",78.0,"nan"
"cwnu4313","n","nan","nan",47.0,"nan"
"cwnu4315","n","nan","nan",59.0,"nan"
"cwnu4316","n","nan","nan",58.0,"nan"
"cwnu4317","n","nan","nan",54.0,"nan"
"cwnu4318","n","nan","nan",55.0,"nan"
"cwnu4319","n","nan","nan",57.0,"nan"
"cwnu4320","n","nan","nan",536.0,"nan"
"cwnu4321","n","nan","nan",78.0,"nan"
"cwnu4322","n","nan","nan",138.0,"nan"
"cwnu4323","n","nan","nan",39.0,"nan"
"cwnu4324","n","nan","nan",234.0,"nan"
"cwnu4325","n","nan","nan",129.0,"nan"
"cwnu4326","n","nan","nan",664.0,"nan"
"cwnu4327","n","nan","nan",64.0,"nan"
"cwnu4328","n","nan","nan",55.0,"nan"
"cwnu4329","n","nan","nan",51.0,"nan"
"cwnu433","n","nan","nan",57.0,"nan"
"cwnu4330","n","nan","nan",51.0,"nan"
"cwnu4331","n","nan","nan",50.0,"nan"
"cwnu4332","n","nan","nan",50.0,"nan"
"cwnu4333","n","nan","nan",78.0,"nan"
"cwnu4334","n","nan","nan",50.0,"nan"
"cwnu4335","n","nan","nan",31.0,"nan"
"cwnu4336","n","nan","nan",66.0,"nan"
"cwnu4337","n","nan","nan",32.0,"nan"
"cwnu4338","n","nan","nan",58.0,"nan"
"cwnu4339","n","nan","nan",54.0,"nan"
"cwnu434","n","nan","nan",49.0,"nan"
"cwnu4340","n","nan","nan",47.0,"nan"
"cwnu4341","n","nan","nan",686.0,"nan"
"cwnu4342","n","nan","nan",94.0,"nan"
"cwnu4343","n","nan","nan",89.0,"nan"
"cwnu4344","n","nan","nan",75.0,"nan"
"cwnu4345","n","nan","nan",70.0,"nan"
"cwnu4346","n","nan","nan",61.0,"nan"
"cwnu4347","n","nan","nan",64.0,"nan"
"cwnu4348","n","nan","nan",65.0,"nan"
"cwnu4349","n","nan","nan",65.0,"nan"
"cwnu435","n","nan","nan",52.0,"nan"
"cwnu4350","n","nan","nan",65.0,"nan"
"cwnu4351","n","nan","nan",60.0,"nan"
"cwnu4352","n","nan","nan",60.0,"nan"
"cwnu4353","n","nan","nan",58.0,"nan"
"cwnu4356","n","nan","nan",53.0,"nan"
"cwnu4357","n","nan","nan",53.0,"nan"
"cwnu4358","n","nan","nan",53.0,"nan"
"cwnu4360","n","nan","nan",55.0,"nan"
"cwnu4361","n","nan","nan",56.0,"nan"
"cwnu4362","n","nan","nan",41.0,"nan"
"cwnu4363","n","nan","nan",44.0,"nan"
"cwnu4364","n","nan","nan",40.0,"nan"
"cwnu4365","n","nan","nan",47.0,"nan"
"cwnu4366","n","nan","nan",37.0,"nan"
"cwnu4367","n","nan","nan",93.0,"nan"
"cwnu4368","n","nan","nan",155.0,"nan"
"cwnu437","n","nan","nan",48.0,"nan"
"cwnu4370","n","nan","nan",44.0,"nan"
"cwnu4371","n","nan","nan",45.0,"nan"
"cwnu4372","n","nan","nan",113.0,"nan"
"cwnu4373","n","nan","nan",30.0,"nan"
"cwnu4374","n","nan","nan",79.0,"nan"
"cwnu4375","n","nan","nan",61.0,"nan"
"cwnu4376","n","nan","nan",102.0,"nan"
"cwnu4377","n","nan","nan",65.0,"nan"
"cwnu4378","n","nan","nan",81.0,"nan"
"cwnu4379","n","nan","nan",71.0,"nan"
"cwnu4380","n","nan","nan",116.0,"nan"
"cwnu4381","n","nan","nan",49.0,"nan"
"cwnu4382","n","nan","nan",69.0,"nan"
"cwnu4383","n","nan","nan",37.0,"nan"
"cwnu4384","n","nan","nan",71.0,"nan"
"cwnu4385","n","nan","nan",29.0,"nan"
"cwnu4386","n","nan",55.0,112.0,"nan"
"cwnu4387","n","nan","nan",90.0,"nan"
"cwnu4388","n","nan","nan",58.0,"nan"
"cwnu4389","n","nan","nan",293.0,"nan"
"cwnu439","n","nan",50.0,68.0,"nan"
"cwnu4390","n","nan","nan",68.0,"nan"
"cwnu4391","n","nan","nan",153.0,"nan"
"cwnu4392","n","nan","nan",155.0,"nan"
"cwnu4393","n","nan","nan",40.0,"nan"
"cwnu4394","n","nan","nan",90.0,"nan"
"cwnu4395","n","nan","nan",114.0,"nan"
"cwnu4396","n","nan","nan",54.0,"nan"
"cwnu4397","n","nan","nan",108.0,"nan"
"cwnu4398","n","nan","nan",54.0,"nan"
"cwnu4399","n","nan","nan",47.0,"nan"
"cwnu440","n","nan","nan",65.0,"nan"
"cwnu4400","n","nan","nan",56.0,"nan"
"cwnu4401","n","nan","nan",57.0,"nan"
"cwnu4402","n","nan","nan",82.0,"nan"
"cwnu4403","n","nan","nan",117.0,"nan"
"cwnu4404","n","nan","nan",300.0,"nan"
"cwnu4405","n","nan","nan",213.0,"nan"
"cwnu4406","n","nan","nan",39.0,"nan"
"cwnu4407","n","nan","nan",112.0,"nan"
"cwnu4408","n","nan","nan",143.0,"nan"
"cwnu4409","n","nan","nan",140.0,"nan"
"cwnu4410","n","nan","nan",79.0,"nan"
"cwnu4413","n","nan","nan",47.0,"nan"
"cwnu4414","n","nan","nan",86.0,"nan"
"cwnu4415","n","nan","nan",50.0,"nan"
"cwnu4416","n","nan","nan",112.0,"nan"
"cwnu4417","n","nan","nan",274.0,"nan"
"cwnu4418","n","nan","nan",120.0,"nan"
"cwnu4419","n","nan","nan",139.0,"nan"
"cwnu442","n","nan","nan",73.0,"nan"
"cwnu4420","n","nan","nan",260.0,"nan"
"cwnu4421","n","nan","nan",85.0,"nan"
"cwnu4422","n","nan","nan",231.0,"nan"
"cwnu4423","n","nan","nan",44.0,"nan"
"cwnu4424","n","nan","nan",56.0,"nan"
"cwnu4425","n","nan","nan",53.0,"nan"
"cwnu4426","n","nan","nan",263.0,"nan"
"cwnu4427","n","nan","nan",63.0,"nan"
"cwnu4428","n","nan","nan",202.0,"nan"
"cwnu4429","n","nan","nan",71.0,"nan"
"cwnu4431","n","nan","nan",58.0,"nan"
"cwnu4432","n","nan","nan",58.0,"nan"
"cwnu4434","n","nan","nan",64.0,"nan"
"cwnu4435","n","nan","nan",63.0,"nan"
"cwnu4437","n","nan","nan",108.0,"nan"
"cwnu4438","n","nan","nan",360.0,"nan"
"cwnu4439","n","nan","nan",78.0,"nan"
"cwnu4440","n","nan","nan",64.0,"nan"
"cwnu4441","n","nan","nan",65.0,"nan"
"cwnu4442","n","nan","nan",112.0,"nan"
"cwnu4443","n","nan","nan",130.0,"nan"
"cwnu4444","n","nan","nan",55.0,"nan"
"cwnu4445","n","nan","nan",81.0,"nan"
"cwnu4446","n","nan","nan",59.0,"nan"
"cwnu4447","n","nan","nan",121.0,"nan"
"cwnu4448","n","nan","nan",166.0,"nan"
"cwnu4449","n","nan","nan",141.0,"nan"
"cwnu445","n","nan","nan",68.0,"nan"
"cwnu4450","n","nan","nan",80.0,"nan"
"cwnu4451","n","nan","nan",79.0,"nan"
"cwnu4452","n","nan","nan",81.0,"nan"
"cwnu4453","n","nan","nan",70.0,"nan"
"cwnu4454","n","nan","nan",86.0,"nan"
"cwnu4455","n","nan","nan",85.0,"nan"
"cwnu4457","n","nan","nan",30.0,"nan"
"cwnu4458","n","nan","nan",364.0,"nan"
"cwnu4459","n","nan","nan",54.0,"nan"
"cwnu446","n","nan","nan",184.0,"nan"
"cwnu4460","n","nan","nan",50.0,"nan"
"cwnu4461","n","nan","nan",65.0,"nan"
"cwnu4462","n","nan","nan",43.0,"nan"
"cwnu4463","n","nan","nan",82.0,"nan"
"cwnu4464","n","nan","nan",47.0,"nan"
"cwnu4465","n","nan","nan",56.0,"nan"
"cwnu4466","n","nan","nan",65.0,"nan"
"cwnu4467","n","nan","nan",65.0,"nan"
"cwnu4468","n","nan","nan",52.0,"nan"
"cwnu4469","n","nan","nan",60.0,"nan"
"cwnu447","n","nan","nan",73.0,"nan"
"cwnu4470","n","nan","nan",258.0,"nan"
"cwnu4471","n","nan","nan",52.0,"nan"
"cwnu4473","n","nan","nan",70.0,"nan"
"cwnu4475","n","nan","nan",93.0,"nan"
"cwnu4476","n","nan","nan",130.0,"nan"
"cwnu4477","n","nan","nan",70.0,"nan"
"cwnu4478","n","nan","nan",139.0,"nan"
"cwnu4479","n","nan","nan",56.0,"nan"
"cwnu448","n","nan","nan",64.0,"nan"
"cwnu4480","n","nan","nan",138.0,"nan"
"cwnu4481","n","nan","nan",79.0,"nan"
"cwnu4482","n","nan","nan",43.0,"nan"
"cwnu4483","n","nan","nan",56.0,"nan"
"cwnu4484","n","nan","nan",84.0,"nan"
"cwnu4485","n","nan","nan",35.0,"nan"
"cwnu4486","n","nan","nan",50.0,"nan"
"cwnu4487","n","nan","nan",109.0,"nan"
"cwnu4488","n","nan","nan",57.0,"nan"
"cwnu4489","n","nan","nan",177.0,"nan"
"cwnu4490","n","nan","nan",181.0,"nan"
"cwnu4492","n","nan","nan",132.0,"nan"
"cwnu4493","n","nan","nan",53.0,"nan"
"cwnu4495","n","nan","nan",238.0,"nan"
"cwnu4496","n","nan","nan",276.0,"nan"
"cwnu4497","n","nan","nan",133.0,"nan"
"cwnu4498","n","nan","nan",59.0,"nan"
"cwnu4499","n","nan","nan",69.0,"nan"
"cwnu45","n","nan",100.0,51.0,"nan"
"cwnu4500","n","nan","nan",59.0,"nan"
"cwnu4501","n","nan","nan",59.0,"nan"
"cwnu4502","n","nan","nan",140.0,"nan"
"cwnu4503","n","nan","nan",70.0,"nan"
"cwnu4504","n","nan","nan",144.0,"nan"
"cwnu4505","n","nan","nan",145.0,"nan"
"cwnu4506","n","nan","nan",73.0,"nan"
"cwnu4507","n","nan","nan",69.0,"nan"
"cwnu4508","n","nan","nan",71.0,"nan"
"cwnu4509","n","nan","nan",65.0,"nan"
"cwnu4510","n","nan","nan",59.0,"nan"
"cwnu4511","n","nan","nan",164.0,"nan"
"cwnu4512","n","nan","nan",162.0,"nan"
"cwnu4513","n","nan","nan",161.0,"nan"
"cwnu4514","n","nan","nan",79.0,"nan"
"cwnu4515","n","nan","nan",241.0,"nan"
"cwnu4516","n","nan","nan",73.0,"nan"
"cwnu4517","n","nan","nan",57.0,"nan"
"cwnu4518","n","nan","nan",58.0,"nan"
"cwnu4519","n","nan","nan",124.0,"nan"
"cwnu452","n","nan","nan",68.0,"nan"
"cwnu4520","n","nan","nan",64.0,"nan"
"cwnu4521","n","nan","nan",39.0,"nan"
"cwnu4522","n","nan","nan",61.0,"nan"
"cwnu4523","n","nan","nan",91.0,"nan"
"cwnu4524","n","nan","nan",119.0,"nan"
"cwnu4525","n","nan","nan",91.0,"nan"
"cwnu4526","n","nan","nan",179.0,"nan"
"cwnu4527","n","nan","nan",68.0,"nan"
"cwnu4528","n","nan","nan",127.0,"nan"
"cwnu4529","n","nan","nan",238.0,"nan"
"cwnu4530","n","nan","nan",194.0,"nan"
"cwnu4531","n","nan","nan",124.0,"nan"
"cwnu4532","n","nan","nan",53.0,"nan"
"cwnu4533","n","nan","nan",85.0,"nan"
"cwnu4534","n","nan","nan",121.0,"nan"
"cwnu4535","n","nan","nan",190.0,"nan"
"cwnu4536","n","nan","nan",84.0,"nan"
"cwnu4537","n","nan","nan",53.0,"nan"
"cwnu4538","n","nan","nan",81.0,"nan"
"cwnu4539","n","nan","nan",118.0,"nan"
"cwnu454","n","nan","nan",48.0,"nan"
"cwnu4540","n","nan","nan",188.0,"nan"
"cwnu4541","n","nan","nan",203.0,"nan"
"cwnu4542","n","nan","nan",97.0,"nan"
"cwnu4543","n","nan","nan",95.0,"nan"
"cwnu4544","n","nan","nan",210.0,"nan"
"cwnu4545","n","nan","nan",96.0,"nan"
"cwnu4546","n","nan","nan",52.0,"nan"
"cwnu4547","n","nan","nan",108.0,"nan"
"cwnu4548","n","nan","nan",86.0,"nan"
"cwnu4549","n","nan","nan",52.0,"nan"
"cwnu455","n","nan","nan",59.0,"nan"
"cwnu4550","n","nan","nan",237.0,"nan"
"cwnu4551","n","nan","nan",49.0,"nan"
"cwnu4552","n","nan","nan",115.0,"nan"
"cwnu4553","n","nan","nan",133.0,"nan"
"cwnu4554","n","nan","nan",341.0,"nan"
"cwnu4555","n","nan","nan",168.0,"nan"
"cwnu4556","n","nan","nan",381.0,"nan"
"cwnu4557","n","nan","nan",166.0,"nan"
"cwnu4558","n","nan","nan",320.0,"nan"
"cwnu4559","n","nan","nan",380.0,"nan"
"cwnu4560","n","nan","nan",233.0,"nan"
"cwnu4561","n","nan","nan",52.0,"nan"
"cwnu4562","n","nan","nan",124.0,"nan"
"cwnu4563","n","nan","nan",79.0,"nan"
"cwnu4564","n","nan","nan",75.0,"nan"
"cwnu4565","n","nan","nan",146.0,"nan"
"cwnu4566","n","nan","nan",160.0,"nan"
"cwnu4567","n","nan","nan",134.0,"nan"
"cwnu4568","n","nan","nan",91.0,"nan"
"cwnu4569","n","nan","nan",98.0,"nan"
"cwnu457","n","nan",50.0,52.0,"nan"
"cwnu4570","n","nan","nan",90.0,"nan"
"cwnu4571","n","nan","nan",81.0,"nan"
"cwnu4572","n","nan","nan",77.0,"nan"
"cwnu4573","n","nan","nan",53.0,"nan"
"cwnu4574","n","nan","nan",193.0,"nan"
"cwnu4575","n","nan","nan",37.0,"nan"
"cwnu4576","n","nan","nan",101.0,"nan"
"cwnu4577","n","nan","nan",54.0,"nan"
"cwnu4578","n","nan","nan",43.0,"nan"
"cwnu4579","n","nan","nan",169.0,"nan"
"cwnu458","n","nan","nan",54.0,"nan"
"cwnu4580","n","nan","nan",95.0,"nan"
"cwnu4581","n","nan","nan",92.0,"nan"
"cwnu4582","n","nan","nan",41.0,"nan"
"cwnu4583","n","nan","nan",143.0,"nan"
"cwnu4584","n","nan","nan",42.0,"nan"
"cwnu4585","n","nan","nan",56.0,"nan"
"cwnu4587","n","nan","nan",41.0,"nan"
"cwnu4588","n","nan","nan",55.0,"nan"
"cwnu4589","n","nan","nan",43.0,"nan"
"cwnu459","n","nan",100.0,75.0,"nan"
"cwnu4590","n","nan","nan",51.0,"nan"
"cwnu4591","n","nan","nan",133.0,"nan"
"cwnu4592","n","nan","nan",147.0,"nan"
"cwnu4593","n","nan","nan",57.0,"nan"
"cwnu4594","n","nan","nan",88.0,"nan"
"cwnu4595","n","nan","nan",73.0,"nan"
"cwnu4596","n","nan","nan",109.0,"nan"
"cwnu4597","n","nan","nan",55.0,"nan"
"cwnu4598","n","nan","nan",55.0,"nan"
"cwnu4599","n","nan","nan",63.0,"nan"
"cwnu46","n","nan","nan",48.0,"nan"
"cwnu460","n","nan","nan",68.0,"nan"
"cwnu4600","n","nan","nan",54.0,"nan"
"cwnu4601","n","nan","nan",79.0,"nan"
"cwnu4602","n","nan","nan",176.0,"nan"
"cwnu4603","n","nan","nan",79.0,"nan"
"cwnu4604","n","nan","nan",45.0,"nan"
"cwnu4605","n","nan","nan",80.0,"nan"
"cwnu4606","n","nan","nan",56.0,"nan"
"cwnu4607","n","nan","nan",176.0,"nan"
"cwnu4608","n","nan","nan",240.0,"nan"
"cwnu4609","n","nan","nan",150.0,"nan"
"cwnu4610","n","nan","nan",99.0,"nan"
"cwnu4611","n","nan","nan",109.0,"nan"
"cwnu4612","n","nan","nan",52.0,"nan"
"cwnu4613","n","nan","nan",67.0,"nan"
"cwnu4614","n","nan","nan",168.0,"nan"
"cwnu4615","n","nan","nan",67.0,"nan"
"cwnu4616","n","nan","nan",33.0,"nan"
"cwnu4617","n","nan","nan",154.0,"nan"
"cwnu4619","n","nan","nan",62.0,"nan"
"cwnu4620","n","nan","nan",46.0,"nan"
"cwnu4622","n","nan","nan",70.0,"nan"
"cwnu4623","n","nan","nan",66.0,"nan"
"cwnu4624","n","nan","nan",66.0,"nan"
"cwnu4625","n","nan","nan",53.0,"nan"
"cwnu4626","n","nan","nan",90.0,"nan"
"cwnu4627","n","nan","nan",57.0,"nan"
"cwnu4628","n","nan","nan",59.0,"nan"
"cwnu4629","n","nan","nan",55.0,"nan"
"cwnu463","n","nan","nan",102.0,"nan"
"cwnu4631","n","nan","nan",60.0,"nan"
"cwnu4633","n","nan","nan",164.0,"nan"
"cwnu4634","n","nan","nan",58.0,"nan"
"cwnu4635","n","nan","nan",315.0,"nan"
"cwnu4636","n","nan","nan",371.0,"nan"
"cwnu4637","n","nan","nan",354.0,"nan"
"cwnu4638","n","nan","nan",312.0,"nan"
"cwnu4639","n","nan","nan",231.0,"nan"
"cwnu464","n","nan",75.0,51.0,"nan"
"cwnu4640","n","nan","nan",335.0,"nan"
"cwnu4641","n","nan","nan",293.0,"nan"
"cwnu4642","n","nan","nan",322.0,"nan"
"cwnu4643","n","nan","nan",321.0,"nan"
"cwnu4644","n","nan","nan",206.0,"nan"
"cwnu4645","n","nan","nan",63.0,"nan"
"cwnu4646","n","nan","nan",214.0,"nan"
"cwnu4647","n","nan","nan",95.0,"nan"
"cwnu4648","n","nan","nan",51.0,"nan"
"cwnu4649","n","nan","nan",235.0,"nan"
"cwnu4650","n","nan","nan",205.0,"nan"
"cwnu4651","n","nan","nan",209.0,"nan"
"cwnu4652","n","nan","nan",51.0,"nan"
"cwnu4653","n","nan","nan",96.0,"nan"
"cwnu4654","n","nan","nan",96.0,"nan"
"cwnu4655","n","nan","nan",66.0,"nan"
"cwnu4656","n","nan","nan",505.0,"nan"
"cwnu4657","n","nan","nan",64.0,"nan"
"cwnu4658","n","nan","nan",186.0,"nan"
"cwnu4659","n","nan","nan",68.0,"nan"
"cwnu466","n","nan","nan",51.0,"nan"
"cwnu4660","n","nan","nan",465.0,"nan"
"cwnu4661","n","nan","nan",214.0,"nan"
"cwnu4662","n","nan","nan",68.0,"nan"
"cwnu4663","n","nan","nan",93.0,"nan"
"cwnu4664","n","nan","nan",71.0,"nan"
"cwnu4665","n","nan","nan",54.0,"nan"
"cwnu4666","n","nan","nan",479.0,"nan"
"cwnu4667","n","nan","nan",108.0,"nan"
"cwnu4668","n","nan","nan",59.0,"nan"
"cwnu4669","n","nan","nan",90.0,"nan"
"cwnu4670","n","nan","nan",266.0,"nan"
"cwnu4671","n","nan","nan",54.0,"nan"
"cwnu4672","n","nan","nan",80.0,"nan"
"cwnu4673","n","nan","nan",219.0,"nan"
"cwnu4674","n","nan","nan",166.0,"nan"
"cwnu4675","n","nan","nan",137.0,"nan"
"cwnu4676","n","nan","nan",77.0,"nan"
"cwnu4677","n","nan","nan",296.0,"nan"
"cwnu4678","n","nan","nan",102.0,"nan"
"cwnu4679","n","nan","nan",117.0,"nan"
"cwnu468","n","nan",80.0,52.0,"nan"
"cwnu4680","n","nan","nan",74.0,"nan"
"cwnu4681","n","nan","nan",72.0,"nan"
"cwnu4682","n","nan","nan",72.0,"nan"
"cwnu4683","n","nan","nan",41.0,"nan"
"cwnu4684","n","nan","nan",72.0,"nan"
"cwnu4685","n","nan","nan",232.0,"nan"
"cwnu4686","n","nan","nan",235.0,"nan"
"cwnu4687","n","nan","nan",119.0,"nan"
"cwnu4688","n","nan","nan",86.0,"nan"
"cwnu4689","n","nan","nan",86.0,"nan"
"cwnu469","n","nan","nan",67.0,"nan"
"cwnu4690","n","nan","nan",55.0,"nan"
"cwnu4691","n","nan","nan",49.0,"nan"
"cwnu4692","n","nan","nan",145.0,"nan"
"cwnu4693","n","nan","nan",53.0,"nan"
"cwnu4694","n","nan","nan",194.0,"nan"
"cwnu4695","n","nan","nan",194.0,"nan"
"cwnu4696","n","nan","nan",239.0,"nan"
"cwnu4697","n","nan","nan",85.0,"nan"
"cwnu4698","n","nan","nan",52.0,"nan"
"cwnu4699","n","nan","nan",71.0,"nan"
"cwnu47","n","nan","nan",65.0,"nan"
"cwnu4700","n","nan","nan",105.0,"nan"
"cwnu4701","n","nan","nan",393.0,"nan"
"cwnu4702","n","nan","nan",42.0,"nan"
"cwnu4704","n","nan","nan",93.0,"nan"
"cwnu4705","n","nan","nan",120.0,"nan"
"cwnu4706","n","nan","nan",164.0,"nan"
"cwnu4707","n","nan","nan",283.0,"nan"
"cwnu4708","n","nan","nan",189.0,"nan"
"cwnu471","n","nan","nan",49.0,"nan"
"cwnu4710","n","nan","nan",64.0,"nan"
"cwnu4711","n","nan","nan",120.0,"nan"
"cwnu4712","n","nan","nan",353.0,"nan"
"cwnu4713","n","nan","nan",82.0,"nan"
"cwnu4714","n","nan","nan",106.0,"nan"
"cwnu4716","n","nan","nan",52.0,"nan"
"cwnu4717","n","nan","nan",87.0,"nan"
"cwnu4718","n","nan","nan",32.0,"nan"
"cwnu4719","n","nan","nan",150.0,"nan"
"cwnu472","n","nan",40.0,60.0,"nan"
"cwnu4720","n","nan","nan",88.0,"nan"
"cwnu4721","n","nan","nan",201.0,"nan"
"cwnu4722","n","nan","nan",150.0,"nan"
"cwnu4723","n","nan","nan",111.0,"nan"
"cwnu4724","n","nan","nan",175.0,"nan"
"cwnu4725","n","nan","nan",124.0,"nan"
"cwnu4726","n","nan","nan",227.0,"nan"
"cwnu4727","n","nan","nan",66.0,"nan"
"cwnu4728","n","nan","nan",122.0,"nan"
"cwnu4729","n","nan","nan",53.0,"nan"
"cwnu4730","n","nan","nan",293.0,"nan"
"cwnu4731","n","nan","nan",175.0,"nan"
"cwnu4732","n","nan","nan",116.0,"nan"
"cwnu4734","n","nan","nan",204.0,"nan"
"cwnu4735","n","nan","nan",86.0,"nan"
"cwnu4736","n","nan","nan",371.0,"nan"
"cwnu4738","n","nan","nan",81.0,"nan"
"cwnu4739","n","nan","nan",45.0,"nan"
"cwnu4740","n","nan","nan",85.0,"nan"
"cwnu4741","n","nan","nan",107.0,"nan"
"cwnu4742","n","nan","nan",170.0,"nan"
"cwnu4743","n","nan","nan",50.0,"nan"
"cwnu4744","n","nan","nan",499.0,"nan"
"cwnu4745","n","nan","nan",70.0,"nan"
"cwnu4746","n","nan","nan",159.0,"nan"
"cwnu4747","n","nan","nan",63.0,"nan"
"cwnu4748","n","nan","nan",40.0,"nan"
"cwnu4749","n","nan","nan",130.0,"nan"
"cwnu475","n","nan","nan",48.0,"nan"
"cwnu4750","n","nan","nan",326.0,"nan"
"cwnu4751","n","nan","nan",422.0,"nan"
"cwnu4752","n","nan","nan",131.0,"nan"
"cwnu4753","n","nan","nan",279.0,"nan"
"cwnu4754","n","nan","nan",250.0,"nan"
"cwnu4755","n","nan","nan",72.0,"nan"
"cwnu4756","n","nan","nan",208.0,"nan"
"cwnu4757","n","nan","nan",70.0,"nan"
"cwnu4759","n","nan","nan",63.0,"nan"
"cwnu4760","n","nan","nan",246.0,"nan"
"cwnu4761","n","nan","nan",431.0,"nan"
"cwnu4762","n","nan","nan",455.0,"nan"
"cwnu4763","n","nan","nan",469.0,"nan"
"cwnu4764","n","nan","nan",152.0,"nan"
"cwnu4765","n","nan","nan",136.0,"nan"
"cwnu4767","n","nan","nan",473.0,"nan"
"cwnu4768","n","nan","nan",32.0,"nan"
"cwnu4769","n","nan","nan",30.0,"nan"
"cwnu477","n","nan","nan",48.0,"nan"
"cwnu4770","n","nan","nan",30.0,"nan"
"cwnu4771","n","nan","nan",30.0,"nan"
"cwnu4772","n","nan","nan",34.0,"nan"
"cwnu4773","n","nan","nan",36.0,"nan"
"cwnu4774","n","nan","nan",34.0,"nan"
"cwnu4775","n","nan","nan",34.0,"nan"
"cwnu4776","n","nan","nan",28.0,"nan"
"cwnu4778","n","nan","nan",34.0,"nan"
"cwnu4779","n","nan","nan",33.0,"nan"
"cwnu478","n","nan",70.0,49.0,"nan"
"cwnu4781","n","nan","nan",37.0,"nan"
"cwnu4782","n","nan","nan",33.0,"nan"
"cwnu4783","n","nan","nan",35.0,"nan"
"cwnu4784","n","nan","nan",200.0,"nan"
"cwnu4785","n","nan","nan",199.0,"nan"
"cwnu4786","n","nan","nan",310.0,"nan"
"cwnu4787","n","nan","nan",93.0,"nan"
"cwnu4788","n","nan","nan",77.0,"nan"
"cwnu4789","n","nan","nan",75.0,"nan"
"cwnu4790","n","nan","nan",73.0,"nan"
"cwnu4791","n","nan","nan",62.0,"nan"
"cwnu4792","n","nan","nan",58.0,"nan"
"cwnu4793","n","nan","nan",58.0,"nan"
"cwnu4794","n","nan","nan",53.0,"nan"
"cwnu4795","n","nan","nan",45.0,"nan"
"cwnu4797","n","nan","nan",44.0,"nan"
"cwnu4798","n","nan","nan",38.0,"nan"
"cwnu48","n","nan","nan",68.0,"nan"
"cwnu480","n","nan","nan",51.0,"nan"
"cwnu4800","n","nan","nan",168.0,"nan"
"cwnu4801","n","nan","nan",133.0,"nan"
"cwnu4802","n","nan","nan",133.0,"nan"
"cwnu4803","n","nan","nan",124.0,"nan"
"cwnu4804","n","nan","nan",122.0,"nan"
"cwnu4805","n","nan","nan",120.0,"nan"
"cwnu4806","n","nan","nan",108.0,"nan"
"cwnu4807","n","nan","nan",105.0,"nan"
"cwnu4808","n","nan","nan",103.0,"nan"
"cwnu4809","n","nan","nan",101.0,"nan"
"cwnu481","n","plxl_0.45","nan",48.0,"nan"
"cwnu4810","n","nan","nan",99.0,"nan"
"cwnu4811","n","nan","nan",98.0,"nan"
"cwnu4812","n","nan","nan",88.0,"nan"
"cwnu4813","n","nan","nan",84.0,"nan"
"cwnu4814","n","nan","nan",84.0,"nan"
"cwnu4815","n","nan","nan",80.0,"nan"
"cwnu4816","n","nan","nan",54.0,"nan"
"cwnu4817","n","nan","nan",35.0,"nan"
"cwnu4818","n","nan","nan",53.0,"nan"
"cwnu4819","n","nan","nan",35.0,"nan"
"cwnu482","n","nan","nan",51.0,"nan"
"cwnu4820","n","nan","nan",49.0,"nan"
"cwnu4821","n","nan","nan",216.0,"nan"
"cwnu4822","n","nan","nan",42.0,"nan"
"cwnu4823","n","nan","nan",122.0,"nan"
"cwnu4824","n","nan","nan",60.0,"nan"
"cwnu4825","n","nan","nan",82.0,"nan"
"cwnu4826","n","nan","nan",35.0,"nan"
"cwnu4827","n","nan","nan",115.0,"nan"
"cwnu4828","n","nan","nan",70.0,"nan"
"cwnu4829","n","nan","nan",107.0,"nan"
"cwnu4830","n","nan","nan",116.0,"nan"
"cwnu4831","n","nan","nan",54.0,"nan"
"cwnu4832","n","nan","nan",139.0,"nan"
"cwnu4833","n","nan","nan",250.0,"nan"
"cwnu4834","n","nan","nan",119.0,"nan"
"cwnu4835","n","nan","nan",41.0,"nan"
"cwnu4836","n","nan","nan",39.0,"nan"
"cwnu4837","n","nan","nan",53.0,"nan"
"cwnu4838","n","nan","nan",50.0,"nan"
"cwnu4839","n","nan","nan",83.0,"nan"
"cwnu484","n","nan","nan",51.0,"nan"
"cwnu4840","n","nan","nan",31.0,"nan"
"cwnu4841","n","nan","nan",54.0,"nan"
"cwnu4842","n","nan","nan",70.0,"nan"
"cwnu4843","n","nan","nan",44.0,"nan"
"cwnu4844","n","nan","nan",46.0,"nan"
"cwnu4845","n","nan","nan",43.0,"nan"
"cwnu4846","n","nan","nan",75.0,"nan"
"cwnu4847","n","nan","nan",37.0,"nan"
"cwnu4848","n","nan","nan",33.0,"nan"
"cwnu4849","n","nan","nan",139.0,"nan"
"cwnu4850","n","nan","nan",139.0,"nan"
"cwnu4851","n","nan","nan",125.0,"nan"
"cwnu4852","n","nan","nan",53.0,"nan"
"cwnu4853","n","nan","nan",203.0,"nan"
"cwnu4854","n","nan","nan",138.0,"nan"
"cwnu4855","n","nan","nan",93.0,"nan"
"cwnu4856","n","nan","nan",54.0,"nan"
"cwnu4857","n","nan","nan",87.0,"nan"
"cwnu4858","n","nan","nan",147.0,"nan"
"cwnu4859","n","nan","nan",75.0,"nan"
"cwnu4860","n","nan","nan",78.0,"nan"
"cwnu4861","n","nan","nan",75.0,"nan"
"cwnu4862","n","nan","nan",232.0,"nan"
"cwnu4863","n","nan","nan",156.0,"nan"
"cwnu4864","n","nan","nan",92.0,"nan"
"cwnu4865","n","nan","nan",73.0,"nan"
"cwnu4866","n","nan","nan",152.0,"nan"
"cwnu4867","n","nan","nan",83.0,"nan"
"cwnu4868","n","nan","nan",97.0,"nan"
"cwnu4869","n","nan","nan",207.0,"nan"
"cwnu487","n","nan","nan",94.0,"nan"
"cwnu4870","n","nan","nan",80.0,"nan"
"cwnu4871","n","nan","nan",250.0,"nan"
"cwnu4872","n","nan","nan",134.0,"nan"
"cwnu4873","n","nan","nan",44.0,"nan"
"cwnu4874","n","nan","nan",191.0,"nan"
"cwnu4875","n","nan","nan",56.0,"nan"
"cwnu4876","n","nan","nan",115.0,"nan"
"cwnu4877","n","nan","nan",153.0,"nan"
"cwnu4878","n","nan","nan",133.0,"nan"
"cwnu4879","n","nan","nan",103.0,"nan"
"cwnu488","n","nan","nan",59.0,"nan"
"cwnu4880","n","nan","nan",43.0,"nan"
"cwnu4881","n","nan","nan",136.0,"nan"
"cwnu4882","n","nan","nan",120.0,"nan"
"cwnu4883","n","nan","nan",70.0,"nan"
"cwnu4884","n","nan","nan",104.0,"nan"
"cwnu4885","n","nan","nan",54.0,"nan"
"cwnu4886","n","nan","nan",95.0,"nan"
"cwnu4887","n","nan","nan",83.0,"nan"
"cwnu4888","n","nan","nan",245.0,"nan"
"cwnu4889","n","nan","nan",128.0,"nan"
"cwnu489","n","nan","nan",105.0,"nan"
"cwnu4890","n","nan","nan",133.0,"nan"
"cwnu4891","n","nan","nan",190.0,"nan"
"cwnu4892","n","nan","nan",227.0,"nan"
"cwnu4893","n","nan","nan",460.0,"nan"
"cwnu4894","n","nan","nan",63.0,"nan"
"cwnu4895","n","nan","nan",148.0,"nan"
"cwnu4896","n","nan","nan",69.0,"nan"
"cwnu4897","n","nan","nan",156.0,"nan"
"cwnu4898","n","nan","nan",108.0,"nan"
"cwnu490","n","nan",75.0,67.0,"nan"
"cwnu491","n","nan","nan",51.0,"nan"
"cwnu495","n","nan",100.0,104.0,"nan"
"cwnu496","n","nan","nan",102.0,"nan"
"cwnu498","n","nan","nan",62.0,"nan"
"cwnu499","n","nan","nan",54.0,"nan"
"cwnu5","n","nan",80.0,454.0,"nan"
"cwnu50","n","nan","nan",57.0,"nan"
"cwnu501","n","nan","nan",54.0,"nan"
"cwnu503","n","nan",80.0,78.0,"nan"
"cwnu504","n","nan","nan",60.0,"nan"
"cwnu507","n","nan","nan",49.0,"nan"
"cwnu508","n","nan","nan",72.0,"nan"
"cwnu509","n","nan","nan",49.0,"nan"
"cwnu510","n","nan","nan",52.0,"nan"
"cwnu511","n","nan","nan",54.0,"nan"
"cwnu512","n","nan",30.0,35.0,"nan"
"cwnu513","n","nan","nan",30.0,"nan"
"cwnu514","n","nan",280.0,51.0,"nan"
"cwnu515","n","nan",60.0,60.0,"nan"
"cwnu516","n","nan","nan",49.0,"nan"
"cwnu518","n","nan",60.0,57.0,"nan"
"cwnu519","n","nan",175.0,480.0,"nan"
"cwnu52","n","nan",50.0,65.0,"nan"
"cwnu520","n","nan","nan",48.0,"nan"
"cwnu522","n","nan",75.0,179.0,"nan"
"cwnu523","n","nan","nan",176.0,"nan"
"cwnu524","n","nan","nan",32.0,"nan"
"cwnu525","n","nan",80.0,577.0,"nan"
"cwnu526","n","nan","nan",51.0,"nan"
"cwnu528","n","nan","nan",200.0,"nan"
"cwnu529","n","nan","nan",33.0,"nan"
"cwnu531","n","nan","nan",38.0,"nan"
"cwnu532","n","nan","nan",25.0,"nan"
"cwnu534","n","nan","nan",438.0,"nan"
"cwnu536","n","nan",50.0,112.0,"nan"
"cwnu537","n","nan","nan",60.0,"nan"
"cwnu538","n","nan",50.0,54.0,"nan"
"cwnu54","n","nan","nan",164.0,"nan"
"cwnu540","n","nan","nan",30.0,"nan"
"cwnu541","n","nan","nan",27.0,"nan"
"cwnu56","n","nan","nan",116.0,"nan"
"cwnu57","n","nan","nan",54.0,"nan"
"cwnu58","n","nan","nan",140.0,"nan"
"cwnu59","n","nan","nan",92.0,"nan"
"cwnu6","n","nan","nan",51.0,"nan"
"cwnu60","n","nan","nan",156.0,"nan"
"cwnu61","n","nan",50.0,48.0,"nan"
"cwnu62","n","nan",50.0,88.0,"nan"
"cwnu65","n","nan","nan",52.0,"nan"
"cwnu66","n","nan","nan",72.0,"nan"
"cwnu68","n","nan","nan",105.0,"nan"
"cwnu7","n","nan","nan",75.0,"nan"
"cwnu70","n","nan","nan",88.0,"nan"
"cwnu72","n","nan",75.0,110.0,"nan"
"cwnu73","n","nan","nan",49.0,"nan"
"cwnu74","n","nan","nan",59.0,"nan"
"cwnu76","n","nan","nan",51.0,"nan"
"cwnu77","n","nan",85.0,73.0,"nan"
"cwnu78","n","nan","nan",54.0,"nan"
"cwnu8","n","nan","nan",68.0,"nan"
"cwnu80","n","nan",50.0,51.0,"nan"
"cwnu81","n","nan",125.0,52.0,"nan"
"cwnu83","n","nan","nan",107.0,"nan"
"cwnu85","n","nan","nan",256.0,"nan"
"cwnu86","n","nan","nan",121.0,"nan"
"cwnu87","n","nan","nan",54.0,"nan"
"cwnu88","n","nan",50.0,67.0,"nan"
"cwnu89","n","nan","nan",65.0,"nan"
"cwnu9","n","nan","nan",65.0,"nan"
"cwnu90","n","nan","nan",62.0,"nan"
"cwnu92","n","nan","nan",51.0,"nan"
"cwnu93","n","nan","nan",92.0,"nan"
"cwnu94","n","nan","nan",102.0,"nan"
"cwnu96","n","nan","nan",75.0,"nan"
"cwnu97","n","nan","nan",59.0,"nan"
"cwnu98","n","nan","nan",49.0,"nan"
"cwwdl10030","n","nan","nan",115.0,"nan"
"cwwdl10077","n","nan","nan",33.0,"nan"
"cwwdl10091","n","nan","nan",72.0,"nan"
"cwwdl10098","n","nan","nan",49.0,"nan"
"cwwdl10188","n","nan","nan",35.0,"nan"
"cwwdl10247","n","nan","nan",43.0,"nan"
"cwwdl10254","n","nan","nan",54.0,"nan"
"cwwdl10272","n","nan","nan",32.0,"nan"
"cwwdl10273","n","nan","nan",72.0,"nan"
"cwwdl10304","n","nan","nan",52.0,"nan"
"cwwdl10366","n","nan","nan",36.0,"nan"
"cwwdl10371","n","nan","nan",35.0,"nan"
"cwwdl10380","n","nan","nan",32.0,"nan"
"cwwdl10393","n","nan","nan",52.0,"nan"
"cwwdl10399","n","nan","nan",46.0,"nan"
"cwwdl10415","n","nan","nan",158.0,"nan"
"cwwdl10416","n","nan","nan",115.0,"nan"
"cwwdl10421","n","nan","nan",51.0,"nan"
"cwwdl10422","n","nan","nan",54.0,"nan"
"cwwdl10423","n","nan","nan",70.0,"nan"
"cwwdl10425","n","nan","nan",41.0,"nan"
"cwwdl10426","n","nan","nan",59.0,"nan"
"cwwdl10428","n","nan","nan",153.0,"nan"
"cwwdl10429","n","nan","nan",54.0,"nan"
"cwwdl10432","n","nan","nan",46.0,"nan"
"cwwdl10446","n","nan","nan",35.0,"nan"
"cwwdl10461","n","nan","nan",60.0,"nan"
"cwwdl10463","n","nan","nan",91.0,"nan"
"cwwdl10464","n","nan","nan",80.0,"nan"
"cwwdl10471","n","nan","nan",67.0,"nan"
"cwwdl10473","n","nan","nan",56.0,"nan"
"cwwdl10476","n","nan",75.0,52.0,"nan"
"cwwdl10481","n","nan","nan",43.0,"nan"
"cwwdl10487","n","nan","nan",40.0,"nan"
"cwwdl10490","n","nan","nan",38.0,"nan"
"cwwdl10495","n","nan","nan",35.0,"nan"
"cwwdl10498","n","nan","nan",33.0,"nan"
"cwwdl10536","n","nan","nan",40.0,"nan"
"cwwdl10539","n","nan","nan",62.0,"nan"
"cwwdl10541","n","nan","nan",62.0,"nan"
"cwwdl10543","n","nan","nan",57.0,"nan"
"cwwdl10553","n","nan","nan",52.0,"nan"
"cwwdl10556","n","nan","nan",51.0,"nan"
"cwwdl10575","n","nan","nan",51.0,"nan"
"cwwdl10585","n","nan","nan",41.0,"nan"
"cwwdl10588","n","nan","nan",41.0,"nan"
"cwwdl10590","n","nan","nan",41.0,"nan"
"cwwdl10599","n","nan","nan",40.0,"nan"
"cwwdl10613","n","nan","nan",49.0,"nan"
"cwwdl10617","n","nan","nan",35.0,"nan"
"cwwdl10622","n","nan","nan",35.0,"nan"
"cwwdl10624","n","nan","nan",35.0,"nan"
"cwwdl10630","n","nan","nan",33.0,"nan"
"cwwdl10631","n","nan","nan",33.0,"nan"
"cwwdl10645","n","nan","nan",32.0,"nan"
"cwwdl10668","n","nan","nan",40.0,"nan"
"cwwdl10681","n","nan","nan",35.0,"nan"
"cwwdl10687","n","nan","nan",33.0,"nan"
"cwwdl10713","n","nan","nan",110.0,"nan"
"cwwdl10714","n","nan","nan",108.0,"nan"
"cwwdl10719","n","nan","nan",89.0,"nan"
"cwwdl10723","n","nan","nan",81.0,"nan"
"cwwdl10728","n","nan","nan",70.0,"nan"
"cwwdl10733","n","nan","nan",62.0,"nan"
"cwwdl10734","n","nan","nan",62.0,"nan"
"cwwdl10737","n","nan","nan",60.0,"nan"
"cwwdl10743","n","nan","nan",54.0,"nan"
"cwwdl10749","n","nan","nan",51.0,"nan"
"cwwdl10751","n","nan","nan",49.0,"nan"
"cwwdl10755","n","nan","nan",59.0,"nan"
"cwwdl10758","n","nan","nan",44.0,"nan"
"cwwdl10761","n","nan","nan",43.0,"nan"
"cwwdl10769","n","nan","nan",41.0,"nan"
"cwwdl10773","n","nan","nan",40.0,"nan"
"cwwdl10782","n","nan","nan",38.0,"nan"
"cwwdl10790","n","nan","nan",36.0,"nan"
"cwwdl10812","n","nan","nan",32.0,"nan"
"cwwdl10821","n","nan","nan",35.0,"nan"
"cwwdl10826","n","nan","nan",32.0,"nan"
"cwwdl10829","n","nan","nan",46.0,"nan"
"cwwdl10831","n","nan","nan",41.0,"nan"
"cwwdl10844","n","nan","nan",60.0,"nan"
"cwwdl10853","n","nan","nan",32.0,"nan"
"cwwdl10854","n","nan","nan",97.0,"nan"
"cwwdl10867","n","b_2.68","nan",38.0,"nan"
"cwwdl10872","n","nan","nan",35.0,"nan"
"cwwdl10875","n","t_2.68","nan",35.0,"nan"
"cwwdl10879","n","nan","nan",32.0,"nan"
"cwwdl10881","n","nan","nan",46.0,"nan"
"cwwdl10888","n","nan","nan",46.0,"nan"
"cwwdl10892","n","nan","nan",52.0,"nan"
"cwwdl10896","n","nan","nan",41.0,"nan"
"cwwdl10909","n","nan","nan",64.0,"nan"
"cwwdl10913","n","nan","nan",41.0,"nan"
"cwwdl10917","n","nan","nan",36.0,"nan"
"cwwdl10920","n","nan","nan",33.0,"nan"
"cwwdl10928","n","nan","nan",54.0,"nan"
"cwwdl10941","n","nan","nan",96.0,"nan"
"cwwdl10944","n","nan","nan",83.0,"nan"
"cwwdl10980","n","nan","nan",46.0,"nan"
"cwwdl10984","n","nan","nan",43.0,"nan"
"cwwdl10985","n","nan","nan",54.0,"nan"
"cwwdl10988","n","nan","nan",46.0,"nan"
"cwwdl10993","n","nan","nan",38.0,"nan"
"cwwdl10996","n","nan","nan",33.0,"nan"
"cwwdl10997","n","nan","nan",33.0,"nan"
"cwwdl10998","n","nan","nan",32.0,"nan"
"cwwdl11004","n","nan","nan",129.0,"nan"
"cwwdl11011","n","nan","nan",59.0,"nan"
"cwwdl11014","n","nan","nan",80.0,"nan"
"cwwdl11030","n","nan","nan",40.0,"nan"
"cwwdl11031","n","nan","nan",40.0,"nan"
"cwwdl11071","n","nan","nan",57.0,"nan"
"cwwdl11073","n","nan","nan",46.0,"nan"
"cwwdl11089","n","nan","nan",76.0,"nan"
"cwwdl11103","n","nan","nan",35.0,"nan"
"cwwdl11105","n","nan","nan",35.0,"nan"
"cwwdl11110","n","nan","nan",59.0,"nan"
"cwwdl11112","n","nan","nan",33.0,"nan"
"cwwdl11150","n","nan","nan",51.0,"nan"
"cwwdl11165","n","nan","nan",73.0,"nan"
"cwwdl11170","n","nan","nan",126.0,"nan"
"cwwdl11171","n","nan","nan",41.0,"nan"
"cwwdl11182","n","nan","nan",68.0,"nan"
"cwwdl11243","n","nan","nan",38.0,"nan"
"cwwdl11253","n","nan","nan",72.0,"nan"
"cwwdl11420","n","nan","nan",40.0,"nan"
"cwwdl11572","n","nan","nan",51.0,"nan"
"cwwdl11573","n","nan","nan",100.0,"nan"
"cwwdl11599","n","nan","nan",75.0,"nan"
"cwwdl11612","n","nan","nan",49.0,"nan"
"cwwdl11645","n","nan","nan",59.0,"nan"
"cwwdl11732","n","nan","nan",97.0,"nan"
"cwwdl11749","n","nan","nan",43.0,"nan"
"cwwdl11769","n","nan","nan",35.0,"nan"
"cwwdl11824","n","nan","nan",60.0,"nan"
"cwwdl11834","n","nan","nan",67.0,"nan"
"cwwdl11875","n","nan","nan",33.0,"nan"
"cwwdl11877","n","nan","nan",72.0,"nan"
"cwwdl11953","n","nan","nan",54.0,"nan"
"cwwdl11965","n","nan","nan",75.0,"nan"
"cwwdl11978","n","nan","nan",49.0,"nan"
"cwwdl11989","n","nan","nan",48.0,"nan"
"cwwdl11991","n","nan","nan",41.0,"nan"
"cwwdl11994","n","nan","nan",40.0,"nan"
"cwwdl12007","n","nan","nan",36.0,"nan"
"cwwdl12009","n","nan","nan",33.0,"nan"
"cwwdl12022","n","nan","nan",36.0,"nan"
"cwwdl12024","n","nan","nan",33.0,"nan"
"cwwdl12025","n","nan","nan",32.0,"nan"
"cwwdl12041","n","nan","nan",46.0,"nan"
"cwwdl12058","n","nan","nan",116.0,"nan"
"cwwdl12059","n","nan","nan",46.0,"nan"
"cwwdl12075","n","nan","nan",32.0,"nan"
"cwwdl12076","n","nan","nan",32.0,"nan"
"cwwdl12085","n","nan","nan",49.0,"nan"
"cwwdl12087","n","nan","nan",52.0,"nan"
"cwwdl12098","n","nan","nan",46.0,"nan"
"cwwdl12121","n","nan","nan",32.0,"nan"
"cwwdl12234","n","nan","nan",43.0,"nan"
"cwwdl12250","n","nan","nan",59.0,"nan"
"cwwdl12252","n","nan","nan",33.0,"nan"
"cwwdl1227","n","nan","nan",51.0,"nan"
"cwwdl12271","n","nan","nan",33.0,"nan"
"cwwdl12421","n","nan","nan",36.0,"nan"
"cwwdl12454","n","nan","nan",100.0,"nan"
"cwwdl12484","n","nan","nan",86.0,"nan"
"cwwdl12507","n","nan","nan",32.0,"nan"
"cwwdl12523","n","nan","nan",32.0,"nan"
"cwwdl12531","n","nan","nan",33.0,"nan"
"cwwdl12533","n","nan","nan",48.0,"nan"
"cwwdl12536","n","nan","nan",68.0,"nan"
"cwwdl12539","n","nan","nan",36.0,"nan"
"cwwdl12543","n","nan","nan",33.0,"nan"
"cwwdl12551","n","nan","nan",33.0,"nan"
"cwwdl12558","n","nan","nan",43.0,"nan"
"cwwdl12561","n","nan","nan",36.0,"nan"
"cwwdl12566","n","nan","nan",81.0,"nan"
"cwwdl12570","n","nan","nan",35.0,"nan"
"cwwdl12664","n","nan","nan",43.0,"nan"
"cwwdl12770","n","nan","nan",43.0,"nan"
"cwwdl12773","n","nan","nan",56.0,"nan"
"cwwdl12777","n","nan","nan",44.0,"nan"
"cwwdl12787","n","nan","nan",41.0,"nan"
"cwwdl12788","n","nan","nan",48.0,"nan"
"cwwdl12795","n","nan","nan",35.0,"nan"
"cwwdl12808","n","nan","nan",70.0,"nan"
"cwwdl12809","n","nan","nan",68.0,"nan"
"cwwdl12814","n","nan","nan",41.0,"nan"
"cwwdl12816","n","nan","nan",51.0,"nan"
"cwwdl12817","n","nan","nan",48.0,"nan"
"cwwdl12818","n","nan","nan",46.0,"nan"
"cwwdl12833","n","nan","nan",33.0,"nan"
"cwwdl12836","n","nan","nan",32.0,"nan"
"cwwdl12840","n","nan","nan",75.0,"nan"
"cwwdl12841","n","nan","nan",62.0,"nan"
"cwwdl12842","n","nan","nan",60.0,"nan"
"cwwdl12843","n","nan","nan",59.0,"nan"
"cwwdl12845","n","nan","nan",57.0,"nan"
"cwwdl12847","n","nan","nan",44.0,"nan"
"cwwdl12851","n","nan","nan",43.0,"nan"
"cwwdl12870","n","nan","nan",46.0,"nan"
"cwwdl12887","n","nan","nan",33.0,"nan"
"cwwdl12899","n","nan","nan",56.0,"nan"
"cwwdl129","n","nan","nan",89.0,"nan"
"cwwdl12901","n","nan","nan",48.0,"nan"
"cwwdl12902","n","nan","nan",51.0,"nan"
"cwwdl12927","n","nan","nan",60.0,"nan"
"cwwdl12928","n","nan","nan",60.0,"nan"
"cwwdl12961","n","nan","nan",32.0,"nan"
"cwwdl12973","n","nan","nan",51.0,"nan"
"cwwdl12983","n","nan","nan",108.0,"nan"
"cwwdl12984","n","nan","nan",48.0,"nan"
"cwwdl13003","n","nan","nan",44.0,"nan"
"cwwdl13054","n","nan","nan",76.0,"nan"
"cwwdl13109","n","nan","nan",49.0,"nan"
"cwwdl13147","n","nan","nan",33.0,"nan"
"cwwdl13157","n","nan","nan",32.0,"nan"
"cwwdl13170","n","nan","nan",33.0,"nan"
"cwwdl13177","n","nan","nan",43.0,"nan"
"cwwdl13178","n","nan","nan",36.0,"nan"
"cwwdl13179","n","nan","nan",36.0,"nan"
"cwwdl13180","n","nan","nan",35.0,"nan"
"cwwdl13195","n","nan","nan",35.0,"nan"
"cwwdl13202","n","nan","nan",43.0,"nan"
"cwwdl13205","n","nan","nan",33.0,"nan"
"cwwdl13207","n","nan","nan",32.0,"nan"
"cwwdl13229","n","nan","nan",48.0,"nan"
"cwwdl13230","n","nan","nan",43.0,"nan"
"cwwdl13232","n","nan","nan",38.0,"nan"
"cwwdl13244","n","nan","nan",40.0,"nan"
"cwwdl13251","n","nan","nan",35.0,"nan"
"cwwdl13259","n","nan","nan",35.0,"nan"
"cwwdl13260","n","nan","nan",48.0,"nan"
"cwwdl13261","n","nan","nan",33.0,"nan"
"cwwdl13263","n","nan","nan",36.0,"nan"
"cwwdl13320","n","nan","nan",38.0,"nan"
"cwwdl13327","n","nan","nan",35.0,"nan"
"cwwdl13333","n","nan","nan",41.0,"nan"
"cwwdl13361","n","nan","nan",92.0,"nan"
"cwwdl13362","n","nan","nan",48.0,"nan"
"cwwdl13367","n","nan","nan",168.0,"nan"
"cwwdl13370","n","nan","nan",78.0,"nan"
"cwwdl13372","n","nan","nan",60.0,"nan"
"cwwdl13374","n","nan","nan",38.0,"nan"
"cwwdl13375","n","nan","nan",36.0,"nan"
"cwwdl13376","n","nan","nan",36.0,"nan"
"cwwdl13377","n","nan","nan",65.0,"nan"
"cwwdl13378","n","nan","nan",32.0,"nan"
"cwwdl13379","n","nan","nan",41.0,"nan"
"cwwdl13384","n","nan","nan",33.0,"nan"
"cwwdl13388","n","nan","nan",65.0,"nan"
"cwwdl13389","n","b_-1.85","nan",57.0,"nan"
"cwwdl13391","n","nan","nan",36.0,"nan"
"cwwdl13402","n","nan","nan",46.0,"nan"
"cwwdl13407","n","nan","nan",44.0,"nan"
"cwwdl13411","n","nan","nan",33.0,"nan"
"cwwdl13412","n","nan","nan",32.0,"nan"
"cwwdl13414","n","nan","nan",92.0,"nan"
"cwwdl13415","n","nan","nan",56.0,"nan"
"cwwdl13417","n","nan","nan",49.0,"nan"
"cwwdl13419","n","nan","nan",33.0,"nan"
"cwwdl13421","n","nan","nan",32.0,"nan"
"cwwdl13422","n","nan","nan",32.0,"nan"
"cwwdl13442","n","nan","nan",49.0,"nan"
"cwwdl13462","n","nan","nan",60.0,"nan"
"cwwdl13474","n","nan","nan",40.0,"nan"
"cwwdl13478","n","nan","nan",62.0,"nan"
"cwwdl13480","n","nan","nan",44.0,"nan"
"cwwdl13483","n","nan","nan",46.0,"nan"
"cwwdl13484","n","nan","nan",49.0,"nan"
"cwwdl13485","n","nan","nan",51.0,"nan"
"cwwdl13487","n","nan","nan",57.0,"nan"
"cwwdl13499","n","nan","nan",36.0,"nan"
"cwwdl13501","n","nan","nan",33.0,"nan"
"cwwdl13509","n","nan","nan",72.0,"nan"
"cwwdl13511","n","nan","nan",48.0,"nan"
"cwwdl13513","n","nan","nan",46.0,"nan"
"cwwdl13518","n","nan","nan",36.0,"nan"
"cwwdl13519","n","nan","nan",35.0,"nan"
"cwwdl13520","n","nan","nan",35.0,"nan"
"cwwdl13522","n","nan","nan",32.0,"nan"
"cwwdl13524","n","nan","nan",180.0,"nan"
"cwwdl13527","n","nan","nan",64.0,"nan"
"cwwdl13531","n","nan","nan",56.0,"nan"
"cwwdl13542","n","nan","nan",38.0,"nan"
"cwwdl13548","n","nan","nan",67.0,"nan"
"cwwdl13552","n","nan","nan",36.0,"nan"
"cwwdl13560","n","nan","nan",33.0,"nan"
"cwwdl13575","n","nan","nan",40.0,"nan"
"cwwdl13579","n","nan","nan",36.0,"nan"
"cwwdl13584","n","nan","nan",44.0,"nan"
"cwwdl13587","n","nan","nan",49.0,"nan"
"cwwdl13588","n","nan","nan",46.0,"nan"
"cwwdl13594","n","nan","nan",32.0,"nan"
"cwwdl13596","n","nan","nan",35.0,"nan"
"cwwdl13599","n","nan","nan",36.0,"nan"
"cwwdl13627","n","nan","nan",32.0,"nan"
"cwwdl13630","n","nan","nan",32.0,"nan"
"cwwdl13632","n","nan","nan",44.0,"nan"
"cwwdl13670","n","nan","nan",56.0,"nan"
"cwwdl1374","n","nan","nan",33.0,"nan"
"cwwdl13756","n","nan","nan",48.0,"nan"
"cwwdl13770","n","nan","nan",136.0,"nan"
"cwwdl13771","n","nan","nan",70.0,"nan"
"cwwdl13781","n","nan","nan",56.0,"nan"
"cwwdl13831","n","nan","nan",52.0,"nan"
"cwwdl13832","n","nan","nan",46.0,"nan"
"cwwdl13844","n","nan","nan",43.0,"nan"
"cwwdl13932","n","nan","nan",41.0,"nan"
"cwwdl13950","n","nan","nan",54.0,"nan"
"cwwdl13966","n","nan","nan",60.0,"nan"
"cwwdl13973","n","nan","nan",59.0,"nan"
"cwwdl13979","n","nan","nan",52.0,"nan"
"cwwdl13982","n","nan","nan",51.0,"nan"
"cwwdl13997","n","nan","nan",35.0,"nan"
"cwwdl14036","n","nan","nan",36.0,"nan"
"cwwdl14048","n","nan","nan",32.0,"nan"
"cwwdl14065","n","nan","nan",57.0,"nan"
"cwwdl14099","n","nan","nan",65.0,"nan"
"cwwdl1416","n","nan","nan",43.0,"nan"
"cwwdl14180","n","nan","nan",33.0,"nan"
"cwwdl14186","n","nan","nan",43.0,"nan"
"cwwdl14193","n","nan","nan",51.0,"nan"
"cwwdl14295","n","nan","nan",83.0,"nan"
"cwwdl14341","n","nan","nan",44.0,"nan"
"cwwdl14361","n","nan","nan",38.0,"nan"
"cwwdl14435","n","nan","nan",54.0,"nan"
"cwwdl14438","n","nan",100.0,41.0,"nan"
"cwwdl14462","n","nan","nan",32.0,"nan"
"cwwdl14476","n","nan","nan",70.0,"nan"
"cwwdl14536","n","nan","nan",41.0,"nan"
"cwwdl14540","n","nan",70.0,75.0,"nan"
"cwwdl14541","n","nan","nan",38.0,"nan"
"cwwdl14545","n","t_-20.9","nan",50.0,"nan"
"cwwdl14563","n","nan","nan",56.0,"nan"
"cwwdl14586","n","nan","nan",75.0,"nan"
"cwwdl14587","n","nan","nan",33.0,"nan"
"cwwdl14602","n","nan","nan",73.0,"nan"
"cwwdl1685","n","nan","nan",54.0,"nan"
"cwwdl1713","n","nan",80.0,46.0,"nan"
"cwwdl180","n","nan","nan",62.0,"nan"
"cwwdl190","n","nan","nan",60.0,"nan"
"cwwdl1928","n","nan","nan",188.0,"nan"
"cwwdl1988","n","nan","nan",100.0,"nan"
"cwwdl2006","n","nan","nan",808.0,"nan"
"cwwdl2011","n","nan","nan",188.0,"nan"
"cwwdl2041","n","nan","nan",41.0,"nan"
"cwwdl2050","n","nan","nan",94.0,"nan"
"cwwdl2058","n","nan","nan",36.0,"nan"
"cwwdl207","n","nan","nan",65.0,"nan"
"cwwdl2070","n","nan","nan",70.0,"nan"
"cwwdl208","n","nan","nan",88.0,"nan"
"cwwdl2084","n","nan","nan",84.0,"nan"
"cwwdl209","n","nan","nan",46.0,"nan"
"cwwdl2091","n","nan","nan",48.0,"nan"
"cwwdl2100","n","nan","nan",97.0,"nan"
"cwwdl2102","n","nan","nan",49.0,"nan"
"cwwdl2104","n","nan","nan",132.0,"nan"
"cwwdl2105","n","nan","nan",155.0,"nan"
"cwwdl2109","n","nan","nan",40.0,"nan"
"cwwdl2111","n","nan","nan",83.0,"nan"
"cwwdl2131","n","nan","nan",94.0,"nan"
"cwwdl215","n","nan","nan",107.0,"nan"
"cwwdl2156","n","nan","nan",105.0,"nan"
"cwwdl2180","n","nan","nan",150.0,"nan"
"cwwdl232","n","nan","nan",60.0,"nan"
"cwwdl246","n","nan","nan",38.0,"nan"
"cwwdl2501","n","nan","nan",889.0,"nan"
"cwwdl254","n","nan","nan",43.0,"nan"
"cwwdl2551","n","nan","nan",89.0,"nan"
"cwwdl2573","n","nan","nan",76.0,"nan"
"cwwdl2584","n","nan","nan",366.0,"nan"
"cwwdl2585","n","nan","nan",68.0,"nan"
"cwwdl2604","n","nan","nan",894.0,"nan"
"cwwdl2617","n","nan","nan",96.0,"nan"
"cwwdl2618","n","nan","nan",188.0,"nan"
"cwwdl2619","n","nan","nan",92.0,"nan"
"cwwdl2626","n","nan","nan",158.0,"nan"
"cwwdl2644","n","nan","nan",41.0,"nan"
"cwwdl2645","n","nan","nan",48.0,"nan"
"cwwdl2679","n","nan","nan",75.0,"nan"
"cwwdl2690","n","nan","nan",56.0,"nan"
"cwwdl2693","n","nan","nan",68.0,"nan"
"cwwdl2698","n","nan","nan",54.0,"nan"
"cwwdl2703","n","nan","nan",193.0,"nan"
"cwwdl2705","n","nan","nan",48.0,"nan"
"cwwdl2706","n","nan","nan",185.0,"nan"
"cwwdl272","n","nan","nan",116.0,"nan"
"cwwdl2734","n","nan","nan",168.0,"nan"
"cwwdl2750","n","nan","nan",33.0,"nan"
"cwwdl278","n","nan","nan",35.0,"nan"
"cwwdl2897","n","nan","nan",67.0,"nan"
"cwwdl2930","n","nan","nan",121.0,"nan"
"cwwdl295","n","nan","nan",41.0,"nan"
"cwwdl2958","n","nan","nan",70.0,"nan"
"cwwdl298","n","nan","nan",140.0,"nan"
"cwwdl2993","n","nan","nan",33.0,"nan"
"cwwdl2996","n","nan","nan",65.0,"nan"
"cwwdl300","n","nan","nan",67.0,"nan"
"cwwdl3007","n","nan","nan",44.0,"nan"
"cwwdl3011","n","nan","nan",35.0,"nan"
"cwwdl3013","n","nan","nan",62.0,"nan"
"cwwdl303","n","nan","nan",78.0,"nan"
"cwwdl3093","n","nan","nan",67.0,"nan"
"cwwdl3132","n","nan","nan",62.0,"nan"
"cwwdl3193","n","nan","nan",49.0,"nan"
"cwwdl3194","n","nan","nan",52.0,"nan"
"cwwdl3219","n","nan","nan",62.0,"nan"
"cwwdl3220","n","nan","nan",78.0,"nan"
"cwwdl3247","n","nan","nan",44.0,"nan"
"cwwdl3274","n","nan","nan",43.0,"nan"
"cwwdl3301","n","nan","nan",33.0,"nan"
"cwwdl3309","n","nan","nan",33.0,"nan"
"cwwdl3311","n","nan","nan",35.0,"nan"
"cwwdl3334","n","nan","nan",38.0,"nan"
"cwwdl3343","n","nan","nan",40.0,"nan"
"cwwdl3350","n","nan","nan",65.0,"nan"
"cwwdl3357","n","nan","nan",48.0,"nan"
"cwwdl3380","n","nan","nan",35.0,"nan"
"cwwdl3398","n","nan","nan",48.0,"nan"
"cwwdl3405","n","nan","nan",57.0,"nan"
"cwwdl3407","n","nan","nan",65.0,"nan"
"cwwdl3410","n","nan","nan",57.0,"nan"
"cwwdl3434","n","nan","nan",40.0,"nan"
"cwwdl3439","n","nan","nan",35.0,"nan"
"cwwdl3447","n","nan","nan",33.0,"nan"
"cwwdl3451","n","nan","nan",38.0,"nan"
"cwwdl3452","n","nan","nan",35.0,"nan"
"cwwdl3456","n","nan","nan",73.0,"nan"
"cwwdl3478","n","nan","nan",52.0,"nan"
"cwwdl348","n","nan","nan",73.0,"nan"
"cwwdl3506","n","nan","nan",44.0,"nan"
"cwwdl3508","n","nan","nan",41.0,"nan"
"cwwdl3511","n","nan","nan",36.0,"nan"
"cwwdl3513","n","nan","nan",35.0,"nan"
"cwwdl3527","n","nan","nan",48.0,"nan"
"cwwdl3541","n","nan","nan",52.0,"nan"
"cwwdl3568","n","nan","nan",46.0,"nan"
"cwwdl3595","n","nan","nan",70.0,"nan"
"cwwdl3607","n","nan","nan",96.0,"nan"
"cwwdl3609","n","nan","nan",107.0,"nan"
"cwwdl3610","n","nan","nan",92.0,"nan"
"cwwdl3626","n","nan","nan",52.0,"nan"
"cwwdl3628","n","nan","nan",51.0,"nan"
"cwwdl3630","n","nan","nan",49.0,"nan"
"cwwdl3635","n","nan","nan",59.0,"nan"
"cwwdl3636","n","nan","nan",48.0,"nan"
"cwwdl3638","n","nan","nan",46.0,"nan"
"cwwdl3646","n","nan","nan",41.0,"nan"
"cwwdl3651","n","nan","nan",38.0,"nan"
"cwwdl3652","n","nan","nan",38.0,"nan"
"cwwdl3655","n","nan","nan",36.0,"nan"
"cwwdl3657","n","nan","nan",36.0,"nan"
"cwwdl3660","n","nan","nan",33.0,"nan"
"cwwdl3671","n","nan","nan",59.0,"nan"
"cwwdl370","n","nan","nan",107.0,"nan"
"cwwdl3744","n","nan","nan",44.0,"nan"
"cwwdl3777","n","nan","nan",75.0,"nan"
"cwwdl3813","n","nan",50.0,49.0,"nan"
"cwwdl382","n","nan","nan",57.0,"nan"
"cwwdl3887","n","nan","nan",64.0,"nan"
"cwwdl397","n","nan","nan",35.0,"nan"
"cwwdl4123","n","nan","nan",76.0,"nan"
"cwwdl4128","n","nan","nan",64.0,"nan"
"cwwdl418","n","nan","nan",72.0,"nan"
"cwwdl4199","n","nan","nan",81.0,"nan"
"cwwdl421","n","nan","nan",60.0,"nan"
"cwwdl4221","n","nan","nan",54.0,"nan"
"cwwdl426","n","nan","nan",54.0,"nan"
"cwwdl435","n","nan","nan",44.0,"nan"
"cwwdl444","n","nan","nan",52.0,"nan"
"cwwdl4607","n","nan","nan",48.0,"nan"
"cwwdl4633","n","nan","nan",94.0,"nan"
"cwwdl4637","n","nan","nan",44.0,"nan"
"cwwdl4672","n","nan","nan",91.0,"nan"
"cwwdl4703","n","nan","nan",104.0,"nan"
"cwwdl4726","n","nan","nan",49.0,"nan"
"cwwdl4742","n","nan","nan",52.0,"nan"
"cwwdl4776","n","nan","nan",60.0,"nan"
"cwwdl4795","n","nan","nan",52.0,"nan"
"cwwdl4830","n","nan","nan",64.0,"nan"
"cwwdl4841","n","nan","nan",70.0,"nan"
"cwwdl485","n","nan","nan",35.0,"nan"
"cwwdl499","n","nan","nan",153.0,"nan"
"cwwdl500","n","nan","nan",310.0,"nan"
"cwwdl5026","n","nan","nan",44.0,"nan"
"cwwdl504","n","nan","nan",526.0,"nan"
"cwwdl506","n","nan","nan",32.0,"nan"
"cwwdl508","n","nan","nan",64.0,"nan"
"cwwdl5121","n","nan","nan",41.0,"nan"
"cwwdl5172","n","nan","nan",57.0,"nan"
"cwwdl5186","n","nan","nan",62.0,"nan"
"cwwdl5534","n","nan","nan",86.0,"nan"
"cwwdl5664","n","nan","nan",43.0,"nan"
"cwwdl5708","n","nan","nan",78.0,"nan"
"cwwdl589","n","nan","nan",64.0,"nan"
"cwwdl599","n","nan","nan",33.0,"nan"
"cwwdl6027","n","nan","nan",75.0,"nan"
"cwwdl6029","n","nan","nan",49.0,"nan"
"cwwdl603","n","nan","nan",57.0,"nan"
"cwwdl6133","n","nan","nan",129.0,"nan"
"cwwdl6145","n","nan","nan",49.0,"nan"
"cwwdl615","n","nan","nan",112.0,"nan"
"cwwdl6155","n","nan","nan",43.0,"nan"
"cwwdl6156","n","nan","nan",62.0,"nan"
"cwwdl6159","n","nan","nan",48.0,"nan"
"cwwdl6160","n","nan","nan",54.0,"nan"
"cwwdl617","n","nan","nan",244.0,"nan"
"cwwdl6172","n","nan","nan",46.0,"nan"
"cwwdl6257","n","nan","nan",46.0,"nan"
"cwwdl626","n","nan","nan",52.0,"nan"
"cwwdl635","n","nan","nan",104.0,"nan"
"cwwdl6375","n","nan","nan",43.0,"nan"
"cwwdl6388","n","nan","nan",65.0,"nan"
"cwwdl642","n","nan","nan",185.0,"nan"
"cwwdl6439","n","nan","nan",73.0,"nan"
"cwwdl6451","n","nan","nan",70.0,"nan"
"cwwdl6464","n","nan","nan",52.0,"nan"
"cwwdl6469","n","nan","nan",52.0,"nan"
"cwwdl652","n","nan","nan",54.0,"nan"
"cwwdl660","n","nan","nan",278.0,"nan"
"cwwdl6645","n","nan","nan",68.0,"nan"
"cwwdl671","n","nan","nan",92.0,"nan"
"cwwdl68","n","nan","nan",62.0,"nan"
"cwwdl681","n","nan","nan",161.0,"nan"
"cwwdl700","n","nan","nan",68.0,"nan"
"cwwdl706","n","nan","nan",152.0,"nan"
"cwwdl729","n","nan","nan",33.0,"nan"
"cwwdl749","n","nan","nan",89.0,"nan"
"cwwdl772","n","nan","nan",137.0,"nan"
"cwwdl794","n","nan","nan",56.0,"nan"
"cwwdl805","n","nan","nan",196.0,"nan"
"cwwdl807","n","nan","nan",35.0,"nan"
"cwwdl8132","n","nan","nan",68.0,"nan"
"cwwdl826","n","nan","nan",96.0,"nan"
"cwwdl831","n","nan","nan",48.0,"nan"
"cwwdl8311","n","nan","nan",49.0,"nan"
"cwwdl8387","n","nan","nan",65.0,"nan"
"cwwdl839","n","nan","nan",110.0,"nan"
"cwwdl8403","n","nan","nan",83.0,"nan"
"cwwdl8405","n","nan","nan",54.0,"nan"
"cwwdl8417","n","nan","nan",52.0,"nan"
"cwwdl8420","n","nan","nan",48.0,"nan"
"cwwdl8449","n","nan","nan",73.0,"nan"
"cwwdl8467","n","nan","nan",35.0,"nan"
"cwwdl848","n","nan","nan",83.0,"nan"
"cwwdl849","n","nan","nan",51.0,"nan"
"cwwdl8493","n","nan","nan",80.0,"nan"
"cwwdl8509","n","nan","nan",40.0,"nan"
"cwwdl851","n","nan","nan",35.0,"nan"
"cwwdl8537","n","nan","nan",57.0,"nan"
"cwwdl8547","n","nan","nan",96.0,"nan"
"cwwdl8551","n","nan","nan",44.0,"nan"
"cwwdl8586","n","nan","nan",54.0,"nan"
"cwwdl8594","n","nan","nan",75.0,"nan"
"cwwdl864","n","nan","nan",78.0,"nan"
"cwwdl8688","n","nan","nan",60.0,"nan"
"cwwdl8713","n","nan","nan",43.0,"nan"
"cwwdl873","n","nan","nan",211.0,"nan"
"cwwdl8731","n","nan","nan",59.0,"nan"
"cwwdl8747","n","nan","nan",80.0,"nan"
"cwwdl8761","n","nan","nan",54.0,"nan"
"cwwdl8762","n","nan","nan",48.0,"nan"
"cwwdl8764","n","nan","nan",62.0,"nan"
"cwwdl8822","n","nan","nan",80.0,"nan"
"cwwdl8825","n","nan","nan",48.0,"nan"
"cwwdl8831","n","nan","nan",67.0,"nan"
"cwwdl8911","n","nan","nan",44.0,"nan"
"cwwdl8989","n","nan","nan",59.0,"nan"
"cwwdl9028","n","nan","nan",67.0,"nan"
"cwwdl9197","n","nan","nan",46.0,"nan"
"cwwdl92","n","nan","nan",52.0,"nan"
"cwwdl9203","n","nan","nan",46.0,"nan"
"cwwdl9305","n","nan","nan",41.0,"nan"
"cwwdl933","n","nan","nan",97.0,"nan"
"cwwdl9421","n","nan","nan",51.0,"nan"
"cwwdl9456","n","nan","nan",49.0,"nan"
"cwwdl9603","n","nan","nan",49.0,"nan"
"cwwl1144","n","nan","nan",49.0,"nan"
"cwwl1161","n","nan","nan",113.0,"nan"
"cwwl1275","n","nan","nan",64.0,"nan"
"cwwl1382","n","nan","nan",104.0,"nan"
"cwwl1384","n","nan","nan",72.0,"nan"
"cwwl1428","n","nan","nan",129.0,"nan"
"cwwl1438","n","nan","nan",115.0,"nan"
"cwwl1460","n","nan","nan",86.0,"nan"
"cwwl1481","n","nan","nan",128.0,"nan"
"cwwl1500","n","nan","nan",72.0,"nan"
"cwwl1746","n","nan","nan",51.0,"nan"
"cwwl1991","n","nan","nan",78.0,"nan"
"cwwl2009","n","nan","nan",83.0,"nan"
"cwwl2060","n","nan","nan",89.0,"nan"
"cwwl2073","n","nan","nan",67.0,"nan"
"cwwl2075","n","nan","nan",105.0,"nan"
"cwwl2083","n","nan","nan",56.0,"nan"
"cwwl2091","n","nan","nan",115.0,"nan"
"cwwl2100","n","nan","nan",72.0,"nan"
"cwwl2110","n","nan","nan",62.0,"nan"
"cwwl2130","n","nan","nan",80.0,"nan"
"cwwl2239","n","nan","nan",86.0,"nan"
"cwwl2324","n","nan","nan",107.0,"nan"
"cwwl2761","n","nan","nan",94.0,"nan"
"cwwl2942","n","nan","nan",78.0,"nan"
"cwwl2944","n","nan","nan",120.0,"nan"
"cwwl2971","n","nan","nan",76.0,"nan"
"cwwl2972","n","nan","nan",97.0,"nan"
"cwwl2986","n","nan","nan",88.0,"nan"
"cwwl2987","n","nan","nan",129.0,"nan"
"cwwl2999","n","nan","nan",84.0,"nan"
"cwwl3012","n","nan","nan",123.0,"nan"
"cwwl3019","n","nan","nan",113.0,"nan"
"cwwl3078","n","nan",100.0,60.0,"nan"
"cwwl3079","n","nan","nan",65.0,"nan"
"cwwl3082","n","nan","nan",83.0,"nan"
"cwwl3086","n","nan","nan",73.0,"nan"
"cwwl3093","n","nan","nan",84.0,"nan"
"cwwl3095","n","nan","nan",76.0,"nan"
"cwwl3512","n","nan","nan",216.0,"nan"
"cwwl976","n","nan","nan",43.0,"nan"
"cygob2","n","r_80.35","nan",125.0,"nan"
"czernik1","n","nan","nan","nan","nan"
"czernik10","n","nan","nan","nan","nan"
"czernik11","n","nan","nan","nan","nan"
"czernik12","n","nan","nan","nan","nan"
"czernik13","n","nan","nan","nan","nan"
"czernik14","n","nan","nan","nan","nan"
"czernik15","n","nan",140.0,"nan","nan"
"czernik16","n","nan","nan","nan","nan"
"czernik17","n","nan","nan","nan","nan"
"czernik18","n","nan","nan","nan","nan"
"czernik19","n","nan","nan","nan","nan"
"czernik2","n","nan","nan","nan","nan"
"czernik20","n","nan","nan","nan","nan"
"czernik21","n","nan","nan",450.0,"nan"
"czernik23","n","nan","nan","nan","nan"
"czernik24","n","nan","nan","nan","nan"
"czernik25","n","nan","nan","nan","nan"
"czernik26","n","nan","nan","nan","nan"
"czernik27","n","nan","nan","nan","nan"
"czernik29","n","nan","nan",75.0,"nan"
"czernik3","n","nan","nan",150.0,"nan"
"czernik30","n","nan","nan","nan","nan"
"czernik31","n","nan","nan","nan","nan"
"czernik38","n","nan","nan","nan","nan"
"czernik39","n","nan","nan","nan","nan"
"czernik4","n","nan","nan","nan","nan"
"czernik40","n","nan","nan","nan","nan"
"czernik41","n","nan","nan","nan","nan"
"czernik42","n","nan","nan","nan","nan"
"czernik43","n","nan",330.0,"nan","nan"
"czernik44","n","nan",50.0,"nan","nan"
"czernik45","n","nan","nan","nan","nan"
"czernik5","n","nan","nan","nan","nan"
"czernik6","n","nan","nan","nan","nan"
"czernik7","n","nan","nan","nan","nan"
"czernik8","n","nan","nan","nan","nan"
"czernik9","n","nan","nan","nan","nan"
"danks1","n","r_305.37","nan","nan","nan"
"danks2","n","l_305.37","nan","nan","nan"
"db200110","n","nan","nan",100.0,"nan"
"db200111","n","nan","nan",100.0,"nan"
"db200115","n","nan","nan","nan","nan"
"db200116","n","nan","nan",200.0,"nan"
"db200117","n","plxr_0.4","nan",100.0,"nan"
"db200118","n","nan","nan","nan","nan"
"db200120","n","nan","nan",50.0,"nan"
"db200121","n","nan","nan",100.0,"nan"
"db200122","n","nan","nan","nan","nan"
"db200124","n","nan",50.0,100.0,"nan"
"db200125","n","nan","nan",100.0,"nan"
"db200126","n","nan","nan",100.0,"nan"
"db200127","n","nan","nan",100.0,"nan"
"db200129","n","nan","nan","nan","nan"
"db200132","n","nan","nan",100.0,"nan"
"db200133","n","nan","nan",100.0,"nan"
"db200138","n","nan","nan",100.0,"nan"
"db200139","n","nan","nan",100.0,"nan"
"db200140","n","nan","nan",100.0,"nan"
"db200141","n","nan","nan",100.0,"nan"
"db200142","n","nan","nan",100.0,"nan"
"db20016","n","nan","nan",100.0,"nan"
"db20017","n","nan",50.0,100.0,"nan"
"db20018","n","nan","nan",100.0,"nan"
"db20019","n","nan","nan",100.0,"nan"
"dbsb10","n","nan","nan","nan","nan"
"dbsb100","n","nan","nan","nan","nan"
"dbsb101","n","nan","nan",250.0,"nan"
"dbsb102","n","nan","nan","nan","nan"
"dbsb103","n","nan","nan","nan","nan"
"dbsb104","n","nan","nan","nan","nan"
"dbsb105","n","nan","nan","nan","nan"
"dbsb106","n","nan","nan","nan","nan"
"dbsb108","n","nan","nan","nan","nan"
"dbsb11","n","nan","nan",100.0,"nan"
"dbsb113","n","nan","nan","nan","nan"
"dbsb114","n","nan","nan",50.0,"nan"
"dbsb115","n","l_345.35","nan","nan","nan"
"dbsb116","n","nan","nan","nan","nan"
"dbsb117","n","l_345.35","nan","nan","nan"
"dbsb118","n","nan","nan","nan","nan"
"dbsb119","n","nan","nan","nan","nan"
"dbsb12","n","nan","nan","nan","nan"
"dbsb120","n","nan","nan","nan","nan"
"dbsb121","n","nan","nan","nan","nan"
"dbsb122","n","nan","nan","nan","nan"
"dbsb125","n","nan","nan","nan","nan"
"dbsb126","n","nan","nan",100.0,"nan"
"dbsb129","n","nan","nan","nan","nan"
"dbsb130","n","nan","nan","nan","nan"
"dbsb131","n","nan","nan","nan","nan"
"dbsb132","n","nan","nan","nan","nan"
"dbsb133","n","nan","nan","nan","nan"
"dbsb134","n","nan","nan","nan","nan"
"dbsb135","n","nan","nan","nan","nan"
"dbsb136","n","nan","nan","nan","nan"
"dbsb137","n","nan","nan","nan","nan"
"dbsb138","n","nan","nan","nan","nan"
"dbsb139","n","nan","nan","nan","nan"
"dbsb140","n","nan","nan","nan","nan"
"dbsb141","n","nan","nan","nan","nan"
"dbsb142","n","nan","nan","nan","nan"
"dbsb143","n","nan","nan","nan","nan"
"dbsb144","n","nan","nan","nan","nan"
"dbsb145","n","nan","nan","nan","nan"
"dbsb146","n","nan","nan","nan","nan"
"dbsb147","n","nan","nan","nan","nan"
"dbsb148","n","nan","nan","nan","nan"
"dbsb149","n","nan","nan","nan","nan"
"dbsb150","n","nan","nan","nan","nan"
"dbsb151","n","nan","nan","nan","nan"
"dbsb152","n","nan","nan","nan","nan"
"dbsb153","n","nan","nan","nan","nan"
"dbsb154","n","nan","nan","nan","nan"
"dbsb155","n","nan","nan","nan","nan"
"dbsb156","n","nan","nan","nan","nan"
"dbsb157","n","nan","nan","nan","nan"
"dbsb158","n","nan","nan","nan","nan"
"dbsb159","n","nan","nan","nan","nan"
"dbsb161","n","nan","nan","nan","nan"
"dbsb162","n","nan","nan","nan","nan"
"dbsb163","n","nan","nan","nan","nan"
"dbsb164","n","nan","nan","nan","nan"
"dbsb165","n","nan","nan","nan","nan"
"dbsb166","n","nan","nan","nan","nan"
"dbsb167","n","nan","nan","nan","nan"
"dbsb168","n","nan","nan","nan","nan"
"dbsb169","n","nan","nan","nan","nan"
"dbsb170","n","nan","nan","nan","nan"
"dbsb171","n","nan","nan","nan","nan"
"dbsb172","n","nan","nan",100.0,"nan"
"dbsb173","n","nan","nan","nan","nan"
"dbsb174","n","nan","nan","nan","nan"
"dbsb175","n","nan","nan","nan","nan"
"dbsb176","n","nan","nan","nan","nan"
"dbsb177","n","nan","nan","nan","nan"
"dbsb178","n","nan","nan","nan","nan"
"dbsb179","n","nan","nan","nan","nan"
"dbsb18","n","nan",110.0,100.0,"nan"
"dbsb19","n","t_0.2","nan",150.0,"nan"
"dbsb21","n","nan","nan","nan","nan"
"dbsb23","n","nan","nan",100.0,"nan"
"dbsb27","n","nan","nan","nan","nan"
"dbsb28","n","nan","nan",100.0,"nan"
"dbsb3","n","nan","nan","nan","nan"
"dbsb33","n","nan","nan",100.0,"nan"
"dbsb34","n","nan","nan",100.0,"nan"
"dbsb35","n","nan","nan","nan","nan"
"dbsb36","n","nan","nan","nan","nan"
"dbsb38","n","nan","nan",100.0,"nan"
"dbsb39","n","nan",100.0,"nan","nan"
"dbsb4","n","nan","nan",100.0,"nan"
"dbsb40","n","nan","nan","nan","nan"
"dbsb41","n","nan","nan",100.0,"nan"
"dbsb43","n","nan","nan","nan","nan"
"dbsb44","n","nan","nan",100.0,"nan"
"dbsb45","n","nan","nan",100.0,"nan"
"dbsb47","n","nan","nan",100.0,"nan"
"dbsb48","n","nan","nan","nan","nan"
"dbsb50","n","nan","nan",100.0,"nan"
"dbsb51","n","nan","nan","nan","nan"
"dbsb53","n","nan","nan",100.0,"nan"
"dbsb56","n","nan","nan",100.0,"nan"
"dbsb57","n","nan",200.0,100.0,"nan"
"dbsb58","n","nan","nan",100.0,"nan"
"dbsb59","n","nan","nan",100.0,"nan"
"dbsb6","n","nan",50.0,"nan","nan"
"dbsb60","n","nan","nan","nan","nan"
"dbsb62","n","nan","nan","nan","nan"
"dbsb64","n","nan","nan","nan","nan"
"dbsb65","n","nan","nan",100.0,"nan"
"dbsb66","n","nan","nan",50.0,"nan"
"dbsb67","n","nan","nan",100.0,"nan"
"dbsb68","n","nan","nan","nan","nan"
"dbsb69","n","nan","nan","nan","nan"
"dbsb7","n","nan","nan","nan","nan"
"dbsb70","n","nan","nan","nan","nan"
"dbsb71","n","nan","nan",100.0,"nan"
"dbsb72","n","nan","nan","nan","nan"
"dbsb73","n","nan","nan","nan","nan"
"dbsb74","n","nan","nan",100.0,"nan"
"dbsb75","n","nan","nan","nan","nan"
"dbsb77","n","nan","nan","nan","nan"
"dbsb78","n","nan","nan","nan","nan"
"dbsb79","n","nan","nan","nan","nan"
"dbsb8","n","nan","nan",100.0,"nan"
"dbsb80","n","nan","nan","nan","nan"
"dbsb82","n","nan","nan","nan","nan"
"dbsb83","n","nan","nan",100.0,"nan"
"dbsb84","n","nan","nan",100.0,"nan"
"dbsb85","n","nan","nan","nan","nan"
"dbsb86","n","nan","nan","nan","nan"
"dbsb87","n","nan","nan","nan","nan"
"dbsb88","n","nan","nan",100.0,"nan"
"dbsb89","n","nan","nan","nan","nan"
"dbsb90","n","nan","nan","nan","nan"
"dbsb91","n","nan","nan","nan","nan"
"dbsb92","n","nan","nan","nan","nan"
"dbsb93","n","nan","nan","nan","nan"
"dbsb94","n","nan","nan","nan","nan"
"dbsb95","n","nan","nan","nan","nan"
"dbsb97","n","nan","nan","nan","nan"
"dbsb98","n","nan","nan","nan","nan"
"dbsb99","n","nan",50.0,"nan","nan"
"dc1","n","nan","nan","nan","nan"
"dc3","n","nan",100.0,"nan","nan"
"dc4","n","nan","nan","nan","nan"
"dc5","n","nan","nan",200.0,"nan"
"dc8","n","nan","nan","nan","nan"
"deltacepheicluster","n","nan",100.0,"nan","nan"
"desvoivres2","n","nan","nan","nan","nan"
"dias1","n","nan",130.0,"nan","nan"
"dias100","n","nan","nan",116.0,"nan"
"dias101","n","nan","nan",73.0,"nan"
"dias102","n","nan","nan",54.0,"nan"
"dias103","n","nan","nan",50.0,"nan"
"dias104","n","nan","nan",84.0,"nan"
"dias105","n","nan","nan",99.0,"nan"
"dias106","n","nan","nan",50.0,"nan"
"dias107","n","nan","nan",63.0,"nan"
"dias108","n","nan","nan",73.0,"nan"
"dias109","n","nan","nan",60.0,"nan"
"dias110","n","nan","nan",50.0,"nan"
"dias111","n","nan","nan",50.0,"nan"
"dias112","n","nan","nan",50.0,"nan"
"dias113","n","nan","nan",50.0,"nan"
"dias114","n","nan","nan",98.0,"nan"
"dias115","n","nan","nan",60.0,"nan"
"dias116","n","nan","nan",86.0,"nan"
"dias117","n","nan","nan",86.0,"nan"
"dias118","n","nan","nan",58.0,"nan"
"dias119","n","nan","nan",81.0,"nan"
"dias12","n","nan","nan",94.0,"nan"
"dias120","n","nan","nan",105.0,"nan"
"dias121","n","nan","nan",50.0,"nan"
"dias122","n","nan","nan",56.0,"nan"
"dias123","n","nan","nan",50.0,"nan"
"dias124","n","nan","nan",50.0,"nan"
"dias125","n","nan","nan",50.0,"nan"
"dias126","n","nan","nan",50.0,"nan"
"dias127","n","nan","nan",50.0,"nan"
"dias128","n","nan","nan",61.0,"nan"
"dias129","n","nan","nan",60.0,"nan"
"dias130","n","nan","nan",50.0,"nan"
"dias131","n","nan","nan",68.0,"nan"
"dias132","n","nan","nan",70.0,"nan"
"dias133","n","nan","nan",63.0,"nan"
"dias134","n","nan","nan",50.0,"nan"
"dias135","n","nan","nan",51.0,"nan"
"dias136","n","nan","nan",69.0,"nan"
"dias137","n","nan","nan",82.0,"nan"
"dias138","n","nan","nan",50.0,"nan"
"dias139","n","nan","nan",50.0,"nan"
"dias14","n","nan","nan",169.0,"nan"
"dias140","n","nan","nan",50.0,"nan"
"dias141","n","nan","nan",50.0,"nan"
"dias142","n","nan","nan",69.0,"nan"
"dias143","n","nan","nan",75.0,"nan"
"dias145","n","nan","nan",50.0,"nan"
"dias146","n","nan","nan",50.0,"nan"
"dias147","n","nan","nan",50.0,"nan"
"dias148","n","nan","nan",60.0,"nan"
"dias149","n","nan","nan",98.0,"nan"
"dias15","n","nan","nan",102.0,"nan"
"dias150","n","nan","nan",50.0,"nan"
"dias151","n","nan","nan",78.0,"nan"
"dias152","n","nan","nan",50.0,"nan"
"dias153","n","nan","nan",96.0,"nan"
"dias154","n","nan","nan",50.0,"nan"
"dias155","n","nan","nan",103.0,"nan"
"dias156","n","nan","nan",174.0,"nan"
"dias157","n","nan","nan",109.0,"nan"
"dias158","n","nan","nan",51.0,"nan"
"dias159","n","nan","nan",50.0,"nan"
"dias16","n","nan","nan",62.0,"nan"
"dias160","n","nan","nan",50.0,"nan"
"dias161","n","nan","nan",68.0,"nan"
"dias162","n","nan","nan",50.0,"nan"
"dias163","n","nan","nan",55.0,"nan"
"dias164","n","nan","nan",76.0,"nan"
"dias165","n","nan","nan",79.0,"nan"
"dias166","n","nan","nan",50.0,"nan"
"dias167","n","nan","nan",50.0,"nan"
"dias168","n","nan","nan",50.0,"nan"
"dias17","n","nan","nan",50.0,"nan"
"dias18","n","nan","nan",51.0,"nan"
"dias19","n","nan","nan",58.0,"nan"
"dias2","n","nan","nan","nan","nan"
"dias20","n","nan","nan",52.0,"nan"
"dias23","n","nan","nan",50.0,"nan"
"dias25","n","nan","nan",79.0,"nan"
"dias27","n","nan","nan",307.0,"nan"
"dias28","n","nan","nan",60.0,"nan"
"dias29","n","nan","nan",176.0,"nan"
"dias3","n","nan","nan","nan","nan"
"dias30","n","nan","nan",50.0,"nan"
"dias31","n","nan","nan",50.0,"nan"
"dias32","n","nan","nan",177.0,"nan"
"dias33","n","nan","nan",50.0,"nan"
"dias34","n","nan","nan",50.0,"nan"
"dias35","n","nan","nan",76.0,"nan"
"dias36","n","nan","nan",79.0,"nan"
"dias38","n","nan","nan",117.0,"nan"
"dias4","n","nan","nan","nan","nan"
"dias40","n","nan","nan",50.0,"nan"
"dias41","n","nan","nan",52.0,"nan"
"dias42","n","nan","nan",122.0,"nan"
"dias43","n","nan","nan",50.0,"nan"
"dias44","n","nan","nan",50.0,"nan"
"dias45","n","nan","nan",50.0,"nan"
"dias46","n","nan","nan",50.0,"nan"
"dias47","n","nan","nan",50.0,"nan"
"dias48","n","nan","nan",55.0,"nan"
"dias49","n","nan","nan",54.0,"nan"
"dias5","n","nan","nan",250.0,"nan"
"dias50","n","nan","nan",72.0,"nan"
"dias51","n","nan","nan",62.0,"nan"
"dias52","n","nan","nan",57.0,"nan"
"dias53","n","nan","nan",50.0,"nan"
"dias54","n","nan","nan",50.0,"nan"
"dias55","n","nan","nan",70.0,"nan"
"dias56","n","nan","nan",50.0,"nan"
"dias57","n","nan","nan",50.0,"nan"
"dias58","n","nan","nan",50.0,"nan"
"dias59","n","nan","nan",50.0,"nan"
"dias6","n","nan","nan","nan","nan"
"dias60","n","nan","nan",73.0,"nan"
"dias61","n","nan","nan",50.0,"nan"
"dias62","n","nan","nan",50.0,"nan"
"dias63","n","nan","nan",50.0,"nan"
"dias64","n","nan","nan",55.0,"nan"
"dias65","n","nan","nan",54.0,"nan"
"dias66","n","nan","nan",50.0,"nan"
"dias67","n","nan","nan",64.0,"nan"
"dias68","n","nan","nan",50.0,"nan"
"dias69","n","nan","nan",50.0,"nan"
"dias7","n","nan","nan","nan","nan"
"dias70","n","nan","nan",50.0,"nan"
"dias71","n","nan","nan",50.0,"nan"
"dias72","n","nan","nan",50.0,"nan"
"dias73","n","nan","nan",50.0,"nan"
"dias74","n","nan","nan",50.0,"nan"
"dias75","n","nan","nan",50.0,"nan"
"dias76","n","nan","nan",50.0,"nan"
"dias77","n","nan","nan",50.0,"nan"
"dias78","n","nan","nan",63.0,"nan"
"dias79","n","nan","nan",50.0,"nan"
"dias8","n","nan","nan","nan","nan"
"dias80","n","nan","nan",73.0,"nan"
"dias81","n","nan","nan",62.0,"nan"
"dias82","n","nan","nan",74.0,"nan"
"dias83","n","nan","nan",50.0,"nan"
"dias84","n","nan","nan",50.0,"nan"
"dias85","n","nan","nan",50.0,"nan"
"dias86","n","nan","nan",50.0,"nan"
"dias87","n","nan","nan",50.0,"nan"
"dias88","n","nan","nan",50.0,"nan"
"dias89","n","nan","nan",50.0,"nan"
"dias90","n","nan","nan",94.0,"nan"
"dias91","n","nan","nan",50.0,"nan"
"dias92","n","nan","nan",112.0,"nan"
"dias93","n","nan","nan",54.0,"nan"
"dias94","n","nan","nan",50.0,"nan"
"dias95","n","nan","nan",50.0,"nan"
"dias96","n","nan","nan",50.0,"nan"
"dias97","n","nan","nan",50.0,"nan"
"dias98","n","nan","nan",50.0,"nan"
"dias99","n","nan","nan",50.0,"nan"
"dmh1","n","nan","nan","nan","nan"
"doldzim1","n","nan","nan",100.0,"nan"
"doldzim10","n","nan","nan","nan","nan"
"doldzim11","n","nan","nan","nan","nan"
"doldzim2","n","nan","nan","nan","nan"
"doldzim3","n","nan","nan","nan","nan"
"doldzim4","n","nan","nan","nan","nan"
"doldzim5","n","nan","nan","nan","nan"
"doldzim6","n","nan","nan","nan","nan"
"doldzim7","n","nan","nan","nan","nan"
"doldzim8","n","nan","nan",100.0,"nan"
"doldzim9","n","nan","nan","nan","nan"
"dolidze1","n","nan",40.0,"nan","nan"
"dolidze10","n","nan","nan",100.0,"nan"
"dolidze11","n","nan","nan","nan","nan"
"dolidze12","n","nan","nan","nan","nan"
"dolidze13","n","nan","nan","nan","nan"
"dolidze14","n","nan","nan","nan","nan"
"dolidze15","n","nan","nan","nan","nan"
"dolidze16","n","nan","nan","nan","nan"
"dolidze17","n","nan","nan","nan","nan"
"dolidze18","n","nan","nan","nan","nan"
"dolidze19","n","nan","nan","nan","nan"
"dolidze20","n","nan","nan","nan","nan"
"dolidze21","n","nan","nan","nan","nan"
"dolidze22","n","nan","nan","nan","nan"
"dolidze23","n","nan","nan","nan","nan"
"dolidze24","n","nan","nan","nan","nan"
"dolidze25","n","nan",100.0,"nan","nan"
"dolidze26","n","nan","nan","nan","nan"
"dolidze27","n","nan","nan","nan","nan"
"dolidze28","n","nan","nan","nan","nan"
"dolidze29","n","nan","nan","nan","nan"
"dolidze3","n","nan","nan","nan","nan"
"dolidze30","n","nan","nan","nan","nan"
"dolidze31","n","nan","nan","nan","nan"
"dolidze32","n","nan","nan","nan","nan"
"dolidze33","n","nan","nan","nan","nan"
"dolidze34","n","nan","nan","nan","nan"
"dolidze35","n","nan",50.0,"nan","nan"
"dolidze36","n","nan","nan","nan","nan"
"dolidze37","n","nan","nan","nan","nan"
"dolidze38","n","nan","nan","nan","nan"
"dolidze39","n","nan","nan","nan","nan"
"dolidze4","n","nan","nan","nan","nan"
"dolidze40","n","nan","nan","nan","nan"
"dolidze42","n","nan","nan","nan","nan"
"dolidze43","n","nan","nan",50.0,"nan"
"dolidze44","n","nan","nan","nan","nan"
"dolidze45","n","nan","nan","nan","nan"
"dolidze46","n","nan","nan","nan","nan"
"dolidze47","n","nan","nan","nan","nan"
"dolidze49","n","nan","nan","nan","nan"
"dolidze5","n","nan","nan","nan","nan"
"dolidze50","n","nan","nan","nan","nan"
"dolidze51","n","nan","nan","nan","nan"
"dolidze52","n","nan","nan","nan","nan"
"dolidze55","n","nan","nan","nan","nan"
"dolidze56","n","nan","nan","nan","nan"
"dolidze6","n","nan","nan","nan","nan"
"dolidze8","n","nan","nan","nan","nan"
"dolidze9","n","l_79.75,t_2.4","nan","nan","nan"
"dr22","n","nan","nan",100.0,"nan"
"dutrabica1","n","nan","nan","nan","nan"
"dutrabica10","n","nan","nan","nan","nan"
"dutrabica11","n","nan","nan","nan","nan"
"dutrabica12","n","nan","nan","nan","nan"
"dutrabica13","n","nan","nan","nan","nan"
"dutrabica14","n","nan","nan",100.0,"nan"
"dutrabica15","n","nan","nan",100.0,"nan"
"dutrabica16","n","nan","nan",100.0,"nan"
"dutrabica17","n","nan","nan","nan","nan"
"dutrabica18","n","nan","nan","nan","nan"
"dutrabica19","n","nan","nan","nan","nan"
"dutrabica2","n","nan","nan","nan","nan"
"dutrabica20","n","nan","nan",50.0,"nan"
"dutrabica21","n","nan","nan","nan","nan"
"dutrabica22","n","nan","nan",100.0,"nan"
"dutrabica23","n","nan","nan",100.0,"nan"
"dutrabica24","n","nan","nan","nan","nan"
"dutrabica25","n","nan","nan","nan","nan"
"dutrabica26","n","nan","nan","nan","nan"
"dutrabica27","n","nan","nan","nan","nan"
"dutrabica28","n","nan","nan","nan","nan"
"dutrabica29","n","nan","nan","nan","nan"
"dutrabica3","n","nan","nan",100.0,"nan"
"dutrabica30","n","nan","nan","nan","nan"
"dutrabica31","n","nan","nan","nan","nan"
"dutrabica32","n","nan","nan","nan","nan"
"dutrabica33","n","nan","nan","nan","nan"
"dutrabica34","n","nan","nan",100.0,"nan"
"dutrabica35","n","nan","nan","nan","nan"
"dutrabica36","n","nan","nan","nan","nan"
"dutrabica37","n","nan","nan",100.0,"nan"
"dutrabica38","n","nan","nan","nan","nan"
"dutrabica39","n","nan","nan","nan","nan"
"dutrabica4","n","nan","nan",100.0,"nan"
"dutrabica40","n","nan","nan","nan","nan"
"dutrabica41","n","nan","nan","nan","nan"
"dutrabica42","n","nan","nan","nan","nan"
"dutrabica43","n","nan","nan",100.0,"nan"
"dutrabica44","n","nan","nan","nan","nan"
"dutrabica45","n","nan","nan","nan","nan"
"dutrabica46","n","nan","nan","nan","nan"
"dutrabica47","n","nan","nan","nan","nan"
"dutrabica48","n","nan","nan",100.0,"nan"
"dutrabica49","n","nan","nan","nan","nan"
"dutrabica50","n","nan","nan","nan","nan"
"dutrabica51","n","nan",100.0,"nan","nan"
"dutrabica52","n","nan","nan","nan","nan"
"dutrabica53","n","nan","nan",100.0,"nan"
"dutrabica54","n","nan","nan",100.0,"nan"
"dutrabica55","n","nan","nan","nan","nan"
"dutrabica57","n","nan","nan","nan","nan"
"dutrabica58","n","nan","nan","nan","nan"
"dutrabica59","n","nan","nan","nan","nan"
"dutrabica60","n","nan","nan","nan","nan"
"dutrabica7","n","nan","nan",50.0,"nan"
"dutrabica8","n","nan","nan",100.0,"nan"
"dutrabica83","n","nan","nan","nan","nan"
"dutrabica84","n","nan","nan","nan","nan"
"dutrabica9","n","nan","nan",100.0,"nan"
"elosser2","n","nan","nan","nan","nan"
"esfera1","n","nan","nan",50.0,"nan"
"esfera2","n","nan","nan",50.0,"nan"
"esfera3","n","nan","nan",50.0,"nan"
"esfera4","n","nan","nan",50.0,"nan"
"esfera5","n","nan","nan",50.0,"nan"
"eso00806","n","nan","nan","nan","nan"
"eso02106","n","nan","nan","nan","nan"
"eso02602","n","nan","nan","nan","nan"
"eso04313","n","nan","nan","nan","nan"
"eso06208","n","nan","nan","nan","nan"
"eso06211","n","nan","nan","nan","nan"
"eso06405","n","nan",40.0,"nan","nan"
"eso06503","n","nan","nan","nan","nan"
"eso06507","n","nan","nan","nan","nan"
"eso09205","n","plxl_-0.5;plxr_0.5","nan",300.0,"y"
"eso09218","n","nan","nan",300.0,"nan"
"eso09715","n","nan","nan","nan","nan"
"eso09906","n","nan","nan","nan","nan"
"eso12326","n","nan",75.0,"nan","nan"
"eso12816","n","nan","nan","nan","nan"
"eso12919","n","nan","nan","nan","nan"
"eso12932","n","nan","nan","nan","nan"
"eso13006","n","nan","nan","nan","nan"
"eso13013","n","nan","nan","nan","nan"
"eso13109","n","nan","nan","nan","nan"
"eso13214","n","nan","nan","nan","nan"
"eso13412","n","nan","nan","nan","nan"
"eso13723","n","nan","nan","nan","nan"
"eso13743","n","nan","nan","nan","nan"
"eso13913","n","nan","nan","nan","nan"
"eso13954","n","nan","nan","nan","nan"
"eso14147","n","nan","nan","nan","nan"
"eso16509","n","nan","nan","nan","nan"
"eso16604","n","nan","nan","nan","nan"
"eso16804","n","nan","nan","nan","nan"
"eso17506","n","nan","nan","nan","nan"
"eso21101","n","nan","nan","nan","nan"
"eso21103","n","nan","nan","nan","nan"
"eso21109","n","nan","nan","nan","nan"
"eso22606","n","nan",50.0,"nan","nan"
"eso22902","n","nan","nan","nan","nan"
"eso23130","n","nan","nan","nan","nan"
"eso23607","n","nan","nan","nan","nan"
"eso24509","n","nan","nan","nan","nan"
"eso25214","n","nan","nan","nan","nan"
"eso25801","n","nan","nan","nan","nan"
"eso26006","n","nan","nan","nan","nan"
"eso26017","n","nan","nan","nan","nan"
"eso26103","n","nan",50.0,"nan","nan"
"eso26107","n","nan","nan","nan","nan"
"eso26501","n","nan","nan","nan","nan"
"eso27501","n","nan","nan","nan","nan"
"eso27704","n","nan","nan","nan","nan"
"eso27802","n","nan","nan",50.0,"nan"
"eso28124","n","nan","nan","nan","nan"
"eso28226","n","nan","nan","nan","nan"
"eso30903","n","nan","nan","nan","nan"
"eso31114","n","nan","nan","nan","nan"
"eso31121","n","nan","nan",275.0,"nan"
"eso31203","n","nan","nan","nan","nan"
"eso31204","n","nan","nan","nan","nan"
"eso31303","n","nan","nan","nan","nan"
"eso31311","n","nan","nan","nan","nan"
"eso31312","n","nan","nan","nan","nan"
"eso31414","n","nan","nan","nan","nan"
"eso31514","n","nan","nan","nan","nan"
"eso32415","n","nan","nan","nan","nan"
"eso32902","n","nan","nan","nan","nan"
"eso33211","n","t_1.7;r_344.55","nan","nan","nan"
"eso33213","n","l_344.68","nan",100.0,"nan"
"eso33220","n","nan","nan","nan","nan"
"eso33222","n","nan","nan","nan","nan"
"eso33402","n","nan","nan","nan","nan"
"eso33505","n","nan","nan","nan","nan"
"eso33723","n","nan","nan","nan","nan"
"eso36710","n","nan","nan","nan","nan"
"eso36811","n","nan","nan","nan","nan"
"eso36814","n","nan","nan","nan","nan"
"eso37013","n","nan","nan","nan","nan"
"eso37017","n","nan","nan","nan","nan"
"eso37125","n","nan","nan","nan","nan"
"eso38310","n","nan","nan",50.0,"nan"
"eso38905","n","nan","nan","nan","nan"
"eso39213","n","nan","nan","nan","nan"
"eso39312","n","nan","nan","nan","nan"
"eso39315","n","nan","nan","nan","nan"
"eso39701","n","nan","nan","nan","nan"
"eso42425","n","nan","nan",50.0,"nan"
"eso42506","n","nan","nan","nan","nan"
"eso42515","n","nan","nan","nan","nan"
"eso42626","n","nan","nan","nan","nan"
"eso42732","n","nan","nan","nan","nan"
"eso42902","n","nan",90.0,"nan","nan"
"eso42905","n","nan","nan","nan","nan"
"eso42913","n","nan","nan","nan","nan"
"eso43009","n","nan","nan","nan","nan"
"eso43014","n","nan","nan","nan","nan"
"eso43018","n","nan",50.0,"nan","nan"
"eso43203","n","nan","nan","nan","nan"
"eso43509","n","nan","nan","nan","nan"
"eso43517","n","nan","nan","nan","nan"
"eso43533","n","nan","nan","nan","nan"
"eso43548","n","nan","nan",50.0,"nan"
"eso43602","n","nan","nan","nan","nan"
"eso43761","n","nan","nan",50.0,"nan"
"eso44204","n","nan","nan",100.0,"nan"
"eso44574","n","nan","nan","nan","nan"
"eso44729","n","nan","nan","nan","nan"
"eso45544","n","nan","nan","nan","nan"
"eso45605","n","nan","nan","nan","nan"
"eso45609","n","nan","nan","nan","nan"
"eso45660","n","nan","nan","nan","nan"
"eso45672","n","nan","nan","nan","nan"
"eso46138","n","nan","nan","nan","nan"
"eso46409","n","nan","nan",100.0,"nan"
"eso48520","n","nan","nan",50.0,"nan"
"eso48645","n","nan","nan",50.0,"nan"
"eso48654","n","nan","nan","nan","nan"
"eso48901","n","nan",100.0,"nan","nan"
"eso49303","n","nan","nan","nan","nan"
"eso49409","n","nan",75.0,"nan","nan"
"eso50219","n","nan","nan","nan","nan"
"eso51803","n","nan",150.0,"nan","nan"
"eso52020","n","nan","nan","nan","nan"
"eso52138","n","nan","nan","nan","nan"
"eso52205","n","nan","nan","nan","nan"
"eso52216","n","nan","nan","nan","nan"
"eso52401","n","nan","nan","nan","nan"
"eso52508","n","nan","nan","nan","nan"
"eso55902","n","nan","nan","nan","nan"
"eso55913","n","nan","nan","nan","nan"
"eso56105","n","nan","nan","nan","nan"
"eso57012","n","nan","nan","nan","nan"
"eso58704","n","nan","nan","nan","nan"
"eso58926","n","nan","nan",200.0,"nan"
"eso59013","n","nan","nan","nan","nan"
"fbd2005g333104","n","nan","nan","nan","nan"
"feibelman1","n","nan","nan","nan","nan"
"feigelson1","n","plxl_9;t_-12","nan",100.0,"nan"
"feinstein1","n","nan",190.0,"nan","nan"
"ferrero1","n","nan","nan","nan","nan"
"ferrero10","n","nan","nan","nan","nan"
"ferrero11","n","nan","nan","nan","nan"
"ferrero17","n","nan","nan","nan","nan"
"ferrero24a","n","nan","nan","nan","nan"
"ferrero29","n","nan","nan","nan","nan"
"ferrero33","n","nan","nan","nan","nan"
"ferrero38","n","nan","nan","nan","nan"
"ferrero4","n","nan","nan","nan","nan"
"ferrero44","n","nan","nan","nan","nan"
"ferrero6","n","nan","nan","nan","nan"
"ferrero8","n","nan","nan","nan","nan"
"ferrero9","n","nan","nan","nan","nan"
"fny2","n","nan","nan","nan","nan"
"fof1036","n","nan","nan",68.0,"nan"
"fof1049","n","nan","nan",50.0,"nan"
"fof1086","n","nan","nan",198.0,"nan"
"fof1103","n","nan","nan",250.0,"nan"
"fof1115","n","nan","nan",186.0,"nan"
"fof1120","n","nan","nan",145.0,"nan"
"fof1142","n","nan","nan",172.0,"nan"
"fof1160","n","nan","nan",163.0,"nan"
"fof1174","n","nan","nan",141.0,"nan"
"fof1175","n","nan","nan",191.0,"nan"
"fof1199","n","nan","nan",171.0,"nan"
"fof1200","n","nan","nan",103.0,"nan"
"fof1209","n","nan","nan",223.0,"nan"
"fof1211","n","b_-1.13","nan",100.0,"nan"
"fof1218","n","nan","nan",168.0,"nan"
"fof1221","n","nan","nan",175.0,"nan"
"fof1235","n","nan","nan",232.0,"nan"
"fof1241","n","nan","nan",149.0,"nan"
"fof1281","n","nan","nan",86.0,"nan"
"fof1306","n","nan","nan",218.0,"nan"
"fof1328","n","nan","nan",251.0,"nan"
"fof1329","n","nan","nan",1000.0,"nan"
"fof1332","n","nan","nan",676.0,"nan"
"fof1334","n","nan","nan",156.0,"nan"
"fof1342","n","nan","nan",650.0,"nan"
"fof1352","n","nan","nan",235.0,"nan"
"fof1355","n","nan","nan",233.0,"nan"
"fof1367","n","nan","nan",377.0,"nan"
"fof1370","n","nan",60.0,310.0,"nan"
"fof1372","n","nan","nan",398.0,"nan"
"fof1374","n","nan","nan",385.0,"nan"
"fof1375","n","nan","nan",142.0,"nan"
"fof1377","n","nan","nan",187.0,"nan"
"fof1381","n","nan","nan",577.0,"nan"
"fof1388","n","nan","nan",402.0,"nan"
"fof1390","n","nan","nan",648.0,"nan"
"fof1392","n","nan","nan",412.0,"nan"
"fof1393","n","nan","nan",245.0,"nan"
"fof1394","n","nan","nan",278.0,"nan"
"fof1398","n","nan","nan",234.0,"nan"
"fof1399","n","nan","nan",207.0,"nan"
"fof140","n","nan","nan",351.0,"nan"
"fof1401","n","nan","nan",1000.0,"nan"
"fof1402","n","nan","nan",380.0,"nan"
"fof1406","n","nan","nan",253.0,"nan"
"fof1407","n","nan","nan",241.0,"nan"
"fof1408","n","nan","nan",215.0,"nan"
"fof1414","n","nan","nan",301.0,"nan"
"fof1420","n","nan","nan",268.0,"nan"
"fof1422","n","nan","nan",259.0,"nan"
"fof1428","n","nan",50.0,137.0,"nan"
"fof1429","n","nan","nan",301.0,"nan"
"fof1437","n","nan","nan",651.0,"nan"
"fof1441","n","nan","nan",214.0,"nan"
"fof145","n","nan",600.0,470.0,"nan"
"fof1454","n","nan","nan",496.0,"nan"
"fof1455","n","nan","nan",165.0,"nan"
"fof1457","n","nan","nan",196.0,"nan"
"fof1480","n","nan","nan",153.0,"nan"
"fof1482","n","nan","nan",74.0,"nan"
"fof1487","n","nan",120.0,195.0,"nan"
"fof1490","n","nan","nan",127.0,"nan"
"fof1540","n","nan","nan",184.0,"nan"
"fof1578","n","nan","nan",102.0,"nan"
"fof1582","n","nan","nan",130.0,"nan"
"fof1595","n","nan","nan",190.0,"nan"
"fof1599","n","nan","nan",174.0,"nan"
"fof1600","n","nan","nan",145.0,"nan"
"fof1614","n","nan","nan",153.0,"nan"
"fof1620","n","nan",270.0,175.0,"nan"
"fof1624","n","nan","nan","nan","nan"
"fof1625","n","nan","nan",391.0,"nan"
"fof1641","n","nan","nan",124.0,"nan"
"fof1692","n","nan",110.0,152.0,"nan"
"fof1725","n","nan","nan",283.0,"nan"
"fof1728","n","nan","nan",292.0,"nan"
"fof1743","n","nan","nan",61.0,"nan"
"fof1759","n","nan","nan",143.0,"nan"
"fof1764","n","nan","nan",103.0,"nan"
"fof1768","n","nan","nan",245.0,"nan"
"fof1771","n","nan","nan",115.0,"nan"
"fof1775","n","nan","nan",188.0,"nan"
"fof1777","n","nan","nan",156.0,"nan"
"fof1780","n","nan","nan",233.0,"nan"
"fof1785","n","nan","nan",150.0,"nan"
"fof1789","n","nan","nan",145.0,"nan"
"fof1798","n","nan","nan",278.0,"nan"
"fof1800","n","nan","nan",267.0,"nan"
"fof1807","n","nan","nan",164.0,"nan"
"fof1809","n","nan","nan",153.0,"nan"
"fof1816","n","nan","nan",717.0,"nan"
"fof1817","n","nan","nan",341.0,"nan"
"fof1821","n","nan","nan",250.0,"nan"
"fof1822","n","nan",80.0,274.0,"nan"
"fof1825","n","nan","nan",365.0,"nan"
"fof1831","n","nan","nan",144.0,"nan"
"fof1836","n","nan","nan",146.0,"nan"
"fof1843","n","nan","nan",103.0,"nan"
"fof1864","n","nan","nan",238.0,"nan"
"fof1888","n","nan","nan",303.0,"nan"
"fof1925","n","nan","nan",226.0,"nan"
"fof1937","n","nan","nan",224.0,"nan"
"fof1956","n","nan","nan",129.0,"nan"
"fof1957","n","nan","nan",144.0,"nan"
"fof1960","n","nan","nan",277.0,"nan"
"fof1968","n","nan","nan",183.0,"nan"
"fof1970","n","nan","nan",416.0,"nan"
"fof1975","n","nan","nan",293.0,"nan"
"fof1977","n","nan","nan",231.0,"nan"
"fof1979","n","nan","nan",531.0,"nan"
"fof198","n","nan","nan",235.0,"nan"
"fof1980","n","nan","nan",351.0,"nan"
"fof1981","n","nan","nan",328.0,"nan"
"fof1982","n","nan","nan",104.0,"nan"
"fof1984","n","nan","nan",228.0,"nan"
"fof1985","n","nan","nan",256.0,"nan"
"fof1987","n","nan","nan",324.0,"nan"
"fof1989","n","nan","nan",232.0,"nan"
"fof1992","n","nan","nan",77.0,"nan"
"fof1994","n","nan",320.0,211.0,"nan"
"fof2000","n","nan","nan",169.0,"nan"
"fof201","n","nan","nan",190.0,"nan"
"fof2027","n","nan","nan",173.0,"nan"
"fof2028","n","nan","nan",385.0,"nan"
"fof2036","n","nan",80.0,345.0,"nan"
"fof204","n","nan","nan",673.0,"nan"
"fof2042","n","nan","nan",136.0,"nan"
"fof2047","n","nan","nan",742.0,"nan"
"fof2048","n","nan","nan",586.0,"nan"
"fof2059","n","nan","nan",108.0,"nan"
"fof2068","n","nan","nan",148.0,"nan"
"fof2094","n","nan",175.0,"nan","nan"
"fof2100","n","nan","nan",148.0,"nan"
"fof2106","n","nan","nan",241.0,"nan"
"fof2113","n","nan","nan",57.0,"nan"
"fof2117","n","nan","nan","nan","nan"
"fof2123","n","nan","nan",94.0,"nan"
"fof2134","n","nan","nan",403.0,"nan"
"fof2139","n","nan","nan",355.0,"nan"
"fof2149","n","nan","nan",121.0,"nan"
"fof2172","n","nan",80.0,54.0,"nan"
"fof2178","n","nan","nan",187.0,"nan"
"fof2179","n","nan","nan",147.0,"nan"
"fof2198","n","nan","nan",161.0,"nan"
"fof2210","n","nan",125.0,105.0,"nan"
"fof2216","n","nan","nan","nan","nan"
"fof2219","n","nan",100.0,206.0,"nan"
"fof2220","n","nan",240.0,123.0,"nan"
"fof2221","n","nan","nan",319.0,"nan"
"fof2238","n","nan",190.0,105.0,"nan"
"fof2253","n","nan","nan",102.0,"nan"
"fof2270","n","nan","nan",280.0,"nan"
"fof2287","n","nan",75.0,97.0,"nan"
"fof2290","n","nan",100.0,75.0,"nan"
"fof2309","n","nan","nan",116.0,"nan"
"fof2312","n","nan",85.0,76.0,"nan"
"fof2339","n","nan","nan",132.0,"nan"
"fof2383","n","nan","nan",867.0,"nan"
"fof2424","n","nan",150.0,52.0,"nan"
"fof2439","n","nan","nan",651.0,"nan"
"fof273","n","nan","nan",155.0,"nan"
"fof282","n","nan","nan",146.0,"nan"
"fof288","n","nan","nan",150.0,"nan"
"fof313","n","nan","nan",185.0,"nan"
"fof321","n","nan",330.0,211.0,"nan"
"fof341","n","nan","nan",166.0,"nan"
"fof344","n","nan","nan",500.0,"nan"
"fof368","n","nan","nan",836.0,"nan"
"fof373","n","nan",150.0,317.0,"nan"
"fof403","n","nan","nan",262.0,"nan"
"fof434","n","nan","nan",208.0,"nan"
"fof436","n","nan","nan",275.0,"nan"
"fof5","n","nan",250.0,341.0,"nan"
"fof503","n","plxl_0.52","nan",50.0,"nan"
"fof506","n","nan","nan",193.0,"nan"
"fof589","n","nan","nan",139.0,"nan"
"fof597","n","nan",240.0,132.0,"nan"
"fof613","n","nan","nan",352.0,"nan"
"fof658","n","nan","nan",136.0,"nan"
"fof665","n","nan",80.0,147.0,"nan"
"fof672","n","nan","nan",114.0,"nan"
"fof676","n","nan","nan",111.0,"nan"
"fof699","n","nan","nan",324.0,"nan"
"fof780","n","nan","nan",218.0,"nan"
"fof782","n","nan","nan",145.0,"nan"
"fof826","n","nan","nan",172.0,"nan"
"fof861","n","nan","nan",148.0,"nan"
"fof866","n","nan",200.0,135.0,"nan"
"fof876","n","nan","nan",136.0,"nan"
"fof888","n","nan","nan",179.0,"nan"
"fof905","n","nan","nan",144.0,"nan"
"fof909","n","nan","nan",140.0,"nan"
"fof921","n","nan","nan",201.0,"nan"
"fof925","n","nan","nan",150.0,"nan"
"fof942","n","nan","nan",631.0,"nan"
"fof947","n","nan",150.0,"nan","nan"
"fof967","n","nan","nan",202.0,"nan"
"french4","n","nan","nan","nan","nan"
"froebrich145","n","nan","nan","nan","nan"
"frolov1","n","nan","nan","nan","nan"
"fsr0001","n","nan","nan","nan","nan"
"fsr0002","n","nan","nan","nan","nan"
"fsr0009","n","nan","nan","nan","nan"
"fsr0010","n","nan","nan","nan","nan"
"fsr0014","n","nan","nan","nan","nan"
"fsr0018","n","nan","nan","nan","nan"
"fsr0019","n","nan","nan","nan","nan"
"fsr0022","n","nan","nan","nan","nan"
"fsr0023","n","nan","nan","nan","nan"
"fsr0025","n","nan","nan","nan","nan"
"fsr0027","n","nan","nan","nan","nan"
"fsr0031","n","nan","nan",150.0,"nan"
"fsr0033","n","nan","nan","nan","nan"
"fsr0034","n","nan","nan","nan","nan"
"fsr0035","n","nan","nan","nan","nan"
"fsr0037","n","nan","nan","nan","nan"
"fsr0039","n","nan","nan","nan","nan"
"fsr0041","n","nan","nan","nan","nan"
"fsr0042","n","nan","nan","nan","nan"
"fsr0043","n","nan","nan","nan","nan"
"fsr0046","n","nan","nan","nan","nan"
"fsr0047","n","nan","nan","nan","nan"
"fsr0050","n","nan","nan","nan","nan"
"fsr0051","n","nan","nan","nan","nan"
"fsr0052","n","nan","nan","nan","nan"
"fsr0054","n","nan","nan","nan","nan"
"fsr0059","n","nan","nan","nan","nan"
"fsr0060","n","nan","nan","nan","nan"
"fsr0062","n","nan","nan","nan","nan"
"fsr0063","n","nan","nan","nan","nan"
"fsr0065","n","nan","nan","nan","nan"
"fsr0067","n","nan","nan","nan","nan"
"fsr0068","n","nan","nan","nan","nan"
"fsr0069","n","nan","nan","nan","nan"
"fsr0070","n","nan","nan","nan","nan"
"fsr0072","n","nan","nan","nan","nan"
"fsr0073","n","nan","nan","nan","nan"
"fsr0076","n","nan","nan","nan","nan"
"fsr0077","n","nan","nan","nan","nan"
"fsr0078","n","nan","nan","nan","nan"
"fsr0079","n","nan","nan","nan","nan"
"fsr0080","n","nan","nan","nan","nan"
"fsr0083","n","nan","nan","nan","nan"
"fsr0085","n","nan","nan","nan","nan"
"fsr0087","n","nan","nan","nan","nan"
"fsr0088","n","nan","nan","nan","nan"
"fsr0089","n","nan","nan","nan","nan"
"fsr0090","n","nan","nan","nan","nan"
"fsr0091","n","nan","nan","nan","nan"
"fsr0094","n","nan","nan","nan","nan"
"fsr0095","n","nan","nan","nan","nan"
"fsr0096","n","nan","nan","nan","nan"
"fsr0097","n","nan","nan","nan","nan"
"fsr0098","n","nan","nan","nan","nan"
"fsr0099","n","nan","nan","nan","nan"
"fsr0100","n","nan","nan","nan","nan"
"fsr0101","n","nan","nan","nan","nan"
"fsr0102","n","nan","nan","nan","nan"
"fsr0106","n","nan","nan","nan","nan"
"fsr0107","n","nan","nan","nan","nan"
"fsr0108","n","nan","nan","nan","nan"
"fsr0110","n","nan","nan","nan","nan"
"fsr0112","n","nan","nan","nan","nan"
"fsr0114","n","nan","nan","nan","nan"
"fsr0116","n","nan","nan","nan","nan"
"fsr0117","n","nan","nan","nan","nan"
"fsr0118","n","nan","nan","nan","nan"
"fsr0119","n","nan","nan","nan","nan"
"fsr0120","n","nan","nan","nan","nan"
"fsr0121","n","nan","nan","nan","nan"
"fsr0123","n","nan","nan",375.0,"nan"
"fsr0124","n","nan","nan","nan","nan"
"fsr0125","n","nan","nan","nan","nan"
"fsr0126","n","nan",50.0,"nan","nan"
"fsr0128","n","nan","nan","nan","nan"
"fsr0129","n","nan","nan","nan","nan"
"fsr0131","n","nan","nan","nan","nan"
"fsr0132","n","nan","nan","nan","nan"
"fsr0133","n","nan","nan","nan","nan"
"fsr0134","n","nan","nan","nan","nan"
"fsr0136","n","nan","nan","nan","nan"
"fsr0139","n","nan","nan","nan","nan"
"fsr0140","n","nan","nan","nan","nan"
"fsr0142","n","nan","nan","nan","nan"
"fsr0143","n","nan","nan","nan","nan"
"fsr0145","n","nan","nan","nan","nan"
"fsr0146","n","nan","nan","nan","nan"
"fsr0148","n","nan","nan","nan","nan"
"fsr0149","n","nan","nan","nan","nan"
"fsr0151","n","nan","nan","nan","nan"
"fsr0154","n","nan","nan","nan","nan"
"fsr0158","n","nan","nan","nan","nan"
"fsr0160","n","nan","nan","nan","nan"
"fsr0161","n","nan","nan","nan","nan"
"fsr0162","n","nan","nan","nan","nan"
"fsr0163","n","nan","nan","nan","nan"
"fsr0165","n","nan","nan",150.0,"nan"
"fsr0166","n","nan","nan","nan","nan"
"fsr0167","n","nan","nan","nan","nan"
"fsr0170","n","nan","nan","nan","nan"
"fsr0172","n","nan","nan","nan","nan"
"fsr0174","n","nan","nan","nan","nan"
"fsr0175","n","nan","nan","nan","nan"
"fsr0178","n","nan","nan","nan","nan"
"fsr0182","n","nan","nan","nan","nan"
"fsr0183","n","nan","nan","nan","nan"
"fsr0184","n","nan","nan","nan","nan"
"fsr0188","n","nan",170.0,"nan","nan"
"fsr0189","n","nan","nan","nan","nan"
"fsr0190","n","nan","nan","nan","nan"
"fsr0192","n","nan","nan","nan","nan"
"fsr0193","n","nan","nan","nan","nan"
"fsr0195","n","nan","nan","nan","nan"
"fsr0198","n","nan","nan","nan","nan"
"fsr0209","n","nan","nan","nan","nan"
"fsr0210","n","nan","nan","nan","nan"
"fsr0213","n","nan","nan","nan","nan"
"fsr0219","n","nan","nan","nan","nan"
"fsr0222","n","nan","nan","nan","nan"
"fsr0224","n","nan","nan","nan","nan"
"fsr0225","n","nan","nan","nan","nan"
"fsr0227","n","nan",80.0,"nan","nan"
"fsr0232","n","nan","nan","nan","nan"
"fsr0236","n","b_0.85",100.0,80.0,"nan"
"fsr0237","n","nan","nan","nan","nan"
"fsr0238","n","l_80.3","nan",130.0,"nan"
"fsr0239","n","nan","nan","nan","nan"
"fsr0241","n","nan","nan","nan","nan"
"fsr0246","n","nan","nan","nan","nan"
"fsr0247","n","nan","nan","nan","nan"
"fsr0248","n","nan","nan","nan","nan"
"fsr0249","n","nan","nan","nan","nan"
"fsr0250","n","nan","nan","nan","nan"
"fsr0251","n","nan","nan",50.0,"nan"
"fsr0253","n","nan","nan","nan","nan"
"fsr0254","n","nan","nan","nan","nan"
"fsr0255","n","nan","nan","nan","nan"
"fsr0258","n","nan","nan","nan","nan"
"fsr0259","n","nan","nan","nan","nan"
"fsr0260","n","nan",100.0,"nan","nan"
"fsr0261","n","nan","nan",250.0,"nan"
"fsr0264","n","nan","nan","nan","nan"
"fsr0265","n","nan","nan","nan","nan"
"fsr0266","n","nan","nan","nan","nan"
"fsr0270","n","nan","nan","nan","nan"
"fsr0271","n","nan","nan","nan","nan"
"fsr0272","n","nan","nan","nan","nan"
"fsr0273","n","nan","nan","nan","nan"
"fsr0274","n","nan","nan","nan","nan"
"fsr0275","n","nan","nan","nan","nan"
"fsr0276","n","nan","nan",250.0,"nan"
"fsr0277","n","nan","nan","nan","nan"
"fsr0278","n","nan","nan","nan","nan"
"fsr0279","n","nan","nan","nan","nan"
"fsr0282","n","nan","nan","nan","nan"
"fsr0284","n","nan","nan","nan","nan"
"fsr0288","n","nan","nan","nan","nan"
"fsr0290","n","nan","nan","nan","nan"
"fsr0291","n","nan","nan","nan","nan"
"fsr0293","n","nan","nan","nan","nan"
"fsr0295","n","nan","nan","nan","nan"
"fsr0296","n","nan","nan","nan","nan"
"fsr0303","n","nan","nan","nan","nan"
"fsr0304","n","nan","nan","nan","nan"
"fsr0305","n","nan","nan","nan","nan"
"fsr0306","n","nan","nan","nan","nan"
"fsr0307","n","nan","nan","nan","nan"
"fsr0310","n","nan","nan","nan","nan"
"fsr0312","n","nan","nan","nan","nan"
"fsr0314","n","nan","nan","nan","nan"
"fsr0316","n","nan","nan","nan","nan"
"fsr0317","n","nan","nan","nan","nan"
"fsr0318","n","nan","nan","nan","nan"
"fsr0319","n","nan","nan","nan","nan"
"fsr0320","n","nan","nan","nan","nan"
"fsr0321","n","nan",80.0,"nan","nan"
"fsr0322","n","nan","nan","nan","nan"
"fsr0323","n","nan","nan","nan","nan"
"fsr0324","n","nan","nan","nan","nan"
"fsr0325","n","nan","nan","nan","nan"
"fsr0326","n","nan","nan","nan","nan"
"fsr0328","n","nan","nan","nan","nan"
"fsr0330","n","nan","nan","nan","nan"
"fsr0331","n","nan","nan","nan","nan"
"fsr0332","n","nan","nan","nan","nan"
"fsr0333","n","nan","nan","nan","nan"
"fsr0334","n","nan","nan","nan","nan"
"fsr0336","n","nan","nan","nan","nan"
"fsr0338","n","nan","nan","nan","nan"
"fsr0341","n","nan","nan","nan","nan"
"fsr0342","n","nan","nan","nan","nan"
"fsr0344","n","nan","nan",150.0,"nan"
"fsr0346","n","nan","nan","nan","nan"
"fsr0347","n","nan","nan","nan","nan"
"fsr0351","n","nan","nan","nan","nan"
"fsr0354","n","nan","nan","nan","nan"
"fsr0356","n","nan","nan","nan","nan"
"fsr0357","n","nan","nan","nan","nan"
"fsr0358","n","nan","nan","nan","nan"
"fsr0362","n","nan","nan","nan","nan"
"fsr0364","n","nan","nan","nan","nan"
"fsr0365","n","nan","nan","nan","nan"
"fsr0366","n","nan","nan",150.0,"nan"
"fsr0368","n","nan","nan","nan","nan"
"fsr0369","n","nan","nan","nan","nan"
"fsr0370","n","nan","nan","nan","nan"
"fsr0371","n","nan","nan","nan","nan"
"fsr0377","n","nan","nan","nan","nan"
"fsr0378","n","nan","nan","nan","nan"
"fsr0379","n","nan",50.0,"nan","nan"
"fsr0381","n","nan","nan","nan","nan"
"fsr0384","n","nan","nan","nan","nan"
"fsr0385","n","nan","nan","nan","nan"
"fsr0386","n","nan","nan","nan","nan"
"fsr0388","n","nan","nan","nan","nan"
"fsr0389","n","nan","nan","nan","nan"
"fsr0390","n","nan","nan","nan","nan"
"fsr0394","n","nan","nan","nan","nan"
"fsr0398","n","nan","nan","nan","nan"
"fsr0401","n","nan","nan","nan","nan"
"fsr0403","n","nan","nan","nan","nan"
"fsr0404","n","nan","nan","nan","nan"
"fsr0405","n","nan","nan","nan","nan"
"fsr0406","n","nan","nan","nan","nan"
"fsr0410","n","nan","nan","nan","nan"
"fsr0413","n","nan","nan","nan","nan"
"fsr0414","n","nan","nan","nan","nan"
"fsr0416","n","nan","nan",150.0,"nan"
"fsr0417","n","nan","nan","nan","nan"
"fsr0418","n","nan","nan","nan","nan"
"fsr0422","n","nan","nan","nan","nan"
"fsr0423","n","nan","nan","nan","nan"
"fsr0425","n","nan","nan","nan","nan"
"fsr0426","n","nan","nan","nan","nan"
"fsr0427","n","nan","nan","nan","nan"
"fsr0428","n","nan","nan","nan","nan"
"fsr0429","n","nan","nan","nan","nan"
"fsr0430","n","nan","nan",150.0,"nan"
"fsr0435","n","nan","nan","nan","nan"
"fsr0436","n","nan","nan","nan","nan"
"fsr0437","n","nan","nan","nan","nan"
"fsr0440","n","nan","nan","nan","nan"
"fsr0441","n","nan","nan","nan","nan"
"fsr0442","n","nan","nan","nan","nan"
"fsr0443","n","nan","nan","nan","nan"
"fsr0446","n","nan","nan","nan","nan"
"fsr0447","n","nan","nan","nan","nan"
"fsr0448","n","nan","nan","nan","nan"
"fsr0449","n","nan","nan","nan","nan"
"fsr0451","n","nan","nan","nan","nan"
"fsr0453","n","nan","nan","nan","nan"
"fsr0459","n","nan","nan","nan","nan"
"fsr0460","n","nan","nan","nan","nan"
"fsr0463","n","t_11.35","nan","nan","nan"
"fsr0464","n","nan","nan","nan","nan"
"fsr0465","n","nan","nan","nan","nan"
"fsr0466","n","b_11.35","nan","nan","nan"
"fsr0469","n","nan","nan","nan","nan"
"fsr0472","n","nan","nan","nan","nan"
"fsr0474","n","nan","nan","nan","nan"
"fsr0477","n","nan","nan","nan","nan"
"fsr0479","n","nan","nan","nan","nan"
"fsr0480","n","nan","nan",250.0,"nan"
"fsr0481","n","nan","nan","nan","nan"
"fsr0483","n","nan","nan","nan","nan"
"fsr0486","n","nan","nan","nan","nan"
"fsr0492","n","nan","nan","nan","nan"
"fsr0494","n","nan","nan","nan","nan"
"fsr0496","n","nan","nan","nan","nan"
"fsr0498","n","nan","nan","nan","nan"
"fsr0503","n","nan","nan","nan","nan"
"fsr0504","n","nan","nan","nan","nan"
"fsr0505","n","nan","nan",100.0,"nan"
"fsr0507","n","nan","nan","nan","nan"
"fsr0508","n","nan","nan","nan","nan"
"fsr0511","n","nan","nan","nan","nan"
"fsr0515","n","nan","nan","nan","nan"
"fsr0516","n","nan","nan","nan","nan"
"fsr0518","n","nan","nan","nan","nan"
"fsr0519","n","nan",140.0,"nan","nan"
"fsr0521","n","nan","nan","nan","nan"
"fsr0522","n","nan","nan","nan","nan"
"fsr0524","n","nan","nan","nan","nan"
"fsr0530","n","nan","nan","nan","nan"
"fsr0531","n","nan","nan","nan","nan"
"fsr0532","n","nan","nan","nan","nan"
"fsr0534","n","nan","nan","nan","nan"
"fsr0536","n","nan","nan","nan","nan"
"fsr0537","n","nan","nan","nan","nan"
"fsr0538","n","nan","nan","nan","nan"
"fsr0539","n","nan","nan","nan","nan"
"fsr0542","n","nan","nan","nan","nan"
"fsr0544","n","nan","nan","nan","nan"
"fsr0546","n","nan","nan","nan","nan"
"fsr0547","n","nan","nan","nan","nan"
"fsr0549","n","nan","nan","nan","nan"
"fsr0551","n","nan","nan","nan","nan"
"fsr0553","n","nan","nan","nan","nan"
"fsr0555","n","nan","nan","nan","nan"
"fsr0558","n","nan","nan","nan","nan"
"fsr0560","n","nan","nan","nan","nan"
"fsr0561","n","nan","nan","nan","nan"
"fsr0566","n","nan","nan","nan","nan"
"fsr0568","n","plxr_0.5","nan","nan","nan"
"fsr0569","n","l_130.1,t_11.4","nan","nan","nan"
"fsr0575","n","nan","nan","nan","nan"
"fsr0576","n","nan","nan","nan","nan"
"fsr0578","n","nan","nan","nan","nan"
"fsr0579","n","nan","nan","nan","nan"
"fsr0581","n","nan","nan","nan","nan"
"fsr0584","n","nan","nan","nan","nan"
"fsr0591","n","nan",50.0,"nan","nan"
"fsr0596","n","nan",80.0,"nan","nan"
"fsr0604","n","nan","nan","nan","nan"
"fsr0606","n","nan","nan","nan","nan"
"fsr0611","n","nan","nan","nan","nan"
"fsr0612","n","nan","nan","nan","nan"
"fsr0614","n","nan","nan","nan","nan"
"fsr0616","n","nan","nan","nan","nan"
"fsr0617","n","nan","nan","nan","nan"
"fsr0620","n","nan","nan","nan","nan"
"fsr0626","n","nan","nan","nan","nan"
"fsr0627","n","nan","nan","nan","nan"
"fsr0628","n","nan","nan","nan","nan"
"fsr0630","n","nan","nan","nan","nan"
"fsr0631","n","nan","nan","nan","nan"
"fsr0632","n","nan","nan","nan","nan"
"fsr0634","n","nan","nan","nan","nan"
"fsr0642","n","nan","nan","nan","nan"
"fsr0643","n","nan","nan","nan","nan"
"fsr0647","n","nan",100.0,"nan","nan"
"fsr0653","n","nan","nan","nan","nan"
"fsr0654","n","nan","nan","nan","nan"
"fsr0655","n","nan","nan","nan","nan"
"fsr0656","n","nan","nan","nan","nan"
"fsr0660","n","nan","nan","nan","nan"
"fsr0661","n","nan","nan","nan","nan"
"fsr0662","n","nan","nan","nan","nan"
"fsr0663","n","nan","nan","nan","nan"
"fsr0665","n","nan","nan","nan","nan"
"fsr0667","n","nan","nan","nan","nan"
"fsr0670","n","nan","nan","nan","nan"
"fsr0671","n","nan","nan","nan","nan"
"fsr0674","n","nan","nan","nan","nan"
"fsr0675","n","nan","nan","nan","nan"
"fsr0682","n","nan","nan","nan","nan"
"fsr0683","n","nan","nan","nan","nan"
"fsr0684","n","nan","nan","nan","nan"
"fsr0685","n","nan","nan","nan","nan"
"fsr0686","n","nan","nan","nan","nan"
"fsr0687","n","nan","nan","nan","nan"
"fsr0689","n","nan","nan","nan","nan"
"fsr0690","n","nan","nan","nan","nan"
"fsr0691","n","nan","nan","nan","nan"
"fsr0692","n","nan","nan","nan","nan"
"fsr0693","n","nan","nan","nan","nan"
"fsr0695","n","nan","nan","nan","nan"
"fsr0696","n","nan","nan","nan","nan"
"fsr0697","n","nan","nan","nan","nan"
"fsr0698","n","nan","nan","nan","nan"
"fsr0699","n","nan","nan","nan","nan"
"fsr0700","n","nan","nan","nan","nan"
"fsr0701","n","nan","nan","nan","nan"
"fsr0702","n","nan","nan","nan","nan"
"fsr0706","n","nan","nan","nan","nan"
"fsr0707","n","nan","nan","nan","nan"
"fsr0708","n","nan","nan","nan","nan"
"fsr0709","n","nan","nan","nan","nan"
"fsr0712","n","nan","nan","nan","nan"
"fsr0714","n","nan","nan","nan","nan"
"fsr0716","n","nan","nan",250.0,"nan"
"fsr0717","n","nan","nan",100.0,"nan"
"fsr0719","n","nan","nan","nan","nan"
"fsr0721","n","nan","nan","nan","nan"
"fsr0722","n","nan","nan","nan","nan"
"fsr0723","n","nan",60.0,"nan","nan"
"fsr0724","n","nan","nan","nan","nan"
"fsr0725","n","nan","nan","nan","nan"
"fsr0728","n","nan","nan","nan","nan"
"fsr0732","n","nan","nan","nan","nan"
"fsr0733","n","nan","nan","nan","nan"
"fsr0734","n","nan",125.0,"nan","nan"
"fsr0735","n","nan","nan","nan","nan"
"fsr0736","n","nan","nan","nan","nan"
"fsr0737","n","nan","nan","nan","nan"
"fsr0738","n","nan","nan","nan","nan"
"fsr0740","n","nan","nan","nan","nan"
"fsr0741","n","nan","nan","nan","nan"
"fsr0742","n","nan","nan","nan","nan"
"fsr0744","n","nan","nan","nan","nan"
"fsr0749","n","nan","nan","nan","nan"
"fsr0750","n","nan","nan","nan","nan"
"fsr0753","n","nan","nan","nan","nan"
"fsr0754","n","nan","nan","nan","nan"
"fsr0756","n","nan","nan","nan","nan"
"fsr0757","n","nan","nan","nan","nan"
"fsr0759","n","nan","nan","nan","nan"
"fsr0761","n","nan","nan","nan","nan"
"fsr0762","n","nan","nan","nan","nan"
"fsr0763","n","nan","nan","nan","nan"
"fsr0764","n","nan","nan","nan","nan"
"fsr0767","n","nan","nan","nan","nan"
"fsr0768","n","nan","nan","nan","nan"
"fsr0771","n","nan","nan","nan","nan"
"fsr0773","n","nan","nan","nan","nan"
"fsr0775","n","nan","nan","nan","nan"
"fsr0776","n","nan","nan","nan","nan"
"fsr0777","n","t_-0.04;r_173.15",80.0,"nan","nan"
"fsr0790","n","nan","nan","nan","nan"
"fsr0796","n","nan","nan","nan","nan"
"fsr0798","n","nan","nan","nan","nan"
"fsr0799","n","nan","nan","nan","nan"
"fsr0801","n","nan","nan","nan","nan"
"fsr0804","n","nan","nan","nan","nan"
"fsr0805","n","nan","nan","nan","nan"
"fsr0807","n","nan","nan","nan","nan"
"fsr0809","n","nan","nan","nan","nan"
"fsr0811","n","nan",50.0,"nan","nan"
"fsr0812","n","nan","nan","nan","nan"
"fsr0815","n","nan","nan","nan","nan"
"fsr0816","n","nan","nan","nan","nan"
"fsr0817","n","nan","nan","nan","nan"
"fsr0820","n","nan","nan","nan","nan"
"fsr0821","n","nan","nan","nan","nan"
"fsr0823","n","nan","nan","nan","nan"
"fsr0826","n","nan",75.0,"nan","nan"
"fsr0831","n","nan","nan","nan","nan"
"fsr0833","n","nan","nan","nan","nan"
"fsr0835","n","nan","nan","nan","nan"
"fsr0839","n","nan","nan","nan","nan"
"fsr0840","n","nan","nan","nan","nan"
"fsr0841","n","nan",50.0,"nan","nan"
"fsr0842","n","nan","nan","nan","nan"
"fsr0843","n","nan","nan","nan","nan"
"fsr0844","n","nan","nan","nan","nan"
"fsr0846","n","nan","nan","nan","nan"
"fsr0848","n","nan","nan","nan","nan"
"fsr0849","n","nan","nan","nan","nan"
"fsr0850","n","nan","nan","nan","nan"
"fsr0851","n","nan","nan","nan","nan"
"fsr0852","n","nan","nan","nan","nan"
"fsr0855","n","nan","nan","nan","nan"
"fsr0857","n","nan","nan","nan","nan"
"fsr0858","n","nan","nan","nan","nan"
"fsr0859","n","nan","nan","nan","nan"
"fsr0860","n","nan","nan","nan","nan"
"fsr0861","n","nan","nan","nan","nan"
"fsr0864","n","nan","nan","nan","nan"
"fsr0866","n","nan","nan","nan","nan"
"fsr0868","n","nan","nan","nan","nan"
"fsr0873","n","nan","nan","nan","nan"
"fsr0874","n","nan","nan","nan","nan"
"fsr0876","n","nan","nan","nan","nan"
"fsr0878","n","nan","nan","nan","nan"
"fsr0880","n","nan","nan","nan","nan"
"fsr0882","n","nan","nan","nan","nan"
"fsr0883","n","nan","nan","nan","nan"
"fsr0884","n","nan","nan","nan","nan"
"fsr0886","n","nan","nan","nan","nan"
"fsr0888","n","nan","nan","nan","nan"
"fsr0890","n","nan","nan","nan","nan"
"fsr0891","n","nan","nan","nan","nan"
"fsr0892","n","nan","nan","nan","nan"
"fsr0893","n","nan","nan","nan","nan"
"fsr0894","n","nan","nan","nan","nan"
"fsr0900","n","nan","nan","nan","nan"
"fsr0902","n","nan","nan","nan","nan"
"fsr0903","n","nan","nan",50.0,"nan"
"fsr0904","n","nan","nan",100.0,"nan"
"fsr0905","n","nan","nan","nan","nan"
"fsr0906","n","nan","nan","nan","nan"
"fsr0907","n","nan","nan","nan","nan"
"fsr0913","n","nan","nan","nan","nan"
"fsr0914","n","nan","nan","nan","nan"
"fsr0920","n","nan","nan","nan","nan"
"fsr0921","n","nan","nan","nan","nan"
"fsr0923","n","nan","nan","nan","nan"
"fsr0924","n","nan","nan","nan","nan"
"fsr0925","n","nan","nan","nan","nan"
"fsr0927","n","nan","nan","nan","nan"
"fsr0928","n","nan","nan","nan","nan"
"fsr0929","n","nan","nan","nan","nan"
"fsr0930","n","nan","nan","nan","nan"
"fsr0931","n","nan","nan","nan","nan"
"fsr0932","n","nan","nan","nan","nan"
"fsr0933","n","nan","nan","nan","nan"
"fsr0934","n","nan","nan","nan","nan"
"fsr0935","n","nan","nan","nan","nan"
"fsr0936","n","nan","nan","nan","nan"
"fsr0937","n","nan","nan","nan","nan"
"fsr0939","n","nan","nan","nan","nan"
"fsr0940","n","nan","nan","nan","nan"
"fsr0941","n","nan","nan","nan","nan"
"fsr0942","n","nan","nan","nan","nan"
"fsr0944","n","nan","nan","nan","nan"
"fsr0946","n","nan","nan","nan","nan"
"fsr0948","n","nan","nan","nan","nan"
"fsr0951","n","nan","nan","nan","nan"
"fsr0953","n","nan","nan","nan","nan"
"fsr0955","n","nan","nan","nan","nan"
"fsr0956","n","nan","nan","nan","nan"
"fsr0957","n","nan","nan","nan","nan"
"fsr0960","n","nan","nan","nan","nan"
"fsr0962","n","nan","nan","nan","nan"
"fsr0964","n","nan","nan","nan","nan"
"fsr0966","n","nan","nan","nan","nan"
"fsr0967","n","nan","nan","nan","nan"
"fsr0968","n","nan","nan","nan","nan"
"fsr0974","n","nan","nan","nan","nan"
"fsr0975","n","nan","nan","nan","nan"
"fsr0977","n","nan","nan","nan","nan"
"fsr0978","n","nan","nan","nan","nan"
"fsr0979","n","nan","nan","nan","nan"
"fsr0980","n","nan","nan","nan","nan"
"fsr0983","n","nan","nan","nan","nan"
"fsr0984","n","nan","nan","nan","nan"
"fsr0985","n","nan","nan","nan","nan"
"fsr0988","n","nan","nan","nan","nan"
"fsr0991","n","nan","nan","nan","nan"
"fsr0992","n","nan","nan","nan","nan"
"fsr0998","n","nan","nan","nan","nan"
"fsr0999","n","nan","nan","nan","nan"
"fsr1000","n","nan","nan","nan","nan"
"fsr1017","n","nan","nan","nan","nan"
"fsr1018","n","nan","nan","nan","nan"
"fsr1025","n","nan","nan","nan","nan"
"fsr1027","n","nan","nan","nan","nan"
"fsr1029","n","nan","nan","nan","nan"
"fsr1031","n","nan","nan","nan","nan"
"fsr1032","n","nan","nan","nan","nan"
"fsr1033","n","nan","nan","nan","nan"
"fsr1039","n","nan","nan","nan","nan"
"fsr1044","n","nan","nan","nan","nan"
"fsr1050","n","nan","nan","nan","nan"
"fsr1051","n","nan","nan","nan","nan"
"fsr1053","n","nan","nan","nan","nan"
"fsr1056","n","nan","nan","nan","nan"
"fsr1057","n","nan","nan","nan","nan"
"fsr1063","n","nan","nan","nan","nan"
"fsr1064","n","nan","nan","nan","nan"
"fsr1065","n","nan","nan","nan","nan"
"fsr1066","n","nan","nan","nan","nan"
"fsr1072","n","nan","nan","nan","nan"
"fsr1076","n","nan","nan","nan","nan"
"fsr1077","n","nan",75.0,"nan","nan"
"fsr1078","n","nan","nan","nan","nan"
"fsr1082","n","nan","nan","nan","nan"
"fsr1083","n","nan","nan","nan","nan"
"fsr1084","n","nan","nan","nan","nan"
"fsr1085","n","nan","nan","nan","nan"
"fsr1087","n","nan","nan","nan","nan"
"fsr1088","n","r_214","nan",100.0,"nan"
"fsr1091","n","nan","nan","nan","nan"
"fsr1092","n","nan","nan","nan","nan"
"fsr1094","n","nan","nan","nan","nan"
"fsr1099","n","nan","nan","nan","nan"
"fsr1100","n","nan","nan","nan","nan"
"fsr1102","n","nan","nan","nan","nan"
"fsr1105","n","nan","nan","nan","nan"
"fsr1106","n","nan","nan","nan","nan"
"fsr1107","n","nan","nan","nan","nan"
"fsr1109","n","nan","nan","nan","nan"
"fsr1110","n","nan","nan","nan","nan"
"fsr1111","n","nan","nan","nan","nan"
"fsr1113","n","nan","nan","nan","nan"
"fsr1115","n","nan","nan","nan","nan"
"fsr1116","n","nan","nan","nan","nan"
"fsr1117","n","nan",75.0,"nan","nan"
"fsr1118","n","nan","nan","nan","nan"
"fsr1120","n","nan","nan","nan","nan"
"fsr1125","n","nan","nan","nan","nan"
"fsr1126","n","nan","nan","nan","nan"
"fsr1129","n","nan",40.0,"nan","nan"
"fsr1130","n","nan","nan","nan","nan"
"fsr1131","n","nan","nan","nan","nan"
"fsr1132","n","nan","nan","nan","nan"
"fsr1133","n","nan","nan","nan","nan"
"fsr1136","n","nan","nan","nan","nan"
"fsr1139","n","nan","nan","nan","nan"
"fsr1140","n","nan","nan","nan","nan"
"fsr1142","n","nan","nan","nan","nan"
"fsr1144","n","nan","nan","nan","nan"
"fsr1145","n","nan","nan","nan","nan"
"fsr1147","n","nan","nan","nan","nan"
"fsr1149","n","nan","nan","nan","nan"
"fsr1150","n","nan",90.0,"nan","nan"
"fsr1151","n","nan","nan","nan","nan"
"fsr1152","n","nan","nan","nan","nan"
"fsr1153","n","nan",75.0,"nan","nan"
"fsr1157","n","nan","nan","nan","nan"
"fsr1158","n","nan","nan","nan","nan"
"fsr1159","n","nan","nan","nan","nan"
"fsr1160","n","nan","nan","nan","nan"
"fsr1163","n","nan","nan","nan","nan"
"fsr1164","n","nan","nan","nan","nan"
"fsr1167","n","nan","nan","nan","nan"
"fsr1169","n","nan","nan","nan","nan"
"fsr1170","n","nan","nan","nan","nan"
"fsr1171","n","nan","nan","nan","nan"
"fsr1172","n","nan","nan","nan","nan"
"fsr1173","n","nan","nan","nan","nan"
"fsr1176","n","nan","nan","nan","nan"
"fsr1178","n","nan",100.0,"nan","nan"
"fsr1180","n","nan","nan","nan","nan"
"fsr1183","n","nan","nan","nan","nan"
"fsr1184","n","nan",100.0,"nan","nan"
"fsr1185","n","nan","nan","nan","nan"
"fsr1187","n","nan","nan","nan","nan"
"fsr1190","n","nan","nan","nan","nan"
"fsr1191","n","nan","nan","nan","nan"
"fsr1192","n","nan","nan","nan","nan"
"fsr1194","n","nan","nan","nan","nan"
"fsr1195","n","nan","nan","nan","nan"
"fsr1197","n","nan",100.0,"nan","nan"
"fsr1199","n","nan","nan","nan","nan"
"fsr1200","n","nan","nan","nan","nan"
"fsr1202","n","nan","nan","nan","nan"
"fsr1203","n","nan","nan","nan","nan"
"fsr1204","n","nan","nan","nan","nan"
"fsr1205","n","nan","nan","nan","nan"
"fsr1207","n","nan","nan","nan","nan"
"fsr1209","n","nan","nan","nan","nan"
"fsr1210","n","nan","nan","nan","nan"
"fsr1211","n","nan","nan","nan","nan"
"fsr1212","n","nan",80.0,"nan","nan"
"fsr1219","n","nan","nan","nan","nan"
"fsr1220","n","nan","nan","nan","nan"
"fsr1221","n","nan","nan","nan","nan"
"fsr1223","n","nan","nan","nan","nan"
"fsr1226","n","nan","nan","nan","nan"
"fsr1227","n","nan","nan","nan","nan"
"fsr1228","n","nan","nan","nan","nan"
"fsr1234","n","nan","nan","nan","nan"
"fsr1235","n","nan","nan","nan","nan"
"fsr1243","n","nan","nan","nan","nan"
"fsr1245","n","nan","nan","nan","nan"
"fsr1249","n","nan","nan","nan","nan"
"fsr1251","n","nan","nan","nan","nan"
"fsr1252","n","nan","nan","nan","nan"
"fsr1253","n","nan","nan","nan","nan"
"fsr1255","n","nan","nan","nan","nan"
"fsr1258","n","nan","nan","nan","nan"
"fsr1260","n","nan","nan","nan","nan"
"fsr1264","n","nan","nan","nan","nan"
"fsr1268","n","nan","nan","nan","nan"
"fsr1270","n","nan","nan","nan","nan"
"fsr1275","n","nan","nan","nan","nan"
"fsr1277","n","nan","nan","nan","nan"
"fsr1279","n","nan","nan","nan","nan"
"fsr1280","n","nan","nan","nan","nan"
"fsr1281","n","nan","nan","nan","nan"
"fsr1283","n","nan","nan","nan","nan"
"fsr1284","n","nan","nan","nan","nan"
"fsr1285","n","nan","nan","nan","nan"
"fsr1289","n","nan","nan","nan","nan"
"fsr1293","n","nan","nan","nan","nan"
"fsr1294","n","nan","nan","nan","nan"
"fsr1295","n","nan","nan","nan","nan"
"fsr1297","n","nan","nan","nan","nan"
"fsr1298","n","nan","nan","nan","nan"
"fsr1302","n","nan","nan","nan","nan"
"fsr1303","n","nan","nan","nan","nan"
"fsr1304","n","nan","nan","nan","nan"
"fsr1306","n","nan","nan","nan","nan"
"fsr1307","n","nan","nan","nan","nan"
"fsr1312","n","nan","nan","nan","nan"
"fsr1315","n","nan","nan","nan","nan"
"fsr1317","n","nan","nan","nan","nan"
"fsr1320","n","nan","nan","nan","nan"
"fsr1326","n","nan","nan","nan","nan"
"fsr1327","n","nan","nan","nan","nan"
"fsr1332","n","nan","nan","nan","nan"
"fsr1335","n","nan","nan","nan","nan"
"fsr1336","n","nan","nan","nan","nan"
"fsr1339","n","nan","nan","nan","nan"
"fsr1342","n","nan","nan","nan","nan"
"fsr1345","n","nan","nan","nan","nan"
"fsr1346","n","nan","nan","nan","nan"
"fsr1347","n","nan","nan","nan","nan"
"fsr1350","n","nan","nan","nan","nan"
"fsr1352","n","nan","nan","nan","nan"
"fsr1355","n","nan","nan","nan","nan"
"fsr1357","n","nan","nan","nan","nan"
"fsr1360","n","nan","nan","nan","nan"
"fsr1361","n","nan","nan","nan","nan"
"fsr1363","n","nan","nan","nan","nan"
"fsr1365","n","nan","nan","nan","nan"
"fsr1366","n","nan","nan","nan","nan"
"fsr1367","n","nan","nan","nan","nan"
"fsr1371","n","nan","nan","nan","nan"
"fsr1376","n","nan","nan","nan","nan"
"fsr1377","n","nan","nan","nan","nan"
"fsr1378","n","nan","nan","nan","nan"
"fsr1379","n","nan","nan","nan","nan"
"fsr1380","n","nan","nan","nan","nan"
"fsr1381","n","nan","nan","nan","nan"
"fsr1382","n","nan",75.0,"nan","nan"
"fsr1383","n","nan","nan","nan","nan"
"fsr1387","n","nan","nan","nan","nan"
"fsr1389","n","nan","nan","nan","nan"
"fsr1390","n","nan","nan","nan","nan"
"fsr1391","n","nan","nan","nan","nan"
"fsr1397","n","nan","nan","nan","nan"
"fsr1399","n","nan","nan","nan","nan"
"fsr1400","n","nan","nan","nan","nan"
"fsr1401","n","nan","nan","nan","nan"
"fsr1402","n","nan","nan","nan","nan"
"fsr1405","n","nan","nan","nan","nan"
"fsr1406","n","nan","nan",200.0,"nan"
"fsr1407","n","nan","nan","nan","nan"
"fsr1411","n","nan","nan","nan","nan"
"fsr1412","n","nan","nan","nan","nan"
"fsr1413","n","nan","nan","nan","nan"
"fsr1415","n","nan","nan","nan","nan"
"fsr1416","n","nan","nan","nan","nan"
"fsr1417","n","nan","nan","nan","nan"
"fsr1419","n","nan","nan",200.0,"nan"
"fsr1421","n","nan",70.0,"nan","nan"
"fsr1424","n","nan","nan","nan","nan"
"fsr1429","n","nan","nan","nan","nan"
"fsr1430","n","nan","nan","nan","nan"
"fsr1431","n","nan","nan","nan","nan"
"fsr1432","n","nan","nan","nan","nan"
"fsr1434","n","nan","nan","nan","nan"
"fsr1435","n","nan","nan","nan","nan"
"fsr1440","n","nan","nan","nan","nan"
"fsr1441","n","nan","nan","nan","nan"
"fsr1442","n","nan","nan","nan","nan"
"fsr1443","n","nan",50.0,"nan","nan"
"fsr1446","n","nan","nan","nan","nan"
"fsr1447","n","nan","nan","nan","nan"
"fsr1449","n","nan","nan","nan","nan"
"fsr1450","n","nan","nan","nan","nan"
"fsr1451","n","nan","nan","nan","nan"
"fsr1452","n","nan","nan","nan","nan"
"fsr1454","n","nan","nan","nan","nan"
"fsr1459","n","nan","nan","nan","nan"
"fsr1460","n","nan","nan","nan","nan"
"fsr1464","n","nan","nan","nan","nan"
"fsr1465","n","nan","nan","nan","nan"
"fsr1467","n","nan","nan","nan","nan"
"fsr1468","n","nan","nan","nan","nan"
"fsr1470","n","nan","nan","nan","nan"
"fsr1471","n","nan","nan","nan","nan"
"fsr1474","n","nan","nan","nan","nan"
"fsr1475","n","nan","nan","nan","nan"
"fsr1478","n","nan","nan","nan","nan"
"fsr1479","n","nan","nan","nan","nan"
"fsr1481","n","nan","nan","nan","nan"
"fsr1484","n","nan","nan","nan","nan"
"fsr1485","n","nan","nan","nan","nan"
"fsr1489","n","nan","nan","nan","nan"
"fsr1491","n","nan","nan","nan","nan"
"fsr1496","n","nan","nan","nan","nan"
"fsr1498","n","nan","nan","nan","nan"
"fsr1500","n","nan","nan","nan","nan"
"fsr1507","n","nan","nan","nan","nan"
"fsr1509","n","nan","nan","nan","nan"
"fsr1510","n","nan","nan","nan","nan"
"fsr1511","n","nan","nan","nan","nan"
"fsr1513","n","nan","nan","nan","nan"
"fsr1514","n","nan","nan","nan","nan"
"fsr1517","n","nan","nan","nan","nan"
"fsr1518","n","nan",40.0,"nan","nan"
"fsr1521","n","pmb_4.4","nan",300.0,"y"
"fsr1524","n","nan","nan","nan","nan"
"fsr1527","n","nan","nan","nan","nan"
"fsr1530","n","nan","nan","nan","nan"
"fsr1531","n","nan","nan","nan","nan"
"fsr1535","n","nan","nan","nan","nan"
"fsr1536","n","nan","nan","nan","nan"
"fsr1541","n","nan","nan","nan","nan"
"fsr1543","n","nan","nan","nan","nan"
"fsr1554","n","nan","nan","nan","nan"
"fsr1555","n","nan","nan",300.0,"nan"
"fsr1556","n","nan","nan","nan","nan"
"fsr1560","n","nan","nan","nan","nan"
"fsr1561","n","nan","nan","nan","nan"
"fsr1566","n","nan","nan","nan","nan"
"fsr1568","n","nan","nan","nan","nan"
"fsr1569","n","nan","nan","nan","nan"
"fsr1572","n","nan","nan","nan","nan"
"fsr1573","n","nan","nan","nan","nan"
"fsr1574","n","nan","nan","nan","nan"
"fsr1577","n","nan","nan","nan","nan"
"fsr1579","n","nan","nan","nan","nan"
"fsr1580","n","nan","nan","nan","nan"
"fsr1583","n","nan","nan","nan","nan"
"fsr1584","n","nan","nan","nan","nan"
"fsr1585","n","nan","nan","nan","nan"
"fsr1586","n","nan","nan",200.0,"nan"
"fsr1591","n","nan","nan","nan","nan"
"fsr1593","n","nan","nan","nan","nan"
"fsr1594","n","nan","nan","nan","nan"
"fsr1595","n","nan","nan","nan","nan"
"fsr1597","n","nan","nan","nan","nan"
"fsr1598","n","nan","nan","nan","nan"
"fsr1602","n","nan","nan","nan","nan"
"fsr1604","n","nan","nan","nan","nan"
"fsr1605","n","nan","nan","nan","nan"
"fsr1607","n","nan","nan","nan","nan"
"fsr1608","n","nan","nan","nan","nan"
"fsr1609","n","nan","nan","nan","nan"
"fsr1610","n","nan","nan","nan","nan"
"fsr1613","n","nan","nan","nan","nan"
"fsr1616","n","nan","nan","nan","nan"
"fsr1617","n","nan","nan","nan","nan"
"fsr1620","n","nan","nan","nan","nan"
"fsr1621","n","nan","nan","nan","nan"
"fsr1622","n","nan","nan","nan","nan"
"fsr1623","n","nan","nan","nan","nan"
"fsr1625","n","nan","nan","nan","nan"
"fsr1626","n","nan","nan","nan","nan"
"fsr1629","n","nan","nan","nan","nan"
"fsr1630","n","nan","nan","nan","nan"
"fsr1631","n","nan","nan","nan","nan"
"fsr1634","n","nan","nan","nan","nan"
"fsr1635","n","nan","nan","nan","nan"
"fsr1638","n","nan","nan","nan","nan"
"fsr1639","n","nan","nan","nan","nan"
"fsr1640","n","nan","nan","nan","nan"
"fsr1641","n","nan","nan","nan","nan"
"fsr1642","n","nan","nan","nan","nan"
"fsr1645","n","nan","nan","nan","nan"
"fsr1646","n","nan","nan","nan","nan"
"fsr1647","n","nan","nan","nan","nan"
"fsr1648","n","nan","nan","nan","nan"
"fsr1649","n","nan","nan","nan","nan"
"fsr1650","n","nan","nan","nan","nan"
"fsr1651","n","nan","nan","nan","nan"
"fsr1652","n","nan","nan","nan","nan"
"fsr1653","n","nan","nan","nan","nan"
"fsr1654","n","nan","nan","nan","nan"
"fsr1656","n","nan","nan","nan","nan"
"fsr1657","n","nan","nan","nan","nan"
"fsr1658","n","nan","nan","nan","nan"
"fsr1659","n","nan","nan","nan","nan"
"fsr1661","n","nan","nan","nan","nan"
"fsr1663","n","nan","nan","nan","nan"
"fsr1666","n","nan","nan","nan","nan"
"fsr1667","n","nan","nan","nan","nan"
"fsr1668","n","nan",50.0,"nan","nan"
"fsr1669","n","nan","nan","nan","nan"
"fsr1672","n","nan","nan","nan","nan"
"fsr1673","n","nan","nan","nan","nan"
"fsr1674","n","nan","nan","nan","nan"
"fsr1675","n","nan","nan","nan","nan"
"fsr1676","n","nan","nan","nan","nan"
"fsr1677","n","nan","nan","nan","nan"
"fsr1678","n","nan","nan","nan","nan"
"fsr1680","n","nan","nan","nan","nan"
"fsr1682","n","nan","nan","nan","nan"
"fsr1683","n","nan","nan","nan","nan"
"fsr1684","n","nan","nan","nan","nan"
"fsr1685","n","nan","nan","nan","nan"
"fsr1688","n","nan","nan","nan","nan"
"fsr1689","n","nan","nan","nan","nan"
"fsr1690","n","nan","nan","nan","nan"
"fsr1692","n","nan","nan","nan","nan"
"fsr1693","n","nan","nan","nan","nan"
"fsr1694","n","nan","nan","nan","nan"
"fsr1695","n","nan","nan","nan","nan"
"fsr1696","n","nan","nan","nan","nan"
"fsr1697","n","nan","nan","nan","nan"
"fsr1698","n","nan","nan","nan","nan"
"fsr1699","n","nan","nan","nan","nan"
"fsr1700","n","nan","nan","nan","nan"
"fsr1701","n","nan","nan","nan","nan"
"fsr1703","n","nan","nan","nan","nan"
"fsr1705","n","nan","nan","nan","nan"
"fsr1709","n","nan","nan","nan","nan"
"fsr1713","n","nan","nan","nan","nan"
"fsr1714","n","nan","nan","nan","nan"
"fsr1715","n","nan","nan","nan","nan"
"fsr1718","n","nan","nan","nan","nan"
"fsr1719","n","nan","nan","nan","nan"
"fsr1720","n","nan","nan","nan","nan"
"fsr1721","n","nan","nan","nan","nan"
"fsr1725","n","nan","nan","nan","nan"
"fsr1727","n","nan","nan","nan","nan"
"fsr1728","n","nan","nan","nan","nan"
"fsr1729","n","nan","nan","nan","nan"
"fsr1732","n","nan","nan","nan","nan"
"fsr1734","n","nan","nan","nan","nan"
"fsr1735","n","nan","nan","nan","nan"
"fsr1736","n","nan","nan","nan","nan"
"fsr1737","n","nan","nan","nan","nan"
"fsr1739","n","nan","nan","nan","nan"
"fsr1740","n","nan","nan","nan","nan"
"fsr1744","n","nan","nan","nan","nan"
"fsr1746","n","nan","nan","nan","nan"
"fsr1748","n","nan","nan","nan","nan"
"fsr1749","n","nan","nan","nan","nan"
"fsr1750","n","nan","nan","nan","nan"
"fsr1751","n","nan","nan","nan","nan"
"fsr1754","n","nan","nan","nan","nan"
"fsr1755","n","nan",100.0,"nan","nan"
"fsr1756","n","nan","nan","nan","nan"
"fsr1757","n","nan","nan","nan","nan"
"fsr1761","n","nan","nan","nan","nan"
"fsr1763","n","nan","nan","nan","nan"
"fsr1766","n","nan","nan","nan","nan"
"fsr1767","n","nan","nan","nan","nan"
"fsr1769","n","nan","nan","nan","nan"
"fsr1772","n","nan","nan","nan","nan"
"fsr1773","n","nan","nan","nan","nan"
"fsr1774","n","nan","nan","nan","nan"
"fsr1775","n","nan","nan","nan","nan"
"fsr1776","n","nan","nan","nan","nan"
"fsr1778","n","nan","nan","nan","nan"
"fsr1782","n","nan","nan","nan","nan"
"fsr1785","n","b_-16","nan",100.0,"nan"
"fsr1786","n","nan","nan","nan","nan"
"g333602","n","nan","nan",100.0,"nan"
"g3cc10","n","nan","nan","nan","nan"
"g3cc11","n","nan","nan","nan","nan"
"g3cc12","n","nan","nan","nan","nan"
"g3cc13","n","nan","nan","nan","nan"
"g3cc14","n","nan","nan","nan","nan"
"g3cc15","n","nan","nan","nan","nan"
"g3cc16","n","nan","nan","nan","nan"
"g3cc17","n","nan","nan","nan","nan"
"g3cc18","n","nan","nan","nan","nan"
"g3cc19","n","nan","nan","nan","nan"
"g3cc20","n","nan","nan","nan","nan"
"g3cc21","n","nan","nan","nan","nan"
"g3cc22","n","nan","nan","nan","nan"
"g3cc23","n","nan","nan","nan","nan"
"g3cc24","n","nan","nan","nan","nan"
"g3cc25","n","nan","nan","nan","nan"
"g3cc26","n","nan","nan","nan","nan"
"g3cc27","n","nan","nan","nan","nan"
"g3cc28","n","nan","nan","nan","nan"
"g3cc29","n","nan","nan","nan","nan"
"g3cc30","n","nan","nan","nan","nan"
"g3cc31","n","nan","nan","nan","nan"
"g3cc32","n","nan","nan","nan","nan"
"g3cc33","n","nan","nan","nan","nan"
"g3cc34","n","nan","nan","nan","nan"
"g3cc35","n","nan","nan","nan","nan"
"g3cc36","n","nan","nan","nan","nan"
"g3cc37","n","nan","nan","nan","nan"
"g3cc38","n","nan","nan","nan","nan"
"g3cc39","n","nan","nan","nan","nan"
"g3cc40","n","nan","nan","nan","nan"
"g3cc41","n","nan","nan","nan","nan"
"g3cc42","n","nan","nan","nan","nan"
"g3cc43","n","nan","nan","nan","nan"
"g3cc44","n","nan","nan","nan","nan"
"g3cc45","n","nan","nan","nan","nan"
"g3cc46","n","nan","nan","nan","nan"
"g3cc47","n","nan","nan","nan","nan"
"g3cc48","n","nan","nan","nan","nan"
"g3cc49","n","nan","nan","nan","nan"
"g3cc5","n","nan","nan","nan","nan"
"g3cc50","n","nan","nan","nan","nan"
"g3cc51","n","nan","nan","nan","nan"
"g3cc52","n","nan","nan","nan","nan"
"g3cc53","n","nan","nan","nan","nan"
"g3cc54","n","nan","nan","nan","nan"
"g3cc55","n","nan","nan","nan","nan"
"g3cc56","n","nan","nan","nan","nan"
"g3cc57","n","nan","nan","nan","nan"
"g3cc58","n","nan",150.0,"nan","nan"
"g3cc59","n","nan","nan","nan","nan"
"g3cc6","n","nan","nan","nan","nan"
"g3cc60","n","nan","nan","nan","nan"
"g3cc61","n","nan","nan","nan","nan"
"g3cc62","n","nan","nan","nan","nan"
"g3cc63","n","nan","nan","nan","nan"
"g3cc64","n","nan","nan","nan","nan"
"g3cc65","n","nan","nan","nan","nan"
"g3cc66","n","nan","nan","nan","nan"
"g3cc67","n","nan","nan","nan","nan"
"g3cc68","n","nan","nan","nan","nan"
"g3cc69","n","nan","nan","nan","nan"
"g3cc7","n","nan","nan","nan","nan"
"g3cc70","n","nan","nan","nan","nan"
"g3cc71","n","nan","nan","nan","nan"
"g3cc72","n","nan","nan","nan","nan"
"g3cc73","n","nan","nan","nan","nan"
"g3cc8","n","nan","nan","nan","nan"
"g3cc9","n","nan","nan","nan","nan"
"g4545p006","n","nan","nan",100.0,"nan"
"g76203","n","nan","nan","nan","nan"
"g8035p072ircl","n","l_80.28","nan",50.0,"nan"
"gaia1","n","nan","nan","nan","nan"
"gaia2","n","nan","nan","nan","nan"
"gaia5","n","nan",60.0,"nan","nan"
"gaia6","n","nan","nan","nan","nan"
"gaia7","n","nan","nan","nan","nan"
"gaia8","n","nan","nan","nan","nan"
"geml","n","nan","nan","nan","nan"
"ggd17","n","nan","nan",100.0,"nan"
"ggd27","n","nan","nan",100.0,"nan"
"ggd4","n","nan","nan",100.0,"nan"
"glimpse70","n","nan","nan","nan","nan"
"glimpse83","n","nan","nan","nan","nan"
"glimpsec01","n","nan","nan","nan","nan"
"graham1","n","nan","nan","nan","nan"
"grasdalen1","n","nan","nan",200.0,"nan"
"gulliver10","n","nan","nan","nan","nan"
"gulliver11","n","nan","nan","nan","nan"
"gulliver12","n","nan","nan","nan","nan"
"gulliver13","n","nan","nan","nan","nan"
"gulliver14","n","nan","nan","nan","nan"
"gulliver15","n","nan","nan","nan","nan"
"gulliver16","n","nan","nan",100.0,"nan"
"gulliver17","n","nan","nan","nan","nan"
"gulliver19","n","nan","nan","nan","nan"
"gulliver2","n","nan","nan","nan","nan"
"gulliver20","n","nan","nan","nan","nan"
"gulliver21","n","nan","nan","nan","nan"
"gulliver22","n","nan",100.0,"nan","nan"
"gulliver23","n","nan","nan","nan","nan"
"gulliver24","n","nan","nan","nan","nan"
"gulliver25","n","nan",75.0,"nan","nan"
"gulliver26","n","nan","nan",120.0,"nan"
"gulliver28","n","nan",80.0,"nan","nan"
"gulliver29","n","nan","nan","nan","nan"
"gulliver3","n","nan","nan","nan","nan"
"gulliver30","n","nan","nan","nan","nan"
"gulliver31","n","nan","nan","nan","nan"
"gulliver32","n","nan","nan","nan","nan"
"gulliver33","n","nan","nan","nan","nan"
"gulliver34","n","nan","nan","nan","nan"
"gulliver35","n","nan","nan","nan","nan"
"gulliver36","n","nan","nan","nan","nan"
"gulliver37","n","nan","nan","nan","nan"
"gulliver38","n","nan","nan","nan","nan"
"gulliver39","n","nan","nan","nan","nan"
"gulliver4","n","nan","nan","nan","nan"
"gulliver40","n","nan","nan","nan","nan"
"gulliver41","n","nan","nan","nan","nan"
"gulliver42","n","nan","nan",150.0,"nan"
"gulliver43","n","nan","nan","nan","nan"
"gulliver44","n","nan","nan","nan","nan"
"gulliver45","n","nan","nan","nan","nan"
"gulliver47","n","nan",100.0,"nan","nan"
"gulliver48","n","nan","nan","nan","nan"
"gulliver49","n","nan","nan","nan","nan"
"gulliver5","n","nan","nan","nan","nan"
"gulliver50","n","nan","nan","nan","nan"
"gulliver51","n","nan","nan","nan","nan"
"gulliver52","n","nan","nan","nan","nan"
"gulliver53","n","nan","nan","nan","nan"
"gulliver54","n","nan","nan","nan","nan"
"gulliver55","n","nan",75.0,"nan","nan"
"gulliver56","n","nan","nan","nan","nan"
"gulliver57","n","nan","nan","nan","nan"
"gulliver58","n","nan","nan","nan","nan"
"gulliver59","n","nan",100.0,"nan","nan"
"gulliver60","n","nan","nan","nan","nan"
"gulliver7","n","nan","nan","nan","nan"
"gulliver9","n","nan","nan","nan","nan"
"gum25","n","nan","nan",100.0,"nan"
"gy117","n","nan","nan",100.0,"nan"
"gy27","n","nan","nan",100.0,"nan"
"haffner10","n","nan","nan",450.0,"nan"
"haffner11","n","nan","nan","nan","nan"
"haffner13","n","nan","nan","nan","nan"
"haffner14","n","nan","nan","nan","nan"
"haffner15","n","nan","nan",350.0,"nan"
"haffner16","n","nan","nan","nan","nan"
"haffner17","n","nan","nan","nan","nan"
"haffner18","n","t_0.495","nan",100.0,"nan"
"haffner19","n","b_0.495","nan",100.0,"nan"
"haffner20","n","nan","nan","nan","nan"
"haffner21","n","nan","nan","nan","nan"
"haffner22","n","nan","nan","nan","nan"
"haffner23","n","nan","nan","nan","nan"
"haffner24","n","nan","nan","nan","nan"
"haffner25","n","nan","nan","nan","nan"
"haffner26","n","nan","nan","nan","nan"
"haffner3","n","nan","nan","nan","nan"
"haffner4","n","nan","nan","nan","nan"
"haffner5","n","nan","nan","nan","nan"
"haffner6","n","nan","nan","nan","nan"
"haffner7","n","nan","nan","nan","nan"
"haffner8","n","nan","nan",300.0,"nan"
"haffner9","n","nan","nan","nan","nan"
"harvard10","n","nan","nan","nan","nan"
"harvard13","n","nan","nan","nan","nan"
"harvard9","n","nan","nan","nan","nan"
"havlenmoffat1","n","nan","nan","nan","nan"
"hd183300group","n","nan","nan","nan","nan"
"hd226540group","n","nan","nan","nan","nan"
"hd277262group","n","nan","nan","nan","nan"
"hd55709group","n","nan","nan","nan","nan"
"hd88174group","n","nan","nan","nan","nan"
"herbig1","n","nan",25.0,"nan","nan"
"herschel1","n","nan","nan","nan","nan"
"hogg1","n","nan",50.0,"nan","nan"
"hogg10","n","t_0.13","nan",50.0,"nan"
"hogg11","n","nan","nan","nan","nan"
"hogg12","n","nan","nan","nan","nan"
"hogg13","n","nan","nan","nan","nan"
"hogg14","n","nan","nan","nan","nan"
"hogg16","n","r_307.5;b_1.25","nan","nan","nan"
"hogg17","n","nan","nan","nan","nan"
"hogg19","n","nan","nan","nan","nan"
"hogg2","n","nan","nan","nan","nan"
"hogg20","n","nan","nan","nan","nan"
"hogg21","n","nan","nan","nan","nan"
"hogg22","n","nan",75.0,"nan","nan"
"hogg23","n","nan","nan","nan","nan"
"hogg3","n","nan","nan","nan","nan"
"hogg4","n","nan","nan","nan","nan"
"hogg5","n","nan","nan","nan","nan"
"hogg6","n","nan","nan","nan","nan"
"hogg7","n","nan","nan","nan","nan"
"hogg8","n","nan",50.0,"nan","nan"
"hogg9","n","nan","nan","nan","nan"
"hsc10","n","nan","nan",25.0,"nan"
"hsc100","n","nan","nan",76.0,"nan"
"hsc1000","n","nan","nan",29.0,"nan"
"hsc1001","n","nan",50.0,71.0,"nan"
"hsc1002","n","nan","nan",32.0,"nan"
"hsc1003","n","nan","nan",51.0,"nan"
"hsc1004","n","nan","nan",25.0,"nan"
"hsc1005","n","nan",40.0,44.0,"nan"
"hsc1006","n","nan","nan",25.0,"nan"
"hsc1007","n","nan","nan",29.0,"nan"
"hsc1008","n","nan","nan",25.0,"nan"
"hsc101","n","nan","nan",25.0,"nan"
"hsc1010","n","nan","nan",25.0,"nan"
"hsc1011","n","nan","nan",36.0,"nan"
"hsc1012","n","nan","nan",42.0,"nan"
"hsc1013","n","nan","nan",54.0,"nan"
"hsc1014","n","nan","nan",46.0,"nan"
"hsc1015","n","nan","nan",49.0,"nan"
"hsc1016","n","nan","nan",25.0,"nan"
"hsc1018","n","nan","nan",25.0,"nan"
"hsc1019","n","nan",60.0,25.0,"nan"
"hsc1020","n","nan","nan",25.0,"nan"
"hsc1021","n","nan",40.0,47.0,"nan"
"hsc1022","n","nan","nan",25.0,"nan"
"hsc1025","n","nan","nan",25.0,"nan"
"hsc1026","n","nan",50.0,61.0,"nan"
"hsc1027","n","nan","nan",25.0,"nan"
"hsc1028","n","nan","nan",77.0,"nan"
"hsc1029","n","nan","nan",41.0,"nan"
"hsc103","n","nan","nan",25.0,"nan"
"hsc1031","n","nan",50.0,46.0,"nan"
"hsc1032","n","nan","nan",25.0,"nan"
"hsc1034","n","nan","nan",25.0,"nan"
"hsc1036","n","nan","nan",32.0,"nan"
"hsc1037","n","nan","nan",25.0,"nan"
"hsc1039","n","nan","nan",25.0,"nan"
"hsc1040","n","nan","nan",25.0,"nan"
"hsc1041","n","nan","nan",39.0,"nan"
"hsc1042","n","nan","nan",36.0,"nan"
"hsc1043","n","nan",50.0,76.0,"nan"
"hsc1049","n","nan","nan",25.0,"nan"
"hsc105","n","nan","nan",25.0,"nan"
"hsc1052","n","nan","nan",29.0,"nan"
"hsc1053","n","nan","nan",54.0,"nan"
"hsc1054","n","nan","nan",29.0,"nan"
"hsc1055","n","nan",50.0,65.0,"nan"
"hsc1056","n","nan","nan",35.0,"nan"
"hsc1057","n","nan","nan",74.0,"nan"
"hsc1059","n","nan","nan",25.0,"nan"
"hsc106","n","nan","nan",33.0,"nan"
"hsc1060","n","nan",50.0,64.0,"nan"
"hsc1061","n","nan","nan",25.0,"nan"
"hsc1062","n","nan","nan",26.0,"nan"
"hsc1063","n","nan","nan",32.0,"nan"
"hsc1064","n","nan","nan",34.0,"nan"
"hsc1065","n","nan",50.0,59.0,"nan"
"hsc1066","n","nan",75.0,94.0,"nan"
"hsc1067","n","nan","nan",25.0,"nan"
"hsc1068","n","nan","nan",25.0,"nan"
"hsc1069","n","nan","nan",58.0,"nan"
"hsc1070","n","nan","nan",28.0,"nan"
"hsc1071","n","nan","nan",25.0,"nan"
"hsc1072","n","nan","nan",25.0,"nan"
"hsc1073","n","nan","nan",39.0,"nan"
"hsc1074","n","nan","nan",41.0,"nan"
"hsc1076","n","nan","nan",25.0,"nan"
"hsc1077","n","nan","nan",25.0,"nan"
"hsc1078","n","nan","nan",25.0,"nan"
"hsc1080","n","nan","nan",25.0,"nan"
"hsc1081","n","nan","nan",27.0,"nan"
"hsc1082","n","nan","nan",57.0,"nan"
"hsc1083","n","nan","nan",43.0,"nan"
"hsc1084","n","nan","nan",49.0,"nan"
"hsc1085","n","nan","nan",54.0,"nan"
"hsc1086","n","nan","nan",33.0,"nan"
"hsc109","n","nan","nan",25.0,"nan"
"hsc1090","n","nan","nan",41.0,"nan"
"hsc1092","n","nan","nan",25.0,"nan"
"hsc1093","n","nan","nan",31.0,"nan"
"hsc1094","n","nan","nan",25.0,"nan"
"hsc1097","n","nan",100.0,208.0,"nan"
"hsc1099","n","nan","nan",62.0,"nan"
"hsc11","n","nan","nan",25.0,"nan"
"hsc110","n","nan","nan",25.0,"nan"
"hsc1101","n","nan",70.0,36.0,"nan"
"hsc1102","n","nan","nan",25.0,"nan"
"hsc1103","n","nan","nan",25.0,"nan"
"hsc1104","n","nan","nan",43.0,"nan"
"hsc1105","n","nan","nan",54.0,"nan"
"hsc1106","n","nan","nan",52.0,"nan"
"hsc1107","n","nan","nan",25.0,"nan"
"hsc1108","n","nan","nan",27.0,"nan"
"hsc1109","n","nan","nan",34.0,"nan"
"hsc1112","n","nan","nan",25.0,"nan"
"hsc1113","n","nan","nan",25.0,"nan"
"hsc1115","n","nan","nan",26.0,"nan"
"hsc1116","n","nan","nan",25.0,"nan"
"hsc1117","n","nan",50.0,65.0,"nan"
"hsc1118","n","nan","nan",29.0,"nan"
"hsc1120","n","nan","nan",35.0,"nan"
"hsc1122","n","nan","nan",89.0,"nan"
"hsc1125","n","nan","nan",25.0,"nan"
"hsc1127","n","nan","nan",27.0,"nan"
"hsc1128","n","nan","nan",65.0,"nan"
"hsc113","n","nan","nan",25.0,"nan"
"hsc1130","n","nan","nan",44.0,"nan"
"hsc1131","n","nan",50.0,91.0,"nan"
"hsc1133","n","nan","nan",25.0,"nan"
"hsc1134","n","nan","nan",32.0,"nan"
"hsc1136","n","nan",50.0,59.0,"nan"
"hsc1137","n","nan",50.0,58.0,"nan"
"hsc1139","n","nan","nan",45.0,"nan"
"hsc1140","n","nan","nan",40.0,"nan"
"hsc1146","n","nan","nan",25.0,"nan"
"hsc1147","n","nan","nan",25.0,"nan"
"hsc1149","n","nan","nan",51.0,"nan"
"hsc115","n","nan","nan",25.0,"nan"
"hsc1150","n","nan","nan",25.0,"nan"
"hsc1152","n","nan","nan",25.0,"nan"
"hsc1153","n","nan","nan",25.0,"nan"
"hsc1155","n","nan",50.0,96.0,"nan"
"hsc1162","n","nan","nan",28.0,"nan"
"hsc1163","n","nan","nan",55.0,"nan"
"hsc1165","n","nan","nan",71.0,"nan"
"hsc1166","n","nan","nan",25.0,"nan"
"hsc1168","n","nan","nan",25.0,"nan"
"hsc1169","n","nan","nan",25.0,"nan"
"hsc1170","n","nan","nan",27.0,"nan"
"hsc1173","n","nan","nan",25.0,"nan"
"hsc1175","n","nan","nan",25.0,"nan"
"hsc1176","n","nan","nan",67.0,"nan"
"hsc1177","n","nan","nan",25.0,"nan"
"hsc1178","n","nan",50.0,25.0,"nan"
"hsc1179","n","nan","nan",55.0,"nan"
"hsc118","n","nan","nan",51.0,"nan"
"hsc1180","n","nan","nan",54.0,"nan"
"hsc1181","n","nan","nan",491.0,"nan"
"hsc1184","n","nan","nan",32.0,"nan"
"hsc1185","n","nan","nan",42.0,"nan"
"hsc1186","n","nan","nan",25.0,"nan"
"hsc1188","n","nan","nan",25.0,"nan"
"hsc1189","n","nan","nan",37.0,"nan"
"hsc1190","n","nan","nan",32.0,"nan"
"hsc1192","n","nan","nan",25.0,"nan"
"hsc1194","n","nan","nan",26.0,"nan"
"hsc1195","n","nan","nan",35.0,"nan"
"hsc1196","n","nan","nan",25.0,"nan"
"hsc1197","n","nan","nan",25.0,"nan"
"hsc1198","n","nan","nan",89.0,"nan"
"hsc12","n","nan","nan",28.0,"nan"
"hsc120","n","nan","nan",25.0,"nan"
"hsc1201","n","nan","nan",36.0,"nan"
"hsc1202","n","nan","nan",25.0,"nan"
"hsc1203","n","nan","nan",44.0,"nan"
"hsc1204","n","nan","nan",25.0,"nan"
"hsc1206","n","nan","nan",25.0,"nan"
"hsc1210","n","nan","nan",25.0,"nan"
"hsc1213","n","nan","nan",68.0,"nan"
"hsc1217","n","nan","nan",25.0,"nan"
"hsc1219","n","nan","nan",58.0,"nan"
"hsc1220","n","nan","nan",25.0,"nan"
"hsc1222","n","nan","nan",25.0,"nan"
"hsc1223","n","nan","nan",25.0,"nan"
"hsc1225","n","nan","nan",33.0,"nan"
"hsc1226","n","nan","nan",25.0,"nan"
"hsc1228","n","nan","nan",25.0,"nan"
"hsc1229","n","nan","nan",47.0,"nan"
"hsc1230","n","nan","nan",31.0,"nan"
"hsc1231","n","nan","nan",31.0,"nan"
"hsc1232","n","nan","nan",31.0,"nan"
"hsc1233","n","nan","nan",25.0,"nan"
"hsc1234","n","nan","nan",25.0,"nan"
"hsc1235","n","nan","nan",25.0,"nan"
"hsc1238","n","nan","nan",25.0,"nan"
"hsc1239","n","nan","nan",25.0,"nan"
"hsc1240","n","nan","nan",25.0,"nan"
"hsc1242","n","nan",100.0,25.0,"nan"
"hsc1243","n","nan","nan",37.0,"nan"
"hsc1245","n","nan","nan",25.0,"nan"
"hsc1246","n","nan",70.0,60.0,"nan"
"hsc1248","n","nan","nan",40.0,"nan"
"hsc1249","n","nan","nan",25.0,"nan"
"hsc125","n","nan","nan",25.0,"nan"
"hsc1252","n","nan","nan",47.0,"nan"
"hsc1253","n","nan","nan",25.0,"nan"
"hsc1254","n","nan","nan",25.0,"nan"
"hsc1255","n","nan","nan",52.0,"nan"
"hsc1256","n","nan","nan",25.0,"nan"
"hsc1257","n","nan","nan",25.0,"nan"
"hsc1258","n","nan","nan",32.0,"nan"
"hsc1259","n","nan","nan",45.0,"nan"
"hsc1260","n","nan","nan",28.0,"nan"
"hsc1266","n","nan","nan",25.0,"nan"
"hsc1268","n","nan","nan",25.0,"nan"
"hsc127","n","nan","nan",25.0,"nan"
"hsc1270","n","nan","nan",34.0,"nan"
"hsc1271","n","nan","nan",26.0,"nan"
"hsc1272","n","nan","nan",25.0,"nan"
"hsc1273","n","nan","nan",25.0,"nan"
"hsc1274","n","nan","nan",50.0,"nan"
"hsc1279","n","nan","nan",25.0,"nan"
"hsc1282","n","nan",60.0,72.0,"nan"
"hsc1283","n","nan","nan",28.0,"nan"
"hsc1286","n","nan",90.0,35.0,"nan"
"hsc1289","n","nan","nan",46.0,"nan"
"hsc129","n","nan","nan",33.0,"nan"
"hsc1291","n","nan","nan",25.0,"nan"
"hsc1292","n","nan","nan",25.0,"nan"
"hsc1294","n","nan","nan",25.0,"nan"
"hsc1297","n","nan","nan",44.0,"nan"
"hsc1298","n","nan","nan",25.0,"nan"
"hsc1299","n","nan","nan",49.0,"nan"
"hsc13","n","nan","nan",25.0,"nan"
"hsc1300","n","nan",75.0,102.0,"nan"
"hsc1304","n","nan","nan",25.0,"nan"
"hsc1306","n","nan",70.0,25.0,"nan"
"hsc1308","n","nan","nan",49.0,"nan"
"hsc131","n","nan",50.0,65.0,"nan"
"hsc1311","n","nan","nan",25.0,"nan"
"hsc1312","n","nan","nan",37.0,"nan"
"hsc1313","n","nan","nan",25.0,"nan"
"hsc1315","n","nan","nan",25.0,"nan"
"hsc1320","n","nan","nan",25.0,"nan"
"hsc1321","n","nan","nan",25.0,"nan"
"hsc1322","n","nan",50.0,73.0,"nan"
"hsc1323","n","nan","nan",49.0,"nan"
"hsc1324","n","nan","nan",25.0,"nan"
"hsc1328","n","nan","nan",25.0,"nan"
"hsc1329","n","nan","nan",129.0,"nan"
"hsc133","n","nan","nan",25.0,"nan"
"hsc1330","n","nan","nan",67.0,"nan"
"hsc1331","n","nan","nan",25.0,"nan"
"hsc1332","n","nan","nan",25.0,"nan"
"hsc1333","n","nan","nan",39.0,"nan"
"hsc1334","n","nan","nan",48.0,"nan"
"hsc1341","n","nan","nan",25.0,"nan"
"hsc1342","n","nan","nan",41.0,"nan"
"hsc1343","n","nan","nan",25.0,"nan"
"hsc1344","n","nan","nan",25.0,"nan"
"hsc1346","n","nan","nan",25.0,"nan"
"hsc1347","n","nan","nan",42.0,"nan"
"hsc1348","n","nan","nan",27.0,"nan"
"hsc135","n","nan",75.0,84.0,"nan"
"hsc1350","n","nan","nan",52.0,"nan"
"hsc1353","n","nan","nan",25.0,"nan"
"hsc1355","n","nan","nan",532.0,"nan"
"hsc1359","n","nan",50.0,111.0,"nan"
"hsc1360","n","nan",80.0,40.0,"nan"
"hsc1361","n","nan","nan",25.0,"nan"
"hsc1362","n","nan",60.0,26.0,"nan"
"hsc1364","n","nan","nan",25.0,"nan"
"hsc1365","n","nan","nan",25.0,"nan"
"hsc1366","n","nan","nan",25.0,"nan"
"hsc1367","n","nan","nan",25.0,"nan"
"hsc1369","n","nan","nan",25.0,"nan"
"hsc137","n","nan","nan",45.0,"nan"
"hsc1370","n","nan","nan",25.0,"nan"
"hsc1375","n","nan","nan",25.0,"nan"
"hsc1377","n","nan","nan",25.0,"nan"
"hsc1378","n","nan","nan",37.0,"nan"
"hsc138","n","nan","nan",25.0,"nan"
"hsc1380","n","nan",50.0,80.0,"nan"
"hsc1381","n","nan","nan",26.0,"nan"
"hsc1385","n","nan","nan",25.0,"nan"
"hsc1386","n","nan","nan",57.0,"nan"
"hsc1387","n","nan","nan",25.0,"nan"
"hsc1388","n","nan","nan",35.0,"nan"
"hsc1389","n","nan","nan",25.0,"nan"
"hsc139","n","nan","nan",25.0,"nan"
"hsc1390","n","nan","nan",25.0,"nan"
"hsc1392","n","nan","nan",25.0,"nan"
"hsc1394","n","nan","nan",25.0,"nan"
"hsc1395","n","nan","nan",30.0,"nan"
"hsc1398","n","nan","nan",34.0,"nan"
"hsc1399","n","nan","nan",25.0,"nan"
"hsc14","n","nan",50.0,62.0,"nan"
"hsc140","n","nan","nan",25.0,"nan"
"hsc1400","n","nan","nan",36.0,"nan"
"hsc1401","n","nan","nan",25.0,"nan"
"hsc1402","n","nan","nan",25.0,"nan"
"hsc1404","n","nan","nan",25.0,"nan"
"hsc1407","n","nan","nan",25.0,"nan"
"hsc1408","n","nan",50.0,25.0,"nan"
"hsc1409","n","nan","nan",31.0,"nan"
"hsc1410","n","nan","nan",25.0,"nan"
"hsc1411","n","nan","nan",25.0,"nan"
"hsc1413","n","nan","nan",49.0,"nan"
"hsc1414","n","nan","nan",33.0,"nan"
"hsc1416","n","nan","nan",34.0,"nan"
"hsc1417","n","nan","nan",25.0,"nan"
"hsc1418","n","nan","nan",25.0,"nan"
"hsc1419","n","nan","nan",30.0,"nan"
"hsc142","n","nan","nan",25.0,"nan"
"hsc1421","n","nan","nan",35.0,"nan"
"hsc1425","n","nan",100.0,160.0,"nan"
"hsc1427","n","nan","nan",25.0,"nan"
"hsc143","n","nan","nan",42.0,"nan"
"hsc1430","n","nan","nan",67.0,"nan"
"hsc1431","n","nan","nan",25.0,"nan"
"hsc1432","n","nan","nan",29.0,"nan"
"hsc1433","n","nan","nan",25.0,"nan"
"hsc1435","n","nan","nan",40.0,"nan"
"hsc1436","n","nan","nan",37.0,"nan"
"hsc1437","n","nan","nan",30.0,"nan"
"hsc1439","n","nan","nan",25.0,"nan"
"hsc144","n","nan","nan",25.0,"nan"
"hsc1440","n","nan","nan",40.0,"nan"
"hsc1441","n","nan","nan",35.0,"nan"
"hsc1442","n","nan",50.0,48.0,"nan"
"hsc1443","n","nan","nan",32.0,"nan"
"hsc1446","n","nan","nan",29.0,"nan"
"hsc1449","n","nan","nan",25.0,"nan"
"hsc145","n","nan","nan",37.0,"nan"
"hsc1450","n","nan",70.0,82.0,"nan"
"hsc1453","n","nan","nan",25.0,"nan"
"hsc1455","n","nan","nan",32.0,"nan"
"hsc1456","n","nan","nan",25.0,"nan"
"hsc1457","n","nan","nan",25.0,"nan"
"hsc1458","n","nan","nan",25.0,"nan"
"hsc1459","n","nan","nan",25.0,"nan"
"hsc1460","n","nan","nan",25.0,"nan"
"hsc1462","n","nan","nan",25.0,"nan"
"hsc1463","n","nan","nan",39.0,"nan"
"hsc1465","n","nan","nan",25.0,"nan"
"hsc1466","n","nan","nan",25.0,"nan"
"hsc1467","n","nan","nan",29.0,"nan"
"hsc1468","n","nan","nan",25.0,"nan"
"hsc1469","n","nan","nan",41.0,"nan"
"hsc147","n","nan","nan",37.0,"nan"
"hsc1470","n","nan","nan",25.0,"nan"
"hsc1471","n","nan","nan",36.0,"nan"
"hsc1472","n","nan","nan",25.0,"nan"
"hsc1473","n","nan","nan",25.0,"nan"
"hsc1476","n","nan",50.0,82.0,"nan"
"hsc1477","n","nan","nan",35.0,"nan"
"hsc1479","n","nan","nan",25.0,"nan"
"hsc1480","n","nan",50.0,67.0,"nan"
"hsc1481","n","nan","nan",40.0,"nan"
"hsc1482","n","nan","nan",52.0,"nan"
"hsc1486","n","nan",50.0,155.0,"nan"
"hsc1487","n","nan","nan",25.0,"nan"
"hsc1489","n","nan","nan",32.0,"nan"
"hsc1490","n","nan","nan",25.0,"nan"
"hsc1492","n","nan","nan",27.0,"nan"
"hsc1493","n","nan","nan",44.0,"nan"
"hsc1495","n","nan","nan",29.0,"nan"
"hsc1496","n","nan","nan",25.0,"nan"
"hsc15","n","nan","nan",25.0,"nan"
"hsc1500","n","nan","nan",46.0,"nan"
"hsc1503","n","nan","nan",29.0,"nan"
"hsc1507","n","nan","nan",28.0,"nan"
"hsc1509","n","nan","nan",72.0,"nan"
"hsc151","n","nan","nan",49.0,"nan"
"hsc1511","n","nan","nan",25.0,"nan"
"hsc1512","n","nan","nan",25.0,"nan"
"hsc1513","n","nan",50.0,62.0,"nan"
"hsc1515","n","nan","nan",25.0,"nan"
"hsc1516","n","nan","nan",26.0,"nan"
"hsc1517","n","nan","nan",37.0,"nan"
"hsc1518","n","nan","nan",25.0,"nan"
"hsc152","n","nan","nan",44.0,"nan"
"hsc1520","n","nan",50.0,95.0,"nan"
"hsc1521","n","nan","nan",25.0,"nan"
"hsc1522","n","nan","nan",25.0,"nan"
"hsc1523","n","nan","nan",25.0,"nan"
"hsc1524","n","nan","nan",100.0,"nan"
"hsc1527","n","nan","nan",36.0,"nan"
"hsc1528","n","nan","nan",55.0,"nan"
"hsc153","n","nan","nan",25.0,"nan"
"hsc1530","n","nan","nan",25.0,"nan"
"hsc1531","n","nan","nan",25.0,"nan"
"hsc1532","n","nan",50.0,71.0,"nan"
"hsc1534","n","nan","nan",77.0,"nan"
"hsc1535","n","nan","nan",25.0,"nan"
"hsc1536","n","nan","nan",27.0,"nan"
"hsc1537","n","nan","nan",25.0,"nan"
"hsc1538","n","nan","nan",42.0,"nan"
"hsc1539","n","nan","nan",36.0,"nan"
"hsc1540","n","nan",50.0,66.0,"nan"
"hsc1542","n","nan","nan",50.0,"nan"
"hsc1544","n","nan","nan",25.0,"nan"
"hsc1545","n","nan","nan",25.0,"nan"
"hsc1546","n","nan","nan",25.0,"nan"
"hsc1548","n","nan",50.0,78.0,"nan"
"hsc155","n","nan","nan",27.0,"nan"
"hsc1550","n","nan","nan",26.0,"nan"
"hsc1551","n","nan","nan",29.0,"nan"
"hsc1552","n","nan","nan",126.0,"nan"
"hsc1555","n","nan","nan",74.0,"nan"
"hsc1556","n","nan","nan",33.0,"nan"
"hsc1557","n","nan","nan",25.0,"nan"
"hsc1559","n","nan","nan",25.0,"nan"
"hsc156","n","nan","nan",52.0,"nan"
"hsc1560","n","nan","nan",25.0,"nan"
"hsc1561","n","nan","nan",29.0,"nan"
"hsc1564","n","nan","nan",25.0,"nan"
"hsc1565","n","nan","nan",33.0,"nan"
"hsc1566","n","nan","nan",29.0,"nan"
"hsc1567","n","nan","nan",25.0,"nan"
"hsc157","n","nan","nan",52.0,"nan"
"hsc1570","n","nan","nan",93.0,"nan"
"hsc1571","n","nan",40.0,46.0,"nan"
"hsc1572","n","nan","nan",25.0,"nan"
"hsc1573","n","nan","nan",36.0,"nan"
"hsc1575","n","nan","nan",42.0,"nan"
"hsc1576","n","nan","nan",40.0,"nan"
"hsc1577","n","nan","nan",25.0,"nan"
"hsc1579","n","nan","nan",25.0,"nan"
"hsc158","n","nan","nan",38.0,"nan"
"hsc1580","n","nan","nan",66.0,"nan"
"hsc1581","n","nan","nan",25.0,"nan"
"hsc1582","n","nan","nan",51.0,"nan"
"hsc1583","n","nan",75.0,86.0,"nan"
"hsc1585","n","nan","nan",28.0,"nan"
"hsc1587","n","nan","nan",25.0,"nan"
"hsc1588","n","nan","nan",25.0,"nan"
"hsc159","n","nan","nan",25.0,"nan"
"hsc1590","n","nan","nan",51.0,"nan"
"hsc1594","n","nan","nan",25.0,"nan"
"hsc1595","n","nan","nan",53.0,"nan"
"hsc1598","n","nan","nan",53.0,"nan"
"hsc1599","n","nan","nan",25.0,"nan"
"hsc16","n","nan","nan",25.0,"nan"
"hsc160","n","nan","nan",36.0,"nan"
"hsc1600","n","nan","nan",52.0,"nan"
"hsc1601","n","nan","nan",25.0,"nan"
"hsc1603","n","nan","nan",45.0,"nan"
"hsc1605","n","nan","nan",25.0,"nan"
"hsc1608","n","nan","nan",45.0,"nan"
"hsc1610","n","nan","nan",25.0,"nan"
"hsc1611","n","nan","nan",25.0,"nan"
"hsc1612","n","nan","nan",26.0,"nan"
"hsc1613","n","nan","nan",35.0,"nan"
"hsc1614","n","nan","nan",25.0,"nan"
"hsc1615","n","nan","nan",27.0,"nan"
"hsc1618","n","nan","nan",25.0,"nan"
"hsc1619","n","nan","nan",27.0,"nan"
"hsc162","n","nan","nan",25.0,"nan"
"hsc1622","n","nan","nan",26.0,"nan"
"hsc1623","n","nan",50.0,48.0,"nan"
"hsc1624","n","nan","nan",39.0,"nan"
"hsc1625","n","nan","nan",28.0,"nan"
"hsc1627","n","nan","nan",42.0,"nan"
"hsc1630","n","nan","nan",94.0,"nan"
"hsc1631","n","nan","nan",52.0,"nan"
"hsc1634","n","nan","nan",40.0,"nan"
"hsc1635","n","nan","nan",60.0,"nan"
"hsc1636","n","nan","nan",25.0,"nan"
"hsc1637","n","nan",50.0,104.0,"nan"
"hsc164","n","nan","nan",25.0,"nan"
"hsc1640","n","nan","nan",128.0,"nan"
"hsc1641","n","nan","nan",25.0,"nan"
"hsc1643","n","nan",60.0,36.0,"nan"
"hsc1644","n","nan","nan",25.0,"nan"
"hsc1645","n","nan","nan",26.0,"nan"
"hsc1647","n","nan","nan",25.0,"nan"
"hsc1649","n","nan","nan",25.0,"nan"
"hsc1651","n","nan","nan",25.0,"nan"
"hsc1652","n","nan","nan",47.0,"nan"
"hsc1653","n","nan","nan",30.0,"nan"
"hsc1654","n","nan","nan",63.0,"nan"
"hsc1655","n","nan","nan",25.0,"nan"
"hsc1656","n","nan","nan",54.0,"nan"
"hsc1657","n","nan","nan",30.0,"nan"
"hsc1658","n","nan","nan",31.0,"nan"
"hsc166","n","nan","nan",25.0,"nan"
"hsc1660","n","nan","nan",25.0,"nan"
"hsc1663","n","nan","nan",25.0,"nan"
"hsc1664","n","nan","nan",25.0,"nan"
"hsc1665","n","nan",160.0,100.0,"nan"
"hsc1666","n","nan",50.0,110.0,"nan"
"hsc1667","n","nan","nan",25.0,"nan"
"hsc1668","n","nan",50.0,49.0,"nan"
"hsc1670","n","nan","nan",25.0,"nan"
"hsc1671","n","nan","nan",44.0,"nan"
"hsc1672","n","nan","nan",25.0,"nan"
"hsc1673","n","nan","nan",25.0,"nan"
"hsc1674","n","nan","nan",25.0,"nan"
"hsc1675","n","nan","nan",35.0,"nan"
"hsc1676","n","nan","nan",25.0,"nan"
"hsc1677","n","nan","nan",47.0,"nan"
"hsc1678","n","nan","nan",31.0,"nan"
"hsc1679","n","nan","nan",25.0,"nan"
"hsc1680","n","nan","nan",39.0,"nan"
"hsc1681","n","nan","nan",25.0,"nan"
"hsc1683","n","nan","nan",25.0,"nan"
"hsc1684","n","nan","nan",25.0,"nan"
"hsc1685","n","nan","nan",28.0,"nan"
"hsc1686","n","nan","nan",28.0,"nan"
"hsc1687","n","nan","nan",25.0,"nan"
"hsc1688","n","nan","nan",30.0,"nan"
"hsc1689","n","nan","nan",31.0,"nan"
"hsc1690","n","nan","nan",53.0,"nan"
"hsc1691","n","nan","nan",43.0,"nan"
"hsc1692","n","nan","nan",25.0,"nan"
"hsc1693","n","nan","nan",25.0,"nan"
"hsc1697","n","nan","nan",38.0,"nan"
"hsc1698","n","nan","nan",25.0,"nan"
"hsc1699","n","nan","nan",25.0,"nan"
"hsc17","n","nan","nan",25.0,"nan"
"hsc170","n","nan","nan",50.0,"nan"
"hsc1700","n","nan","nan",39.0,"nan"
"hsc1701","n","nan","nan",25.0,"nan"
"hsc1704","n","nan","nan",51.0,"nan"
"hsc1706","n","nan",60.0,29.0,"nan"
"hsc1707","n","nan","nan",25.0,"nan"
"hsc1708","n","nan","nan",25.0,"nan"
"hsc1709","n","nan","nan",25.0,"nan"
"hsc171","n","nan","nan",25.0,"nan"
"hsc1710","n","nan","nan",34.0,"nan"
"hsc1714","n","nan",50.0,58.0,"nan"
"hsc1715","n","nan","nan",25.0,"nan"
"hsc1716","n","nan","nan",25.0,"nan"
"hsc1719","n","nan","nan",25.0,"nan"
"hsc172","n","nan","nan",52.0,"nan"
"hsc1720","n","nan","nan",39.0,"nan"
"hsc1721","n","nan","nan",25.0,"nan"
"hsc1722","n","nan","nan",50.0,"nan"
"hsc1724","n","nan","nan",32.0,"nan"
"hsc1725","n","nan",75.0,125.0,"nan"
"hsc1726","n","nan",50.0,50.0,"nan"
"hsc1727","n","nan","nan",25.0,"nan"
"hsc1728","n","nan",75.0,148.0,"nan"
"hsc1729","n","nan","nan",25.0,"nan"
"hsc1730","n","nan","nan",25.0,"nan"
"hsc1731","n","nan","nan",62.0,"nan"
"hsc1732","n","nan","nan",34.0,"nan"
"hsc1734","n","nan","nan",42.0,"nan"
"hsc1735","n","nan","nan",25.0,"nan"
"hsc1738","n","nan","nan",25.0,"nan"
"hsc1739","n","nan","nan",25.0,"nan"
"hsc174","n","nan","nan",25.0,"nan"
"hsc1742","n","nan","nan",34.0,"nan"
"hsc1744","n","nan","nan",25.0,"nan"
"hsc1745","n","nan","nan",65.0,"nan"
"hsc1747","n","nan","nan",37.0,"nan"
"hsc1749","n","nan","nan",32.0,"nan"
"hsc175","n","nan",190.0,130.0,"nan"
"hsc1750","n","nan","nan",61.0,"nan"
"hsc1751","n","nan","nan",25.0,"nan"
"hsc1753","n","nan","nan",32.0,"nan"
"hsc1754","n","nan","nan",45.0,"nan"
"hsc1755","n","nan","nan",25.0,"nan"
"hsc1756","n","nan","nan",25.0,"nan"
"hsc1759","n","nan","nan",25.0,"nan"
"hsc176","n","nan","nan",52.0,"nan"
"hsc1760","n","nan","nan",25.0,"nan"
"hsc1761","n","nan","nan",57.0,"nan"
"hsc1762","n","nan","nan",25.0,"nan"
"hsc1764","n","nan","nan",55.0,"nan"
"hsc1765","n","nan","nan",37.0,"nan"
"hsc1766","n","nan","nan",25.0,"nan"
"hsc1769","n","nan","nan",25.0,"nan"
"hsc177","n","nan","nan",25.0,"nan"
"hsc1770","n","nan","nan",74.0,"nan"
"hsc1771","n","nan","nan",34.0,"nan"
"hsc1772","n","nan",50.0,63.0,"nan"
"hsc1773","n","nan","nan",25.0,"nan"
"hsc1774","n","nan","nan",25.0,"nan"
"hsc1775","n","nan","nan",25.0,"nan"
"hsc1776","n","nan","nan",25.0,"nan"
"hsc1782","n","nan","nan",25.0,"nan"
"hsc1783","n","nan",50.0,68.0,"nan"
"hsc1785","n","nan","nan",25.0,"nan"
"hsc1786","n","nan",50.0,62.0,"nan"
"hsc1788","n","nan","nan",25.0,"nan"
"hsc1789","n","nan",50.0,74.0,"nan"
"hsc179","n","nan","nan",444.0,"nan"
"hsc1790","n","nan","nan",25.0,"nan"
"hsc1791","n","nan","nan",57.0,"nan"
"hsc1793","n","nan",50.0,69.0,"nan"
"hsc1794","n","nan","nan",25.0,"nan"
"hsc1797","n","nan","nan",25.0,"nan"
"hsc1798","n","nan","nan",25.0,"nan"
"hsc1799","n","nan","nan",25.0,"nan"
"hsc18","n","nan","nan",25.0,"nan"
"hsc180","n","nan","nan",25.0,"nan"
"hsc1806","n","nan","nan",25.0,"nan"
"hsc1807","n","nan","nan",54.0,"nan"
"hsc1808","n","nan","nan",25.0,"nan"
"hsc1809","n","nan","nan",25.0,"nan"
"hsc181","n","nan","nan",48.0,"nan"
"hsc1810","n","nan","nan",25.0,"nan"
"hsc1812","n","nan","nan",34.0,"nan"
"hsc1814","n","nan","nan",33.0,"nan"
"hsc1816","n","nan","nan",25.0,"nan"
"hsc1817","n","nan","nan",52.0,"nan"
"hsc1818","n","nan","nan",27.0,"nan"
"hsc1820","n","nan","nan",25.0,"nan"
"hsc1822","n","nan","nan",25.0,"nan"
"hsc1823","n","nan","nan",25.0,"nan"
"hsc1824","n","nan","nan",39.0,"nan"
"hsc1825","n","nan",50.0,86.0,"nan"
"hsc1826","n","nan",50.0,59.0,"nan"
"hsc1827","n","nan","nan",25.0,"nan"
"hsc1828","n","nan","nan",25.0,"nan"
"hsc183","n","nan","nan",25.0,"nan"
"hsc1830","n","nan","nan",25.0,"nan"
"hsc1831","n","nan","nan",26.0,"nan"
"hsc1832","n","nan","nan",26.0,"nan"
"hsc1833","n","nan","nan",25.0,"nan"
"hsc1834","n","nan","nan",25.0,"nan"
"hsc1835","n","nan","nan",35.0,"nan"
"hsc1836","n","nan","nan",45.0,"nan"
"hsc1838","n","nan","nan",57.0,"nan"
"hsc1839","n","nan","nan",40.0,"nan"
"hsc184","n","nan","nan",25.0,"nan"
"hsc1840","n","nan","nan",27.0,"nan"
"hsc1841","n","nan","nan",25.0,"nan"
"hsc1842","n","nan","nan",25.0,"nan"
"hsc1843","n","nan",50.0,57.0,"nan"
"hsc1844","n","nan","nan",25.0,"nan"
"hsc1845","n","nan","nan",43.0,"nan"
"hsc1846","n","nan","nan",25.0,"nan"
"hsc1847","n","nan","nan",26.0,"nan"
"hsc1849","n","nan","nan",48.0,"nan"
"hsc1850","n","nan","nan",48.0,"nan"
"hsc1851","n","nan","nan",31.0,"nan"
"hsc1852","n","nan","nan",47.0,"nan"
"hsc1853","n","nan","nan",36.0,"nan"
"hsc1854","n","nan","nan",25.0,"nan"
"hsc1855","n","nan","nan",25.0,"nan"
"hsc1856","n","nan","nan",35.0,"nan"
"hsc1857","n","nan","nan",25.0,"nan"
"hsc1858","n","nan","nan",34.0,"nan"
"hsc1859","n","nan","nan",25.0,"nan"
"hsc186","n","nan","nan",246.0,"nan"
"hsc1860","n","nan",75.0,95.0,"nan"
"hsc1861","n","nan","nan",25.0,"nan"
"hsc1863","n","nan","nan",25.0,"nan"
"hsc1864","n","nan","nan",25.0,"nan"
"hsc1866","n","nan","nan",43.0,"nan"
"hsc1867","n","nan","nan",25.0,"nan"
"hsc1869","n","nan","nan",25.0,"nan"
"hsc187","n","nan","nan",36.0,"nan"
"hsc1870","n","nan","nan",40.0,"nan"
"hsc1871","n","nan","nan",25.0,"nan"
"hsc1872","n","nan",50.0,60.0,"nan"
"hsc1874","n","nan","nan",32.0,"nan"
"hsc1875","n","nan","nan",51.0,"nan"
"hsc1877","n","nan","nan",25.0,"nan"
"hsc188","n","nan","nan",25.0,"nan"
"hsc1880","n","nan","nan",58.0,"nan"
"hsc1881","n","nan","nan",25.0,"nan"
"hsc1884","n","nan","nan",46.0,"nan"
"hsc1886","n","nan",50.0,66.0,"nan"
"hsc1887","n","nan","nan",43.0,"nan"
"hsc1889","n","nan","nan",33.0,"nan"
"hsc189","n","nan","nan",40.0,"nan"
"hsc1892","n","nan","nan",37.0,"nan"
"hsc1893","n","nan","nan",33.0,"nan"
"hsc1894","n","nan","nan",44.0,"nan"
"hsc1897","n","nan","nan",59.0,"nan"
"hsc19","n","nan","nan",25.0,"nan"
"hsc190","n","nan","nan",25.0,"nan"
"hsc1900","n","nan","nan",35.0,"nan"
"hsc1902","n","nan",50.0,62.0,"nan"
"hsc1903","n","nan","nan",37.0,"nan"
"hsc1904","n","nan","nan",25.0,"nan"
"hsc1905","n","nan","nan",25.0,"nan"
"hsc1906","n","nan","nan",48.0,"nan"
"hsc1907","n","nan","nan",25.0,"nan"
"hsc1908","n","nan","nan",25.0,"nan"
"hsc191","n","nan","nan",25.0,"nan"
"hsc1910","n","nan","nan",49.0,"nan"
"hsc1911","n","nan","nan",55.0,"nan"
"hsc1912","n","nan","nan",25.0,"nan"
"hsc1914","n","nan","nan",25.0,"nan"
"hsc1915","n","nan","nan",25.0,"nan"
"hsc1916","n","nan",75.0,84.0,"nan"
"hsc1917","n","nan","nan",31.0,"nan"
"hsc1918","n","nan","nan",36.0,"nan"
"hsc1919","n","nan","nan",28.0,"nan"
"hsc192","n","nan","nan",25.0,"nan"
"hsc1921","n","nan","nan",25.0,"nan"
"hsc1922","n","nan","nan",42.0,"nan"
"hsc1924","n","nan","nan",25.0,"nan"
"hsc1925","n","nan","nan",25.0,"nan"
"hsc1926","n","nan",50.0,60.0,"nan"
"hsc1927","n","nan","nan",34.0,"nan"
"hsc193","n","nan","nan",25.0,"nan"
"hsc1931","n","nan",50.0,58.0,"nan"
"hsc1932","n","nan","nan",35.0,"nan"
"hsc1933","n","nan","nan",31.0,"nan"
"hsc1934","n","nan","nan",54.0,"nan"
"hsc1935","n","nan",50.0,25.0,"nan"
"hsc1936","n","nan","nan",41.0,"nan"
"hsc1937","n","nan","nan",32.0,"nan"
"hsc1938","n","nan","nan",25.0,"nan"
"hsc194","n","nan","nan",25.0,"nan"
"hsc1941","n","nan","nan",25.0,"nan"
"hsc1942","n","nan","nan",25.0,"nan"
"hsc1943","n","nan",40.0,25.0,"nan"
"hsc1945","n","nan","nan",28.0,"nan"
"hsc1946","n","nan","nan",25.0,"nan"
"hsc1947","n","nan","nan",25.0,"nan"
"hsc1949","n","nan","nan",25.0,"nan"
"hsc195","n","nan","nan",31.0,"nan"
"hsc1950","n","nan","nan",25.0,"nan"
"hsc1952","n","nan","nan",25.0,"nan"
"hsc1954","n","nan","nan",57.0,"nan"
"hsc1957","n","nan","nan",50.0,"nan"
"hsc1958","n","nan","nan",25.0,"nan"
"hsc196","n","nan","nan",25.0,"nan"
"hsc1960","n","nan","nan",25.0,"nan"
"hsc1961","n","nan",75.0,90.0,"nan"
"hsc1962","n","nan","nan",32.0,"nan"
"hsc1963","n","nan",60.0,38.0,"nan"
"hsc1965","n","nan","nan",25.0,"nan"
"hsc1967","n","nan","nan",26.0,"nan"
"hsc1969","n","nan",40.0,43.0,"nan"
"hsc197","n","nan","nan",47.0,"nan"
"hsc1970","n","nan","nan",25.0,"nan"
"hsc1971","n","nan","nan",25.0,"nan"
"hsc1973","n","nan","nan",25.0,"nan"
"hsc1974","n","nan","nan",32.0,"nan"
"hsc1975","n","nan","nan",25.0,"nan"
"hsc1976","n","nan","nan",25.0,"nan"
"hsc1977","n","nan","nan",25.0,"nan"
"hsc1979","n","nan","nan",25.0,"nan"
"hsc198","n","nan",110.0,44.0,"nan"
"hsc1980","n","nan","nan",25.0,"nan"
"hsc1983","n","nan","nan",33.0,"nan"
"hsc1984","n","nan","nan",25.0,"nan"
"hsc1985","n","nan","nan",25.0,"nan"
"hsc1987","n","nan","nan",33.0,"nan"
"hsc1988","n","nan","nan",25.0,"nan"
"hsc1989","n","nan","nan",39.0,"nan"
"hsc1990","n","nan","nan",45.0,"nan"
"hsc1991","n","nan","nan",25.0,"nan"
"hsc1993","n","nan","nan",25.0,"nan"
"hsc1994","n","nan","nan",25.0,"nan"
"hsc1997","n","nan","nan",25.0,"nan"
"hsc1998","n","nan","nan",33.0,"nan"
"hsc1999","n","nan","nan",57.0,"nan"
"hsc2","n","nan","nan",25.0,"nan"
"hsc20","n","nan","nan",28.0,"nan"
"hsc200","n","nan","nan",25.0,"nan"
"hsc2001","n","nan","nan",25.0,"nan"
"hsc2002","n","nan","nan",25.0,"nan"
"hsc2003","n","nan","nan",25.0,"nan"
"hsc2005","n","nan","nan",25.0,"nan"
"hsc2007","n","nan","nan",25.0,"nan"
"hsc2009","n","nan","nan",25.0,"nan"
"hsc201","n","nan","nan",25.0,"nan"
"hsc2010","n","nan","nan",25.0,"nan"
"hsc2011","n","nan","nan",25.0,"nan"
"hsc2012","n","nan","nan",47.0,"nan"
"hsc2013","n","nan","nan",36.0,"nan"
"hsc2014","n","nan","nan",25.0,"nan"
"hsc2015","n","nan","nan",53.0,"nan"
"hsc2016","n","nan",50.0,396.0,"nan"
"hsc2017","n","nan","nan",52.0,"nan"
"hsc2018","n","nan","nan",49.0,"nan"
"hsc2019","n","nan","nan",49.0,"nan"
"hsc202","n","nan","nan",25.0,"nan"
"hsc2020","n","nan","nan",33.0,"nan"
"hsc2021","n","nan","nan",25.0,"nan"
"hsc2022","n","nan","nan",25.0,"nan"
"hsc2023","n","nan","nan",25.0,"nan"
"hsc2025","n","nan","nan",25.0,"nan"
"hsc2026","n","nan","nan",28.0,"nan"
"hsc2027","n","nan",50.0,62.0,"nan"
"hsc2028","n","nan","nan",25.0,"nan"
"hsc2030","n","nan","nan",25.0,"nan"
"hsc2031","n","nan",50.0,60.0,"nan"
"hsc2032","n","nan","nan",50.0,"nan"
"hsc2033","n","nan","nan",25.0,"nan"
"hsc2034","n","nan","nan",25.0,"nan"
"hsc2037","n","nan","nan",25.0,"nan"
"hsc2038","n","nan","nan",25.0,"nan"
"hsc2039","n","nan","nan",42.0,"nan"
"hsc204","n","nan","nan",37.0,"nan"
"hsc2040","n","nan","nan",38.0,"nan"
"hsc2041","n","nan",50.0,104.0,"nan"
"hsc2042","n","nan",40.0,49.0,"nan"
"hsc2045","n","nan","nan",26.0,"nan"
"hsc2046","n","nan","nan",37.0,"nan"
"hsc205","n","nan","nan",25.0,"nan"
"hsc2050","n","nan","nan",28.0,"nan"
"hsc2052","n","nan","nan",25.0,"nan"
"hsc2053","n","nan","nan",25.0,"nan"
"hsc2054","n","nan","nan",25.0,"nan"
"hsc2055","n","nan","nan",25.0,"nan"
"hsc2056","n","nan",50.0,51.0,"nan"
"hsc2057","n","nan","nan",25.0,"nan"
"hsc2058","n","nan","nan",25.0,"nan"
"hsc2059","n","nan","nan",25.0,"nan"
"hsc2060","n","nan","nan",25.0,"nan"
"hsc2061","n","nan","nan",220.0,"nan"
"hsc2063","n","nan","nan",30.0,"nan"
"hsc2064","n","nan","nan",33.0,"nan"
"hsc2066","n","nan","nan",38.0,"nan"
"hsc2068","n","nan","nan",28.0,"nan"
"hsc207","n","nan","nan",25.0,"nan"
"hsc2071","n","nan","nan",30.0,"nan"
"hsc2072","n","nan",50.0,59.0,"nan"
"hsc2073","n","nan","nan",50.0,"nan"
"hsc2075","n","nan","nan",46.0,"nan"
"hsc2076","n","nan","nan",25.0,"nan"
"hsc2077","n","nan","nan",37.0,"nan"
"hsc2078","n","nan","nan",25.0,"nan"
"hsc208","n","nan","nan",25.0,"nan"
"hsc2080","n","nan","nan",25.0,"nan"
"hsc2081","n","nan","nan",32.0,"nan"
"hsc2082","n","nan","nan",94.0,"nan"
"hsc2083","n","nan","nan",40.0,"nan"
"hsc2084","n","nan",100.0,119.0,"nan"
"hsc2085","n","nan","nan",32.0,"nan"
"hsc2086","n","nan","nan",25.0,"nan"
"hsc2089","n","nan",40.0,44.0,"nan"
"hsc2090","n","nan","nan",28.0,"nan"
"hsc2091","n","nan","nan",35.0,"nan"
"hsc2092","n","nan","nan",25.0,"nan"
"hsc2093","n","nan","nan",28.0,"nan"
"hsc2094","n","nan",50.0,65.0,"nan"
"hsc2095","n","nan","nan",47.0,"nan"
"hsc2096","n","nan","nan",25.0,"nan"
"hsc2097","n","nan",50.0,121.0,"nan"
"hsc2099","n","nan","nan",25.0,"nan"
"hsc2100","n","nan","nan",25.0,"nan"
"hsc2102","n","nan","nan",114.0,"nan"
"hsc2103","n","nan","nan",25.0,"nan"
"hsc2104","n","nan","nan",25.0,"nan"
"hsc2105","n","nan","nan",25.0,"nan"
"hsc2107","n","nan","nan",25.0,"nan"
"hsc2110","n","nan",120.0,49.0,"nan"
"hsc2112","n","nan",60.0,31.0,"nan"
"hsc2113","n","nan","nan",25.0,"nan"
"hsc2114","n","nan","nan",25.0,"nan"
"hsc2115","n","nan",75.0,112.0,"nan"
"hsc2116","n","nan",70.0,48.0,"nan"
"hsc2118","n","nan","nan",29.0,"nan"
"hsc2119","n","nan","nan",25.0,"nan"
"hsc212","n","nan","nan",25.0,"nan"
"hsc2120","n","nan","nan",39.0,"nan"
"hsc2123","n","nan","nan",25.0,"nan"
"hsc2125","n","nan","nan",25.0,"nan"
"hsc2126","n","nan","nan",82.0,"nan"
"hsc2127","n","nan","nan",25.0,"nan"
"hsc2128","n","nan",50.0,115.0,"nan"
"hsc2129","n","nan","nan",25.0,"nan"
"hsc213","n","nan","nan",25.0,"nan"
"hsc2130","n","nan","nan",27.0,"nan"
"hsc2132","n","nan","nan",25.0,"nan"
"hsc2133","n","nan","nan",28.0,"nan"
"hsc2134","n","nan","nan",25.0,"nan"
"hsc2135","n","nan","nan",44.0,"nan"
"hsc2136","n","nan","nan",25.0,"nan"
"hsc2137","n","nan","nan",25.0,"nan"
"hsc2139","n","nan","nan",67.0,"nan"
"hsc214","n","nan","nan",25.0,"nan"
"hsc2140","n","nan","nan",25.0,"nan"
"hsc2141","n","nan",110.0,75.0,"nan"
"hsc2142","n","nan","nan",30.0,"nan"
"hsc2143","n","nan","nan",25.0,"nan"
"hsc2144","n","nan","nan",38.0,"nan"
"hsc2145","n","nan","nan",50.0,"nan"
"hsc2147","n","nan","nan",25.0,"nan"
"hsc2148","n","nan","nan",25.0,"nan"
"hsc2149","n","nan","nan",43.0,"nan"
"hsc215","n","nan","nan",25.0,"nan"
"hsc2150","n","nan","nan",25.0,"nan"
"hsc2151","n","nan","nan",25.0,"nan"
"hsc2153","n","nan",50.0,71.0,"nan"
"hsc2154","n","nan","nan",25.0,"nan"
"hsc2155","n","nan","nan",29.0,"nan"
"hsc2156","n","nan","nan",41.0,"nan"
"hsc2157","n","nan",70.0,25.0,"nan"
"hsc2158","n","nan","nan",25.0,"nan"
"hsc2159","n","nan","nan",28.0,"nan"
"hsc2160","n","nan","nan",25.0,"nan"
"hsc2161","n","nan",40.0,43.0,"nan"
"hsc2163","n","nan","nan",53.0,"nan"
"hsc2165","n","nan","nan",25.0,"nan"
"hsc2166","n","nan","nan",25.0,"nan"
"hsc2167","n","nan","nan",25.0,"nan"
"hsc2168","n","nan","nan",25.0,"nan"
"hsc2170","n","nan","nan",31.0,"nan"
"hsc2173","n","nan",70.0,50.0,"nan"
"hsc2174","n","nan","nan",25.0,"nan"
"hsc2175","n","nan",50.0,65.0,"nan"
"hsc2176","n","nan","nan",25.0,"nan"
"hsc2177","n","nan","nan",57.0,"nan"
"hsc2178","n","nan","nan",31.0,"nan"
"hsc2179","n","nan","nan",25.0,"nan"
"hsc2180","n","nan","nan",37.0,"nan"
"hsc2181","n","nan","nan",43.0,"nan"
"hsc2183","n","nan","nan",25.0,"nan"
"hsc2184","n","nan","nan",35.0,"nan"
"hsc2187","n","nan","nan",25.0,"nan"
"hsc2189","n","nan",50.0,72.0,"nan"
"hsc219","n","nan",50.0,63.0,"nan"
"hsc2192","n","nan","nan",41.0,"nan"
"hsc2193","n","nan","nan",25.0,"nan"
"hsc2194","n","nan","nan",25.0,"nan"
"hsc2195","n","nan","nan",55.0,"nan"
"hsc2198","n","nan","nan",33.0,"nan"
"hsc2199","n","nan","nan",51.0,"nan"
"hsc220","n","nan","nan",25.0,"nan"
"hsc2202","n","nan","nan",25.0,"nan"
"hsc2203","n","nan","nan",74.0,"nan"
"hsc2204","n","nan","nan",25.0,"nan"
"hsc2206","n","nan","nan",25.0,"nan"
"hsc221","n","nan","nan",47.0,"nan"
"hsc2210","n","nan","nan",25.0,"nan"
"hsc2211","n","nan","nan",25.0,"nan"
"hsc2213","n","nan","nan",25.0,"nan"
"hsc2214","n","nan","nan",25.0,"nan"
"hsc2215","n","nan",75.0,148.0,"nan"
"hsc2216","n","nan","nan",25.0,"nan"
"hsc2217","n","nan","nan",25.0,"nan"
"hsc2218","n","nan","nan",40.0,"nan"
"hsc222","n","nan","nan",25.0,"nan"
"hsc2220","n","nan","nan",25.0,"nan"
"hsc2221","n","nan","nan",30.0,"nan"
"hsc2223","n","nan","nan",25.0,"nan"
"hsc2224","n","nan","nan",25.0,"nan"
"hsc2225","n","nan","nan",25.0,"nan"
"hsc2226","n","nan","nan",25.0,"nan"
"hsc2227","n","nan","nan",31.0,"nan"
"hsc2229","n","nan","nan",30.0,"nan"
"hsc223","n","nan","nan",25.0,"nan"
"hsc2230","n","nan","nan",39.0,"nan"
"hsc2231","n","nan","nan",26.0,"nan"
"hsc2232","n","nan","nan",55.0,"nan"
"hsc2233","n","nan","nan",25.0,"nan"
"hsc2234","n","nan","nan",25.0,"nan"
"hsc2235","n","nan","nan",25.0,"nan"
"hsc2236","n","nan","nan",42.0,"nan"
"hsc2237","n","nan","nan",25.0,"nan"
"hsc2239","n","nan","nan",64.0,"nan"
"hsc224","n","nan",50.0,61.0,"nan"
"hsc2241","n","nan","nan",25.0,"nan"
"hsc2244","n","nan","nan",41.0,"nan"
"hsc2246","n","nan","nan",25.0,"nan"
"hsc2247","n","nan","nan",46.0,"nan"
"hsc2248","n","nan","nan",25.0,"nan"
"hsc2249","n","nan","nan",25.0,"nan"
"hsc225","n","nan","nan",39.0,"nan"
"hsc2251","n","nan","nan",44.0,"nan"
"hsc2253","n","nan","nan",28.0,"nan"
"hsc2256","n","nan","nan",37.0,"nan"
"hsc2257","n","nan","nan",28.0,"nan"
"hsc226","n","nan","nan",61.0,"nan"
"hsc2260","n","nan",50.0,58.0,"nan"
"hsc2261","n","nan","nan",50.0,"nan"
"hsc2263","n","nan","nan",39.0,"nan"
"hsc2266","n","nan","nan",50.0,"nan"
"hsc2268","n","nan","nan",29.0,"nan"
"hsc227","n","nan","nan",48.0,"nan"
"hsc2270","n","nan","nan",25.0,"nan"
"hsc2271","n","nan","nan",28.0,"nan"
"hsc2272","n","nan","nan",25.0,"nan"
"hsc2273","n","nan","nan",25.0,"nan"
"hsc2274","n","nan",150.0,84.0,"nan"
"hsc2275","n","nan","nan",25.0,"nan"
"hsc2278","n","nan","nan",46.0,"nan"
"hsc2280","n","nan","nan",113.0,"nan"
"hsc2282","n","nan",75.0,96.0,"nan"
"hsc2283","n","nan","nan",87.0,"nan"
"hsc2284","n","nan","nan",34.0,"nan"
"hsc2286","n","nan","nan",25.0,"nan"
"hsc2287","n","nan","nan",29.0,"nan"
"hsc2288","n","nan","nan",55.0,"nan"
"hsc2289","n","nan","nan",31.0,"nan"
"hsc229","n","nan","nan",25.0,"nan"
"hsc2290","n","nan","nan",25.0,"nan"
"hsc2296","n","nan",50.0,53.0,"nan"
"hsc2297","n","nan",50.0,59.0,"nan"
"hsc2298","n","nan",50.0,61.0,"nan"
"hsc23","n","nan","nan",25.0,"nan"
"hsc2302","n","nan","nan",27.0,"nan"
"hsc2303","n","nan","nan",153.0,"nan"
"hsc2305","n","nan","nan",37.0,"nan"
"hsc2306","n","nan","nan",33.0,"nan"
"hsc2307","n","nan","nan",25.0,"nan"
"hsc2308","n","nan","nan",25.0,"nan"
"hsc2309","n","nan",50.0,63.0,"nan"
"hsc231","n","nan","nan",25.0,"nan"
"hsc2311","n","nan","nan",25.0,"nan"
"hsc2312","n","nan","nan",25.0,"nan"
"hsc2314","n","nan","nan",25.0,"nan"
"hsc2315","n","nan",75.0,101.0,"nan"
"hsc2319","n","nan","nan",25.0,"nan"
"hsc232","n","nan","nan",25.0,"nan"
"hsc2320","n","nan","nan",40.0,"nan"
"hsc2321","n","nan","nan",25.0,"nan"
"hsc2322","n","nan","nan",36.0,"nan"
"hsc2324","n","nan","nan",25.0,"nan"
"hsc2325","n","nan","nan",105.0,"nan"
"hsc2326","n","nan","nan",25.0,"nan"
"hsc2327","n","nan","nan",91.0,"nan"
"hsc2329","n","nan","nan",57.0,"nan"
"hsc233","n","nan","nan",25.0,"nan"
"hsc2331","n","nan","nan",29.0,"nan"
"hsc2332","n","nan","nan",73.0,"nan"
"hsc2333","n","nan","nan",25.0,"nan"
"hsc2334","n","nan","nan",25.0,"nan"
"hsc2335","n","nan","nan",25.0,"nan"
"hsc2336","n","nan","nan",39.0,"nan"
"hsc2337","n","nan","nan",39.0,"nan"
"hsc2338","n","nan","nan",44.0,"nan"
"hsc234","n","nan","nan",39.0,"nan"
"hsc2340","n","nan","nan",197.0,"nan"
"hsc2341","n","nan","nan",37.0,"nan"
"hsc2342","n","nan","nan",27.0,"nan"
"hsc2343","n","nan",50.0,25.0,"nan"
"hsc2344","n","nan","nan",26.0,"nan"
"hsc2348","n","nan","nan",35.0,"nan"
"hsc235","n","nan","nan",111.0,"nan"
"hsc2350","n","nan","nan",68.0,"nan"
"hsc2351","n","nan","nan",34.0,"nan"
"hsc2352","n","nan","nan",25.0,"nan"
"hsc2353","n","nan","nan",25.0,"nan"
"hsc2354","n","nan","nan",46.0,"nan"
"hsc2355","n","nan","nan",25.0,"nan"
"hsc2358","n","nan","nan",38.0,"nan"
"hsc2359","n","nan","nan",430.0,"nan"
"hsc236","n","nan","nan",25.0,"nan"
"hsc2361","n","nan","nan",44.0,"nan"
"hsc2362","n","nan","nan",38.0,"nan"
"hsc2364","n","nan","nan",33.0,"nan"
"hsc2367","n","nan","nan",25.0,"nan"
"hsc2368","n","nan","nan",25.0,"nan"
"hsc2369","n","nan","nan",25.0,"nan"
"hsc2370","n","nan","nan",38.0,"nan"
"hsc2372","n","nan","nan",25.0,"nan"
"hsc2374","n","nan","nan",25.0,"nan"
"hsc2375","n","nan","nan",25.0,"nan"
"hsc2376","n","nan","nan",48.0,"nan"
"hsc2377","n","nan",50.0,73.0,"nan"
"hsc2378","n","nan","nan",30.0,"nan"
"hsc238","n","nan","nan",28.0,"nan"
"hsc2380","n","nan","nan",54.0,"nan"
"hsc2381","n","nan","nan",25.0,"nan"
"hsc2382","n","nan","nan",59.0,"nan"
"hsc2386","n","nan","nan",69.0,"nan"
"hsc2388","n","nan","nan",25.0,"nan"
"hsc2389","n","nan",90.0,29.0,"nan"
"hsc239","n","nan",40.0,47.0,"nan"
"hsc2392","n","nan","nan",25.0,"nan"
"hsc2393","n","nan","nan",25.0,"nan"
"hsc2394","n","nan","nan",25.0,"nan"
"hsc2395","n","nan",75.0,81.0,"nan"
"hsc2396","n","nan","nan",25.0,"nan"
"hsc2397","n","nan","nan",25.0,"nan"
"hsc2398","n","nan","nan",45.0,"nan"
"hsc2399","n","nan","nan",25.0,"nan"
"hsc240","n","nan","nan",25.0,"nan"
"hsc2401","n","nan","nan",40.0,"nan"
"hsc2402","n","nan","nan",25.0,"nan"
"hsc2403","n","nan",50.0,75.0,"nan"
"hsc2404","n","nan","nan",76.0,"nan"
"hsc2405","n","nan","nan",25.0,"nan"
"hsc2406","n","nan","nan",25.0,"nan"
"hsc2409","n","nan","nan",43.0,"nan"
"hsc2411","n","nan","nan",25.0,"nan"
"hsc2412","n","nan","nan",29.0,"nan"
"hsc2416","n","nan",50.0,65.0,"nan"
"hsc2417","n","nan","nan",25.0,"nan"
"hsc2418","n","nan","nan",25.0,"nan"
"hsc2419","n","nan",40.0,48.0,"nan"
"hsc242","n","nan","nan",62.0,"nan"
"hsc2423","n","nan","nan",25.0,"nan"
"hsc2424","n","nan","nan",68.0,"nan"
"hsc2425","n","nan","nan",25.0,"nan"
"hsc2427","n","nan","nan",43.0,"nan"
"hsc2428","n","nan","nan",27.0,"nan"
"hsc2429","n","nan",50.0,60.0,"nan"
"hsc2430","n","nan","nan",25.0,"nan"
"hsc2431","n","nan","nan",43.0,"nan"
"hsc2432","n","nan","nan",25.0,"nan"
"hsc2433","n","nan","nan",55.0,"nan"
"hsc2434","n","nan","nan",25.0,"nan"
"hsc2435","n","nan",50.0,71.0,"nan"
"hsc2437","n","nan","nan",25.0,"nan"
"hsc2438","n","nan","nan",25.0,"nan"
"hsc2443","n","nan","nan",25.0,"nan"
"hsc2446","n","nan","nan",25.0,"nan"
"hsc2447","n","nan","nan",25.0,"nan"
"hsc2449","n","nan","nan",49.0,"nan"
"hsc2452","n","nan",50.0,71.0,"nan"
"hsc2454","n","nan","nan",25.0,"nan"
"hsc2458","n","nan","nan",25.0,"nan"
"hsc2459","n","nan","nan",25.0,"nan"
"hsc2460","n","nan",50.0,54.0,"nan"
"hsc2461","n","nan","nan",33.0,"nan"
"hsc2462","n","nan",50.0,87.0,"nan"
"hsc2464","n","nan","nan",25.0,"nan"
"hsc2469","n","nan","nan",38.0,"nan"
"hsc2470","n","nan","nan",26.0,"nan"
"hsc2471","n","nan","nan",25.0,"nan"
"hsc2474","n","nan","nan",25.0,"nan"
"hsc2477","n","nan","nan",29.0,"nan"
"hsc2478","n","nan","nan",45.0,"nan"
"hsc248","n","nan","nan",25.0,"nan"
"hsc2481","n","nan","nan",25.0,"nan"
"hsc2482","n","nan","nan",25.0,"nan"
"hsc2484","n","nan","nan",25.0,"nan"
"hsc2486","n","nan","nan",25.0,"nan"
"hsc2489","n","nan","nan",25.0,"nan"
"hsc249","n","nan","nan",47.0,"nan"
"hsc2490","n","nan","nan",58.0,"nan"
"hsc2494","n","nan","nan",41.0,"nan"
"hsc2495","n","nan","nan",25.0,"nan"
"hsc2498","n","nan","nan",48.0,"nan"
"hsc2499","n","nan","nan",25.0,"nan"
"hsc25","n","nan","nan",25.0,"nan"
"hsc250","n","nan","nan",30.0,"nan"
"hsc2502","n","nan","nan",27.0,"nan"
"hsc2503","n","nan","nan",28.0,"nan"
"hsc2504","n","nan","nan",25.0,"nan"
"hsc2506","n","nan","nan",180.0,"nan"
"hsc2507","n","nan","nan",25.0,"nan"
"hsc251","n","nan","nan",90.0,"nan"
"hsc2511","n","nan","nan",25.0,"nan"
"hsc2512","n","nan",70.0,25.0,"nan"
"hsc2514","n","nan",50.0,89.0,"nan"
"hsc2518","n","nan","nan",33.0,"nan"
"hsc2519","n","nan","nan",25.0,"nan"
"hsc252","n","nan",50.0,62.0,"nan"
"hsc2520","n","nan",75.0,101.0,"nan"
"hsc2521","n","nan","nan",25.0,"nan"
"hsc2523","n","nan","nan",25.0,"nan"
"hsc2525","n","nan","nan",25.0,"nan"
"hsc2526","n","nan","nan",29.0,"nan"
"hsc2527","n","nan",50.0,58.0,"nan"
"hsc2529","n","nan","nan",25.0,"nan"
"hsc253","n","nan","nan",25.0,"nan"
"hsc2531","n","nan","nan",25.0,"nan"
"hsc2532","n","nan","nan",25.0,"nan"
"hsc2533","n","nan","nan",25.0,"nan"
"hsc2534","n","nan","nan",25.0,"nan"
"hsc2536","n","nan","nan",25.0,"nan"
"hsc2538","n","nan","nan",25.0,"nan"
"hsc2539","n","nan","nan",206.0,"nan"
"hsc254","n","nan","nan",25.0,"nan"
"hsc2540","n","nan","nan",41.0,"nan"
"hsc2546","n","nan","nan",78.0,"nan"
"hsc2549","n","nan","nan",26.0,"nan"
"hsc255","n","nan","nan",25.0,"nan"
"hsc2550","n","nan","nan",30.0,"nan"
"hsc2551","n","nan","nan",31.0,"nan"
"hsc2552","n","nan","nan",44.0,"nan"
"hsc2553","n","nan","nan",25.0,"nan"
"hsc2554","n","nan","nan",25.0,"nan"
"hsc2555","n","nan","nan",25.0,"nan"
"hsc2556","n","nan","nan",36.0,"nan"
"hsc2557","n","nan","nan",70.0,"nan"
"hsc2558","n","nan","nan",43.0,"nan"
"hsc2559","n","nan",50.0,53.0,"nan"
"hsc2562","n","nan","nan",25.0,"nan"
"hsc2564","n","nan","nan",32.0,"nan"
"hsc2565","n","nan","nan",25.0,"nan"
"hsc2567","n","nan","nan",25.0,"nan"
"hsc2568","n","nan","nan",25.0,"nan"
"hsc2569","n","nan","nan",31.0,"nan"
"hsc257","n","nan","nan",25.0,"nan"
"hsc2570","n","nan","nan",25.0,"nan"
"hsc2571","n","nan","nan",25.0,"nan"
"hsc2575","n","nan",75.0,187.0,"nan"
"hsc2578","n","nan","nan",35.0,"nan"
"hsc2579","n","nan","nan",56.0,"nan"
"hsc2580","n","nan","nan",29.0,"nan"
"hsc2581","n","nan","nan",47.0,"nan"
"hsc2582","n","nan","nan",25.0,"nan"
"hsc2583","n","nan","nan",25.0,"nan"
"hsc2584","n","nan","nan",48.0,"nan"
"hsc2585","n","nan","nan",70.0,"nan"
"hsc2586","n","nan","nan",25.0,"nan"
"hsc2587","n","nan","nan",25.0,"nan"
"hsc2590","n","nan","nan",25.0,"nan"
"hsc2592","n","nan",80.0,36.0,"nan"
"hsc2594","n","nan","nan",25.0,"nan"
"hsc2595","n","nan","nan",67.0,"nan"
"hsc2596","n","nan","nan",25.0,"nan"
"hsc2598","n","nan","nan",29.0,"nan"
"hsc2599","n","nan",100.0,34.0,"nan"
"hsc26","n","nan",50.0,110.0,"nan"
"hsc2600","n","nan","nan",36.0,"nan"
"hsc2601","n","nan","nan",25.0,"nan"
"hsc2602","n","nan","nan",55.0,"nan"
"hsc2603","n","nan","nan",26.0,"nan"
"hsc2604","n","nan","nan",36.0,"nan"
"hsc2605","n","nan","nan",25.0,"nan"
"hsc2607","n","nan","nan",70.0,"nan"
"hsc2609","n","nan","nan",28.0,"nan"
"hsc261","n","nan","nan",55.0,"nan"
"hsc2610","n","nan","nan",25.0,"nan"
"hsc2611","n","nan",50.0,72.0,"nan"
"hsc2615","n","nan","nan",25.0,"nan"
"hsc2616","n","nan","nan",25.0,"nan"
"hsc2617","n","nan","nan",25.0,"nan"
"hsc2618","n","nan","nan",25.0,"nan"
"hsc2619","n","nan","nan",25.0,"nan"
"hsc262","n","nan","nan",69.0,"nan"
"hsc2620","n","nan","nan",50.0,"nan"
"hsc2621","n","nan","nan",25.0,"nan"
"hsc2622","n","nan","nan",25.0,"nan"
"hsc2625","n","nan","nan",25.0,"nan"
"hsc2626","n","nan","nan",25.0,"nan"
"hsc263","n","nan","nan",41.0,"nan"
"hsc2630","n","nan","nan",29.0,"nan"
"hsc2631","n","nan","nan",25.0,"nan"
"hsc2632","n","nan","nan",25.0,"nan"
"hsc2634","n","nan","nan",33.0,"nan"
"hsc2635","n","nan","nan",47.0,"nan"
"hsc2637","n","nan","nan",29.0,"nan"
"hsc2638","n","nan","nan",25.0,"nan"
"hsc264","n","nan","nan",25.0,"nan"
"hsc2641","n","nan","nan",25.0,"nan"
"hsc2642","n","nan","nan",94.0,"nan"
"hsc2643","n","nan","nan",25.0,"nan"
"hsc2644","n","nan","nan",25.0,"nan"
"hsc2645","n","nan","nan",45.0,"nan"
"hsc2646","n","nan",40.0,49.0,"nan"
"hsc2649","n","nan","nan",28.0,"nan"
"hsc265","n","nan",70.0,34.0,"nan"
"hsc2651","n","nan","nan",25.0,"nan"
"hsc2653","n","nan","nan",25.0,"nan"
"hsc2654","n","nan","nan",31.0,"nan"
"hsc2655","n","nan",50.0,84.0,"nan"
"hsc2656","n","nan","nan",25.0,"nan"
"hsc2657","n","nan","nan",64.0,"nan"
"hsc2658","n","nan","nan",25.0,"nan"
"hsc2659","n","nan","nan",39.0,"nan"
"hsc266","n","nan","nan",125.0,"nan"
"hsc2660","n","nan","nan",25.0,"nan"
"hsc2661","n","nan","nan",154.0,"nan"
"hsc2662","n","nan","nan",25.0,"nan"
"hsc2664","n","nan","nan",26.0,"nan"
"hsc2666","n","nan","nan",25.0,"nan"
"hsc2667","n","nan","nan",996.0,"nan"
"hsc2668","n","nan","nan",28.0,"nan"
"hsc2669","n","nan","nan",25.0,"nan"
"hsc267","n","nan","nan",47.0,"nan"
"hsc2672","n","nan","nan",25.0,"nan"
"hsc2673","n","nan","nan",25.0,"nan"
"hsc2674","n","nan","nan",25.0,"nan"
"hsc2675","n","nan","nan",25.0,"nan"
"hsc2676","n","nan","nan",25.0,"nan"
"hsc2678","n","nan","nan",25.0,"nan"
"hsc268","n","nan",50.0,85.0,"nan"
"hsc2681","n","nan","nan",49.0,"nan"
"hsc2682","n","nan","nan",55.0,"nan"
"hsc2683","n","nan","nan",25.0,"nan"
"hsc2684","n","nan","nan",25.0,"nan"
"hsc2686","n","nan","nan",25.0,"nan"
"hsc2687","n","nan","nan",29.0,"nan"
"hsc2688","n","nan","nan",25.0,"nan"
"hsc2689","n","nan","nan",33.0,"nan"
"hsc269","n","nan","nan",25.0,"nan"
"hsc2690","n","nan","nan",25.0,"nan"
"hsc2691","n","nan","nan",44.0,"nan"
"hsc2692","n","nan","nan",25.0,"nan"
"hsc2693","n","nan","nan",29.0,"nan"
"hsc2695","n","nan","nan",25.0,"nan"
"hsc2696","n","nan","nan",25.0,"nan"
"hsc2698","n","nan","nan",41.0,"nan"
"hsc27","n","nan","nan",25.0,"nan"
"hsc2701","n","nan",70.0,25.0,"nan"
"hsc2702","n","nan","nan",25.0,"nan"
"hsc2703","n","nan","nan",111.0,"nan"
"hsc2704","n","nan","nan",25.0,"nan"
"hsc2705","n","nan","nan",48.0,"nan"
"hsc2706","n","nan","nan",47.0,"nan"
"hsc2708","n","nan","nan",25.0,"nan"
"hsc2709","n","nan","nan",25.0,"nan"
"hsc271","n","nan","nan",58.0,"nan"
"hsc2710","n","nan","nan",25.0,"nan"
"hsc2711","n","nan","nan",34.0,"nan"
"hsc2712","n","nan","nan",29.0,"nan"
"hsc2713","n","nan","nan",25.0,"nan"
"hsc2714","n","nan","nan",29.0,"nan"
"hsc2715","n","nan","nan",25.0,"nan"
"hsc2716","n","nan","nan",25.0,"nan"
"hsc2718","n","nan",75.0,80.0,"nan"
"hsc2719","n","nan","nan",53.0,"nan"
"hsc272","n","nan","nan",86.0,"nan"
"hsc2720","n","nan","nan",29.0,"nan"
"hsc2721","n","nan","nan",25.0,"nan"
"hsc2722","n","nan","nan",25.0,"nan"
"hsc2723","n","nan","nan",25.0,"nan"
"hsc2724","n","nan","nan",25.0,"nan"
"hsc2725","n","nan","nan",25.0,"nan"
"hsc2726","n","nan","nan",25.0,"nan"
"hsc2727","n","nan","nan",25.0,"nan"
"hsc2729","n","nan","nan",32.0,"nan"
"hsc273","n","nan","nan",104.0,"nan"
"hsc2730","n","nan","nan",25.0,"nan"
"hsc2731","n","nan",110.0,47.0,"nan"
"hsc2732","n","nan",50.0,59.0,"nan"
"hsc2737","n","nan","nan",44.0,"nan"
"hsc2739","n","nan","nan",42.0,"nan"
"hsc2740","n","nan","nan",55.0,"nan"
"hsc2741","n","nan","nan",25.0,"nan"
"hsc2743","n","nan","nan",25.0,"nan"
"hsc2744","n","nan","nan",25.0,"nan"
"hsc2745","n","nan","nan",40.0,"nan"
"hsc2746","n","nan",50.0,80.0,"nan"
"hsc2747","n","nan","nan",28.0,"nan"
"hsc2748","n","nan","nan",67.0,"nan"
"hsc2749","n","nan","nan",25.0,"nan"
"hsc2750","n","nan","nan",25.0,"nan"
"hsc2751","n","nan","nan",25.0,"nan"
"hsc2752","n","nan","nan",25.0,"nan"
"hsc2754","n","nan","nan",25.0,"nan"
"hsc2759","n","nan","nan",25.0,"nan"
"hsc276","n","nan","nan",64.0,"nan"
"hsc2760","n","nan","nan",45.0,"nan"
"hsc2761","n","nan","nan",147.0,"nan"
"hsc2762","n","nan","nan",25.0,"nan"
"hsc2763","n","nan","nan",25.0,"nan"
"hsc2764","n","nan",70.0,77.0,"nan"
"hsc2765","n","nan",50.0,67.0,"nan"
"hsc2767","n","nan","nan",25.0,"nan"
"hsc2768","n","nan","nan",25.0,"nan"
"hsc2769","n","nan","nan",35.0,"nan"
"hsc277","n","nan","nan",25.0,"nan"
"hsc2770","n","nan","nan",25.0,"nan"
"hsc2771","n","nan","nan",34.0,"nan"
"hsc2773","n","nan","nan",28.0,"nan"
"hsc2774","n","nan","nan",25.0,"nan"
"hsc2776","n","nan",75.0,112.0,"nan"
"hsc2777","n","nan","nan",25.0,"nan"
"hsc2778","n","nan","nan",25.0,"nan"
"hsc2779","n","nan","nan",34.0,"nan"
"hsc278","n","nan","nan",25.0,"nan"
"hsc2780","n","nan","nan",41.0,"nan"
"hsc2781","n","nan","nan",25.0,"nan"
"hsc2782","n","nan","nan",26.0,"nan"
"hsc2784","n","nan","nan",33.0,"nan"
"hsc2785","n","nan","nan",223.0,"nan"
"hsc2787","n","nan","nan",26.0,"nan"
"hsc2788","n","nan","nan",25.0,"nan"
"hsc2789","n","nan","nan",25.0,"nan"
"hsc279","n","nan","nan",47.0,"nan"
"hsc2790","n","nan","nan",25.0,"nan"
"hsc2791","n","nan","nan",25.0,"nan"
"hsc2792","n","nan","nan",25.0,"nan"
"hsc2794","n","plxr_0.29",50.0,27.0,"nan"
"hsc2795","n","nan","nan",25.0,"nan"
"hsc2796","n","nan",50.0,58.0,"nan"
"hsc2798","n","nan","nan",81.0,"nan"
"hsc2799","n","nan","nan",25.0,"nan"
"hsc2800","n","nan","nan",36.0,"nan"
"hsc2802","n","nan","nan",31.0,"nan"
"hsc2808","n","nan","nan",25.0,"nan"
"hsc281","n","nan",60.0,63.0,"nan"
"hsc2810","n","nan","nan",72.0,"nan"
"hsc2813","n","nan","nan",36.0,"nan"
"hsc2814","n","nan","nan",31.0,"nan"
"hsc2815","n","nan","nan",25.0,"nan"
"hsc2817","n","nan","nan",34.0,"nan"
"hsc2818","n","nan","nan",25.0,"nan"
"hsc2819","n","nan","nan",37.0,"nan"
"hsc282","n","nan","nan",25.0,"nan"
"hsc2820","n","nan","nan",25.0,"nan"
"hsc2821","n","nan","nan",25.0,"nan"
"hsc2823","n","nan","nan",25.0,"nan"
"hsc2824","n","nan","nan",157.0,"nan"
"hsc2825","n","nan","nan",25.0,"nan"
"hsc2826","n","nan","nan",25.0,"nan"
"hsc2827","n","nan","nan",34.0,"nan"
"hsc2829","n","nan","nan",44.0,"nan"
"hsc283","n","nan","nan",34.0,"nan"
"hsc2830","n","nan","nan",42.0,"nan"
"hsc2831","n","nan","nan",32.0,"nan"
"hsc2836","n","nan","nan",51.0,"nan"
"hsc2837","n","nan","nan",25.0,"nan"
"hsc284","n","nan",50.0,67.0,"nan"
"hsc2842","n","nan","nan",43.0,"nan"
"hsc2847","n","nan","nan",25.0,"nan"
"hsc2849","n","nan","nan",25.0,"nan"
"hsc285","n","nan","nan",49.0,"nan"
"hsc2850","n","nan","nan",47.0,"nan"
"hsc2851","n","nan","nan",25.0,"nan"
"hsc2853","n","nan","nan",25.0,"nan"
"hsc2854","n","nan","nan",29.0,"nan"
"hsc2855","n","nan","nan",25.0,"nan"
"hsc2856","n","nan","nan",25.0,"nan"
"hsc2858","n","nan","nan",73.0,"nan"
"hsc2860","n","nan",50.0,108.0,"nan"
"hsc2861","n","nan","nan",31.0,"nan"
"hsc2863","n","nan","nan",25.0,"nan"
"hsc2864","n","nan","nan",134.0,"nan"
"hsc2865","n","nan",75.0,141.0,"nan"
"hsc2866","n","nan","nan",135.0,"nan"
"hsc2867","n","nan","nan",46.0,"nan"
"hsc2868","n","nan","nan",37.0,"nan"
"hsc2869","n","nan",50.0,66.0,"nan"
"hsc287","n","nan","nan",1000.0,"nan"
"hsc2870","n","nan","nan",38.0,"nan"
"hsc2871","n","nan","nan",25.0,"nan"
"hsc2872","n","nan","nan",25.0,"nan"
"hsc2874","n","nan","nan",41.0,"nan"
"hsc2876","n","nan","nan",61.0,"nan"
"hsc2877","n","nan","nan",29.0,"nan"
"hsc2878","n","nan","nan",766.0,"nan"
"hsc2879","n","nan","nan",1000.0,"nan"
"hsc2880","n","nan","nan",25.0,"nan"
"hsc2881","n","nan","nan",25.0,"nan"
"hsc2882","n","nan","nan",25.0,"nan"
"hsc2885","n","nan","nan",27.0,"nan"
"hsc2886","n","nan","nan",32.0,"nan"
"hsc2889","n","nan","nan",25.0,"nan"
"hsc289","n","nan","nan",25.0,"nan"
"hsc2893","n","nan","nan",25.0,"nan"
"hsc2894","n","nan","nan",42.0,"nan"
"hsc2895","n","nan","nan",25.0,"nan"
"hsc2898","n","nan","nan",25.0,"nan"
"hsc2899","n","nan",100.0,147.0,"nan"
"hsc290","n","nan","nan",586.0,"nan"
"hsc2900","n","nan","nan",25.0,"nan"
"hsc2901","n","nan","nan",25.0,"nan"
"hsc2902","n","nan",50.0,63.0,"nan"
"hsc2903","n","nan","nan",25.0,"nan"
"hsc2904","n","nan","nan",28.0,"nan"
"hsc2905","n","nan","nan",25.0,"nan"
"hsc2906","n","nan","nan",25.0,"nan"
"hsc2908","n","nan","nan",25.0,"nan"
"hsc2909","n","nan","nan",25.0,"nan"
"hsc291","n","nan",50.0,29.0,"nan"
"hsc2912","n","nan","nan",25.0,"nan"
"hsc2913","n","nan",100.0,60.0,"nan"
"hsc2914","n","nan","nan",33.0,"nan"
"hsc2915","n","nan","nan",25.0,"nan"
"hsc2916","n","nan","nan",25.0,"nan"
"hsc2917","n","nan","nan",25.0,"nan"
"hsc2918","n","nan","nan",25.0,"nan"
"hsc2920","n","nan","nan",25.0,"nan"
"hsc2921","n","nan","nan",49.0,"nan"
"hsc2924","n","nan","nan",25.0,"nan"
"hsc2925","n","nan","nan",25.0,"nan"
"hsc2926","n","nan","nan",25.0,"nan"
"hsc2928","n","nan","nan",42.0,"nan"
"hsc2929","n","nan","nan",32.0,"nan"
"hsc2930","n","nan",50.0,72.0,"nan"
"hsc2931","n","nan","nan",40.0,"nan"
"hsc2932","n","nan","nan",26.0,"nan"
"hsc2934","n","nan",100.0,45.0,"nan"
"hsc2935","n","nan","nan",28.0,"nan"
"hsc2936","n","nan","nan",25.0,"nan"
"hsc2938","n","nan","nan",163.0,"nan"
"hsc2939","n","nan","nan",206.0,"nan"
"hsc294","n","nan","nan",35.0,"nan"
"hsc2943","n","nan","nan",32.0,"nan"
"hsc2944","n","nan","nan",25.0,"nan"
"hsc2945","n","nan","nan",53.0,"nan"
"hsc2946","n","nan","nan",45.0,"nan"
"hsc2947","n","nan","nan",28.0,"nan"
"hsc295","n","nan","nan",83.0,"nan"
"hsc2951","n","nan","nan",25.0,"nan"
"hsc2952","n","nan","nan",25.0,"nan"
"hsc2956","n","nan","nan",25.0,"nan"
"hsc2957","n","nan","nan",25.0,"nan"
"hsc2958","n","nan","nan",29.0,"nan"
"hsc2959","n","nan","nan",32.0,"nan"
"hsc296","n","nan","nan",25.0,"nan"
"hsc2960","n","nan","nan",25.0,"nan"
"hsc2961","n","nan","nan",51.0,"nan"
"hsc2962","n","nan","nan",25.0,"nan"
"hsc2963","n","nan","nan",35.0,"nan"
"hsc2964","n","nan","nan",25.0,"nan"
"hsc2966","n","nan",130.0,100.0,"nan"
"hsc2967","n","nan","nan",29.0,"nan"
"hsc297","n","nan","nan",25.0,"nan"
"hsc2971","n","nan","nan",57.0,"nan"
"hsc2972","n","nan","nan",30.0,"nan"
"hsc2974","n","nan","nan",47.0,"nan"
"hsc2976","n","nan","nan",25.0,"nan"
"hsc2977","n","nan","nan",48.0,"nan"
"hsc2978","n","nan",50.0,28.0,"nan"
"hsc2979","n","nan","nan",25.0,"nan"
"hsc298","n","nan","nan",29.0,"nan"
"hsc2980","n","nan","nan",27.0,"nan"
"hsc2981","n","nan","nan",25.0,"nan"
"hsc2982","n","nan","nan",26.0,"nan"
"hsc2983","n","nan","nan",25.0,"nan"
"hsc2984","n","nan","nan",25.0,"nan"
"hsc2985","n","nan","nan",50.0,"nan"
"hsc299","n","nan","nan",1000.0,"nan"
"hsc3","n","nan","nan",25.0,"nan"
"hsc300","n","nan","nan",25.0,"nan"
"hsc301","n","nan","nan",25.0,"nan"
"hsc302","n","nan",75.0,115.0,"nan"
"hsc304","n","nan","nan",104.0,"nan"
"hsc307","n","nan","nan",25.0,"nan"
"hsc308","n","nan","nan",25.0,"nan"
"hsc31","n","nan","nan",824.0,"nan"
"hsc310","n","nan","nan",87.0,"nan"
"hsc313","n","nan","nan",25.0,"nan"
"hsc315","n","nan",75.0,110.0,"nan"
"hsc316","n","nan","nan",25.0,"nan"
"hsc318","n","nan","nan",25.0,"nan"
"hsc32","n","nan","nan",25.0,"nan"
"hsc320","n","nan","nan",52.0,"nan"
"hsc321","n","nan","nan",41.0,"nan"
"hsc322","n","nan","nan",25.0,"nan"
"hsc323","n","nan","nan",39.0,"nan"
"hsc324","n","nan","nan",25.0,"nan"
"hsc325","n","nan","nan",28.0,"nan"
"hsc327","n","nan","nan",25.0,"nan"
"hsc328","n","nan","nan",25.0,"nan"
"hsc329","n","nan","nan",41.0,"nan"
"hsc330","n","nan","nan",36.0,"nan"
"hsc332","n","nan","nan",27.0,"nan"
"hsc333","n","nan","nan",25.0,"nan"
"hsc334","n","nan","nan",25.0,"nan"
"hsc336","n","nan","nan",25.0,"nan"
"hsc337","n","nan","nan",25.0,"nan"
"hsc338","n","nan","nan",1000.0,"nan"
"hsc339","n","nan","nan",25.0,"nan"
"hsc34","n","nan","nan",28.0,"nan"
"hsc340","n","nan","nan",25.0,"nan"
"hsc343","n","nan","nan",25.0,"nan"
"hsc345","n","nan","nan",28.0,"nan"
"hsc346","n","nan","nan",25.0,"nan"
"hsc347","n","nan","nan",44.0,"nan"
"hsc348","n","nan","nan",52.0,"nan"
"hsc349","n","nan","nan",30.0,"nan"
"hsc35","n","nan","nan",47.0,"nan"
"hsc350","n","nan","nan",46.0,"nan"
"hsc351","n","nan","nan",33.0,"nan"
"hsc353","n","nan","nan",27.0,"nan"
"hsc354","n","nan","nan",25.0,"nan"
"hsc355","n","nan","nan",32.0,"nan"
"hsc356","n","nan","nan",25.0,"nan"
"hsc358","n","nan","nan",1000.0,"nan"
"hsc359","n","nan",50.0,91.0,"nan"
"hsc36","n","nan","nan",53.0,"nan"
"hsc361","n","nan","nan",47.0,"nan"
"hsc363","n","nan","nan",25.0,"nan"
"hsc365","n","nan","nan",25.0,"nan"
"hsc366","n","nan","nan",25.0,"nan"
"hsc368","n","nan","nan",25.0,"nan"
"hsc369","n","nan","nan",25.0,"nan"
"hsc37","n","nan","nan",55.0,"nan"
"hsc370","n","nan","nan",88.0,"nan"
"hsc371","n","nan","nan",25.0,"nan"
"hsc373","n","nan","nan",25.0,"nan"
"hsc374","n","nan","nan",28.0,"nan"
"hsc375","n","nan","nan",25.0,"nan"
"hsc376","n","nan","nan",25.0,"nan"
"hsc379","n","nan","nan",25.0,"nan"
"hsc38","n","nan","nan",579.0,"nan"
"hsc380","n","nan","nan",25.0,"nan"
"hsc381","n","nan",50.0,288.0,"nan"
"hsc382","n","nan","nan",25.0,"nan"
"hsc384","n","nan","nan",40.0,"nan"
"hsc385","n","nan","nan",25.0,"nan"
"hsc386","n","nan","nan",57.0,"nan"
"hsc387","n","nan","nan",41.0,"nan"
"hsc388","n","nan","nan",25.0,"nan"
"hsc389","n","nan","nan",25.0,"nan"
"hsc39","n","nan","nan",25.0,"nan"
"hsc390","n","nan","nan",33.0,"nan"
"hsc391","n","nan","nan",32.0,"nan"
"hsc392","n","nan","nan",25.0,"nan"
"hsc393","n","nan","nan",42.0,"nan"
"hsc394","n","nan","nan",25.0,"nan"
"hsc396","n","nan","nan",50.0,"nan"
"hsc397","n","nan","nan",48.0,"nan"
"hsc398","n","nan","nan",41.0,"nan"
"hsc399","n","nan","nan",25.0,"nan"
"hsc4","n","nan","nan",25.0,"nan"
"hsc40","n","nan","nan",89.0,"nan"
"hsc401","n","nan","nan",25.0,"nan"
"hsc402","n","nan","nan",25.0,"nan"
"hsc403","n","nan","nan",41.0,"nan"
"hsc404","n","nan","nan",25.0,"nan"
"hsc405","n","nan","nan",33.0,"nan"
"hsc408","n","nan","nan",51.0,"nan"
"hsc409","n","nan","nan",25.0,"nan"
"hsc410","n","nan","nan",25.0,"nan"
"hsc411","n","nan","nan",72.0,"nan"
"hsc412","n","nan","nan",37.0,"nan"
"hsc413","n","nan","nan",36.0,"nan"
"hsc416","n","nan","nan",25.0,"nan"
"hsc419","n","nan",50.0,66.0,"nan"
"hsc421","n","nan","nan",25.0,"nan"
"hsc422","n","nan","nan",25.0,"nan"
"hsc425","n","nan","nan",25.0,"nan"
"hsc426","n","nan","nan",41.0,"nan"
"hsc427","n","nan",50.0,85.0,"nan"
"hsc428","n","nan","nan",25.0,"nan"
"hsc429","n","nan","nan",26.0,"nan"
"hsc430","n","nan","nan",25.0,"nan"
"hsc431","n","nan","nan",28.0,"nan"
"hsc432","n","nan","nan",34.0,"nan"
"hsc433","n","nan","nan",29.0,"nan"
"hsc434","n","nan","nan",29.0,"nan"
"hsc435","n","nan","nan",25.0,"nan"
"hsc436","n","nan","nan",86.0,"nan"
"hsc437","n","nan","nan",25.0,"nan"
"hsc438","n","nan","nan",50.0,"nan"
"hsc44","n","nan","nan",25.0,"nan"
"hsc440","n","nan","nan",27.0,"nan"
"hsc441","n","nan","nan",132.0,"nan"
"hsc443","n","nan","nan",55.0,"nan"
"hsc444","n","nan","nan",43.0,"nan"
"hsc445","n","nan","nan",25.0,"nan"
"hsc446","n","nan","nan",25.0,"nan"
"hsc447","n","nan","nan",46.0,"nan"
"hsc448","n","nan","nan",163.0,"nan"
"hsc449","n","nan",75.0,99.0,"nan"
"hsc450","n","nan","nan",47.0,"nan"
"hsc451","n","nan","nan",25.0,"nan"
"hsc452","n","nan","nan",39.0,"nan"
"hsc454","n","nan","nan",25.0,"nan"
"hsc455","n","nan","nan",34.0,"nan"
"hsc456","n","nan","nan",31.0,"nan"
"hsc457","n","nan",50.0,56.0,"nan"
"hsc458","n","nan","nan",25.0,"nan"
"hsc46","n","nan","nan",25.0,"nan"
"hsc460","n","nan","nan",25.0,"nan"
"hsc461","n","nan","nan",34.0,"nan"
"hsc462","n","nan","nan",25.0,"nan"
"hsc463","n","nan","nan",32.0,"nan"
"hsc464","n","nan","nan",25.0,"nan"
"hsc465","n","nan","nan",25.0,"nan"
"hsc466","n","nan","nan",25.0,"nan"
"hsc467","n","nan","nan",25.0,"nan"
"hsc469","n","nan","nan",25.0,"nan"
"hsc470","n","nan","nan",26.0,"nan"
"hsc471","n","nan","nan",25.0,"nan"
"hsc473","n","nan","nan",25.0,"nan"
"hsc475","n","nan","nan",27.0,"nan"
"hsc476","n","nan","nan",25.0,"nan"
"hsc477","n","nan","nan",25.0,"nan"
"hsc478","n","nan","nan",105.0,"nan"
"hsc479","n","nan","nan",25.0,"nan"
"hsc480","n","nan",50.0,57.0,"nan"
"hsc482","n","nan","nan",25.0,"nan"
"hsc483","n","nan","nan",25.0,"nan"
"hsc485","n","nan","nan",53.0,"nan"
"hsc487","n","nan","nan",25.0,"nan"
"hsc488","n","nan","nan",25.0,"nan"
"hsc489","n","nan","nan",40.0,"nan"
"hsc490","n","nan","nan",30.0,"nan"
"hsc491","n","nan","nan",25.0,"nan"
"hsc492","n","nan","nan",35.0,"nan"
"hsc493","n","nan","nan",25.0,"nan"
"hsc494","n","nan","nan",28.0,"nan"
"hsc496","n","nan","nan",25.0,"nan"
"hsc497","n","nan","nan",40.0,"nan"
"hsc498","n","nan","nan",25.0,"nan"
"hsc499","n","nan","nan",25.0,"nan"
"hsc5","n","nan","nan",25.0,"nan"
"hsc501","n","nan","nan",25.0,"nan"
"hsc504","n","nan","nan",25.0,"nan"
"hsc505","n","nan","nan",33.0,"nan"
"hsc506","n","nan","nan",26.0,"nan"
"hsc507","n","nan","nan",35.0,"nan"
"hsc510","n","nan","nan",31.0,"nan"
"hsc511","n","nan","nan",25.0,"nan"
"hsc512","n","nan","nan",25.0,"nan"
"hsc513","n","nan","nan",51.0,"nan"
"hsc514","n","nan","nan",29.0,"nan"
"hsc515","n","nan","nan",25.0,"nan"
"hsc516","n","nan","nan",42.0,"nan"
"hsc517","n","plxl_7.5;l_50;r_80;b_-15;t_15","nan",75.0,"nan"
"hsc519","n","nan","nan",48.0,"nan"
"hsc52","n","nan","nan",25.0,"nan"
"hsc521","n","nan",50.0,55.0,"nan"
"hsc522","n","nan","nan",25.0,"nan"
"hsc523","n","nan","nan",75.0,"nan"
"hsc524","n","nan","nan",25.0,"nan"
"hsc525","n","nan","nan",30.0,"nan"
"hsc527","n","nan","nan",128.0,"nan"
"hsc528","n","nan","nan",25.0,"nan"
"hsc529","n","nan","nan",25.0,"nan"
"hsc530","n","nan","nan",47.0,"nan"
"hsc531","n","nan",75.0,137.0,"nan"
"hsc532","n","nan","nan",25.0,"nan"
"hsc533","n","nan",50.0,57.0,"nan"
"hsc534","n","nan","nan",25.0,"nan"
"hsc535","n","nan","nan",36.0,"nan"
"hsc536","n","nan","nan",26.0,"nan"
"hsc537","n","nan","nan",25.0,"nan"
"hsc538","n","nan","nan",58.0,"nan"
"hsc539","n","nan","nan",25.0,"nan"
"hsc540","n","nan","nan",32.0,"nan"
"hsc541","n","nan","nan",25.0,"nan"
"hsc543","n","nan",50.0,71.0,"nan"
"hsc544","n","nan","nan",25.0,"nan"
"hsc546","n","nan","nan",25.0,"nan"
"hsc548","n","nan","nan",25.0,"nan"
"hsc549","n","nan","nan",25.0,"nan"
"hsc55","n","nan","nan",27.0,"nan"
"hsc550","n","nan","nan",36.0,"nan"
"hsc551","n","nan","nan",25.0,"nan"
"hsc552","n","nan","nan",25.0,"nan"
"hsc553","n","nan","nan",45.0,"nan"
"hsc554","n","nan","nan",96.0,"nan"
"hsc557","n","nan","nan",25.0,"nan"
"hsc558","n","nan","nan",25.0,"nan"
"hsc56","n","nan",75.0,81.0,"nan"
"hsc560","n","nan","nan",25.0,"nan"
"hsc561","n","nan","nan",1000.0,"nan"
"hsc562","n","nan","nan",33.0,"nan"
"hsc563","n","nan","nan",25.0,"nan"
"hsc564","n","nan","nan",25.0,"nan"
"hsc566","n","nan","nan",40.0,"nan"
"hsc567","n","nan","nan",68.0,"nan"
"hsc569","n","nan","nan",25.0,"nan"
"hsc570","n","nan","nan",25.0,"nan"
"hsc571","n","nan",90.0,46.0,"nan"
"hsc572","n","nan","nan",32.0,"nan"
"hsc573","n","nan","nan",86.0,"nan"
"hsc574","n","nan","nan",25.0,"nan"
"hsc575","n","nan","nan",34.0,"nan"
"hsc576","n","nan","nan",25.0,"nan"
"hsc579","n","nan","nan",34.0,"nan"
"hsc580","n","nan",80.0,36.0,"nan"
"hsc581","n","nan","nan",35.0,"nan"
"hsc582","n","nan","nan",39.0,"nan"
"hsc583","n","nan",60.0,25.0,"nan"
"hsc584","n","nan","nan",26.0,"nan"
"hsc585","n","nan","nan",45.0,"nan"
"hsc586","n","nan","nan",25.0,"nan"
"hsc588","n","nan","nan",25.0,"nan"
"hsc589","n","nan","nan",25.0,"nan"
"hsc59","n","nan","nan",25.0,"nan"
"hsc590","n","nan","nan",71.0,"nan"
"hsc591","n","nan","nan",40.0,"nan"
"hsc592","n","nan","nan",25.0,"nan"
"hsc593","n","nan","nan",25.0,"nan"
"hsc594","n","nan","nan",35.0,"nan"
"hsc595","n","nan","nan",78.0,"nan"
"hsc599","n","nan","nan",25.0,"nan"
"hsc6","n","nan","nan",25.0,"nan"
"hsc600","n","nan","nan",25.0,"nan"
"hsc601","n","nan",75.0,120.0,"nan"
"hsc602","n","nan","nan",26.0,"nan"
"hsc603","n","nan","nan",62.0,"nan"
"hsc604","n","nan","nan",25.0,"nan"
"hsc606","n","nan","nan",44.0,"nan"
"hsc607","n","nan","nan",25.0,"nan"
"hsc609","n","nan","nan",52.0,"nan"
"hsc612","n","nan","nan",29.0,"nan"
"hsc613","n","nan","nan",25.0,"nan"
"hsc614","n","nan","nan",28.0,"nan"
"hsc615","n","nan","nan",28.0,"nan"
"hsc616","n","nan","nan",40.0,"nan"
"hsc617","n","nan","nan",25.0,"nan"
"hsc618","n","nan","nan",38.0,"nan"
"hsc619","n","nan","nan",92.0,"nan"
"hsc62","n","nan","nan",40.0,"nan"
"hsc620","n","nan","nan",25.0,"nan"
"hsc622","n","nan",50.0,71.0,"nan"
"hsc623","n","nan","nan",25.0,"nan"
"hsc624","n","nan","nan",51.0,"nan"
"hsc625","n","nan","nan",32.0,"nan"
"hsc626","n","nan","nan",25.0,"nan"
"hsc627","n","nan","nan",29.0,"nan"
"hsc628","n","nan","nan",25.0,"nan"
"hsc629","n","nan","nan",25.0,"nan"
"hsc63","n","nan","nan",43.0,"nan"
"hsc630","n","nan","nan",25.0,"nan"
"hsc631","n","nan","nan",669.0,"nan"
"hsc632","n","nan",50.0,59.0,"nan"
"hsc635","n","nan","nan",31.0,"nan"
"hsc636","n","nan","nan",25.0,"nan"
"hsc637","n","nan","nan",29.0,"nan"
"hsc638","n","nan","nan",35.0,"nan"
"hsc639","n","nan","nan",889.0,"nan"
"hsc64","n","nan","nan",25.0,"nan"
"hsc641","n","nan","nan",25.0,"nan"
"hsc643","n","nan","nan",35.0,"nan"
"hsc644","n","nan","nan",49.0,"nan"
"hsc645","n","nan","nan",25.0,"nan"
"hsc647","n","nan","nan",558.0,"nan"
"hsc648","n","nan","nan",53.0,"nan"
"hsc649","n","nan","nan",35.0,"nan"
"hsc65","n","nan","nan",25.0,"nan"
"hsc650","n","nan","nan",1000.0,"nan"
"hsc651","n","nan","nan",32.0,"nan"
"hsc652","n","nan","nan",25.0,"nan"
"hsc653","n","nan","nan",45.0,"nan"
"hsc654","n","nan",140.0,70.0,"nan"
"hsc655","n","nan","nan",1000.0,"nan"
"hsc656","n","nan","nan",25.0,"nan"
"hsc657","n","nan","nan",51.0,"nan"
"hsc658","n","nan","nan",30.0,"nan"
"hsc659","n","nan","nan",25.0,"nan"
"hsc66","n","nan","nan",25.0,"nan"
"hsc660","n","nan","nan",100.0,"nan"
"hsc661","n","nan","nan",33.0,"nan"
"hsc662","n","nan","nan",25.0,"nan"
"hsc663","n","nan","nan",25.0,"nan"
"hsc665","n","nan","nan",43.0,"nan"
"hsc667","n","nan","nan",32.0,"nan"
"hsc669","n","nan","nan",25.0,"nan"
"hsc67","n","nan","nan",25.0,"nan"
"hsc672","n","nan","nan",44.0,"nan"
"hsc673","n","nan","nan",55.0,"nan"
"hsc675","n","nan","nan",25.0,"nan"
"hsc677","n","nan","nan",25.0,"nan"
"hsc679","n","nan","nan",39.0,"nan"
"hsc680","n","nan","nan",25.0,"nan"
"hsc681","n","nan","nan",31.0,"nan"
"hsc682","n","nan",75.0,109.0,"nan"
"hsc684","n","nan","nan",25.0,"nan"
"hsc686","n","nan","nan",25.0,"nan"
"hsc687","n","nan","nan",25.0,"nan"
"hsc689","n","nan","nan",35.0,"nan"
"hsc691","n","nan","nan",37.0,"nan"
"hsc692","n","nan","nan",25.0,"nan"
"hsc693","n","nan","nan",25.0,"nan"
"hsc694","n","nan",40.0,46.0,"nan"
"hsc696","n","nan","nan",40.0,"nan"
"hsc697","n","nan","nan",27.0,"nan"
"hsc698","n","nan","nan",25.0,"nan"
"hsc699","n","nan","nan",35.0,"nan"
"hsc7","n","nan","nan",25.0,"nan"
"hsc70","n","nan","nan",26.0,"nan"
"hsc700","n","nan","nan",25.0,"nan"
"hsc702","n","nan","nan",25.0,"nan"
"hsc703","n","nan",50.0,74.0,"nan"
"hsc704","n","nan","nan",25.0,"nan"
"hsc705","n","nan",50.0,60.0,"nan"
"hsc706","n","nan","nan",25.0,"nan"
"hsc707","n","nan","nan",28.0,"nan"
"hsc708","n","nan","nan",33.0,"nan"
"hsc709","n","nan","nan",25.0,"nan"
"hsc710","n","nan",150.0,100.0,"nan"
"hsc711","n","nan","nan",25.0,"nan"
"hsc712","n","nan","nan",25.0,"nan"
"hsc713","n","nan","nan",52.0,"nan"
"hsc714","n","nan","nan",31.0,"nan"
"hsc715","n","nan","nan",47.0,"nan"
"hsc717","n","nan","nan",25.0,"nan"
"hsc718","n","nan","nan",41.0,"nan"
"hsc719","n","nan","nan",29.0,"nan"
"hsc72","n","nan",110.0,75.0,"nan"
"hsc720","n","nan","nan",25.0,"nan"
"hsc721","n","nan","nan",46.0,"nan"
"hsc723","n","nan","nan",117.0,"nan"
"hsc724","n","nan","nan",25.0,"nan"
"hsc725","n","nan","nan",25.0,"nan"
"hsc726","n","nan","nan",25.0,"nan"
"hsc727","n","nan","nan",25.0,"nan"
"hsc728","n","nan","nan",25.0,"nan"
"hsc729","n","nan","nan",25.0,"nan"
"hsc73","n","nan",80.0,100.0,"nan"
"hsc730","n","nan","nan",31.0,"nan"
"hsc731","n","nan","nan",30.0,"nan"
"hsc732","n","nan","nan",25.0,"nan"
"hsc734","n","nan","nan",296.0,"nan"
"hsc735","n","nan","nan",25.0,"nan"
"hsc736","n","nan","nan",25.0,"nan"
"hsc737","n","nan","nan",25.0,"nan"
"hsc738","n","nan","nan",29.0,"nan"
"hsc739","n","nan","nan",65.0,"nan"
"hsc74","n","nan","nan",25.0,"nan"
"hsc740","n","nan","nan",25.0,"nan"
"hsc741","n","nan","nan",36.0,"nan"
"hsc742","n","nan","nan",29.0,"nan"
"hsc743","n","nan","nan",28.0,"nan"
"hsc744","n","nan","nan",25.0,"nan"
"hsc745","n","nan","nan",25.0,"nan"
"hsc746","n","nan","nan",25.0,"nan"
"hsc747","n","nan","nan",25.0,"nan"
"hsc748","n","nan","nan",35.0,"nan"
"hsc75","n","nan","nan",25.0,"nan"
"hsc750","n","nan","nan",32.0,"nan"
"hsc751","n","nan","nan",31.0,"nan"
"hsc752","n","nan",50.0,68.0,"nan"
"hsc754","n","nan","nan",48.0,"nan"
"hsc757","n","nan","nan",25.0,"nan"
"hsc758","n","nan","nan",25.0,"nan"
"hsc759","n","plxl_8.5;l_60;r_140","nan",300.0,"nan"
"hsc76","n","nan","nan",34.0,"nan"
"hsc760","n","nan","nan",25.0,"nan"
"hsc761","n","nan","nan",25.0,"nan"
"hsc762","n","nan","nan",25.0,"nan"
"hsc763","n","nan","nan",36.0,"nan"
"hsc764","n","nan","nan",175.0,"nan"
"hsc765","n","nan",50.0,44.0,"nan"
"hsc766","n","nan","nan",27.0,"nan"
"hsc767","n","nan","nan",25.0,"nan"
"hsc768","n","nan","nan",25.0,"nan"
"hsc769","n","nan","nan",37.0,"nan"
"hsc770","n","nan","nan",25.0,"nan"
"hsc771","n","nan","nan",26.0,"nan"
"hsc772","n","nan","nan",25.0,"nan"
"hsc773","n","nan","nan",74.0,"nan"
"hsc774","n","nan","nan",25.0,"nan"
"hsc777","n","nan","nan",75.0,"nan"
"hsc778","n","nan","nan",50.0,"nan"
"hsc779","n","nan","nan",27.0,"nan"
"hsc784","n","nan","nan",25.0,"nan"
"hsc785","n","nan","nan",39.0,"nan"
"hsc786","n","nan","nan",28.0,"nan"
"hsc787","n","nan","nan",25.0,"nan"
"hsc788","n","nan","nan",25.0,"nan"
"hsc789","n","nan","nan",25.0,"nan"
"hsc79","n","nan","nan",27.0,"nan"
"hsc790","n","nan","nan",25.0,"nan"
"hsc791","n","nan","nan",25.0,"nan"
"hsc792","n","nan","nan",46.0,"nan"
"hsc793","n","nan","nan",56.0,"nan"
"hsc794","n","nan","nan",33.0,"nan"
"hsc795","n","nan","nan",25.0,"nan"
"hsc797","n","nan","nan",52.0,"nan"
"hsc798","n","nan","nan",25.0,"nan"
"hsc8","n","nan",60.0,28.0,"nan"
"hsc80","n","nan","nan",25.0,"nan"
"hsc800","n","nan","nan",25.0,"nan"
"hsc801","n","nan","nan",51.0,"nan"
"hsc803","n","nan","nan",32.0,"nan"
"hsc804","n","nan","nan",38.0,"nan"
"hsc805","n","nan","nan",33.0,"nan"
"hsc806","n","nan","nan",29.0,"nan"
"hsc807","n","nan",60.0,29.0,"nan"
"hsc808","n","nan","nan",25.0,"nan"
"hsc809","n","nan","nan",25.0,"nan"
"hsc810","n","nan","nan",51.0,"nan"
"hsc812","n","nan","nan",25.0,"nan"
"hsc813","n","nan","nan",47.0,"nan"
"hsc814","n","nan","nan",25.0,"nan"
"hsc815","n","nan","nan",25.0,"nan"
"hsc816","n","nan","nan",25.0,"nan"
"hsc817","n","nan","nan",33.0,"nan"
"hsc818","n","nan",70.0,28.0,"nan"
"hsc821","n","nan","nan",29.0,"nan"
"hsc823","n","nan","nan",25.0,"nan"
"hsc824","n","nan","nan",25.0,"nan"
"hsc825","n","nan","nan",25.0,"nan"
"hsc826","n","nan","nan",45.0,"nan"
"hsc828","n","nan","nan",25.0,"nan"
"hsc829","n","nan","nan",25.0,"nan"
"hsc830","n","nan","nan",25.0,"nan"
"hsc831","n","nan","nan",27.0,"nan"
"hsc832","n","nan","nan",63.0,"nan"
"hsc833","n","nan",50.0,59.0,"nan"
"hsc835","n","nan","nan",25.0,"nan"
"hsc836","n","nan",50.0,72.0,"nan"
"hsc837","n","nan","nan",59.0,"nan"
"hsc838","n","nan","nan",54.0,"nan"
"hsc839","n","nan","nan",39.0,"nan"
"hsc841","n","nan","nan",47.0,"nan"
"hsc842","n","nan","nan",30.0,"nan"
"hsc844","n","nan","nan",25.0,"nan"
"hsc845","n","nan","nan",27.0,"nan"
"hsc846","n","nan","nan",25.0,"nan"
"hsc848","n","nan","nan",25.0,"nan"
"hsc849","n","nan",50.0,62.0,"nan"
"hsc852","n","nan",50.0,82.0,"nan"
"hsc853","n","nan","nan",83.0,"nan"
"hsc854","n","nan","nan",48.0,"nan"
"hsc855","n","nan","nan",25.0,"nan"
"hsc856","n","nan","nan",45.0,"nan"
"hsc857","n","nan",90.0,60.0,"nan"
"hsc858","n","nan","nan",25.0,"nan"
"hsc859","n","nan","nan",25.0,"nan"
"hsc860","n","nan","nan",28.0,"nan"
"hsc861","n","nan","nan",38.0,"nan"
"hsc862","n","nan","nan",28.0,"nan"
"hsc863","n","nan","nan",34.0,"nan"
"hsc864","n","nan","nan",27.0,"nan"
"hsc865","n","nan","nan",25.0,"nan"
"hsc866","n","nan","nan",35.0,"nan"
"hsc869","n","nan","nan",25.0,"nan"
"hsc87","n","nan",50.0,49.0,"nan"
"hsc872","n","nan","nan",26.0,"nan"
"hsc873","n","nan","nan",47.0,"nan"
"hsc875","n","nan","nan",25.0,"nan"
"hsc876","n","nan","nan",25.0,"nan"
"hsc877","n","nan","nan",56.0,"nan"
"hsc878","n","nan","nan",88.0,"nan"
"hsc879","n","nan","nan",49.0,"nan"
"hsc880","n","nan","nan",25.0,"nan"
"hsc881","n","nan","nan",25.0,"nan"
"hsc882","n","nan","nan",54.0,"nan"
"hsc883","n","nan","nan",25.0,"nan"
"hsc884","n","nan","nan",50.0,"nan"
"hsc885","n","nan","nan",34.0,"nan"
"hsc886","n","nan","nan",25.0,"nan"
"hsc887","n","nan",50.0,65.0,"nan"
"hsc888","n","nan","nan",243.0,"nan"
"hsc889","n","nan","nan",36.0,"nan"
"hsc89","n","nan","nan",25.0,"nan"
"hsc890","n","nan","nan",25.0,"nan"
"hsc891","n","nan","nan",29.0,"nan"
"hsc892","n","nan","nan",25.0,"nan"
"hsc893","n","nan","nan",33.0,"nan"
"hsc894","n","nan","nan",25.0,"nan"
"hsc896","n","nan","nan",54.0,"nan"
"hsc898","n","nan","nan",25.0,"nan"
"hsc899","n","nan","nan",25.0,"nan"
"hsc9","n","nan","nan",25.0,"nan"
"hsc900","n","nan","nan",36.0,"nan"
"hsc901","n","nan",70.0,25.0,"nan"
"hsc903","n","nan","nan",29.0,"nan"
"hsc905","n","nan","nan",39.0,"nan"
"hsc906","n","nan","nan",25.0,"nan"
"hsc907","n","nan","nan",32.0,"nan"
"hsc911","n","nan","nan",25.0,"nan"
"hsc912","n","nan","nan",25.0,"nan"
"hsc913","n","nan","nan",25.0,"nan"
"hsc914","n","nan","nan",69.0,"nan"
"hsc915","n","nan","nan",25.0,"nan"
"hsc916","n","nan","nan",25.0,"nan"
"hsc917","n","nan","nan",25.0,"nan"
"hsc919","n","nan",60.0,33.0,"nan"
"hsc920","n","nan","nan",25.0,"nan"
"hsc921","n","nan",75.0,90.0,"nan"
"hsc922","n","nan","nan",25.0,"nan"
"hsc923","n","nan","nan",25.0,"nan"
"hsc924","n","nan","nan",32.0,"nan"
"hsc925","n","nan",60.0,82.0,"nan"
"hsc926","n","nan","nan",42.0,"nan"
"hsc927","n","nan","nan",25.0,"nan"
"hsc929","n","nan","nan",32.0,"nan"
"hsc93","n","nan","nan",25.0,"nan"
"hsc930","n","nan","nan",31.0,"nan"
"hsc931","n","nan",50.0,73.0,"nan"
"hsc932","n","nan","nan",32.0,"nan"
"hsc935","n","nan","nan",25.0,"nan"
"hsc936","n","nan","nan",130.0,"nan"
"hsc937","n","nan",100.0,155.0,"nan"
"hsc938","n","nan","nan",47.0,"nan"
"hsc94","n","nan","nan",36.0,"nan"
"hsc940","n","nan","nan",25.0,"nan"
"hsc941","n","nan","nan",37.0,"nan"
"hsc942","n","nan","nan",33.0,"nan"
"hsc943","n","nan","nan",25.0,"nan"
"hsc944","n","nan","nan",25.0,"nan"
"hsc945","n","nan","nan",25.0,"nan"
"hsc946","n","nan","nan",31.0,"nan"
"hsc948","n","nan","nan",72.0,"nan"
"hsc949","n","nan","nan",25.0,"nan"
"hsc950","n","nan","nan",25.0,"nan"
"hsc951","n","nan","nan",25.0,"nan"
"hsc952","n","nan","nan",40.0,"nan"
"hsc954","n","nan",50.0,47.0,"nan"
"hsc955","n","nan","nan",243.0,"nan"
"hsc956","n","nan","nan",25.0,"nan"
"hsc957","n","nan","nan",27.0,"nan"
"hsc959","n","nan","nan",38.0,"nan"
"hsc960","n","nan","nan",33.0,"nan"
"hsc961","n","nan","nan",25.0,"nan"
"hsc962","n","nan","nan",35.0,"nan"
"hsc964","n","nan","nan",31.0,"nan"
"hsc965","n","nan","nan",25.0,"nan"
"hsc966","n","nan","nan",43.0,"nan"
"hsc969","n","nan","nan",31.0,"nan"
"hsc970","n","nan","nan",25.0,"nan"
"hsc973","n","nan","nan",36.0,"nan"
"hsc974","n","nan",50.0,75.0,"nan"
"hsc975","n","nan","nan",27.0,"nan"
"hsc976","n","nan","nan",235.0,"nan"
"hsc977","n","nan","nan",25.0,"nan"
"hsc978","n","nan","nan",25.0,"nan"
"hsc98","n","nan","nan",36.0,"nan"
"hsc980","n","nan","nan",125.0,"nan"
"hsc981","n","nan","nan",25.0,"nan"
"hsc983","n","nan","nan",36.0,"nan"
"hsc985","n","nan","nan",53.0,"nan"
"hsc986","n","nan","nan",27.0,"nan"
"hsc988","n","nan","nan",25.0,"nan"
"hsc99","n","nan","nan",25.0,"nan"
"hsc990","n","nan","nan",41.0,"nan"
"hsc991","n","nan","nan",38.0,"nan"
"hsc992","n","nan",75.0,89.0,"nan"
"hsc993","n","nan","nan",28.0,"nan"
"hsc994","n","nan",50.0,78.0,"nan"
"hsc995","n","nan","nan",25.0,"nan"
"hsc996","n","nan","nan",44.0,"nan"
"hsc997","n","nan","nan",27.0,"nan"
"hsc998","n","nan","nan",25.0,"nan"
"hsc999","n","nan","nan",25.0,"nan"
"hscdbsb6","n","nan","nan","nan","nan"
"hscfof1624","n","nan","nan","nan","nan"
"hscrup117","n","nan","nan",50.0,"nan"
"hscubc10a","n","nan","nan","nan","nan"
"hscvdbh205","n","nan","nan",50.0,"nan"
"huluwa1","n","nan","nan",50.0,"nan"
"huluwa4","n","nan","nan",50.0,"nan"
"hxhwl1","n","nan",100.0,100.0,"nan"
"hxhwl10","n","nan","nan",107.0,"nan"
"hxhwl11","n","nan","nan",161.0,"nan"
"hxhwl12","n","nan","nan",86.0,"nan"
"hxhwl13","n","nan","nan",91.0,"nan"
"hxhwl14","n","nan","nan",73.0,"nan"
"hxhwl15","n","nan","nan",129.0,"nan"
"hxhwl16","n","nan",125.0,171.0,"nan"
"hxhwl17","n","nan","nan",68.0,"nan"
"hxhwl18","n","nan","nan",73.0,"nan"
"hxhwl19","n","nan","nan",65.0,"nan"
"hxhwl2","n","nan","nan",70.0,"nan"
"hxhwl20","n","nan","nan",94.0,"nan"
"hxhwl21","n","nan",50.0,73.0,"nan"
"hxhwl22","n","nan","nan",75.0,"nan"
"hxhwl23","n","nan",75.0,60.0,"nan"
"hxhwl24","n","nan",75.0,62.0,"nan"
"hxhwl26","n","nan",250.0,136.0,"nan"
"hxhwl27","n","nan",40.0,51.0,"nan"
"hxhwl28","n","nan",90.0,140.0,"nan"
"hxhwl29","n","nan",100.0,100.0,"nan"
"hxhwl30","n","nan","nan",68.0,"nan"
"hxhwl31","n","nan","nan",52.0,"nan"
"hxhwl32","n","nan","nan",81.0,"nan"
"hxhwl34","n","nan","nan",65.0,"nan"
"hxhwl35","n","nan","nan",54.0,"nan"
"hxhwl36","n","nan","nan",51.0,"nan"
"hxhwl37","n","nan","nan",59.0,"nan"
"hxhwl38","n","nan","nan",48.0,"nan"
"hxhwl39","n","nan","nan",59.0,"nan"
"hxhwl4","n","nan","nan",51.0,"nan"
"hxhwl41","n","nan","nan",108.0,"nan"
"hxhwl42","n","nan",80.0,105.0,"nan"
"hxhwl43","n","nan",80.0,144.0,"nan"
"hxhwl44","n","nan","nan",54.0,"nan"
"hxhwl45","n","nan","nan",94.0,"nan"
"hxhwl46","n","nan","nan",89.0,"nan"
"hxhwl47","n","nan","nan",52.0,"nan"
"hxhwl48","n","nan","nan",52.0,"nan"
"hxhwl49","n","nan","nan",52.0,"nan"
"hxhwl5","n","nan","nan",51.0,"nan"
"hxhwl51","n","nan","nan",72.0,"nan"
"hxhwl52","n","nan",50.0,56.0,"nan"
"hxhwl53","n","nan","nan",56.0,"nan"
"hxhwl55","n","nan",50.0,67.0,"nan"
"hxhwl56","n","nan","nan",54.0,"nan"
"hxhwl58","n","nan","nan",60.0,"nan"
"hxhwl59","n","nan","nan",56.0,"nan"
"hxhwl6","n","nan",75.0,112.0,"nan"
"hxhwl60","n","nan",75.0,88.0,"nan"
"hxhwl61","n","nan","nan",116.0,"nan"
"hxhwl62","n","nan","nan",57.0,"nan"
"hxhwl63","n","nan","nan",62.0,"nan"
"hxhwl64","n","nan","nan",73.0,"nan"
"hxhwl65","n","nan","nan",51.0,"nan"
"hxhwl66","n","nan","nan",52.0,"nan"
"hxhwl67","n","nan",45.0,52.0,"nan"
"hxhwl68","n","nan","nan",113.0,"nan"
"hxhwl69","n","nan","nan",148.0,"nan"
"hxhwl7","n","nan","nan",83.0,"nan"
"hxhwl70","n","nan","nan",49.0,"nan"
"hxhwl71","n","nan","nan",57.0,"nan"
"hxhwl72","n","nan","nan",56.0,"nan"
"hxhwl73","n","nan",50.0,108.0,"nan"
"hxhwl74","n","nan","nan",56.0,"nan"
"hxhwl8","n","nan",75.0,80.0,"nan"
"hxhwl9","n","nan",50.0,65.0,"nan"
"hxwhb1","n","nan","nan",68.0,"nan"
"hxwhb10","n","nan",75.0,"nan","nan"
"hxwhb11","n","nan","nan",54.0,"nan"
"hxwhb12","n","nan","nan",99.0,"nan"
"hxwhb13","n","nan","nan",72.0,"nan"
"hxwhb14","n","nan","nan",84.0,"nan"
"hxwhb16","n","nan","nan",240.0,"nan"
"hxwhb2","n","nan","nan",51.0,"nan"
"hxwhb3","n","nan","nan",38.0,"nan"
"hxwhb4","n","nan","nan",33.0,"nan"
"hxwhb6","n","nan","nan",25.0,"nan"
"hxwhb7","n","nan","nan",30.0,"nan"
"hxwhb9","n","nan","nan",28.0,"nan"
"hyades","n","nan","nan","nan","nan"
"ic1023","n","nan","nan",100.0,"nan"
"ic1311","n","nan","nan","nan","nan"
"ic1363","n","nan",40.0,"nan","nan"
"ic1369","n","nan","nan","nan","nan"
"ic1396","n","nan","nan","nan","nan"
"ic1434","n","nan","nan","nan","nan"
"ic1442","n","nan",125.0,"nan","nan"
"ic166","n","nan","nan","nan","nan"
"ic17951","n","nan","nan",100.0,"nan"
"ic17952","n","nan","nan",100.0,"nan"
"ic1805","n","nan","nan","nan","nan"
"ic1805w","n","nan","nan","nan","nan"
"ic1805west","n","nan","nan",100.0,"nan"
"ic1848","n","nan","nan",250.0,"nan"
"ic1871","n","nan","nan",100.0,"nan"
"ic2156","n","nan","nan","nan","nan"
"ic2157","n","nan","nan","nan","nan"
"ic2162","n","nan","nan",100.0,"nan"
"ic2391","n","nan","nan","nan","nan"
"ic2395","n","nan","nan","nan","nan"
"ic2488","n","nan","nan","nan","nan"
"ic2581","n","nan","nan","nan","nan"
"ic2602","n","nan","nan","nan","nan"
"ic2714","n","nan","nan","nan","nan"
"ic2944","n","r_294.9","nan",200.0,"nan"
"ic2948","n","l_294.9","nan",100.0,"nan"
"ic348","n","nan","nan",400.0,"nan"
"ic361","n","nan","nan",1000.0,"nan"
"ic4291","n","nan","nan","nan","nan"
"ic446","n","nan","nan",100.0,"nan"
"ic4651","n","nan","nan","nan","nan"
"ic466","n","nan","nan",100.0,"nan"
"ic4665","n","nan","nan","nan","nan"
"ic4725","n","nan","nan","nan","nan"
"ic4756","n","nan","nan","nan","nan"
"ic4768","n","nan","nan","nan","nan"
"ic4955","n","nan","nan",100.0,"nan"
"ic4996","n","nan","nan","nan","nan"
"ic5146","n","nan","nan","nan","nan"
"iras00013p6817","n","nan","nan","nan","nan"
"iras01546p6319","n","nan","nan","nan","nan"
"iras02044p6031","n","nan","nan","nan","nan"
"iras02054p6011","n","nan","nan",50.0,"nan"
"iras02130p5509","n","nan","nan","nan","nan"
"iras02175p5845","n","nan","nan","nan","nan"
"iras02232p6138","n","nan","nan","nan","nan"
"iras02327p6019","n","nan","nan",100.0,"nan"
"iras02407p6047","n","nan","nan","nan","nan"
"iras02461p6147","n","nan","nan","nan","nan"
"iras02484p6022","n","nan","nan","nan","nan"
"iras02497p6217","n","nan","nan","nan","nan"
"iras02541p6208","n","nan","nan","nan","nan"
"iras02570p6028","n","nan","nan","nan","nan"
"iras03064p5638","n","nan","nan",100.0,"nan"
"iras04324p5106","n","nan","nan","nan","nan"
"iras05197p3355","n","nan","nan",100.0,"nan"
"iras054011002","n","nan","nan",100.0,"nan"
"iras054040839","n","l_212.9","nan",100.0,"nan"
"iras054040946","n","nan","nan",100.0,"nan"
"iras05439p3035","n","nan","nan","nan","nan"
"iras060460603","n","nan","nan",100.0,"nan"
"iras061552319","n","nan","nan","nan","nan"
"iras065620337","n","nan","nan","nan","nan"
"iras065620337cl","n","nan","nan",100.0,"nan"
"iras072552012","n","nan","nan","nan","nan"
"iras154115352","n","nan","nan","nan","nan"
"iras163534636","n","nan","nan","nan","nan"
"iras173012917","n","nan","nan","nan","nan"
"iras183060500","n","nan","nan","nan","nan"
"iras19110p1045","n","nan","nan","nan","nan"
"iras20050p2720a","n","nan","nan",100.0,"nan"
"iras20050p2720b","n","nan","nan",100.0,"nan"
"iras20050p2720c","n","nan","nan",100.0,"nan"
"iras20188p3928","n","nan","nan",100.0,"nan"
"iras20286p4105","n","nan","nan","nan","nan"
"iras23151p5912","n","nan","nan",100.0,"nan"
"iskudarian1","n","nan","nan",100.0,"nan"
"ivanov2","n","nan","nan","nan","nan"
"ivanov4","n","nan","nan","nan","nan"
"ivanov7","n","nan","nan","nan","nan"
"ivanov8","n","nan","nan","nan","nan"
"ivanov9","n","nan","nan","nan","nan"
"johansson1","n","nan","nan","nan","nan"
"juchert1","n","nan","nan",150.0,"nan"
"juchert10","n","nan","nan",250.0,"nan"
"juchert11","n","nan","nan",100.0,"nan"
"juchert12","n","nan","nan","nan","nan"
"juchert13","n","nan","nan","nan","nan"
"juchert14","n","nan","nan","nan","nan"
"juchert15","n","nan","nan","nan","nan"
"juchert16","n","nan","nan","nan","nan"
"juchert18","n","nan","nan","nan","nan"
"juchert19","n","nan","nan","nan","nan"
"juchert2","n","nan","nan","nan","nan"
"juchert20","n","nan","nan","nan","nan"
"juchert21","n","nan","nan","nan","nan"
"juchert22","n","nan","nan","nan","nan"
"juchert23","n","nan","nan","nan","nan"
"juchert3","n","nan","nan",75.0,"nan"
"juchert4","n","nan","nan","nan","nan"
"juchert5","n","nan","nan","nan","nan"
"juchert6","n","nan","nan","nan","nan"
"juchert7","n","nan","nan","nan","nan"
"juchert9","n","nan","nan","nan","nan"
"juchertj01034p5631","n","nan","nan","nan","nan"
"juchertj04306p5402","n","nan","nan","nan","nan"
"juchertj06031p3102","n","nan",75.0,"nan","nan"
"juchertj064480925","n","nan","nan","nan","nan"
"juchertj06494p1202","n","nan","nan","nan","nan"
"juchertj150665459","n","nan","nan","nan","nan"
"juchertj154164622","n","nan","nan","nan","nan"
"juchertj173851659","n","nan","nan","nan","nan"
"juchertj19044p1124","n","nan","nan","nan","nan"
"juchertj19082p1102","n","nan","nan","nan","nan"
"juchertj19143p1331","n","nan","nan","nan","nan"
"juchertj19194p1453","n","nan","nan","nan","nan"
"juchertsaloran1","n","nan","nan","nan","nan"
"k350b","n","nan","nan",100.0,"nan"
"karhula17","n","nan","nan","nan","nan"
"karhula3","n","nan","nan",50.0,"nan"
"kernya10","n","nan","nan","nan","nan"
"kes29","n","nan","nan",100.0,"nan"
"kharchenko1","n","nan","nan","nan","nan"
"kharchenko2","n","nan","nan","nan","nan"
"kharchenko3","n","nan","nan","nan","nan"
"king1","n","nan","nan",1000.0,"nan"
"king10","n","nan","nan","nan","nan"
"king11","n","nan","nan","nan","nan"
"king12","n","nan","nan","nan","nan"
"king13","n","nan","nan","nan","nan"
"king14","n","nan","nan",250.0,"nan"
"king15","n","nan","nan","nan","nan"
"king16","n","nan","nan","nan","nan"
"king17","n","nan","nan","nan","nan"
"king18","n","nan","nan",200.0,"nan"
"king19","n","nan","nan","nan","nan"
"king2","n","nan","nan","nan","nan"
"king20","n","nan","nan","nan","nan"
"king21","n","nan","nan","nan","nan"
"king23","n","nan","nan","nan","nan"
"king25","n","nan","nan","nan","nan"
"king26","n","nan","nan","nan","nan"
"king4","n","nan","nan","nan","nan"
"king5","n","nan","nan","nan","nan"
"king6","n","nan","nan","nan","nan"
"king7","n","nan","nan",700.0,"nan"
"king8","n","nan","nan",225.0,"nan"
"king9","n","nan","nan",250.0,"nan"
"kms35","n","nan","nan",100.0,"nan"
"koposov10","n","nan","nan","nan","nan"
"koposov12","n","plxr_0.52","nan","nan","nan"
"koposov27","n","nan","nan","nan","nan"
"koposov36","n","nan","nan","nan","nan"
"koposov43","n","nan","nan","nan","nan"
"koposov53","n","nan","nan","nan","nan"
"koposov62","n","nan","nan","nan","nan"
"koposov63","n","nan","nan","nan","nan"
"koposov77","n","nan","nan","nan","nan"
"kronberger1","n","t_0.12;b_-0.05",80.0,"nan","nan"
"kronberger117","n","nan","nan",50.0,"nan"
"kronberger12","n","nan","nan","nan","nan"
"kronberger121","n","nan","nan",97.0,"nan"
"kronberger13","n","nan","nan","nan","nan"
"kronberger14","n","r_88.15","nan","nan","nan"
"kronberger18","n","nan","nan","nan","nan"
"kronberger2","n","nan","nan","nan","nan"
"kronberger25","n","nan","nan","nan","nan"
"kronberger27","n","nan","nan","nan","nan"
"kronberger28","n","nan","nan","nan","nan"
"kronberger29","n","nan","nan","nan","nan"
"kronberger3","n","nan","nan","nan","nan"
"kronberger31","n","plxl_-0.5",125.0,"nan","y"
"kronberger33","n","nan","nan","nan","nan"
"kronberger36","n","nan","nan","nan","nan"
"kronberger39","n","plxl_-0.5",50.0,"nan","y"
"kronberger4","n","nan","nan","nan","nan"
"kronberger49","n","nan","nan","nan","nan"
"kronberger5","n","nan","nan","nan","nan"
"kronberger50","n","nan","nan","nan","nan"
"kronberger51","n","nan","nan","nan","nan"
"kronberger52","n","nan","nan","nan","nan"
"kronberger53","n","nan","nan","nan","nan"
"kronberger54","n","nan","nan","nan","nan"
"kronberger55","n","nan","nan","nan","nan"
"kronberger56","n","nan","nan","nan","nan"
"kronberger57","n","nan","nan","nan","nan"
"kronberger58","n","nan","nan","nan","nan"
"kronberger59","n","nan","nan","nan","nan"
"kronberger6","n","nan","nan","nan","nan"
"kronberger61","n","nan","nan","nan","nan"
"kronberger62","n","nan","nan","nan","nan"
"kronberger63","n","nan","nan","nan","nan"
"kronberger65","n","nan","nan","nan","nan"
"kronberger66","n","nan","nan","nan","nan"
"kronberger67","n","nan","nan","nan","nan"
"kronberger68","n","nan","nan","nan","nan"
"kronberger69","n","nan","nan","nan","nan"
"kronberger70","n","nan","nan","nan","nan"
"kronberger72","n","nan","nan","nan","nan"
"kronberger73","n","nan","nan","nan","nan"
"kronberger74","n","nan","nan","nan","nan"
"kronberger76","n","nan","nan","nan","nan"
"kronberger78","n","nan","nan","nan","nan"
"kronberger79","n","nan","nan","nan","nan"
"kronberger8","n","nan","nan","nan","nan"
"kronberger80","n","nan","nan","nan","nan"
"kronberger81","n","nan","nan","nan","nan"
"kronberger82","n","nan","nan","nan","nan"
"kronberger83","n","nan","nan","nan","nan"
"kronberger84","n","nan","nan","nan","nan"
"kronberger85","n","nan","nan","nan","nan"
"kronberger86","n","nan","nan","nan","nan"
"kronberger87","n","nan","nan","nan","nan"
"kronberger92","n","nan","nan","nan","nan"
"kronberger93","n","nan","nan","nan","nan"
"kronberger94","n","nan","nan","nan","nan"
"kronberger95","n","nan","nan","nan","nan"
"kronberger96","n","nan","nan","nan","nan"
"kronberger98","n","nan","nan","nan","nan"
"kumar21","n","nan","nan","nan","nan"
"l1641n","n","nan","nan","nan","nan"
"l1641s","n","r_212.9","nan",200.0,"nan"
"l988e","n","nan","nan","nan","nan"
"latham1","n","nan","nan","nan","nan"
"latysev1","n","nan","nan",100.0,"nan"
"latysev2","n","nan","nan",50.0,"nan"
"ldn1206","n","nan","nan",100.0,"nan"
"ldn1211","n","nan","nan",100.0,"nan"
"ldn1228","n","nan","nan",100.0,"nan"
"ldn1495w","n","nan","nan",100.0,"nan"
"ldn1641c","n","nan","nan",100.0,"nan"
"ldn988e","n","nan","nan","nan","nan"
"lederman1","n","nan","nan","nan","nan"
"lisc0192","n","nan","nan","nan","nan"
"lisc0327","n","nan","nan","nan","nan"
"lisc0537","n","nan","nan","nan","nan"
"lisc0538","n","nan","nan","nan","nan"
"lisc0832","n","nan","nan","nan","nan"
"lisc0901","n","nan","nan",250.0,"nan"
"lisc1103","n","nan","nan","nan","nan"
"lisc1132","n","nan","nan","nan","nan"
"lisc1139","n","nan","nan","nan","nan"
"lisc1141","n","nan","nan","nan","nan"
"lisc1152","n","nan","nan","nan","nan"
"lisc1273","n","nan","nan","nan","nan"
"lisc1274","n","nan",80.0,"nan","nan"
"lisc1314","n","nan","nan","nan","nan"
"lisc1351","n","nan","nan","nan","nan"
"lisc1363","n","nan","nan","nan","nan"
"lisc1369","n","nan","nan","nan","nan"
"lisc1445","n","nan","nan","nan","nan"
"lisc1449","n","nan","nan","nan","nan"
"lisc1473","n","nan","nan","nan","nan"
"lisc1556","n","nan","nan","nan","nan"
"lisc1908","n","nan","nan","nan","nan"
"lisc1909","n","nan","nan","nan","nan"
"lisc1942","n","nan","nan","nan","nan"
"lisc2014","n","nan","nan","nan","nan"
"lisc2019","n","nan",70.0,"nan","nan"
"lisc2967","n","nan",100.0,"nan","nan"
"lisc3164","n","nan","nan","nan","nan"
"lisc3392","n","nan","nan","nan","nan"
"lisc3420","n","nan",80.0,"nan","nan"
"lisc3483","n","nan","nan","nan","nan"
"lisc3534","n","nan","nan","nan","nan"
"lisc3630","n","nan","nan",36.0,"nan"
"lisc3632","n","nan","nan",44.0,"nan"
"lisc3634","n","nan","nan",56.0,"nan"
"lisc3635","n","nan","nan",67.0,"nan"
"lisc3642","n","nan","nan",43.0,"nan"
"lisc3643","n","nan","nan",52.0,"nan"
"lisc3647","n","nan","nan",40.0,"nan"
"lisc3649","n","nan","nan",484.0,"nan"
"lisc3650","n","nan","nan",52.0,"nan"
"lisc3651","n","nan","nan",294.0,"nan"
"lisc3652","n","nan","nan",56.0,"nan"
"lisc3653","n","nan","nan",48.0,"nan"
"lisc3655","n","nan","nan",89.0,"nan"
"lisc3657","n","nan","nan",281.0,"nan"
"lisc3660","n","nan","nan",46.0,"nan"
"lisc3661","n","nan","nan",60.0,"nan"
"lisc3663","n","nan","nan",209.0,"nan"
"lisc3674","n","nan","nan",65.0,"nan"
"lisc3675","n","nan","nan",51.0,"nan"
"lisc3676","n","nan","nan",41.0,"nan"
"lisc3677","n","nan","nan",36.0,"nan"
"lisc3678","n","nan","nan",33.0,"nan"
"lisc3681","n","nan","nan",48.0,"nan"
"lisc3682","n","nan","nan",33.0,"nan"
"lisc3683","n","nan","nan",32.0,"nan"
"lisc3684","n","nan","nan",60.0,"nan"
"lisc3689","n","nan","nan",51.0,"nan"
"lisc3690","n","nan","nan",38.0,"nan"
"lisc3692","n","nan","nan",36.0,"nan"
"lisc3694","n","nan","nan",46.0,"nan"
"lisc3696","n","nan","nan",97.0,"nan"
"lisc3697","n","nan","nan",70.0,"nan"
"lisc3701","n","nan","nan",46.0,"nan"
"lisc3702","n","nan","nan",32.0,"nan"
"lisc3704","n","nan","nan",36.0,"nan"
"lisciii1031","n","nan","nan",577.0,"nan"
"lisciii1036","n","nan","nan",641.0,"nan"
"lisciii1038","n","nan","nan",1000.0,"nan"
"lisciii1046","n","nan","nan",428.0,"nan"
"lisciii1177","n","nan","nan",169.0,"nan"
"lisciii1178","n","nan","nan",156.0,"nan"
"lisciii1179","n","nan","nan",171.0,"nan"
"lisciii1182","n","nan","nan",238.0,"nan"
"lisciii1191","n","nan","nan",233.0,"nan"
"lisciii1196","n","nan","nan",273.0,"nan"
"lisciii1197","n","nan","nan",160.0,"nan"
"lisciii1293","n","nan","nan",369.0,"nan"
"lisciii1299","n","nan","nan",99.0,"nan"
"lisciii1301","n","nan","nan",211.0,"nan"
"lisciii1314","n","nan","nan",907.0,"nan"
"lisciii1316","n","nan","nan",763.0,"nan"
"lisciii1319","n","nan","nan",1000.0,"nan"
"lisciii1320","n","nan","nan",1000.0,"nan"
"lisciii1442","n","nan","nan",459.0,"nan"
"lisciii1762","n","nan","nan",102.0,"nan"
"lisciii1764","n","nan","nan",246.0,"nan"
"lisciii1789","n","nan","nan",112.0,"nan"
"lisciii1790","n","nan","nan",800.0,"nan"
"lisciii1837","n","nan","nan",123.0,"nan"
"lisciii1911","n","nan","nan",291.0,"nan"
"lisciii1989","n","nan","nan",244.0,"nan"
"lisciii2071","n","nan","nan",1000.0,"nan"
"lisciii2171","n","nan","nan",340.0,"nan"
"lisciii2226","n","nan","nan",225.0,"nan"
"lisciii2234","n","nan","nan",204.0,"nan"
"lisciii2394","n","nan","nan",147.0,"nan"
"lisciii2396","n","nan","nan",414.0,"nan"
"lisciii2473","n","nan","nan",329.0,"nan"
"lisciii2474","n","nan","nan",289.0,"nan"
"lisciii2595","n","nan","nan",449.0,"nan"
"lisciii2601","n","nan","nan",140.0,"nan"
"lisciii2824","n","nan","nan",137.0,"nan"
"lisciii2920","n","nan","nan",192.0,"nan"
"lisciii2980","n","nan","nan",153.0,"nan"
"lisciii2983","n","nan","nan",225.0,"nan"
"lisciii3286","n","nan","nan",267.0,"nan"
"lisciii3312","n","l_106.5","nan",472.0,"nan"
"lisciii3345","n","nan","nan",128.0,"nan"
"lisciii3372","n","nan","nan",185.0,"nan"
"lisciii3373","n","nan","nan",470.0,"nan"
"lisciii3411","n","nan","nan",320.0,"nan"
"lisciii3431","n","nan","nan",401.0,"nan"
"lisciii3434","n","nan","nan",118.0,"nan"
"lisciii3492","n","nan","nan",256.0,"nan"
"lisciii3503","n","nan","nan",156.0,"nan"
"lisciii3629","n","nan","nan",217.0,"nan"
"lisciii3630","n","nan","nan",112.0,"nan"
"lisciii3649","n","nan","nan",134.0,"nan"
"lisciii3661","n","nan","nan",617.0,"nan"
"lisciii3664","n","nan","nan",107.0,"nan"
"lisciii3668","n","nan","nan",347.0,"nan"
"lisciii3673","n","nan","nan",1000.0,"nan"
"lisciii3682","n","nan","nan",464.0,"nan"
"lisciii3715","n","nan","nan",227.0,"nan"
"lisciii3728","n","nan","nan",1000.0,"nan"
"lisciii3732","n","nan","nan",113.0,"nan"
"lisciii3737","n","nan","nan",166.0,"nan"
"lisciii3749","n","nan","nan",166.0,"nan"
"lisciii3759","n","nan","nan",153.0,"nan"
"lisciii3785","n","nan","nan",156.0,"nan"
"lisciii931","n","nan","nan",185.0,"nan"
"lisciii932","n","nan","nan",152.0,"nan"
"lisciii933","n","nan","nan",1000.0,"nan"
"lisciii934","n","nan","nan",867.0,"nan"
"lk1","n","nan",70.0,"nan","nan"
"lk10","n","nan","nan",200.0,"nan"
"lk3","n","nan","nan","nan","nan"
"loden1","n","nan","nan","nan","nan"
"loden1002","n","nan",50.0,"nan","nan"
"loden1010","n","nan","nan","nan","nan"
"loden1095","n","nan","nan","nan","nan"
"loden1101","n","nan","nan","nan","nan"
"loden112","n","nan","nan","nan","nan"
"loden1152","n","nan","nan","nan","nan"
"loden1171","n","nan","nan","nan","nan"
"loden1177","n","nan","nan","nan","nan"
"loden1194","n","nan","nan","nan","nan"
"loden1202","n","nan","nan","nan","nan"
"loden1225","n","nan","nan","nan","nan"
"loden1256","n","nan",120.0,"nan","nan"
"loden1282","n","nan","nan","nan","nan"
"loden1289","n","nan","nan","nan","nan"
"loden1339","n","nan","nan","nan","nan"
"loden1373","n","nan","nan","nan","nan"
"loden1375","n","nan","nan","nan","nan"
"loden1378","n","nan","nan","nan","nan"
"loden1409","n","nan","nan","nan","nan"
"loden143","n","nan","nan","nan","nan"
"loden153","n","nan","nan","nan","nan"
"loden165","n","nan","nan","nan","nan"
"loden172","n","nan","nan","nan","nan"
"loden189","n","nan","nan","nan","nan"
"loden2045","n","nan","nan","nan","nan"
"loden2115","n","nan","nan","nan","nan"
"loden213","n","nan","nan","nan","nan"
"loden2158","n","nan","nan","nan","nan"
"loden2159","n","nan","nan","nan","nan"
"loden2313","n","nan","nan","nan","nan"
"loden2326","n","nan","nan","nan","nan"
"loden27","n","nan","nan","nan","nan"
"loden28","n","nan","nan","nan","nan"
"loden280","n","nan","nan","nan","nan"
"loden282","n","nan","nan","nan","nan"
"loden306","n","nan","nan","nan","nan"
"loden309","n","nan",50.0,"nan","nan"
"loden336","n","nan","nan","nan","nan"
"loden372","n","nan","nan","nan","nan"
"loden402","n","nan","nan","nan","nan"
"loden46","n","nan",50.0,"nan","nan"
"loden466","n","nan","nan","nan","nan"
"loden467","n","nan","nan","nan","nan"
"loden480","n","nan","nan","nan","nan"
"loden481","n","nan","nan","nan","nan"
"loden565","n","nan","nan","nan","nan"
"loden59","n","nan","nan","nan","nan"
"loden615","n","nan","nan","nan","nan"
"loden624","n","nan","nan","nan","nan"
"loden682","n","nan","nan","nan","nan"
"loden694","n","nan","nan","nan","nan"
"loden757","n","nan","nan","nan","nan"
"loden807","n","nan","nan","nan","nan"
"loden821","n","nan","nan","nan","nan"
"loden848","n","nan","nan","nan","nan"
"loden89","n","nan","nan","nan","nan"
"loden894","n","nan","nan","nan","nan"
"loden915","n","nan",50.0,"nan","nan"
"loden991","n","nan","nan","nan","nan"
"loden995","n","nan","nan","nan","nan"
"loiano1","n","nan","nan","nan","nan"
"lp01","n","nan","nan","nan","nan"
"lp02","n","nan","nan","nan","nan"
"lp04","n","nan","nan","nan","nan"
"lp05","n","nan","nan","nan","nan"
"lp06","n","nan","nan","nan","nan"
"lp07","n","nan","nan","nan","nan"
"lp08","n","nan","nan","nan","nan"
"lp11","n","nan","nan","nan","nan"
"lp12","n","nan","nan","nan","nan"
"lp14","n","nan","nan","nan","nan"
"lp16","n","nan","nan","nan","nan"
"lp17","n","nan","nan","nan","nan"
"lp18","n","nan","nan","nan","nan"
"lp19","n","nan","nan","nan","nan"
"lp20","n","nan","nan","nan","nan"
"lp21","n","nan","nan","nan","nan"
"lp22","n","nan","nan","nan","nan"
"lp23","n","nan","nan","nan","nan"
"lp2388","n","nan","nan",50.0,"nan"
"lp24","n","nan","nan","nan","nan"
"lp2429","n","nan","nan",50.0,"nan"
"lp2441","n","nan","nan",50.0,"nan"
"lp25","n","nan","nan","nan","nan"
"lp26","n","nan","nan","nan","nan"
"lp27","n","nan","nan","nan","nan"
"lp28","n","nan","nan","nan","nan"
"lp29","n","nan","nan","nan","nan"
"lp30","n","nan","nan","nan","nan"
"lp31","n","nan","nan","nan","nan"
"lp33","n","nan","nan","nan","nan"
"lp34","n","nan",80.0,"nan","nan"
"lp35","n","nan","nan","nan","nan"
"lp36","n","nan","nan","nan","nan"
"lp37","n","nan","nan","nan","nan"
"lp38","n","nan","nan","nan","nan"
"lp40","n","nan","nan","nan","nan"
"lp41","n","nan","nan","nan","nan"
"lp42","n","nan","nan","nan","nan"
"lp43","n","nan","nan","nan","nan"
"lp45","n","nan","nan","nan","nan"
"lp46","n","nan","nan","nan","nan"
"lp47","n","nan","nan","nan","nan"
"lp48","n","nan","nan","nan","nan"
"lp49","n","nan","nan","nan","nan"
"lp50a","n","nan","nan","nan","nan"
"lp51a","n","nan","nan","nan","nan"
"lp52a","n","nan","nan","nan","nan"
"lp53a","n","nan","nan","nan","nan"
"lp54a","n","nan","nan","nan","nan"
"lp55a","n","nan","nan","nan","nan"
"ls114","n","nan","nan","nan","nan"
"ls12","n","nan","nan","nan","nan"
"ls139","n","nan","nan","nan","nan"
"ls145","n","nan","nan","nan","nan"
"ls16","n","nan","nan","nan","nan"
"ls169","n","nan","nan","nan","nan"
"ls177","n","nan","nan","nan","nan"
"ls217","n","nan","nan","nan","nan"
"ls229","n","nan","nan",130.0,"nan"
"ls230","n","nan","nan","nan","nan"
"ls237","n","nan","nan","nan","nan"
"ls251","n","nan","nan","nan","nan"
"ls274","n","nan","nan","nan","nan"
"ls276","n","nan","nan","nan","nan"
"ls279","n","nan","nan","nan","nan"
"ls280","n","nan","nan","nan","nan"
"ls313","n","nan","nan","nan","nan"
"ls343","n","nan","nan",200.0,"nan"
"ls358","n","nan","nan","nan","nan"
"ls360","n","nan","nan","nan","nan"
"ls377","n","nan","nan","nan","nan"
"ls378","n","nan","nan","nan","nan"
"ls403","n","nan","nan","nan","nan"
"ls457","n","nan","nan","nan","nan"
"ls460","n","nan","nan","nan","nan"
"ls468","n","nan","nan","nan","nan"
"ls477","n","nan","nan","nan","nan"
"ls52","n","nan","nan","nan","nan"
"ls94","n","nan","nan","nan","nan"
"ls98","n","nan","nan","nan","nan"
"lynga1","n","nan","nan","nan","nan"
"lynga11","n","nan","nan","nan","nan"
"lynga12","n","nan","nan","nan","nan"
"lynga13","n","nan","nan","nan","nan"
"lynga14","n","nan",100.0,"nan","nan"
"lynga15","n","nan","nan","nan","nan"
"lynga2","n","nan","nan","nan","nan"
"lynga3","n","nan","nan","nan","nan"
"lynga4","n","nan","nan","nan","nan"
"lynga5","n","nan","nan","nan","nan"
"lynga6","n","nan","nan","nan","nan"
"lynga7","n","nan","nan","nan","nan"
"lynga8","n","nan","nan","nan","nan"
"lynga9","n","nan","nan",630.0,"nan"
"majaess1","n","nan","nan","nan","nan"
"majaess101","n","nan","nan","nan","nan"
"majaess104","n","nan","nan","nan","nan"
"majaess114","n","nan","nan","nan","nan"
"majaess135","n","nan","nan","nan","nan"
"majaess160","n","nan","nan","nan","nan"
"majaess166","n","nan","nan","nan","nan"
"majaess170","n","nan","nan","nan","nan"
"majaess184","n","nan","nan","nan","nan"
"majaess19","n","nan","nan","nan","nan"
"majaess190","n","nan","nan","nan","nan"
"majaess20","n","nan","nan","nan","nan"
"majaess207","n","nan","nan","nan","nan"
"majaess209","n","nan","nan","nan","nan"
"majaess211","n","nan","nan","nan","nan"
"majaess215","n","nan","nan","nan","nan"
"majaess225","n","nan","nan","nan","nan"
"majaess227","n","nan","nan","nan","nan"
"majaess26","n","nan","nan","nan","nan"
"majaess29","n","nan","nan","nan","nan"
"majaess41","n","nan","nan","nan","nan"
"majaess50","n","nan","nan","nan","nan"
"majaess58","n","nan","nan","nan","nan"
"majaess61","n","nan","nan","nan","nan"
"majaess65","n","nan",100.0,"nan","nan"
"majaess68","n","nan","nan","nan","nan"
"majaess69","n","nan","nan","nan","nan"
"majaess70","n","nan","nan","nan","nan"
"majaess79","n","nan","nan","nan","nan"
"majaess8","n","nan","nan","nan","nan"
"majaess82","n","nan","nan","nan","nan"
"majaess86","n","nan","nan","nan","nan"
"majaess89","n","nan","nan","nan","nan"
"majaess9","n","nan","nan","nan","nan"
"majaess90","n","nan",50.0,50.0,"nan"
"majaess95","n","nan","nan","nan","nan"
"mamajek1","n","nan","nan","nan","nan"
"mamajek13","n","nan","nan",50.0,"nan"
"mamajek1625","n","nan","nan","nan","nan"
"mamajek1652","n","nan","nan","nan","nan"
"mamajek1732","n","nan","nan","nan","nan"
"mamajek1844","n","nan","nan","nan","nan"
"mamajek2","n","nan","nan","nan","nan"
"mamajek3","n","nan","nan","nan","nan"
"mamajek4","n","nan",200.0,"nan","nan"
"mandushev1","n","nan","nan",50.0,"nan"
"markarian38","n","nan","nan","nan","nan"
"markarian50","n","nan","nan","nan","nan"
"masgomas1","n","nan","nan","nan","nan"
"mayer1","n","nan","nan","nan","nan"
"mayer2","n","nan","nan","nan","nan"
"mayer3","n","nan","nan","nan","nan"
"mcm1","n","nan","nan","nan","nan"
"mcm10","n","nan","nan","nan","nan"
"mcm11","n","nan","nan","nan","nan"
"mcm12","n","nan","nan","nan","nan"
"mcm13","n","nan","nan","nan","nan"
"mcm14","n","nan","nan","nan","nan"
"mcm15","n","nan","nan","nan","nan"
"mcm16","n","nan",25.0,"nan","nan"
"mcm17","n","nan","nan","nan","nan"
"mcm18","n","nan","nan","nan","nan"
"mcm2","n","nan","nan","nan","nan"
"mcm20","n","nan","nan","nan","nan"
"mcm21","n","nan","nan","nan","nan"
"mcm22","n","nan","nan","nan","nan"
"mcm24","n","nan","nan","nan","nan"
"mcm25","n","nan",50.0,"nan","nan"
"mcm26","n","nan","nan","nan","nan"
"mcm27","n","nan","nan","nan","nan"
"mcm28","n","nan","nan","nan","nan"
"mcm29","n","nan","nan","nan","nan"
"mcm3","n","nan",25.0,"nan","nan"
"mcm30","n","nan","nan","nan","nan"
"mcm31","n","nan","nan","nan","nan"
"mcm32","n","nan","nan","nan","nan"
"mcm33","n","nan","nan","nan","nan"
"mcm34","n","nan","nan","nan","nan"
"mcm35","n","nan","nan","nan","nan"
"mcm36","n","nan","nan","nan","nan"
"mcm37","n","nan","nan","nan","nan"
"mcm38","n","nan","nan","nan","nan"
"mcm39","n","nan","nan","nan","nan"
"mcm4","n","nan","nan","nan","nan"
"mcm40","n","nan","nan","nan","nan"
"mcm41","n","nan",75.0,"nan","nan"
"mcm42","n","nan","nan","nan","nan"
"mcm43","n","nan","nan","nan","nan"
"mcm44","n","nan","nan","nan","nan"
"mcm45","n","nan","nan","nan","nan"
"mcm46","n","nan","nan","nan","nan"
"mcm47","n","nan","nan","nan","nan"
"mcm48","n","nan",80.0,"nan","nan"
"mcm49","n","nan","nan","nan","nan"
"mcm51","n","nan","nan","nan","nan"
"mcm52","n","nan","nan","nan","nan"
"mcm54","n","nan","nan","nan","nan"
"mcm55","n","nan","nan","nan","nan"
"mcm56","n","nan","nan","nan","nan"
"mcm57","n","nan","nan","nan","nan"
"mcm58","n","nan",300.0,250.0,"nan"
"mcm59","n","nan","nan","nan","nan"
"mcm6","n","nan","nan","nan","nan"
"mcm60","n","nan","nan","nan","nan"
"mcm61","n","nan","nan","nan","nan"
"mcm63","n","nan","nan","nan","nan"
"mcm64","n","nan",260.0,"nan","nan"
"mcm65","n","nan","nan","nan","nan"
"mcm66","n","nan","nan","nan","nan"
"mcm67","n","nan","nan","nan","nan"
"mcm68","n","nan","nan","nan","nan"
"mcm69","n","nan","nan","nan","nan"
"mcm7","n","nan","nan","nan","nan"
"mcm70","n","nan","nan","nan","nan"
"mcm71","n","nan","nan","nan","nan"
"mcm72","n","nan","nan","nan","nan"
"mcm73","n","nan","nan","nan","nan"
"mcm74","n","nan","nan","nan","nan"
"mcm75","n","nan","nan","nan","nan"
"mcm76","n","nan","nan","nan","nan"
"mcm77","n","nan","nan","nan","nan"
"mcm78","n","nan","nan","nan","nan"
"mcm79","n","nan","nan","nan","nan"
"mcm8","n","nan","nan","nan","nan"
"mcm80","n","nan","nan","nan","nan"
"mcm81","n","nan","nan","nan","nan"
"mcm82","n","nan","nan","nan","nan"
"mcm83","n","nan","nan","nan","nan"
"mcm84","n","nan","nan","nan","nan"
"mcm86","n","nan","nan","nan","nan"
"mcm87","n","nan","nan","nan","nan"
"mcm88","n","nan","nan","nan","nan"
"mcm89","n","nan","nan","nan","nan"
"mcm9","n","nan","nan","nan","nan"
"mcm90","n","nan","nan","nan","nan"
"mcm91","n","nan","nan","nan","nan"
"mcm92","n","nan","nan","nan","nan"
"melotte101","n","nan","nan","nan","nan"
"melotte105","n","nan","nan","nan","nan"
"melotte111","n","plxl_10;l_180;r_280;b_70",150.0,"nan","nan"
"melotte186","n","nan",200.0,"nan","nan"
"melotte20","n","nan","nan","nan","nan"
"melotte227","n","nan","nan","nan","nan"
"melotte31","n","nan","nan","nan","nan"
"melotte66","n","nan","nan","nan","nan"
"melotte71","n","nan","nan","nan","nan"
"melotte72","n","nan","nan","nan","nan"
"mf1","n","nan","nan","nan","nan"
"miller1","n","nan","nan","nan","nan"
"minni18","n","nan","nan","nan","nan"
"mkn1","n","nan","nan","nan","nan"
"moffat1","n","nan",90.0,"nan","nan"
"moffat2","n","nan","nan","nan","nan"
"moitinho1","n","nan","nan","nan","nan"
"mol103","n","nan","nan","nan","nan"
"mol109","n","nan","nan","nan","nan"
"mol110","n","nan","nan","nan","nan"
"mol45","n","nan","nan","nan","nan"
"mol50","n","nan","nan","nan","nan"
"mol75","n","nan","nan","nan","nan"
"mol82","n","nan","nan","nan","nan"
"mol84","n","nan","nan","nan","nan"
"mol99","n","nan","nan","nan","nan"
"monob1d","n","l_203.08","nan",400.0,"nan"
"monr2","n","nan","nan",250.0,"nan"
"morgan8","n","l_209.8","nan",100.0,"nan"
"muzzio1","n","nan","nan","nan","nan"
"mvm2011g3751046","n","nan","nan","nan","nan"
"mwc137","n","nan",60.0,"nan","nan"
"mwc297","n","nan","nan","nan","nan"
"mwsc1458","n","nan","nan","nan","nan"
"mwsc2044","n","nan","nan",50.0,"nan"
"mwsc4005","n","nan","nan","nan","nan"
"mwsc4114","n","nan","nan","nan","nan"
"mwsc4116","n","nan","nan","nan","nan"
"mwsc4119","n","nan","nan","nan","nan"
"mwsc4131","n","nan","nan","nan","nan"
"mwsc4137","n","nan","nan","nan","nan"
"mwsc4138","n","nan","nan","nan","nan"
"mwsc4140","n","nan","nan","nan","nan"
"mwsc4146","n","nan","nan","nan","nan"
"mwsc4158","n","nan","nan","nan","nan"
"mwsc4170","n","nan","nan","nan","nan"
"mwsc4176","n","nan","nan","nan","nan"
"mwsc4178","n","nan","nan","nan","nan"
"mwsc4194","n","nan","nan","nan","nan"
"mwsc4210","n","nan","nan","nan","nan"
"mwsc4211","n","nan","nan","nan","nan"
"mwsc4212","n","nan","nan","nan","nan"
"mwsc4218","n","nan","nan","nan","nan"
"mwsc4219","n","nan","nan","nan","nan"
"mwsc4225","n","nan","nan","nan","nan"
"mwsc4228","n","nan","nan","nan","nan"
"mwsc4229","n","nan","nan","nan","nan"
"mwsc4248","n","nan","nan","nan","nan"
"mwsc4265","n","nan","nan","nan","nan"
"mwsc4267","n","nan","nan","nan","nan"
"mwsc4286","n","nan","nan","nan","nan"
"mwsc4287","n","nan","nan","nan","nan"
"mwsc4288","n","nan","nan","nan","nan"
"mwsc4289","n","nan","nan","nan","nan"
"mwsc4290","n","nan","nan","nan","nan"
"mwsc4301","n","nan","nan","nan","nan"
"mwsc4312","n","nan","nan","nan","nan"
"mwsc4316","n","nan","nan","nan","nan"
"mwsc4317","n","nan","nan","nan","nan"
"mwsc4330","n","nan","nan","nan","nan"
"mwsc4349","n","nan","nan","nan","nan"
"mwsc4355","n","nan","nan","nan","nan"
"mwsc4375","n","nan","nan","nan","nan"
"mwsc4383","n","nan","nan","nan","nan"
"mwsc4408","n","nan","nan","nan","nan"
"mwsc4409","n","nan","nan","nan","nan"
"mwsc4410","n","nan","nan","nan","nan"
"mwsc4429","n","nan","nan","nan","nan"
"mwsc4463","n","nan","nan","nan","nan"
"mwsc4475","n","nan","nan","nan","nan"
"mwsc4483","n","nan","nan","nan","nan"
"mwsc4484","n","nan","nan","nan","nan"
"mwsc4486","n","nan","nan","nan","nan"
"mwsc4498","n","nan","nan","nan","nan"
"mwsc4500","n","nan","nan","nan","nan"
"mwsc4511","n","nan","nan","nan","nan"
"mwsc4545","n","nan","nan","nan","nan"
"mwsc4547","n","nan","nan","nan","nan"
"mwsc4555","n","nan","nan","nan","nan"
"mwsc4561","n","nan","nan","nan","nan"
"mwsc4572","n","nan","nan","nan","nan"
"mwsc4602","n","nan","nan","nan","nan"
"mwsc4606","n","nan","nan","nan","nan"
"mwsc4622","n","nan","nan","nan","nan"
"mwsc4668","n","nan","nan","nan","nan"
"mwsc4674","n","nan","nan","nan","nan"
"mwsc4682","n","nan","nan","nan","nan"
"mwsc4688","n","nan","nan","nan","nan"
"mwsc5004","n","nan","nan","nan","nan"
"mwsc5010","n","nan","nan","nan","nan"
"mwsc5011","n","nan","nan","nan","nan"
"mwsc5012","n","nan","nan",50.0,"nan"
"mwsc5016","n","nan","nan","nan","nan"
"mwsc5018","n","nan","nan","nan","nan"
"mwsc5019","n","nan","nan","nan","nan"
"mwsc5022","n","nan","nan","nan","nan"
"mwsc5029","n","nan","nan","nan","nan"
"mwsc5033","n","nan","nan","nan","nan"
"mwsc5038","n","nan","nan","nan","nan"
"mwsc5042","n","nan","nan","nan","nan"
"mwsc5044","n","nan","nan","nan","nan"
"mwsc5051","n","nan","nan","nan","nan"
"mwsc5058","n","nan","nan",50.0,"nan"
"mwsc5060","n","nan","nan","nan","nan"
"mwsc5062","n","nan","nan","nan","nan"
"mwsc5071","n","nan","nan","nan","nan"
"mwsc5076","n","nan","nan","nan","nan"
"mwsc5083","n","nan","nan","nan","nan"
"mwsc5088","n","nan","nan","nan","nan"
"mwsc5116","n","nan","nan","nan","nan"
"mwsc5117","n","nan","nan","nan","nan"
"mwsc5122","n","nan","nan","nan","nan"
"mwsc5149","n","nan","nan","nan","nan"
"mwsc5154","n","nan","nan","nan","nan"
"mwsc5186","n","nan","nan","nan","nan"
"mwsc5191","n","nan","nan","nan","nan"
"mwsc5215","n","nan","nan","nan","nan"
"mwsc5224","n","nan","nan","nan","nan"
"mwsc5231","n","nan","nan","nan","nan"
"mwsc5273","n","nan","nan","nan","nan"
"mwsc5279","n","nan","nan","nan","nan"
"mwsc5289","n","nan","nan","nan","nan"
"mwsc5292","n","nan","nan","nan","nan"
"mwsc5293","n","nan","nan","nan","nan"
"mwsc5295","n","nan","nan","nan","nan"
"mwsc5299","n","nan","nan","nan","nan"
"mwsc5300","n","nan","nan","nan","nan"
"mwsc5301","n","nan","nan","nan","nan"
"mwsc5309","n","nan","nan","nan","nan"
"mwsc5311","n","nan","nan","nan","nan"
"mwsc5312","n","nan","nan","nan","nan"
"mwsc5316","n","nan","nan","nan","nan"
"mwsc5318","n","nan","nan","nan","nan"
"mwsc5319","n","nan","nan","nan","nan"
"mwsc5321","n","nan","nan","nan","nan"
"mwsc5323","n","nan","nan","nan","nan"
"mwsc5326","n","nan","nan","nan","nan"
"mwsc5329","n","nan","nan","nan","nan"
"mwsc5333","n","nan","nan","nan","nan"
"mwsc5337","n","nan","nan","nan","nan"
"mwsc5338","n","nan","nan","nan","nan"
"mwsc5340","n","nan","nan","nan","nan"
"mwsc5343","n","nan","nan","nan","nan"
"mwsc5344","n","nan","nan","nan","nan"
"mwsc5346","n","nan","nan","nan","nan"
"mwsc5348","n","nan","nan","nan","nan"
"mwsc5350","n","nan","nan","nan","nan"
"mwsc5351","n","nan","nan","nan","nan"
"mwsc5354","n","nan","nan","nan","nan"
"mwsc5356","n","nan","nan","nan","nan"
"mwsc5358","n","nan","nan","nan","nan"
"mwsc5359","n","nan","nan","nan","nan"
"mwsc5365","n","nan","nan","nan","nan"
"mwsc5366","n","nan","nan","nan","nan"
"mwsc5367","n","nan","nan","nan","nan"
"mwsc5368","n","nan","nan","nan","nan"
"mwsc5370","n","nan","nan","nan","nan"
"mwsc5371","n","nan","nan","nan","nan"
"mwsc5373","n","nan","nan","nan","nan"
"mwsc5374","n","nan","nan","nan","nan"
"mwsc5377","n","nan","nan","nan","nan"
"mwsc5533","n","nan","nan","nan","nan"
"mwsc5558","n","nan","nan","nan","nan"
"mwsc5571","n","nan","nan","nan","nan"
"mwsc5572","n","nan","nan","nan","nan"
"mwsc5575","n","nan","nan","nan","nan"
"mwsc5602","n","nan","nan","nan","nan"
"mwsc5604","n","nan","nan","nan","nan"
"mwsc5621","n","nan","nan","nan","nan"
"mwsc5623","n","nan","nan","nan","nan"
"mwsc5627","n","nan","nan","nan","nan"
"mwsc5633","n","nan","nan","nan","nan"
"mwsc5634","n","nan","nan","nan","nan"
"mwsc5645","n","nan","nan","nan","nan"
"mwsc5651","n","nan","nan","nan","nan"
"mwsc5656","n","nan","nan","nan","nan"
"mwsc5665","n","nan","nan","nan","nan"
"mwsc5667","n","nan","nan","nan","nan"
"mwsc5668","n","nan","nan","nan","nan"
"mwsc5670","n","nan","nan","nan","nan"
"mwsc5671","n","nan","nan","nan","nan"
"mwsc5672","n","nan","nan","nan","nan"
"mwsc5674","n","nan","nan","nan","nan"
"mwsc5676","n","nan","nan","nan","nan"
"mwsc5679","n","nan","nan","nan","nan"
"mwsc5680","n","nan","nan","nan","nan"
"mwsc5681","n","nan","nan","nan","nan"
"mwsc5684","n","nan","nan","nan","nan"
"mwsc5685","n","nan","nan","nan","nan"
"mwsc5688","n","nan","nan","nan","nan"
"mwsc5691","n","nan","nan","nan","nan"
"mwsc5692","n","nan","nan","nan","nan"
"mwsc5694","n","nan","nan","nan","nan"
"mwsc5696","n","nan","nan","nan","nan"
"mwsc5697","n","nan","nan","nan","nan"
"mwsc5698","n","nan","nan","nan","nan"
"mwsc5701","n","nan","nan","nan","nan"
"mwsc5704","n","nan","nan","nan","nan"
"mwsc5705","n","nan","nan","nan","nan"
"mwsc5706","n","nan","nan","nan","nan"
"mwsc5708","n","nan","nan","nan","nan"
"mwsc5712","n","nan","nan","nan","nan"
"mwsc5713","n","nan","nan","nan","nan"
"mwsc5715","n","nan","nan","nan","nan"
"mwsc5717","n","nan","nan","nan","nan"
"mwsc5720","n","nan","nan","nan","nan"
"mwsc5723","n","nan","nan","nan","nan"
"mwsc5726","n","nan","nan","nan","nan"
"mwsc5731","n","nan","nan","nan","nan"
"mwsc5732","n","nan","nan","nan","nan"
"mwsc5735","n","nan","nan","nan","nan"
"mwsc5737","n","nan","nan","nan","nan"
"mwsc5740","n","nan","nan","nan","nan"
"mwsc5744","n","nan","nan","nan","nan"
"mwsc5745","n","nan","nan","nan","nan"
"mwsc5748","n","nan","nan","nan","nan"
"mwsc5749","n","nan","nan","nan","nan"
"mwsc5751","n","nan","nan","nan","nan"
"mwsc5764","n","nan","nan","nan","nan"
"mwsc5779","n","nan","nan","nan","nan"
"mwsc5782","n","nan","nan","nan","nan"
"mwsc5800","n","nan","nan","nan","nan"
"mwsc5804","n","nan","nan","nan","nan"
"mwsc5811","n","nan","nan","nan","nan"
"mwsc5828","n","nan","nan","nan","nan"
"mwsc5901","n","nan","nan","nan","nan"
"mwsc5963","n","nan","nan","nan","nan"
"negueruela1","n","b_1.1",80.0,"nan","nan"
"ngc1027","n","nan","nan","nan","nan"
"ngc103","n","nan","nan","nan","nan"
"ngc1039","n","nan","nan",1100.0,"nan"
"ngc110","n","nan","nan","nan","nan"
"ngc1146","n","nan","nan",50.0,"nan"
"ngc1193","n","nan","nan","nan","nan"
"ngc1220","n","nan","nan","nan","nan"
"ngc1245","n","nan","nan","nan","nan"
"ngc1252","n","nan","nan","nan","nan"
"ngc129","n","nan","nan","nan","nan"
"ngc133","n","nan","nan","nan","nan"
"ngc1333","n","b_-20.9","nan",75.0,"nan"
"ngc1342","n","nan","nan","nan","nan"
"ngc1348","n","nan","nan","nan","nan"
"ngc136","n","nan","nan","nan","nan"
"ngc1444","n","nan","nan","nan","nan"
"ngc146","n","nan","nan","nan","nan"
"ngc1496","n","nan","nan","nan","nan"
"ngc1498","n","nan","nan","nan","nan"
"ngc1502","n","nan","nan","nan","nan"
"ngc1513","n","nan","nan","nan","nan"
"ngc1520","n","nan","nan","nan","nan"
"ngc1528","n","nan","nan","nan","nan"
"ngc1545","n","nan","nan","nan","nan"
"ngc1548","n","nan","nan","nan","nan"
"ngc1557","n","nan","nan","nan","nan"
"ngc1579","n","nan","nan",250.0,"nan"
"ngc1582","n","nan",150.0,"nan","nan"
"ngc1605","n","nan","nan","nan","nan"
"ngc1624","n","nan","nan","nan","nan"
"ngc1641","n","nan","nan","nan","nan"
"ngc1647","n","nan","nan",1100.0,"nan"
"ngc1662","n","nan","nan","nan","nan"
"ngc1663","n","nan","nan","nan","nan"
"ngc1664","n","nan","nan","nan","nan"
"ngc1708","n","nan","nan","nan","nan"
"ngc1724","n","nan","nan","nan","nan"
"ngc1746","n","plxl_1.8;pml_0,pmt_-4","nan","nan","nan"
"ngc1750","n","nan","nan","nan","nan"
"ngc1758","n","nan","nan",350.0,"nan"
"ngc1778","n","nan","nan",300.0,"nan"
"ngc1785","n","nan","nan","nan","nan"
"ngc1790","n","nan","nan","nan","nan"
"ngc1798","n","nan","nan",500.0,"nan"
"ngc1802","n","nan","nan","nan","nan"
"ngc1807","n","t_-13.35","nan","nan","nan"
"ngc1817","n","nan","nan","nan","nan"
"ngc1857","n","nan","nan","nan","nan"
"ngc188","n","nan","nan","nan","nan"
"ngc1883","n","nan","nan","nan","nan"
"ngc189","n","nan","nan","nan","nan"
"ngc1891","n","nan","nan",100.0,"nan"
"ngc1893","n","nan","nan",250.0,"nan"
"ngc1896","n","nan",50.0,"nan","nan"
"ngc1901","n","nan","nan","nan","nan"
"ngc1907","n","nan","nan",500.0,"nan"
"ngc1912","n","nan","nan","nan","nan"
"ngc1931","n","nan","nan","nan","nan"
"ngc1960","n","nan","nan","nan","nan"
"ngc1963","n","nan","nan","nan","nan"
"ngc1977","n","l_208.2,r_208.7","nan",100.0,"nan"
"ngc1980","n","l_209.3,r_209.9","nan",275.0,"nan"
"ngc1981","n","nan","nan",150.0,"nan"
"ngc1985","n","nan",50.0,"nan","nan"
"ngc1996","n","nan","nan","nan","nan"
"ngc2013","n","nan","nan","nan","nan"
"ngc2017","n","nan","nan","nan","nan"
"ngc2023","n","nan","nan",100.0,"nan"
"ngc2024","n","nan","nan","nan","nan"
"ngc2026","n","nan","nan","nan","nan"
"ngc2039","n","nan","nan","nan","nan"
"ngc2061","n","nan","nan","nan","nan"
"ngc2063","n","nan","nan",100.0,"nan"
"ngc2068","n","t_-14.2",50.0,"nan","nan"
"ngc2071","n","b_-14.2",50.0,"nan","nan"
"ngc2099","n","nan","nan","nan","nan"
"ngc2112","n","nan","nan","nan","nan"
"ngc2126","n","nan","nan","nan","nan"
"ngc2129","n","nan",100.0,"nan","nan"
"ngc2132","n","nan","nan","nan","nan"
"ngc2141","n","nan","nan","nan","nan"
"ngc2143","n","nan","nan","nan","nan"
"ngc2158","n","nan","nan","nan","nan"
"ngc2165","n","nan","nan","nan","nan"
"ngc2168","n","nan","nan","nan","nan"
"ngc2169","n","nan","nan","nan","nan"
"ngc2175","n","nan","nan","nan","nan"
"ngc2180","n","nan","nan","nan","nan"
"ngc2183","n","nan","nan","nan","nan"
"ngc2184","n","pmr_-1.3","nan",50.0,"nan"
"ngc2186","n","nan","nan","nan","nan"
"ngc2189","n","nan","nan","nan","nan"
"ngc2192","n","nan","nan","nan","nan"
"ngc2194","n","nan","nan","nan","nan"
"ngc2202","n","nan",50.0,"nan","nan"
"ngc2204","n","nan","nan","nan","nan"
"ngc2215","n","nan","nan","nan","nan"
"ngc2219","n","nan","nan","nan","nan"
"ngc2220","n","nan","nan","nan","nan"
"ngc2224","n","nan","nan","nan","nan"
"ngc2225","n","nan","nan","nan","nan"
"ngc2232","n","nan","nan","nan","nan"
"ngc2234","n","nan","nan","nan","nan"
"ngc2236","n","nan","nan",650.0,"nan"
"ngc2239","n","nan","nan","nan","nan"
"ngc2240","n","nan","nan","nan","nan"
"ngc2243","n","nan","nan","nan","nan"
"ngc2244","n","nan","nan",425.0,"nan"
"ngc2248","n","nan","nan","nan","nan"
"ngc225","n","nan","nan","nan","nan"
"ngc2250","n","nan","nan","nan","nan"
"ngc2251","n","nan","nan","nan","nan"
"ngc2252","n","nan","nan","nan","nan"
"ngc2254","n","nan","nan","nan","nan"
"ngc2259","n","nan","nan","nan","nan"
"ngc2260","n","nan","nan","nan","nan"
"ngc2262","n","nan","nan","nan","nan"
"ngc2264","n","r_203.08","nan",275.0,"nan"
"ngc2265","n","nan","nan","nan","nan"
"ngc2266","n","nan","nan","nan","nan"
"ngc2269","n","nan","nan","nan","nan"
"ngc2270","n","nan","nan","nan","nan"
"ngc2281","n","nan","nan",800.0,"nan"
"ngc2282","n","nan","nan","nan","nan"
"ngc2286","n","nan","nan","nan","nan"
"ngc2287","n","nan","nan",1000.0,"nan"
"ngc2299","n","nan","nan","nan","nan"
"ngc2301","n","nan","nan",1000.0,"nan"
"ngc2302","n","nan","nan","nan","nan"
"ngc2304","n","nan","nan","nan","nan"
"ngc2306","n","nan","nan","nan","nan"
"ngc2309","n","nan","nan","nan","nan"
"ngc2311","n","nan","nan","nan","nan"
"ngc2312","n","nan","nan","nan","nan"
"ngc2314a","n","nan","nan","nan","nan"
"ngc2316","n","nan","nan",100.0,"nan"
"ngc2318","n","nan","nan","nan","nan"
"ngc2319","n","nan","nan","nan","nan"
"ngc2323","n","nan","nan","nan","nan"
"ngc2324","n","nan","nan","nan","nan"
"ngc2331","n","nan","nan","nan","nan"
"ngc2335","n","nan","nan","nan","nan"
"ngc2338","n","nan","nan","nan","nan"
"ngc2343","n","nan","nan","nan","nan"
"ngc2345","n","nan","nan","nan","nan"
"ngc2348","n","nan","nan","nan","nan"
"ngc2349","n","nan","nan","nan","nan"
"ngc2351","n","nan","nan","nan","nan"
"ngc2352","n","nan","nan","nan","nan"
"ngc2353","n","nan","nan","nan","nan"
"ngc2354","n","nan","nan","nan","nan"
"ngc2355","n","nan","nan","nan","nan"
"ngc2358","n","nan","nan","nan","nan"
"ngc2360","n","nan","nan","nan","nan"
"ngc2362","n","nan","nan",350.0,"nan"
"ngc2364","n","nan","nan","nan","nan"
"ngc2367","n","nan","nan","nan","nan"
"ngc2368","n","nan","nan","nan","nan"
"ngc2374","n","nan",150.0,"nan","nan"
"ngc2383","n","nan","nan","nan","nan"
"ngc2384","n","nan","nan","nan","nan"
"ngc2394","n","nan","nan","nan","nan"
"ngc2395","n","nan","nan","nan","nan"
"ngc2396","n","nan","nan","nan","nan"
"ngc2401","n","nan","nan",125.0,"nan"
"ngc2408","n","nan","nan","nan","nan"
"ngc2413","n","nan","nan","nan","nan"
"ngc2414","n","nan","nan","nan","nan"
"ngc2420","n","nan","nan",800.0,"nan"
"ngc2421","n","nan","nan","nan","nan"
"ngc2422","n","nan","nan",1200.0,"nan"
"ngc2423","n","nan","nan","nan","nan"
"ngc2425","n","nan","nan","nan","nan"
"ngc2428","n","nan",200.0,"nan","nan"
"ngc2430","n","nan","nan","nan","nan"
"ngc2432","n","nan","nan","nan","nan"
"ngc2437","n","nan","nan","nan","nan"
"ngc2439","n","nan","nan","nan","nan"
"ngc2447","n","nan","nan","nan","nan"
"ngc2448","n","nan","nan","nan","nan"
"ngc2451","n","nan","nan","nan","nan"
"ngc2451b","n","nan","nan","nan","nan"
"ngc2453","n","nan","nan","nan","nan"
"ngc2455","n","nan","nan","nan","nan"
"ngc2459","n","nan","nan","nan","nan"
"ngc2467","n","nan","nan","nan","nan"
"ngc2477","n","nan","nan",5000.0,"nan"
"ngc2479","n","nan","nan","nan","nan"
"ngc2482","n","nan","nan","nan","nan"
"ngc2483","n","nan",50.0,"nan","nan"
"ngc2489","n","nan","nan","nan","nan"
"ngc2506","n","nan","nan","nan","nan"
"ngc2509","n","nan","nan","nan","nan"
"ngc2516","n","nan","nan",5000.0,"nan"
"ngc2527","n","nan","nan",450.0,"nan"
"ngc2533","n","nan","nan","nan","nan"
"ngc2539","n","nan","nan","nan","nan"
"ngc2546","n","nan","nan","nan","nan"
"ngc2547","n","nan","nan","nan","nan"
"ngc2548","n","nan","nan","nan","nan"
"ngc2567","n","nan","nan","nan","nan"
"ngc2568","n","nan","nan","nan","nan"
"ngc2571","n","nan","nan","nan","nan"
"ngc2579","n","nan","nan","nan","nan"
"ngc2580","n","nan","nan","nan","nan"
"ngc2587","n","nan","nan","nan","nan"
"ngc2588","n","nan","nan","nan","nan"
"ngc2609","n","nan","nan","nan","nan"
"ngc2627","n","nan","nan","nan","nan"
"ngc2632","n","nan","nan","nan","nan"
"ngc2635","n","nan","nan","nan","nan"
"ngc2645","n","nan","nan",200.0,"nan"
"ngc2658","n","nan","nan","nan","nan"
"ngc2659","n","nan","nan","nan","nan"
"ngc2660","n","nan","nan","nan","nan"
"ngc2664","n","nan","nan","nan","nan"
"ngc2666","n","nan","nan","nan","nan"
"ngc2666a","n","nan","nan","nan","nan"
"ngc2669","n","nan","nan","nan","nan"
"ngc2670","n","nan","nan","nan","nan"
"ngc2671","n","nan","nan",720.0,"nan"
"ngc2682","n","nan","nan","nan","nan"
"ngc272","n","nan","nan",100.0,"nan"
"ngc281","n","nan","nan",250.0,"nan"
"ngc2818","n","nan","nan","nan","nan"
"ngc281east","n","nan","nan",100.0,"nan"
"ngc2849","n","nan","nan",400.0,"nan"
"ngc2866","n","nan","nan","nan","nan"
"ngc2910","n","nan","nan","nan","nan"
"ngc2925","n","nan","nan","nan","nan"
"ngc2932","n","nan","nan","nan","nan"
"ngc2972","n","nan","nan","nan","nan"
"ngc2982","n","nan","nan","nan","nan"
"ngc2995","n","nan","nan","nan","nan"
"ngc3033","n","nan","nan","nan","nan"
"ngc3036","n","nan","nan","nan","nan"
"ngc305","n","nan","nan",50.0,"nan"
"ngc3105","n","nan","nan","nan","nan"
"ngc3114","n","nan","nan","nan","nan"
"ngc3228","n","nan","nan","nan","nan"
"ngc3231","n","nan","nan","nan","nan"
"ngc3247","n","nan","nan","nan","nan"
"ngc3255","n","nan","nan","nan","nan"
"ngc3293","n","nan","nan","nan","nan"
"ngc3324","n","nan","nan",130.0,"nan"
"ngc3330","n","nan","nan","nan","nan"
"ngc3446","n","nan","nan","nan","nan"
"ngc3496","n","nan","nan","nan","nan"
"ngc3519","n","nan","nan","nan","nan"
"ngc3520","n","nan","nan",100.0,"nan"
"ngc3532","n","nan","nan",5000.0,"nan"
"ngc3572","n","b_0.13","nan",100.0,"nan"
"ngc3576","n","nan","nan","nan","nan"
"ngc358","n","nan","nan","nan","nan"
"ngc3590","n","nan","nan","nan","nan"
"ngc3603","n","nan","nan",350.0,"nan"
"ngc366","n","nan","nan","nan","nan"
"ngc3680","n","nan","nan","nan","nan"
"ngc3766","n","nan","nan","nan","nan"
"ngc381","n","nan","nan","nan","nan"
"ngc3909","n","nan","nan","nan","nan"
"ngc3960","n","nan","nan","nan","nan"
"ngc4052","n","nan","nan","nan","nan"
"ngc4103","n","nan",350.0,"nan","nan"
"ngc4184","n","nan","nan","nan","nan"
"ngc4230","n","nan","nan","nan","nan"
"ngc433","n","nan","nan","nan","nan"
"ngc4337","n","nan","nan","nan","nan"
"ngc4349","n","nan","nan","nan","nan"
"ngc436","n","nan","nan","nan","nan"
"ngc4439","n","nan","nan","nan","nan"
"ngc4463","n","nan","nan","nan","nan"
"ngc457","n","nan","nan","nan","nan"
"ngc4609","n","nan","nan","nan","nan"
"ngc4755","n","nan","nan","nan","nan"
"ngc4815","n","nan","nan","nan","nan"
"ngc4852","n","nan","nan","nan","nan"
"ngc5043","n","nan","nan","nan","nan"
"ngc5045","n","nan","nan","nan","nan"
"ngc5138","n","nan","nan","nan","nan"
"ngc5155","n","nan","nan","nan","nan"
"ngc5168","n","nan","nan","nan","nan"
"ngc5269","n","nan","nan","nan","nan"
"ngc5281","n","plxl_0.56","nan",300.0,"nan"
"ngc5284","n","nan","nan","nan","nan"
"ngc5288","n","nan","nan","nan","nan"
"ngc5299","n","nan","nan","nan","nan"
"ngc5316","n","nan","nan","nan","nan"
"ngc5359","n","nan","nan","nan","nan"
"ngc5381","n","nan","nan","nan","nan"
"ngc5385","n","nan","nan",50.0,"nan"
"ngc5460","n","nan","nan","nan","nan"
"ngc559","n","nan","nan",1000.0,"nan"
"ngc5593","n","nan","nan","nan","nan"
"ngc5606","n","nan","nan","nan","nan"
"ngc5617","n","b_-0.25,plxl_0.32","nan",500.0,"nan"
"ngc5662","n","nan","nan","nan","nan"
"ngc5715","n","nan","nan","nan","nan"
"ngc5749","n","nan","nan","nan","nan"
"ngc5764","n","nan","nan","nan","nan"
"ngc5800","n","nan","nan","nan","nan"
"ngc581","n","nan","nan","nan","nan"
"ngc5822","n","nan","nan","nan","nan"
"ngc5823","n","nan","nan","nan","nan"
"ngc5925","n","nan","nan","nan","nan"
"ngc5998","n","nan","nan","nan","nan"
"ngc5999","n","nan","nan","nan","nan"
"ngc6005","n","nan","nan",570.0,"nan"
"ngc6025","n","nan","nan","nan","nan"
"ngc6031","n","nan","nan","nan","nan"
"ngc6067","n","nan","nan","nan","nan"
"ngc6087","n","nan","nan","nan","nan"
"ngc609","n","nan","nan",700.0,"nan"
"ngc6124","n","nan","nan","nan","nan"
"ngc6134","n","nan","nan",1200.0,"nan"
"ngc6152","n","nan","nan","nan","nan"
"ngc6167","n","nan",2000.0,"nan","nan"
"ngc6169","n","nan","nan","nan","nan"
"ngc6178","n","nan","nan","nan","nan"
"ngc6192","n","nan","nan",850.0,"nan"
"ngc6193","n","nan","nan",600.0,"nan"
"ngc6200","n","nan","nan","nan","nan"
"ngc6204","n","nan","nan",450.0,"nan"
"ngc6208","n","nan","nan","nan","nan"
"ngc6216","n","nan","nan","nan","nan"
"ngc6222","n","nan","nan","nan","nan"
"ngc6231","n","nan","nan",750.0,"nan"
"ngc6242","n","nan","nan","nan","nan"
"ngc6249","n","nan","nan","nan","nan"
"ngc6250","n","nan","nan","nan","nan"
"ngc6253","n","nan","nan","nan","nan"
"ngc6259","n","nan","nan","nan","nan"
"ngc6268","n","nan","nan","nan","nan"
"ngc6281","n","nan","nan","nan","nan"
"ngc6318","n","nan","nan","nan","nan"
"ngc6322","n","nan",75.0,"nan","nan"
"ngc6334","n","nan",75.0,"nan","nan"
"ngc6334e","n","nan","nan","nan","nan"
"ngc6334i","n","nan","nan","nan","nan"
"ngc6334ii","n","nan","nan","nan","nan"
"ngc6334v","n","nan","nan","nan","nan"
"ngc6357","n","b_0.7","nan","nan","nan"
"ngc6360","n","nan","nan",100.0,"nan"
"ngc637","n","nan","nan","nan","nan"
"ngc6374","n","nan","nan","nan","nan"
"ngc6383","n","nan","nan","nan","nan"
"ngc6396","n","nan","nan","nan","nan"
"ngc6400","n","nan","nan","nan","nan"
"ngc6404","n","nan","nan","nan","nan"
"ngc6405","n","nan","nan","nan","nan"
"ngc6415","n","nan","nan",50.0,"nan"
"ngc6416","n","nan",300.0,"nan","nan"
"ngc6421","n","nan","nan",100.0,"nan"
"ngc6425","n","nan","nan","nan","nan"
"ngc6437","n","nan","nan",100.0,"nan"
"ngc6444","n","nan","nan","nan","nan"
"ngc6451","n","nan","nan","nan","nan"
"ngc6455","n","nan","nan","nan","nan"
"ngc6469","n","nan","nan","nan","nan"
"ngc6475","n","nan","nan","nan","nan"
"ngc6476","n","nan","nan",50.0,"nan"
"ngc6480","n","nan","nan","nan","nan"
"ngc6481","n","nan","nan","nan","nan"
"ngc6494","n","nan","nan","nan","nan"
"ngc6506","n","nan","nan","nan","nan"
"ngc6507","n","nan","nan","nan","nan"
"ngc6519","n","nan","nan","nan","nan"
"ngc6520","n","nan","nan","nan","nan"
"ngc6525","n","nan","nan","nan","nan"
"ngc6529","n","nan","nan","nan","nan"
"ngc6530","n","nan","nan","nan","nan"
"ngc6531","n","nan","nan","nan","nan"
"ngc654","n","nan","nan","nan","nan"
"ngc6546","n","nan","nan","nan","nan"
"ngc6554","n","nan","nan","nan","nan"
"ngc6561","n","nan","nan","nan","nan"
"ngc6568","n","nan","nan","nan","nan"
"ngc657","n","nan","nan","nan","nan"
"ngc6573","n","nan","nan","nan","nan"
"ngc6583","n","nan","nan","nan","nan"
"ngc6588","n","nan","nan","nan","nan"
"ngc659","n","nan","nan","nan","nan"
"ngc6595","n","nan","nan","nan","nan"
"ngc6596","n","nan","nan","nan","nan"
"ngc6603","n","nan","nan","nan","nan"
"ngc6604","n","t_1.79",75.0,"nan","nan"
"ngc6605","n","nan","nan","nan","nan"
"ngc6611","n","nan","nan","nan","nan"
"ngc6613","n","nan","nan","nan","nan"
"ngc6618","n","nan",50.0,"nan","nan"
"ngc6625","n","nan","nan","nan","nan"
"ngc663","n","nan","nan","nan","nan"
"ngc6631","n","nan","nan",225.0,"nan"
"ngc6633","n","nan","nan","nan","nan"
"ngc6639","n","nan","nan",100.0,"nan"
"ngc6645","n","nan","nan","nan","nan"
"ngc6647","n","nan","nan",100.0,"nan"
"ngc6649","n","nan","nan",800.0,"nan"
"ngc6659","n","nan","nan","nan","nan"
"ngc6664","n","nan","nan","nan","nan"
"ngc6682","n","nan","nan","nan","nan"
"ngc6683","n","nan","nan","nan","nan"
"ngc6694","n","nan","nan","nan","nan"
"ngc6698","n","nan","nan","nan","nan"
"ngc6704","n","nan","nan","nan","nan"
"ngc6705","n","nan","nan","nan","nan"
"ngc6709","n","nan","nan","nan","nan"
"ngc6716","n","l_15.1","nan",200.0,"nan"
"ngc6724","n","nan","nan","nan","nan"
"ngc6728","n","nan","nan","nan","nan"
"ngc6735","n","nan","nan","nan","nan"
"ngc6737","n","nan","nan","nan","nan"
"ngc6738","n","nan","nan","nan","nan"
"ngc6743","n","nan","nan","nan","nan"
"ngc6755","n","nan","nan","nan","nan"
"ngc6756","n","nan","nan","nan","nan"
"ngc6773","n","nan","nan","nan","nan"
"ngc6774","n","nan","nan","nan","nan"
"ngc6775","n","nan","nan","nan","nan"
"ngc6791","n","nan","nan",5000.0,"nan"
"ngc6793","n","nan","nan","nan","nan"
"ngc6795","n","nan","nan",100.0,"nan"
"ngc6800","n","nan",100.0,"nan","nan"
"ngc6802","n","nan","nan",600.0,"nan"
"ngc6811","n","nan","nan","nan","nan"
"ngc6815","n","nan","nan",100.0,"nan"
"ngc6819","n","nan","nan","nan","nan"
"ngc6823","n","nan","nan","nan","nan"
"ngc6827","n","nan","nan","nan","nan"
"ngc6828","n","nan","nan","nan","nan"
"ngc6830","n","nan","nan","nan","nan"
"ngc6832","n","nan","nan","nan","nan"
"ngc6834","n","nan","nan","nan","nan"
"ngc6837","n","nan","nan","nan","nan"
"ngc6839","n","nan","nan","nan","nan"
"ngc6840","n","nan","nan","nan","nan"
"ngc6843","n","nan","nan","nan","nan"
"ngc6846","n","nan","nan","nan","nan"
"ngc6847","n","nan","nan","nan","nan"
"ngc6856","n","nan","nan","nan","nan"
"ngc6857","n","nan","nan",100.0,"nan"
"ngc6858","n","nan",100.0,"nan","nan"
"ngc6859","n","nan","nan",100.0,"nan"
"ngc6863","n","nan","nan",50.0,"nan"
"ngc6866","n","nan","nan","nan","nan"
"ngc6871","n","nan","nan","nan","nan"
"ngc6873","n","nan","nan","nan","nan"
"ngc6874","n","nan","nan",50.0,"nan"
"ngc6882","n","nan",50.0,"nan","nan"
"ngc6883","n","nan",50.0,"nan","nan"
"ngc6885","n","nan","nan","nan","nan"
"ngc6895","n","nan","nan","nan","nan"
"ngc6904","n","nan","nan","nan","nan"
"ngc6910","n","nan","nan","nan","nan"
"ngc6913","n","nan","nan","nan","nan"
"ngc6938","n","nan","nan","nan","nan"
"ngc6939","n","nan","nan","nan","nan"
"ngc6940","n","nan","nan","nan","nan"
"ngc6950","n","nan","nan","nan","nan"
"ngc6980","n","nan","nan",50.0,"nan"
"ngc6989","n","nan","nan",100.0,"nan"
"ngc6991","n","nan","nan","nan","nan"
"ngc6994","n","nan","nan","nan","nan"
"ngc6996","n","nan","nan","nan","nan"
"ngc7005","n","nan","nan",100.0,"nan"
"ngc7011","n","nan","nan","nan","nan"
"ngc7023","n","nan","nan",125.0,"nan"
"ngc7024","n","nan","nan","nan","nan"
"ngc7031","n","nan","nan","nan","nan"
"ngc7036","n","nan","nan","nan","nan"
"ngc7037","n","nan","nan","nan","nan"
"ngc7039","n","nan","nan","nan","nan"
"ngc7044","n","nan","nan","nan","nan"
"ngc7050","n","nan","nan","nan","nan"
"ngc7055","n","nan","nan","nan","nan"
"ngc7058","n","nan","nan",450.0,"nan"
"ngc7062","n","nan","nan","nan","nan"
"ngc7063","n","nan","nan","nan","nan"
"ngc7067","n","nan","nan","nan","nan"
"ngc7071","n","nan","nan","nan","nan"
"ngc7082","n","nan","nan","nan","nan"
"ngc7084","n","nan","nan","nan","nan"
"ngc7086","n","nan","nan","nan","nan"
"ngc7086a","n","nan","nan","nan","nan"
"ngc7086b","n","nan","nan","nan","nan"
"ngc7092","n","nan","nan","nan","nan"
"ngc7093","n","nan","nan","nan","nan"
"ngc7127","n","nan","nan","nan","nan"
"ngc7128","n","nan","nan","nan","nan"
"ngc7129","n","nan","nan","nan","nan"
"ngc7134","n","nan","nan",100.0,"nan"
"ngc7142","n","nan","nan","nan","nan"
"ngc7160","n","nan","nan",250.0,"nan"
"ngc7175","n","nan","nan","nan","nan"
"ngc7193","n","nan","nan","nan","nan"
"ngc7209","n","nan","nan","nan","nan"
"ngc7226","n","nan","nan","nan","nan"
"ngc7235","n","nan","nan","nan","nan"
"ngc7243","n","nan","nan","nan","nan"
"ngc7245","n","nan","nan","nan","nan"
"ngc7261","n","nan","nan","nan","nan"
"ngc7281","n","nan",80.0,"nan","nan"
"ngc7296","n","nan","nan","nan","nan"
"ngc7352","n","nan","nan","nan","nan"
"ngc7380","n","nan","nan","nan","nan"
"ngc7394","n","nan","nan","nan","nan"
"ngc7419","n","nan","nan","nan","nan"
"ngc7423","n","nan","nan","nan","nan"
"ngc7429","n","nan","nan","nan","nan"
"ngc743","n","nan","nan","nan","nan"
"ngc7438","n","nan","nan","nan","nan"
"ngc744","n","nan","nan","nan","nan"
"ngc7510","n","nan","nan","nan","nan"
"ngc752","n","nan","nan","nan","nan"
"ngc7538","n","nan","nan","nan","nan"
"ngc7654","n","nan","nan","nan","nan"
"ngc7686","n","nan","nan","nan","nan"
"ngc7708","n","nan","nan","nan","nan"
"ngc7762","n","nan","nan","nan","nan"
"ngc7762a","n","nan","nan","nan","nan"
"ngc7772","n","nan","nan","nan","nan"
"ngc7788","n","nan","nan","nan","nan"
"ngc7789","n","l_114;r_117;b_-7;t_-4","nan",4200.0,"nan"
"ngc7790","n","nan","nan","nan","nan"
"ngc7795","n","nan","nan","nan","nan"
"ngc7801","n","nan","nan","nan","nan"
"ngc7826","n","nan","nan","nan","nan"
"ngc7833","n","nan","nan",100.0,"nan"
"ngc869","n","nan","nan","nan","nan"
"ngc884","n","nan","nan",325.0,"nan"
"ngc886","n","nan","nan","nan","nan"
"ngc956","n","nan","nan","nan","nan"
"ngc957","n","nan","nan","nan","nan"
"nkd2004g49203","n","nan","nan","nan","nan"
"ns14","n","nan","nan",100.0,"nan"
"nuclearstar","n","nan","nan","nan","nan"
"nuclearyoung","n","nan","nan",100.0,"nan"
"oc0003","n","nan","nan",25.0,"nan"
"oc0004","n","nan","nan",27.0,"nan"
"oc0007","n","nan","nan",36.0,"nan"
"oc0008","n","nan","nan",25.0,"nan"
"oc0009","n","nan","nan",25.0,"nan"
"oc0011","n","nan",750.0,462.0,"nan"
"oc0013","n","nan","nan",28.0,"nan"
"oc0015","n","nan","nan",36.0,"nan"
"oc0017","n","nan",60.0,36.0,"nan"
"oc0018","n","nan","nan",25.0,"nan"
"oc0019","n","nan","nan",150.0,"nan"
"oc0020","n","nan","nan",25.0,"nan"
"oc0021","n","nan","nan",52.0,"nan"
"oc0022","n","nan","nan",27.0,"nan"
"oc0023","n","nan",110.0,62.0,"nan"
"oc0024","n","nan",75.0,30.0,"nan"
"oc0025","n","nan",50.0,25.0,"nan"
"oc0026","n","nan","nan",25.0,"nan"
"oc0028","n","nan",100.0,65.0,"nan"
"oc0030","n","nan","nan",30.0,"nan"
"oc0031","n","nan",110.0,80.0,"nan"
"oc0034","n","nan","nan",30.0,"nan"
"oc0035","n","nan",125.0,62.0,"nan"
"oc0036","n","nan",75.0,52.0,"nan"
"oc0037","n","nan",50.0,35.0,"nan"
"oc0038","n","nan","nan",32.0,"nan"
"oc0040","n","nan","nan",30.0,"nan"
"oc0041","n","nan",120.0,43.0,"nan"
"oc0043","n","nan","nan",41.0,"nan"
"oc0044","n","nan",75.0,40.0,"nan"
"oc0056","n","nan","nan",88.0,"nan"
"oc0057","n","nan",100.0,28.0,"nan"
"oc0058","n","nan","nan",25.0,"nan"
"oc0061","n","nan","nan",41.0,"nan"
"oc0063","n","nan","nan",25.0,"nan"
"oc0065","n","nan",100.0,46.0,"nan"
"oc0069","n","nan","nan",27.0,"nan"
"oc0073","n","nan","nan",28.0,"nan"
"oc0075","n","nan","nan",25.0,"nan"
"oc0077","n","nan",45.0,32.0,"nan"
"oc0078","n","nan","nan",35.0,"nan"
"oc0081","n","nan","nan",64.0,"nan"
"oc0086","n","nan","nan",25.0,"nan"
"oc0094","n","nan","nan",25.0,"nan"
"oc0095","n","nan","nan",62.0,"nan"
"oc0104","n","nan","nan",33.0,"nan"
"oc0105","n","nan","nan",27.0,"nan"
"oc0106","n","nan","nan",68.0,"nan"
"oc0107","n","nan","nan",30.0,"nan"
"oc0108","n","nan","nan",38.0,"nan"
"oc0109","n","nan","nan",25.0,"nan"
"oc0113","n","nan","nan",78.0,"nan"
"oc0114","n","nan","nan",28.0,"nan"
"oc0115","n","nan",50.0,32.0,"nan"
"oc0119","n","nan","nan",25.0,"nan"
"oc0120","n","nan",70.0,25.0,"nan"
"oc0124","n","plxr_0.52","nan",50.0,"nan"
"oc0125","n","nan","nan",52.0,"nan"
"oc0126","n","nan","nan",28.0,"nan"
"oc0127","n","nan",75.0,25.0,"nan"
"oc0128","n","nan","nan",587.0,"nan"
"oc0130","n","nan",60.0,25.0,"nan"
"oc0136","n","nan","nan",27.0,"nan"
"oc0137","n","nan","nan",27.0,"nan"
"oc0139","n","nan","nan",60.0,"nan"
"oc0140","n","nan","nan",27.0,"nan"
"oc0142","n","nan","nan",25.0,"nan"
"oc0143","n","nan","nan",25.0,"nan"
"oc0144","n","nan",80.0,25.0,"nan"
"oc0145","n","nan","nan",49.0,"nan"
"oc0146","n","nan","nan",89.0,"nan"
"oc0149","n","nan","nan",48.0,"nan"
"oc0151","n","nan","nan",25.0,"nan"
"oc0153","n","nan",50.0,43.0,"nan"
"oc0154","n","nan","nan",73.0,"nan"
"oc0155","n","nan","nan",41.0,"nan"
"oc0156","n","nan","nan",25.0,"nan"
"oc0159","n","nan","nan",27.0,"nan"
"oc0160","n","nan",50.0,25.0,"nan"
"oc0161","n","nan","nan",25.0,"nan"
"oc0164","n","nan","nan",41.0,"nan"
"oc0165","n","nan",220.0,25.0,"nan"
"oc0168","n","nan",100.0,38.0,"nan"
"oc0169","n","nan","nan",25.0,"nan"
"oc0170","n","nan",90.0,48.0,"nan"
"oc0179","n","nan",50.0,100.0,"nan"
"oc0180","n","nan",100.0,48.0,"nan"
"oc0181","n","nan","nan",59.0,"nan"
"oc0184","n","nan","nan",38.0,"nan"
"oc0185","n","nan",110.0,27.0,"nan"
"oc0186","n","nan",75.0,44.0,"nan"
"oc0187","n","nan","nan",33.0,"nan"
"oc0189","n","nan","nan",27.0,"nan"
"oc0190","n","nan","nan",25.0,"nan"
"oc0192","n","nan","nan",28.0,"nan"
"oc0193","n","nan","nan",36.0,"nan"
"oc0194","n","nan","nan",84.0,"nan"
"oc0196","n","nan",75.0,28.0,"nan"
"oc0198","n","nan","nan",30.0,"nan"
"oc0200","n","nan","nan",25.0,"nan"
"oc0203","n","nan","nan",40.0,"nan"
"oc0206","n","nan","nan",44.0,"nan"
"oc0207","n","nan",60.0,27.0,"nan"
"oc0208","n","nan","nan",27.0,"nan"
"oc0211","n","nan","nan",68.0,"nan"
"oc0214","n","nan","nan",25.0,"nan"
"oc0227","n","nan","nan",33.0,"nan"
"oc0231","n","nan","nan",25.0,"nan"
"oc0232","n","nan","nan",27.0,"nan"
"oc0233","n","nan",50.0,27.0,"nan"
"oc0234","n","nan",90.0,43.0,"nan"
"oc0237","n","nan",80.0,59.0,"nan"
"oc0243","n","nan","nan",36.0,"nan"
"oc0244","n","nan","nan",30.0,"nan"
"oc0246","n","nan","nan",36.0,"nan"
"oc0247","n","nan","nan",46.0,"nan"
"oc0250","n","nan","nan",49.0,"nan"
"oc0251","n","nan","nan",35.0,"nan"
"oc0257","n","nan","nan",25.0,"nan"
"oc0258","n","nan","nan",27.0,"nan"
"oc0262","n","nan",130.0,54.0,"nan"
"oc0263","n","nan","nan",25.0,"nan"
"oc0266","n","nan",80.0,62.0,"nan"
"oc0267","n","nan","nan",33.0,"nan"
"oc0273","n","nan","nan",25.0,"nan"
"oc0279","n","nan",110.0,25.0,"nan"
"oc0281","n","nan",60.0,25.0,"nan"
"oc0282","n","nan","nan",30.0,"nan"
"oc0287","n","nan","nan",25.0,"nan"
"oc0289","n","nan",90.0,25.0,"nan"
"oc0290","n","nan","nan",25.0,"nan"
"oc0292","n","nan",75.0,97.0,"nan"
"oc0297","n","nan","nan",46.0,"nan"
"oc0298","n","nan","nan",28.0,"nan"
"oc0300","n","nan","nan",25.0,"nan"
"oc0302","n","nan","nan",30.0,"nan"
"oc0303","n","nan",80.0,25.0,"nan"
"oc0307","n","nan","nan",40.0,"nan"
"oc0308","n","nan","nan",43.0,"nan"
"oc0309","n","nan","nan",62.0,"nan"
"oc0310","n","nan","nan",43.0,"nan"
"oc0311","n","nan","nan",25.0,"nan"
"oc0312","n","nan","nan",41.0,"nan"
"oc0314","n","nan","nan",41.0,"nan"
"oc0315","n","nan","nan",38.0,"nan"
"oc0316","n","nan","nan",25.0,"nan"
"oc0320","n","nan",90.0,38.0,"nan"
"oc0321","n","nan","nan",27.0,"nan"
"oc0322","n","nan",50.0,32.0,"nan"
"oc0325","n","nan","nan",56.0,"nan"
"oc0330","n","nan",50.0,40.0,"nan"
"oc0332","n","nan","nan",27.0,"nan"
"oc0339","n","nan","nan",32.0,"nan"
"oc0340","n","nan","nan",300.0,"nan"
"oc0342","n","nan",80.0,41.0,"nan"
"oc0343","n","nan",100.0,65.0,"nan"
"oc0346","n","nan",75.0,38.0,"nan"
"oc0351","n","nan","nan",30.0,"nan"
"oc0352","n","nan",50.0,32.0,"nan"
"oc0353","n","nan","nan",25.0,"nan"
"oc0354","n","nan",75.0,25.0,"nan"
"oc0358","n","nan","nan",60.0,"nan"
"oc0359","n","nan","nan",70.0,"nan"
"oc0364","n","nan",55.0,43.0,"nan"
"oc0366","n","pmt_1.5",50.0,"nan","nan"
"oc0367","n","pmb_1.5",50.0,"nan","nan"
"oc0368","n","nan","nan",30.0,"nan"
"oc0369","n","nan","nan",27.0,"nan"
"oc0373","n","nan","nan",46.0,"nan"
"oc0374","n","nan","nan",25.0,"nan"
"oc0375","n","nan","nan",49.0,"nan"
"oc0376","n","nan","nan",25.0,"nan"
"oc0380","n","nan","nan",25.0,"nan"
"oc0381","n","nan",40.0,27.0,"nan"
"oc0383","n","nan","nan",27.0,"nan"
"oc0390","n","nan","nan",27.0,"nan"
"oc0392","n","nan","nan",25.0,"nan"
"oc0398","n","nan",60.0,52.0,"nan"
"oc0401","n","nan",60.0,41.0,"nan"
"oc0403","n","nan",80.0,25.0,"nan"
"oc0406","n","nan","nan",46.0,"nan"
"oc0407","n","nan",75.0,35.0,"nan"
"oc0410","n","nan","nan",54.0,"nan"
"oc0411","n","nan","nan",28.0,"nan"
"oc0412","n","nan",75.0,35.0,"nan"
"oc0414","n","nan","nan",36.0,"nan"
"oc0416","n","nan","nan",28.0,"nan"
"oc0419","n","nan","nan",25.0,"nan"
"oc0432","n","nan","nan",35.0,"nan"
"oc0437","n","nan","nan",30.0,"nan"
"oc0440","n","nan",60.0,52.0,"nan"
"oc0442","n","nan",50.0,41.0,"nan"
"oc0444","n","nan",60.0,25.0,"nan"
"oc0446","n","nan","nan",43.0,"nan"
"oc0448","n","nan",100.0,35.0,"nan"
"oc0450","n","nan",250.0,36.0,"nan"
"oc0451","n","nan",100.0,27.0,"nan"
"oc0453","n","nan",40.0,25.0,"nan"
"oc0454","n","nan","nan",27.0,"nan"
"oc0457","n","nan","nan",28.0,"nan"
"oc0459","n","nan","nan",32.0,"nan"
"oc0464","n","nan","nan",30.0,"nan"
"oc0465","n","nan",75.0,43.0,"nan"
"oc0470","n","nan","nan",500.0,"nan"
"oc0471","n","nan","nan",28.0,"nan"
"oc0472","n","nan","nan",36.0,"nan"
"oc0473","n","nan",100.0,99.0,"nan"
"oc0476","n","nan","nan",25.0,"nan"
"oc0477","n","nan","nan",25.0,"nan"
"oc0479","n","nan","nan",250.0,"nan"
"oc0480","n","nan",75.0,33.0,"nan"
"oc0482","n","nan","nan",25.0,"nan"
"oc0483","n","nan",50.0,35.0,"nan"
"oc0485","n","nan","nan",56.0,"nan"
"oc0486","n","nan","nan",25.0,"nan"
"oc0490","n","nan",60.0,25.0,"nan"
"oc0491","n","nan",40.0,27.0,"nan"
"oc0492","n","nan","nan",48.0,"nan"
"oc0493","n","nan",110.0,49.0,"nan"
"oc0494","n","nan","nan",59.0,"nan"
"oc0496","n","nan",100.0,27.0,"nan"
"oc0497","n","nan",40.0,27.0,"nan"
"oc0499","n","nan","nan",25.0,"nan"
"oc0500","n","nan","nan",32.0,"nan"
"oc0501","n","nan",60.0,25.0,"nan"
"oc0505","n","nan",50.0,30.0,"nan"
"oc0506","n","nan","nan",35.0,"nan"
"oc0507","n","nan","nan",25.0,"nan"
"oc0508","n","nan",75.0,48.0,"nan"
"oc0510","n","nan","nan",25.0,"nan"
"oc0513","n","nan","nan",25.0,"nan"
"oc0514","n","nan","nan",25.0,"nan"
"oc0515","n","nan","nan",25.0,"nan"
"oc0517","n","nan","nan",28.0,"nan"
"oc0518","n","nan","nan",32.0,"nan"
"oc0521","n","nan",40.0,36.0,"nan"
"oc0522","n","nan",30.0,25.0,"nan"
"oc0523","n","nan",100.0,30.0,"nan"
"oc0531","n","nan","nan",25.0,"nan"
"oc0533","n","nan","nan",25.0,"nan"
"oc0536","n","nan","nan",35.0,"nan"
"oc0537","n","nan",50.0,35.0,"nan"
"oc0542","n","nan","nan",27.0,"nan"
"oc0548","n","nan",80.0,51.0,"nan"
"oc0549","n","nan",70.0,28.0,"nan"
"oc0551","n","nan","nan",41.0,"nan"
"oc0557","n","nan","nan",27.0,"nan"
"oc0558","n","nan","nan",28.0,"nan"
"oc0560","n","nan","nan",32.0,"nan"
"oc0562","n","nan",125.0,25.0,"nan"
"oc0566","n","nan","nan",27.0,"nan"
"oc0567","n","nan","nan",27.0,"nan"
"oc0568","n","nan","nan",27.0,"nan"
"oc0570","n","nan","nan",27.0,"nan"
"oc0571","n","nan",60.0,28.0,"nan"
"oc0587","n","nan",90.0,36.0,"nan"
"oc0588","n","nan",275.0,43.0,"nan"
"oc0589","n","nan",75.0,80.0,"nan"
"oc0591","n","nan",100.0,25.0,"nan"
"oc0592","n","nan","nan",67.0,"nan"
"oc0594","n","nan",50.0,25.0,"nan"
"oc0595","n","nan","nan",25.0,"nan"
"oc0596","n","nan","nan",33.0,"nan"
"oc0597","n","nan","nan",32.0,"nan"
"oc0598","n","nan","nan",56.0,"nan"
"oc0600","n","nan",75.0,51.0,"nan"
"oc0601","n","nan","nan",51.0,"nan"
"oc0602","n","nan","nan",38.0,"nan"
"oc0604","n","nan","nan",30.0,"nan"
"oc0606","n","nan","nan",28.0,"nan"
"oc0607","n","nan",130.0,27.0,"nan"
"oc0613","n","nan","nan",35.0,"nan"
"oc0621","n","nan","nan",25.0,"nan"
"oc0622","n","nan",75.0,30.0,"nan"
"oc0623","n","nan",50.0,30.0,"nan"
"oc0625","n","nan","nan",59.0,"nan"
"oc0626","n","nan",100.0,25.0,"nan"
"oc0627","n","t_-2.02","nan",35.0,"nan"
"oc0628","n","b_-2.02","nan",124.0,"nan"
"oc0629","n","nan",50.0,40.0,"nan"
"oc0630","n","nan","nan",28.0,"nan"
"oc0631","n","nan","nan",40.0,"nan"
"oc0634","n","nan","nan",187.0,"nan"
"oc0637","n","nan",40.0,25.0,"nan"
"oc0649","n","nan","nan",27.0,"nan"
"oc0650","n","nan","nan",100.0,"nan"
"oc0652","n","nan","nan",78.0,"nan"
"oc0659","n","nan","nan",38.0,"nan"
"oc0660","n","nan","nan",25.0,"nan"
"oc0663","n","nan","nan",25.0,"nan"
"oc0664","n","nan",70.0,25.0,"nan"
"oc0666","n","nan",100.0,41.0,"nan"
"oc0673","n","nan","nan",25.0,"nan"
"oc0675","n","nan",75.0,30.0,"nan"
"oc0676","n","nan",120.0,27.0,"nan"
"oc0677","n","nan",100.0,25.0,"nan"
"oc0680","n","nan",75.0,30.0,"nan"
"oc0695","n","nan","nan",32.0,"nan"
"oc0699","n","nan","nan",75.0,"nan"
"oc0702","n","nan","nan",25.0,"nan"
"ocsn10","n","nan",60.0,140.0,"nan"
"ocsn100","n","nan","nan",152.0,"nan"
"ocsn101","n","nan",50.0,70.0,"nan"
"ocsn11","n","nan","nan",134.0,"nan"
"ocsn112","n","nan","nan",361.0,"nan"
"ocsn12","n","nan","nan",216.0,"nan"
"ocsn15","n","nan","nan",147.0,"nan"
"ocsn167","n","nan","nan",227.0,"nan"
"ocsn176","n","nan","nan",505.0,"nan"
"ocsn178","n","b_2","nan",404.0,"nan"
"ocsn18","n","nan","nan",129.0,"nan"
"ocsn19","n","nan","nan",164.0,"nan"
"ocsn197","n","nan","nan",89.0,"nan"
"ocsn198","n","nan","nan",48.0,"nan"
"ocsn21","n","nan","nan",136.0,"nan"
"ocsn22","n","nan","nan",208.0,"nan"
"ocsn237","n","nan","nan",129.0,"nan"
"ocsn24","n","nan","nan",392.0,"nan"
"ocsn246","n","nan","nan",350.0,"nan"
"ocsn25","n","nan","nan",97.0,"nan"
"ocsn27","n","nan","nan",88.0,"nan"
"ocsn271","n","nan","nan",64.0,"nan"
"ocsn272","n","nan","nan",65.0,"nan"
"ocsn28","n","nan","nan",246.0,"nan"
"ocsn3","n","nan","nan",200.0,"nan"
"ocsn317","n","nan","nan",776.0,"nan"
"ocsn32","n","nan","nan",196.0,"nan"
"ocsn320","n","nan","nan",227.0,"nan"
"ocsn36","n","nan","nan",96.0,"nan"
"ocsn40","n","nan","nan",180.0,"nan"
"ocsn41","n","nan","nan",105.0,"nan"
"ocsn42","n","nan","nan",193.0,"nan"
"ocsn44","n","nan","nan",86.0,"nan"
"ocsn45","n","nan","nan",257.0,"nan"
"ocsn47","n","nan","nan",124.0,"nan"
"ocsn48","n","nan","nan",171.0,"nan"
"ocsn50","n","nan","nan",128.0,"nan"
"ocsn51","n","nan","nan",60.0,"nan"
"ocsn54","n","nan","nan",65.0,"nan"
"ocsn59","n","nan","nan",192.0,"nan"
"ocsn6","n","nan","nan",97.0,"nan"
"ocsn60","n","nan","nan",152.0,"nan"
"ocsn63","n","nan","nan",424.0,"nan"
"ocsn64","n","nan","nan",72.0,"nan"
"ocsn65","n","nan","nan",256.0,"nan"
"ocsn66","n","nan","nan",99.0,"nan"
"ocsn67","n","nan","nan",99.0,"nan"
"ocsn68","n","nan","nan",112.0,"nan"
"ocsn69","n","nan","nan",142.0,"nan"
"ocsn71","n","nan","nan",204.0,"nan"
"ocsn72","n","nan","nan",88.0,"nan"
"ocsn74","n","nan","nan",131.0,"nan"
"ocsn76","n","nan",100.0,145.0,"nan"
"ocsn78","n","nan","nan",323.0,"nan"
"ocsn79","n","nan","nan",118.0,"nan"
"ocsn8","n","nan","nan",96.0,"nan"
"ocsn85","n","nan","nan",121.0,"nan"
"ocsn86","n","nan",50.0,118.0,"nan"
"ocsn87","n","nan","nan",115.0,"nan"
"ocsn88","n","nan","nan",65.0,"nan"
"ocsn9","n","nan","nan",222.0,"nan"
"ocsn91","n","nan","nan",41.0,"nan"
"ocsn92","n","nan","nan",132.0,"nan"
"ocsn93","n","nan","nan",80.0,"nan"
"ocsn94","n","nan","nan",72.0,"nan"
"ocsn95","n","nan","nan",244.0,"nan"
"ocsn96","n","nan","nan",300.0,"nan"
"ocsn98","n","nan","nan",115.0,"nan"
"ocsn99","n","nan",100.0,171.0,"nan"
"omc2","n","nan","nan","nan","nan"
"oneal9","n","nan","nan","nan","nan"
"orionnebulacluster","n","l_208.9,r_209.3,plxl_2.57","nan",70.0,"nan"
"pannstars1","n","nan","nan","nan","nan"
"patchick100","n","nan","nan","nan","nan"
"patchick101","n","nan","nan","nan","nan"
"patchick103","n","nan","nan","nan","nan"
"patchick105","n","nan","nan","nan","nan"
"patchick106","n","nan","nan","nan","nan"
"patchick108","n","nan","nan","nan","nan"
"patchick109","n","nan","nan","nan","nan"
"patchick110","n","nan","nan","nan","nan"
"patchick111","n","nan","nan","nan","nan"
"patchick13","n","nan","nan","nan","nan"
"patchick3","n","nan","nan","nan","nan"
"patchick31","n","nan","nan","nan","nan"
"patchick42","n","nan","nan","nan","nan"
"patchick48","n","nan","nan","nan","nan"
"patchick52","n","nan","nan","nan","nan"
"patchick63","n","nan","nan","nan","nan"
"patchick64","n","nan","nan","nan","nan"
"patchick65","n","nan","nan","nan","nan"
"patchick67","n","nan","nan","nan","nan"
"patchick70","n","nan","nan","nan","nan"
"patchick71","n","nan","nan","nan","nan"
"patchick72","n","nan","nan","nan","nan"
"patchick73","n","nan","nan","nan","nan"
"patchick75","n","nan","nan","nan","nan"
"patchick76","n","nan","nan","nan","nan"
"patchick77","n","nan","nan","nan","nan"
"patchick78","n","nan","nan","nan","nan"
"patchick79","n","nan","nan","nan","nan"
"patchick83","n","nan","nan","nan","nan"
"patchick85","n","nan","nan","nan","nan"
"patchick86","n","nan","nan","nan","nan"
"patchick88","n","nan","nan","nan","nan"
"patchick89","n","nan","nan","nan","nan"
"patchick90","n","nan","nan","nan","nan"
"patchick91","n","nan","nan","nan","nan"
"patchick93","n","nan","nan","nan","nan"
"patchick94","n","nan","nan","nan","nan"
"patchick96","n","nan","nan","nan","nan"
"patchick97","n","nan","nan","nan","nan"
"perob2","n","nan","nan",100.0,"nan"
"pfleiderer1","n","nan","nan","nan","nan"
"pfleiderer3","n","nan","nan","nan","nan"
"pfleiderer4","n","nan","nan","nan","nan"
"phoc1","n","nan","nan","nan","nan"
"phoc10","n","nan","nan","nan","nan"
"phoc11","n","nan","nan",125.0,"nan"
"phoc12","n","nan",90.0,"nan","nan"
"phoc13","n","nan","nan","nan","nan"
"phoc14","n","nan","nan","nan","nan"
"phoc15","n","nan",50.0,"nan","nan"
"phoc16","n","nan","nan","nan","nan"
"phoc17","n","nan","nan","nan","nan"
"phoc18","n","nan","nan","nan","nan"
"phoc19","n","nan","nan","nan","nan"
"phoc2","n","nan","nan","nan","nan"
"phoc20","n","nan",75.0,"nan","nan"
"phoc21","n","nan","nan","nan","nan"
"phoc22","n","nan","nan","nan","nan"
"phoc23","n","nan","nan","nan","nan"
"phoc24","n","nan","nan","nan","nan"
"phoc25","n","nan","nan","nan","nan"
"phoc26","n","nan","nan","nan","nan"
"phoc27","n","nan","nan","nan","nan"
"phoc29","n","nan","nan","nan","nan"
"phoc3","n","nan","nan","nan","nan"
"phoc30","n","nan","nan","nan","nan"
"phoc31","n","nan","nan","nan","nan"
"phoc32","n","nan","nan","nan","nan"
"phoc33","n","nan","nan","nan","nan"
"phoc34","n","nan","nan","nan","nan"
"phoc35","n","nan",75.0,"nan","nan"
"phoc36","n","nan","nan","nan","nan"
"phoc37","n","nan","nan","nan","nan"
"phoc38","n","nan",50.0,"nan","nan"
"phoc4","n","nan","nan","nan","nan"
"phoc40","n","nan",50.0,"nan","nan"
"phoc5","n","nan","nan","nan","nan"
"phoc6","n","nan","nan","nan","nan"
"phoc7","n","nan","nan","nan","nan"
"phoc8","n","nan","nan","nan","nan"
"phoc9","n","nan","nan","nan","nan"
"pickard101","n","nan","nan",52.0,"nan"
"pickard102","n","nan","nan",63.0,"nan"
"pickard119","n","nan","nan",264.0,"nan"
"pickard153","n","nan","nan",50.0,"nan"
"pickard157","n","nan","nan",50.0,"nan"
"pickard182","n","nan","nan",99.0,"nan"
"pickard211","n","nan","nan",50.0,"nan"
"pickard221","n","nan","nan",56.0,"nan"
"pickard226","n","nan","nan",129.0,"nan"
"pickard244","n","nan","nan",50.0,"nan"
"pickard246","n","nan","nan",50.0,"nan"
"pickard247","n","nan","nan",50.0,"nan"
"pickard259","n","nan","nan",50.0,"nan"
"pickard260","n","nan","nan",80.0,"nan"
"pickard52","n","nan","nan",50.0,"nan"
"pickard78","n","nan","nan",52.0,"nan"
"pickard80","n","nan","nan",50.0,"nan"
"pickard86","n","nan","nan",50.0,"nan"
"pickard97","n","nan","nan",154.0,"nan"
"pickard98","n","nan","nan",141.0,"nan"
"pismis10","n","nan","nan","nan","nan"
"pismis11","n","nan","nan","nan","nan"
"pismis12","n","nan","nan","nan","nan"
"pismis14","n","nan","nan","nan","nan"
"pismis15","n","nan","nan","nan","nan"
"pismis16","n","nan","nan","nan","nan"
"pismis17","n","nan","nan","nan","nan"
"pismis19","n","t_-0.25;plxr_0.32","nan",300.0,"nan"
"pismis2","n","nan","nan",850.0,"nan"
"pismis20","n","nan","nan","nan","nan"
"pismis21","n","nan","nan","nan","nan"
"pismis22","n","nan","nan","nan","nan"
"pismis23","n","nan","nan","nan","nan"
"pismis24","n","nan",240.0,"nan","nan"
"pismis27","n","nan","nan","nan","nan"
"pismis3","n","nan","nan","nan","nan"
"pismis4","n","nan",200.0,"nan","nan"
"pismis5","n","nan","nan",225.0,"nan"
"pismis7","n","nan","nan","nan","nan"
"pismis8","n","nan","nan","nan","nan"
"pismismoreno1","n","nan","nan","nan","nan"
"platais1","n","nan","nan","nan","nan"
"platais10","n","nan","nan","nan","nan"
"platais11","n","nan","nan","nan","nan"
"platais12","n","nan","nan","nan","nan"
"platais2","n","nan","nan","nan","nan"
"platais3","n","nan",100.0,"nan","nan"
"platais4","n","nan","nan","nan","nan"
"platais5","n","nan","nan","nan","nan"
"platais6","n","nan","nan","nan","nan"
"platais8","n","nan","nan",350.0,"nan"
"platais9","n","nan","nan","nan","nan"
"pleiades","n","nan","nan","nan","nan"
"poolej1855p108","n","nan","nan","nan","nan"
"poolej1856p108","n","nan","nan","nan","nan"
"pothier17","n","nan","nan","nan","nan"
"pozzo1","n","nan","nan","nan","nan"
"ptb2","n","nan","nan","nan","nan"
"ptb3","n","nan","nan","nan","nan"
"ptb4","n","nan","nan","nan","nan"
"ptb6","n","nan",70.0,"nan","nan"
"ptb7","n","nan","nan","nan","nan"
"pupob3","n","nan","nan",100.0,"nan"
"quartet","n","nan","nan","nan","nan"
"quintuplet","n","l_0;b_-0.2","nan",50.0,"nan"
"rcra","n","nan","nan","nan","nan"
"rcw108","n","nan","nan","nan","nan"
"rcw36","n","nan","nan",100.0,"nan"
"rcw87","n","nan","nan","nan","nan"
"reiland1","n","nan","nan","nan","nan"
"renou15","n","nan","nan","nan","nan"
"renou20","n","nan","nan","nan","nan"
"renou22","n","nan","nan","nan","nan"
"renou26","n","nan","nan","nan","nan"
"renou27","n","nan","nan","nan","nan"
"renou4","n","nan","nan","nan","nan"
"renou5","n","nan","nan","nan","nan"
"riddle11","n","nan","nan","nan","nan"
"riddle14","n","nan","nan","nan","nan"
"riddle15","n","nan","nan","nan","nan"
"riddle4","n","nan","nan","nan","nan"
"riddle5","n","nan","nan","nan","nan"
"riddle6","n","nan",80.0,"nan","nan"
"riddle7","n","nan","nan","nan","nan"
"rmc1","n","nan","nan",100.0,"nan"
"rmc2","n","nan","nan",100.0,"nan"
"rmc4a","n","r_207.07","nan",100.0,"nan"
"rmc4b","n","r_207.07","nan","nan","nan"
"rmc5","n","l_207.07","nan",100.0,"nan"
"rmc7","n","nan","nan",100.0,"nan"
"rno73","n","nan","nan","nan","nan"
"roslund1","n","nan","nan","nan","nan"
"roslund2","n","nan","nan","nan","nan"
"roslund3","n","nan","nan","nan","nan"
"roslund4","n","nan","nan","nan","nan"
"roslund5","n","nan","nan","nan","nan"
"roslund6","n","nan","nan","nan","nan"
"roslund7","n","nan","nan","nan","nan"
"rsg1","n","nan","nan","nan","nan"
"rsg2","n","nan",100.0,"nan","nan"
"rsg3","n","nan","nan","nan","nan"
"rsg4","n","l_81;r_93",200.0,"nan","nan"
"rsg5","n","nan","nan",250.0,"nan"
"rsg7","n","plxl_2.2;pmb_-1.75","nan","nan","nan"
"rsg8","n","plxr_2.17","nan",250.0,"nan"
"rsg9y","n","nan","nan","nan","nan"
"rsgc3","n","nan","nan","nan","nan"
"ruprecht1","n","nan","nan","nan","nan"
"ruprecht10","n","nan","nan","nan","nan"
"ruprecht100","n","nan","nan","nan","nan"
"ruprecht101","n","nan","nan","nan","nan"
"ruprecht103","n","nan","nan","nan","nan"
"ruprecht104","n","nan","nan","nan","nan"
"ruprecht105","n","nan","nan","nan","nan"
"ruprecht107","n","nan","nan","nan","nan"
"ruprecht108","n","nan","nan","nan","nan"
"ruprecht11","n","nan","nan","nan","nan"
"ruprecht110","n","nan","nan","nan","nan"
"ruprecht111","n","nan","nan","nan","nan"
"ruprecht112","n","nan","nan","nan","nan"
"ruprecht113","n","nan","nan","nan","nan"
"ruprecht114","n","nan","nan","nan","nan"
"ruprecht115","n","nan","nan","nan","nan"
"ruprecht116","n","nan","nan","nan","nan"
"ruprecht117","n","nan","nan","nan","nan"
"ruprecht118","n","nan",50.0,"nan","nan"
"ruprecht119","n","nan","nan","nan","nan"
"ruprecht12","n","nan","nan","nan","nan"
"ruprecht120","n","nan","nan","nan","nan"
"ruprecht121","n","nan","nan","nan","nan"
"ruprecht122","n","nan","nan","nan","nan"
"ruprecht123","n","nan",50.0,"nan","nan"
"ruprecht124","n","nan","nan","nan","nan"
"ruprecht125","n","nan","nan","nan","nan"
"ruprecht126","n","nan","nan","nan","nan"
"ruprecht127","n","nan","nan","nan","nan"
"ruprecht128","n","nan","nan","nan","nan"
"ruprecht129","n","nan","nan","nan","nan"
"ruprecht13","n","nan","nan","nan","nan"
"ruprecht130","n","nan","nan","nan","nan"
"ruprecht131","n","nan","nan","nan","nan"
"ruprecht133","n","nan","nan","nan","nan"
"ruprecht134","n","nan","nan","nan","nan"
"ruprecht135","n","nan","nan","nan","nan"
"ruprecht136","n","nan","nan","nan","nan"
"ruprecht137","n","nan","nan","nan","nan"
"ruprecht139","n","nan","nan",150.0,"nan"
"ruprecht14","n","nan","nan","nan","nan"
"ruprecht140","n","nan","nan","nan","nan"
"ruprecht141","n","nan","nan","nan","nan"
"ruprecht142","n","nan","nan","nan","nan"
"ruprecht143","n","nan","nan","nan","nan"
"ruprecht144","n","nan","nan","nan","nan"
"ruprecht145","n","nan","nan","nan","nan"
"ruprecht146","n","nan","nan","nan","nan"
"ruprecht148","n","nan","nan","nan","nan"
"ruprecht149","n","nan","nan","nan","nan"
"ruprecht15","n","nan","nan","nan","nan"
"ruprecht150","n","nan","nan","nan","nan"
"ruprecht151","n","nan",50.0,"nan","nan"
"ruprecht152","n","nan","nan","nan","nan"
"ruprecht153","n","nan","nan","nan","nan"
"ruprecht154","n","nan","nan","nan","nan"
"ruprecht155","n","nan","nan","nan","nan"
"ruprecht156","n","nan","nan","nan","nan"
"ruprecht157","n","nan","nan","nan","nan"
"ruprecht158","n","nan","nan","nan","nan"
"ruprecht159","n","nan","nan","nan","nan"
"ruprecht16","n","nan","nan","nan","nan"
"ruprecht160","n","nan","nan","nan","nan"
"ruprecht161","n","nan","nan","nan","nan"
"ruprecht162","n","nan","nan","nan","nan"
"ruprecht163","n","nan","nan","nan","nan"
"ruprecht164","n","nan","nan","nan","nan"
"ruprecht165","n","nan","nan","nan","nan"
"ruprecht166","n","nan","nan","nan","nan"
"ruprecht167","n","nan",100.0,"nan","nan"
"ruprecht168","n","nan","nan","nan","nan"
"ruprecht169","n","nan","nan","nan","nan"
"ruprecht17","n","nan",50.0,"nan","nan"
"ruprecht170","n","nan","nan","nan","nan"
"ruprecht171","n","nan","nan","nan","nan"
"ruprecht172","n","nan","nan","nan","nan"
"ruprecht173","n","nan","nan","nan","nan"
"ruprecht174","n","nan","nan","nan","nan"
"ruprecht175","n","nan","nan","nan","nan"
"ruprecht176","n","nan","nan",325.0,"nan"
"ruprecht18","n","nan","nan","nan","nan"
"ruprecht19","n","nan",75.0,"nan","nan"
"ruprecht2","n","nan","nan","nan","nan"
"ruprecht20","n","nan","nan","nan","nan"
"ruprecht21","n","nan","nan","nan","nan"
"ruprecht22","n","nan","nan","nan","nan"
"ruprecht23","n","nan","nan","nan","nan"
"ruprecht24","n","nan",50.0,"nan","nan"
"ruprecht25","n","nan","nan","nan","nan"
"ruprecht26","n","nan","nan","nan","nan"
"ruprecht27","n","nan","nan","nan","nan"
"ruprecht28","n","nan","nan","nan","nan"
"ruprecht29","n","nan","nan","nan","nan"
"ruprecht3","n","nan","nan","nan","nan"
"ruprecht30","n","nan","nan","nan","nan"
"ruprecht31","n","nan",60.0,"nan","nan"
"ruprecht32","n","nan","nan",100.0,"nan"
"ruprecht33","n","nan","nan","nan","nan"
"ruprecht34","n","nan","nan","nan","nan"
"ruprecht35","n","nan","nan","nan","nan"
"ruprecht36","n","nan","nan","nan","nan"
"ruprecht37","n","nan","nan","nan","nan"
"ruprecht38","n","nan","nan","nan","nan"
"ruprecht39","n","nan","nan","nan","nan"
"ruprecht4","n","nan","nan","nan","nan"
"ruprecht40","n","nan","nan","nan","nan"
"ruprecht41","n","nan","nan","nan","nan"
"ruprecht42","n","nan","nan","nan","nan"
"ruprecht43","n","nan","nan","nan","nan"
"ruprecht44","n","nan","nan","nan","nan"
"ruprecht45","n","nan","nan","nan","nan"
"ruprecht46","n","nan","nan","nan","nan"
"ruprecht47","n","nan","nan","nan","nan"
"ruprecht48","n","nan","nan","nan","nan"
"ruprecht49","n","nan","nan","nan","nan"
"ruprecht5","n","nan","nan","nan","nan"
"ruprecht50","n","nan","nan","nan","nan"
"ruprecht51","n","nan","nan","nan","nan"
"ruprecht52","n","nan","nan","nan","nan"
"ruprecht53","n","nan","nan","nan","nan"
"ruprecht54","n","nan","nan","nan","nan"
"ruprecht55","n","nan","nan","nan","nan"
"ruprecht56","n","nan","nan","nan","nan"
"ruprecht57","n","nan","nan","nan","nan"
"ruprecht58","n","nan","nan","nan","nan"
"ruprecht59","n","nan","nan","nan","nan"
"ruprecht6","n","nan","nan","nan","nan"
"ruprecht60","n","nan","nan","nan","nan"
"ruprecht61","n","nan","nan","nan","nan"
"ruprecht62","n","nan","nan","nan","nan"
"ruprecht63","n","nan","nan","nan","nan"
"ruprecht64","n","nan","nan","nan","nan"
"ruprecht65","n","nan","nan","nan","nan"
"ruprecht66","n","nan","nan","nan","nan"
"ruprecht67","n","nan","nan","nan","nan"
"ruprecht68","n","nan","nan",600.0,"nan"
"ruprecht69","n","nan","nan","nan","nan"
"ruprecht7","n","nan","nan",250.0,"nan"
"ruprecht70","n","nan","nan","nan","nan"
"ruprecht71","n","nan","nan","nan","nan"
"ruprecht72","n","nan","nan","nan","nan"
"ruprecht73","n","nan","nan","nan","nan"
"ruprecht74","n","nan","nan","nan","nan"
"ruprecht75","n","nan","nan","nan","nan"
"ruprecht76","n","nan","nan","nan","nan"
"ruprecht77","n","nan","nan","nan","nan"
"ruprecht77a","n","nan","nan","nan","nan"
"ruprecht78","n","nan","nan",200.0,"nan"
"ruprecht79","n","nan","nan","nan","nan"
"ruprecht8","n","nan",100.0,"nan","nan"
"ruprecht81","n","nan","nan","nan","nan"
"ruprecht82","n","nan","nan","nan","nan"
"ruprecht83","n","nan","nan","nan","nan"
"ruprecht84","n","nan","nan","nan","nan"
"ruprecht85","n","nan","nan","nan","nan"
"ruprecht86","n","nan","nan","nan","nan"
"ruprecht87","n","nan","nan","nan","nan"
"ruprecht88","n","nan","nan","nan","nan"
"ruprecht89","n","nan","nan","nan","nan"
"ruprecht9","n","nan","nan","nan","nan"
"ruprecht90","n","nan","nan","nan","nan"
"ruprecht91","n","nan","nan","nan","nan"
"ruprecht92","n","nan","nan","nan","nan"
"ruprecht94","n","nan","nan","nan","nan"
"ruprecht95","n","nan","nan","nan","nan"
"ruprecht96","n","nan","nan","nan","nan"
"ruprecht97","n","nan","nan","nan","nan"
"ruprecht98","n","nan","nan","nan","nan"
"ruprecht99","n","nan","nan","nan","nan"
"ryu085","n","nan","nan",50.0,"nan"
"ryu087","n","nan","nan",50.0,"nan"
"ryu088","n","nan","nan",50.0,"nan"
"ryu089","n","nan",210.0,50.0,"nan"
"ryu090","n","nan",75.0,"nan","nan"
"ryu093","n","nan","nan",50.0,"nan"
"ryu095","n","nan","nan",50.0,"nan"
"ryu096","n","nan","nan",50.0,"nan"
"ryu098","n","nan","nan",50.0,"nan"
"ryu099","n","nan","nan",50.0,"nan"
"ryu1","n","nan","nan",50.0,"nan"
"ryu101","n","nan","nan",50.0,"nan"
"ryu102","n","nan","nan",50.0,"nan"
"ryu103","n","nan","nan",50.0,"nan"
"ryu105","n","nan","nan",50.0,"nan"
"ryu106","n","nan","nan",50.0,"nan"
"ryu107","n","nan","nan",50.0,"nan"
"ryu108","n","nan","nan",50.0,"nan"
"ryu109","n","nan","nan",50.0,"nan"
"ryu11","n","nan","nan",50.0,"nan"
"ryu110","n","nan","nan",50.0,"nan"
"ryu111","n","nan","nan",50.0,"nan"
"ryu112","n","nan","nan",50.0,"nan"
"ryu113","n","nan","nan",50.0,"nan"
"ryu114","n","nan","nan",50.0,"nan"
"ryu115","n","nan","nan",50.0,"nan"
"ryu116","n","nan","nan",50.0,"nan"
"ryu117","n","nan","nan",50.0,"nan"
"ryu118","n","nan","nan",50.0,"nan"
"ryu119","n","nan","nan",50.0,"nan"
"ryu12","n","nan","nan",50.0,"nan"
"ryu120","n","nan","nan",50.0,"nan"
"ryu121","n","nan","nan",50.0,"nan"
"ryu122","n","nan","nan",50.0,"nan"
"ryu123","n","nan","nan",50.0,"nan"
"ryu124","n","nan","nan",50.0,"nan"
"ryu125","n","nan","nan",50.0,"nan"
"ryu126","n","nan","nan",50.0,"nan"
"ryu127","n","nan","nan",50.0,"nan"
"ryu129","n","nan","nan",50.0,"nan"
"ryu13","n","nan","nan",50.0,"nan"
"ryu130","n","nan","nan",50.0,"nan"
"ryu131","n","nan","nan",50.0,"nan"
"ryu133","n","nan","nan",50.0,"nan"
"ryu134","n","nan","nan",50.0,"nan"
"ryu136","n","nan","nan",50.0,"nan"
"ryu138","n","nan","nan",50.0,"nan"
"ryu139","n","nan","nan",50.0,"nan"
"ryu14","n","nan","nan",50.0,"nan"
"ryu140","n","nan","nan",50.0,"nan"
"ryu143","n","nan","nan",50.0,"nan"
"ryu144","n","nan","nan",50.0,"nan"
"ryu145","n","nan","nan",50.0,"nan"
"ryu146","n","nan","nan",50.0,"nan"
"ryu147","n","nan","nan",50.0,"nan"
"ryu148","n","nan","nan",50.0,"nan"
"ryu149","n","nan","nan",50.0,"nan"
"ryu15","n","nan","nan",50.0,"nan"
"ryu150","n","nan","nan",50.0,"nan"
"ryu151","n","nan","nan",50.0,"nan"
"ryu152","n","nan","nan",50.0,"nan"
"ryu153","n","nan","nan",50.0,"nan"
"ryu154","n","nan","nan",50.0,"nan"
"ryu155","n","nan","nan",50.0,"nan"
"ryu156","n","nan","nan",50.0,"nan"
"ryu157","n","nan","nan",50.0,"nan"
"ryu158","n","nan","nan",50.0,"nan"
"ryu159","n","nan","nan",50.0,"nan"
"ryu16","n","nan","nan",50.0,"nan"
"ryu160","n","nan","nan",50.0,"nan"
"ryu161","n","nan","nan",50.0,"nan"
"ryu162","n","nan","nan",50.0,"nan"
"ryu163","n","nan","nan",50.0,"nan"
"ryu164","n","nan","nan",50.0,"nan"
"ryu165","n","nan","nan",50.0,"nan"
"ryu166","n","nan","nan",50.0,"nan"
"ryu167","n","nan","nan",50.0,"nan"
"ryu169","n","nan","nan",50.0,"nan"
"ryu17","n","nan","nan",50.0,"nan"
"ryu170","n","nan","nan",50.0,"nan"
"ryu171","n","nan","nan",50.0,"nan"
"ryu172","n","nan","nan",50.0,"nan"
"ryu173","n","nan","nan",50.0,"nan"
"ryu174","n","nan","nan",50.0,"nan"
"ryu176","n","nan","nan",50.0,"nan"
"ryu177","n","nan","nan",50.0,"nan"
"ryu178","n","nan","nan",50.0,"nan"
"ryu179","n","nan","nan",50.0,"nan"
"ryu18","n","nan","nan",50.0,"nan"
"ryu180","n","nan","nan",50.0,"nan"
"ryu181","n","nan","nan",50.0,"nan"
"ryu182","n","nan","nan",50.0,"nan"
"ryu183","n","nan","nan",50.0,"nan"
"ryu184","n","nan","nan",50.0,"nan"
"ryu186","n","nan","nan",50.0,"nan"
"ryu187","n","nan","nan",50.0,"nan"
"ryu188","n","nan","nan",50.0,"nan"
"ryu189","n","nan","nan",50.0,"nan"
"ryu19","n","nan","nan",50.0,"nan"
"ryu191","n","nan","nan",50.0,"nan"
"ryu192","n","nan","nan",50.0,"nan"
"ryu193","n","nan","nan",50.0,"nan"
"ryu194","n","nan","nan",50.0,"nan"
"ryu195","n","nan","nan",50.0,"nan"
"ryu196","n","nan","nan",50.0,"nan"
"ryu197","n","nan","nan",50.0,"nan"
"ryu198","n","nan","nan",50.0,"nan"
"ryu199","n","nan","nan",50.0,"nan"
"ryu2","n","nan","nan",50.0,"nan"
"ryu20","n","nan","nan",50.0,"nan"
"ryu200","n","nan","nan",50.0,"nan"
"ryu201","n","nan","nan",50.0,"nan"
"ryu202","n","nan","nan",50.0,"nan"
"ryu204","n","nan","nan",50.0,"nan"
"ryu205","n","nan","nan",50.0,"nan"
"ryu206","n","nan","nan",50.0,"nan"
"ryu207","n","nan","nan",50.0,"nan"
"ryu208","n","nan","nan",50.0,"nan"
"ryu209","n","nan","nan",50.0,"nan"
"ryu21","n","nan","nan",50.0,"nan"
"ryu210","n","nan","nan",50.0,"nan"
"ryu211","n","nan","nan",50.0,"nan"
"ryu212","n","nan","nan",50.0,"nan"
"ryu213","n","nan","nan",50.0,"nan"
"ryu214","n","nan","nan",50.0,"nan"
"ryu215","n","nan","nan",50.0,"nan"
"ryu216","n","nan","nan",50.0,"nan"
"ryu217","n","nan","nan",50.0,"nan"
"ryu218","n","nan","nan",50.0,"nan"
"ryu219","n","nan","nan",50.0,"nan"
"ryu22","n","nan","nan",50.0,"nan"
"ryu220","n","nan","nan",50.0,"nan"
"ryu223","n","nan","nan",50.0,"nan"
"ryu224","n","nan","nan",50.0,"nan"
"ryu226","n","nan","nan",50.0,"nan"
"ryu227","n","nan","nan",50.0,"nan"
"ryu23","n","nan","nan",50.0,"nan"
"ryu230","n","nan","nan",50.0,"nan"
"ryu231","n","nan","nan",50.0,"nan"
"ryu232","n","nan","nan",50.0,"nan"
"ryu233","n","nan","nan",50.0,"nan"
"ryu234","n","nan","nan",50.0,"nan"
"ryu235","n","nan","nan",50.0,"nan"
"ryu236","n","nan","nan",50.0,"nan"
"ryu237","n","nan","nan",50.0,"nan"
"ryu238","n","nan","nan",50.0,"nan"
"ryu239","n","nan","nan",50.0,"nan"
"ryu24","n","nan","nan",50.0,"nan"
"ryu240","n","nan","nan",50.0,"nan"
"ryu242","n","nan","nan",50.0,"nan"
"ryu243","n","nan","nan",50.0,"nan"
"ryu244","n","nan","nan",50.0,"nan"
"ryu245","n","nan","nan",50.0,"nan"
"ryu246","n","nan","nan",50.0,"nan"
"ryu248","n","nan","nan",50.0,"nan"
"ryu249","n","nan","nan",50.0,"nan"
"ryu250","n","nan","nan",50.0,"nan"
"ryu251","n","nan","nan",50.0,"nan"
"ryu252","n","nan","nan",50.0,"nan"
"ryu253","n","nan","nan",50.0,"nan"
"ryu254","n","nan","nan",50.0,"nan"
"ryu255","n","nan","nan",50.0,"nan"
"ryu256","n","nan","nan",50.0,"nan"
"ryu257","n","nan","nan",50.0,"nan"
"ryu258","n","nan","nan",50.0,"nan"
"ryu259","n","nan","nan",50.0,"nan"
"ryu26","n","nan","nan",50.0,"nan"
"ryu260","n","nan","nan",50.0,"nan"
"ryu261","n","nan","nan",50.0,"nan"
"ryu262","n","nan","nan",50.0,"nan"
"ryu264","n","nan","nan",50.0,"nan"
"ryu269","n","nan","nan",50.0,"nan"
"ryu27","n","nan","nan",50.0,"nan"
"ryu276","n","nan","nan",50.0,"nan"
"ryu277","n","nan","nan",50.0,"nan"
"ryu279","n","nan","nan",50.0,"nan"
"ryu280","n","nan","nan",50.0,"nan"
"ryu281","n","nan","nan",50.0,"nan"
"ryu282","n","nan","nan",50.0,"nan"
"ryu284","n","nan","nan",50.0,"nan"
"ryu287","n","nan","nan",50.0,"nan"
"ryu288","n","nan",50.0,50.0,"nan"
"ryu289","n","nan","nan",50.0,"nan"
"ryu291","n","nan","nan",50.0,"nan"
"ryu292","n","nan","nan",50.0,"nan"
"ryu293","n","nan","nan",50.0,"nan"
"ryu295","n","nan","nan",50.0,"nan"
"ryu296","n","nan","nan",50.0,"nan"
"ryu297","n","nan","nan",50.0,"nan"
"ryu3","n","nan","nan",50.0,"nan"
"ryu30","n","nan","nan",50.0,"nan"
"ryu300","n","nan","nan",50.0,"nan"
"ryu301","n","nan","nan",50.0,"nan"
"ryu303","n","nan","nan",50.0,"nan"
"ryu304","n","nan","nan",50.0,"nan"
"ryu306","n","nan","nan",50.0,"nan"
"ryu307","n","nan","nan",50.0,"nan"
"ryu308","n","nan","nan",50.0,"nan"
"ryu309","n","nan","nan",50.0,"nan"
"ryu31","n","nan","nan",50.0,"nan"
"ryu310","n","nan","nan",50.0,"nan"
"ryu311","n","nan","nan",50.0,"nan"
"ryu313","n","nan","nan",50.0,"nan"
"ryu316","n","nan","nan",50.0,"nan"
"ryu319","n","nan","nan",50.0,"nan"
"ryu32","n","nan","nan",50.0,"nan"
"ryu321","n","nan","nan",50.0,"nan"
"ryu322","n","nan","nan",50.0,"nan"
"ryu324","n","nan","nan",50.0,"nan"
"ryu325","n","nan","nan",50.0,"nan"
"ryu326","n","nan","nan",50.0,"nan"
"ryu328","n","nan","nan",50.0,"nan"
"ryu329","n","nan","nan",50.0,"nan"
"ryu33","n","nan","nan",50.0,"nan"
"ryu330","n","nan","nan",50.0,"nan"
"ryu331","n","nan","nan",50.0,"nan"
"ryu333","n","nan","nan",50.0,"nan"
"ryu334","n","nan","nan",50.0,"nan"
"ryu335","n","nan","nan",50.0,"nan"
"ryu336","n","nan","nan",50.0,"nan"
"ryu337","n","nan","nan",50.0,"nan"
"ryu338","n","nan","nan",50.0,"nan"
"ryu339","n","nan","nan",50.0,"nan"
"ryu340","n","nan","nan",50.0,"nan"
"ryu341","n","nan","nan",50.0,"nan"
"ryu342","n","nan","nan",50.0,"nan"
"ryu343","n","nan","nan",50.0,"nan"
"ryu346","n","nan","nan",50.0,"nan"
"ryu347","n","nan","nan",50.0,"nan"
"ryu348","n","nan","nan",50.0,"nan"
"ryu350","n","nan","nan",50.0,"nan"
"ryu352","n","nan","nan",50.0,"nan"
"ryu353","n","nan","nan",50.0,"nan"
"ryu354","n","nan","nan",50.0,"nan"
"ryu356","n","nan","nan",50.0,"nan"
"ryu357","n","nan","nan",50.0,"nan"
"ryu358","n","nan","nan",50.0,"nan"
"ryu359","n","nan","nan",50.0,"nan"
"ryu36","n","nan","nan",50.0,"nan"
"ryu360","n","nan","nan",50.0,"nan"
"ryu362","n","nan","nan",50.0,"nan"
"ryu363","n","nan","nan",50.0,"nan"
"ryu364","n","nan","nan",50.0,"nan"
"ryu365","n","nan","nan",50.0,"nan"
"ryu366","n","nan","nan",50.0,"nan"
"ryu367","n","nan","nan",50.0,"nan"
"ryu368","n","nan","nan",50.0,"nan"
"ryu369","n","nan","nan",50.0,"nan"
"ryu37","n","nan","nan",50.0,"nan"
"ryu370","n","nan","nan",50.0,"nan"
"ryu371","n","nan","nan",50.0,"nan"
"ryu373","n","nan","nan",50.0,"nan"
"ryu374","n","nan","nan",50.0,"nan"
"ryu376","n","nan","nan",50.0,"nan"
"ryu377","n","nan","nan",50.0,"nan"
"ryu379","n","nan","nan",50.0,"nan"
"ryu380","n","nan","nan",50.0,"nan"
"ryu381","n","nan","nan",50.0,"nan"
"ryu382","n","nan","nan",50.0,"nan"
"ryu383","n","nan","nan",50.0,"nan"
"ryu385","n","nan","nan",50.0,"nan"
"ryu386","n","nan","nan",50.0,"nan"
"ryu387","n","nan","nan",50.0,"nan"
"ryu388","n","nan","nan",50.0,"nan"
"ryu389","n","nan","nan",50.0,"nan"
"ryu39","n","nan","nan",50.0,"nan"
"ryu390","n","nan","nan",50.0,"nan"
"ryu391","n","nan","nan",50.0,"nan"
"ryu392","n","nan","nan",50.0,"nan"
"ryu393","n","nan","nan",50.0,"nan"
"ryu394","n","nan","nan",50.0,"nan"
"ryu396","n","nan","nan",50.0,"nan"
"ryu397","n","nan","nan",50.0,"nan"
"ryu398","n","nan","nan",50.0,"nan"
"ryu399","n","nan","nan",50.0,"nan"
"ryu40","n","nan","nan",50.0,"nan"
"ryu400","n","nan","nan",50.0,"nan"
"ryu401","n","nan","nan",50.0,"nan"
"ryu403","n","nan","nan",50.0,"nan"
"ryu404","n","nan","nan",50.0,"nan"
"ryu405","n","nan","nan",50.0,"nan"
"ryu406","n","nan","nan",50.0,"nan"
"ryu408","n","nan","nan",50.0,"nan"
"ryu409","n","nan","nan",50.0,"nan"
"ryu41","n","nan","nan",50.0,"nan"
"ryu410","n","nan","nan",50.0,"nan"
"ryu411","n","nan","nan",50.0,"nan"
"ryu412","n","nan","nan",50.0,"nan"
"ryu413","n","nan","nan",50.0,"nan"
"ryu414","n","nan","nan",50.0,"nan"
"ryu415","n","nan","nan",50.0,"nan"
"ryu416","n","nan","nan",50.0,"nan"
"ryu417","n","nan","nan",50.0,"nan"
"ryu418","n","nan","nan",50.0,"nan"
"ryu419","n","nan","nan",50.0,"nan"
"ryu42","n","nan","nan",50.0,"nan"
"ryu420","n","nan","nan",50.0,"nan"
"ryu421","n","nan","nan",50.0,"nan"
"ryu423","n","nan","nan",50.0,"nan"
"ryu424","n","nan","nan",50.0,"nan"
"ryu425","n","nan","nan",50.0,"nan"
"ryu427","n","nan","nan",50.0,"nan"
"ryu428","n","nan","nan",50.0,"nan"
"ryu43","n","nan","nan",50.0,"nan"
"ryu432","n","nan","nan",50.0,"nan"
"ryu433","n","nan","nan",50.0,"nan"
"ryu436","n","nan","nan",50.0,"nan"
"ryu437","n","nan","nan",50.0,"nan"
"ryu439","n","nan","nan",50.0,"nan"
"ryu44","n","nan","nan",50.0,"nan"
"ryu441","n","nan","nan",50.0,"nan"
"ryu445","n","nan","nan",50.0,"nan"
"ryu448","n","nan","nan",50.0,"nan"
"ryu449","n","nan","nan",50.0,"nan"
"ryu45","n","nan","nan",50.0,"nan"
"ryu452","n","nan","nan",50.0,"nan"
"ryu454","n","nan","nan",50.0,"nan"
"ryu455","n","nan","nan",50.0,"nan"
"ryu456","n","nan","nan",50.0,"nan"
"ryu458","n","nan","nan",50.0,"nan"
"ryu459","n","nan","nan",50.0,"nan"
"ryu46","n","nan","nan",50.0,"nan"
"ryu460","n","nan","nan",50.0,"nan"
"ryu463","n","nan","nan",50.0,"nan"
"ryu468","n","nan","nan",50.0,"nan"
"ryu47","n","nan","nan",50.0,"nan"
"ryu470","n","nan","nan",50.0,"nan"
"ryu473","n","nan","nan",50.0,"nan"
"ryu474","n","nan","nan",50.0,"nan"
"ryu475","n","nan","nan",50.0,"nan"
"ryu477","n","nan","nan",50.0,"nan"
"ryu478","n","nan","nan",50.0,"nan"
"ryu479","n","nan","nan",50.0,"nan"
"ryu48","n","nan","nan",50.0,"nan"
"ryu482","n","nan","nan",50.0,"nan"
"ryu483","n","nan","nan",50.0,"nan"
"ryu484","n","nan","nan",50.0,"nan"
"ryu485","n","nan","nan",50.0,"nan"
"ryu486","n","nan","nan",50.0,"nan"
"ryu487","n","nan","nan",50.0,"nan"
"ryu488","n","nan","nan",50.0,"nan"
"ryu489","n","nan","nan",50.0,"nan"
"ryu490","n","nan","nan",50.0,"nan"
"ryu492","n","nan","nan",50.0,"nan"
"ryu493","n","nan","nan",50.0,"nan"
"ryu495","n","nan","nan",50.0,"nan"
"ryu496","n","nan","nan",50.0,"nan"
"ryu497","n","nan","nan",50.0,"nan"
"ryu498","n","nan","nan",50.0,"nan"
"ryu5","n","nan","nan",50.0,"nan"
"ryu50","n","nan","nan",50.0,"nan"
"ryu500","n","nan","nan",50.0,"nan"
"ryu501","n","nan","nan",50.0,"nan"
"ryu502","n","nan","nan",50.0,"nan"
"ryu503","n","nan","nan",50.0,"nan"
"ryu504","n","nan","nan",50.0,"nan"
"ryu505","n","nan","nan",50.0,"nan"
"ryu506","n","nan","nan",50.0,"nan"
"ryu507","n","nan","nan",50.0,"nan"
"ryu508","n","nan","nan",50.0,"nan"
"ryu509","n","nan","nan",50.0,"nan"
"ryu51","n","nan","nan",50.0,"nan"
"ryu510","n","nan","nan",50.0,"nan"
"ryu511","n","nan","nan",50.0,"nan"
"ryu512","n","nan","nan",50.0,"nan"
"ryu513","n","nan","nan",50.0,"nan"
"ryu515","n","nan","nan",50.0,"nan"
"ryu516","n","nan","nan",50.0,"nan"
"ryu517","n","nan","nan",50.0,"nan"
"ryu518","n","nan","nan",50.0,"nan"
"ryu519","n","plxr_0.5","nan",50.0,"nan"
"ryu52","n","nan","nan",50.0,"nan"
"ryu520","n","nan","nan",50.0,"nan"
"ryu521","n","nan","nan",50.0,"nan"
"ryu522","n","nan","nan",50.0,"nan"
"ryu523","n","nan","nan",50.0,"nan"
"ryu524","n","nan","nan",50.0,"nan"
"ryu525","n","nan","nan",50.0,"nan"
"ryu526","n","nan","nan",50.0,"nan"
"ryu527","n","nan","nan",50.0,"nan"
"ryu528","n","nan","nan",50.0,"nan"
"ryu529","n","nan","nan",50.0,"nan"
"ryu53","n","nan","nan",50.0,"nan"
"ryu530","n","nan","nan",50.0,"nan"
"ryu531","n","nan","nan",50.0,"nan"
"ryu533","n","nan","nan",50.0,"nan"
"ryu534","n","b_-0.1","nan",50.0,"nan"
"ryu535","n","nan","nan",50.0,"nan"
"ryu537","n","nan","nan",50.0,"nan"
"ryu538","n","nan","nan",50.0,"nan"
"ryu539","n","nan","nan",50.0,"nan"
"ryu54","n","nan","nan",50.0,"nan"
"ryu540","n","nan","nan",50.0,"nan"
"ryu541","n","nan","nan",50.0,"nan"
"ryu544","n","nan","nan",50.0,"nan"
"ryu545","n","nan","nan",50.0,"nan"
"ryu546","n","nan","nan",50.0,"nan"
"ryu547","n","nan","nan",50.0,"nan"
"ryu548","n","nan","nan",50.0,"nan"
"ryu549","n","nan","nan",50.0,"nan"
"ryu55","n","nan","nan",50.0,"nan"
"ryu550","n","nan","nan",50.0,"nan"
"ryu551","n","nan","nan",50.0,"nan"
"ryu552","n","nan","nan",50.0,"nan"
"ryu553","n","nan","nan",50.0,"nan"
"ryu554","n","nan","nan",50.0,"nan"
"ryu555","n","nan","nan",50.0,"nan"
"ryu556","n","nan","nan",50.0,"nan"
"ryu557","n","nan","nan",50.0,"nan"
"ryu558","n","nan","nan",50.0,"nan"
"ryu559","n","nan","nan",50.0,"nan"
"ryu560","n","nan","nan",50.0,"nan"
"ryu561","n","nan","nan",50.0,"nan"
"ryu562","n","nan","nan",50.0,"nan"
"ryu564","n","nan","nan",50.0,"nan"
"ryu565","n","nan","nan",50.0,"nan"
"ryu566","n","nan","nan",50.0,"nan"
"ryu567","n","nan","nan",50.0,"nan"
"ryu568","n","nan","nan",50.0,"nan"
"ryu569","n","nan","nan",50.0,"nan"
"ryu57","n","nan","nan",50.0,"nan"
"ryu570","n","nan","nan",50.0,"nan"
"ryu571","n","nan","nan",50.0,"nan"
"ryu572","n","nan","nan",50.0,"nan"
"ryu573","n","nan","nan",50.0,"nan"
"ryu574","n","nan","nan",50.0,"nan"
"ryu575","n","nan","nan",50.0,"nan"
"ryu576","n","nan","nan",50.0,"nan"
"ryu577","n","nan",100.0,50.0,"nan"
"ryu578","n","nan","nan",50.0,"nan"
"ryu579","n","nan","nan",50.0,"nan"
"ryu58","n","nan","nan",50.0,"nan"
"ryu580","n","nan","nan",50.0,"nan"
"ryu581","n","nan","nan",50.0,"nan"
"ryu582","n","nan","nan",50.0,"nan"
"ryu583","n","nan","nan",50.0,"nan"
"ryu584","n","nan","nan",50.0,"nan"
"ryu585","n","nan","nan",50.0,"nan"
"ryu586","n","nan","nan",50.0,"nan"
"ryu587","n","nan","nan",50.0,"nan"
"ryu588","n","nan","nan",50.0,"nan"
"ryu589","n","nan","nan",50.0,"nan"
"ryu590","n","nan","nan",50.0,"nan"
"ryu591","n","nan","nan",50.0,"nan"
"ryu592","n","nan","nan",50.0,"nan"
"ryu593","n","nan","nan",50.0,"nan"
"ryu594","n","nan","nan",50.0,"nan"
"ryu595","n","nan","nan",50.0,"nan"
"ryu596","n","nan","nan",50.0,"nan"
"ryu599","n","nan","nan",50.0,"nan"
"ryu60","n","nan","nan",50.0,"nan"
"ryu601","n","nan","nan",50.0,"nan"
"ryu602","n","nan","nan",50.0,"nan"
"ryu603","n","nan","nan",50.0,"nan"
"ryu604","n","nan","nan",50.0,"nan"
"ryu605","n","nan","nan",50.0,"nan"
"ryu606","n","nan","nan",50.0,"nan"
"ryu607","n","nan","nan",50.0,"nan"
"ryu609","n","nan","nan",50.0,"nan"
"ryu610","n","nan","nan",50.0,"nan"
"ryu611","n","nan","nan",50.0,"nan"
"ryu612","n","nan","nan",50.0,"nan"
"ryu613","n","nan","nan",50.0,"nan"
"ryu614","n","nan","nan",50.0,"nan"
"ryu615","n","nan","nan",50.0,"nan"
"ryu616","n","nan","nan",50.0,"nan"
"ryu617","n","nan","nan",50.0,"nan"
"ryu618","n","nan","nan",50.0,"nan"
"ryu619","n","nan","nan",50.0,"nan"
"ryu62","n","nan","nan",50.0,"nan"
"ryu620","n","nan","nan",50.0,"nan"
"ryu621","n","nan","nan",50.0,"nan"
"ryu623","n","nan","nan",50.0,"nan"
"ryu624","n","nan","nan",50.0,"nan"
"ryu625","n","nan","nan",50.0,"nan"
"ryu626","n","nan","nan",50.0,"nan"
"ryu627","n","nan","nan",50.0,"nan"
"ryu629","n","nan","nan",50.0,"nan"
"ryu63","n","nan","nan",50.0,"nan"
"ryu631","n","nan","nan",50.0,"nan"
"ryu633","n","nan","nan",50.0,"nan"
"ryu634","n","nan","nan",50.0,"nan"
"ryu635","n","nan","nan",50.0,"nan"
"ryu637","n","nan","nan",50.0,"nan"
"ryu638","n","nan","nan",50.0,"nan"
"ryu639","n","nan","nan",50.0,"nan"
"ryu64","n","nan","nan",50.0,"nan"
"ryu640","n","nan","nan",50.0,"nan"
"ryu641","n","nan","nan",50.0,"nan"
"ryu642","n","nan","nan",50.0,"nan"
"ryu643","n","nan","nan",50.0,"nan"
"ryu644","n","nan","nan",50.0,"nan"
"ryu645","n","nan","nan",50.0,"nan"
"ryu646","n","nan","nan",50.0,"nan"
"ryu647","n","nan","nan",50.0,"nan"
"ryu648","n","nan","nan",50.0,"nan"
"ryu649","n","nan","nan",50.0,"nan"
"ryu65","n","nan","nan",50.0,"nan"
"ryu650","n","nan","nan",50.0,"nan"
"ryu651","n","nan","nan",50.0,"nan"
"ryu652","n","nan","nan",50.0,"nan"
"ryu653","n","nan","nan",50.0,"nan"
"ryu654","n","nan","nan",50.0,"nan"
"ryu658","n","nan","nan",50.0,"nan"
"ryu659","n","nan","nan",50.0,"nan"
"ryu66","n","nan","nan",50.0,"nan"
"ryu660","n","nan","nan",50.0,"nan"
"ryu661","n","nan","nan",50.0,"nan"
"ryu662","n","nan","nan",50.0,"nan"
"ryu663","n","nan","nan",50.0,"nan"
"ryu665","n","nan","nan",50.0,"nan"
"ryu666","n","nan","nan",50.0,"nan"
"ryu667","n","nan","nan",50.0,"nan"
"ryu668","n","nan","nan",50.0,"nan"
"ryu669","n","nan","nan",50.0,"nan"
"ryu67","n","nan","nan",50.0,"nan"
"ryu670","n","nan","nan",50.0,"nan"
"ryu672","n","nan","nan",50.0,"nan"
"ryu673","n","nan","nan",50.0,"nan"
"ryu674","n","nan","nan",50.0,"nan"
"ryu676","n","nan","nan",50.0,"nan"
"ryu677","n","nan","nan",50.0,"nan"
"ryu679","n","nan","nan",50.0,"nan"
"ryu68","n","nan","nan",50.0,"nan"
"ryu680","n","nan","nan",50.0,"nan"
"ryu681","n","nan","nan",50.0,"nan"
"ryu682","n","nan","nan",50.0,"nan"
"ryu683","n","nan","nan",50.0,"nan"
"ryu684","n","nan","nan",50.0,"nan"
"ryu685","n","nan","nan",50.0,"nan"
"ryu686","n","nan","nan",50.0,"nan"
"ryu688","n","nan","nan",50.0,"nan"
"ryu689","n","nan","nan",50.0,"nan"
"ryu69","n","nan","nan",50.0,"nan"
"ryu690","n","nan","nan",50.0,"nan"
"ryu691","n","nan","nan",50.0,"nan"
"ryu695","n","nan","nan",50.0,"nan"
"ryu697","n","nan","nan",50.0,"nan"
"ryu698","n","nan","nan",50.0,"nan"
"ryu699","n","nan","nan",50.0,"nan"
"ryu70","n","nan","nan",50.0,"nan"
"ryu700","n","nan","nan",50.0,"nan"
"ryu701","n","nan","nan",50.0,"nan"
"ryu702","n","nan","nan",50.0,"nan"
"ryu703","n","nan","nan",50.0,"nan"
"ryu704","n","nan","nan",50.0,"nan"
"ryu705","n","nan","nan",50.0,"nan"
"ryu706","n","nan","nan",50.0,"nan"
"ryu707","n","nan","nan",50.0,"nan"
"ryu708","n","nan","nan",50.0,"nan"
"ryu709","n","nan","nan",50.0,"nan"
"ryu71","n","nan","nan",50.0,"nan"
"ryu710","n","nan","nan",50.0,"nan"
"ryu713","n","nan","nan",50.0,"nan"
"ryu714","n","nan","nan",50.0,"nan"
"ryu717","n","nan","nan",50.0,"nan"
"ryu719","n","nan","nan",50.0,"nan"
"ryu72","n","nan","nan",50.0,"nan"
"ryu724","n","nan","nan",50.0,"nan"
"ryu725","n","nan","nan",50.0,"nan"
"ryu726","n","nan","nan",50.0,"nan"
"ryu727","n","nan","nan",50.0,"nan"
"ryu728","n","nan","nan",50.0,"nan"
"ryu729","n","nan","nan",50.0,"nan"
"ryu73","n","nan","nan",50.0,"nan"
"ryu730","n","nan","nan",50.0,"nan"
"ryu731","n","nan","nan",50.0,"nan"
"ryu732","n","nan","nan",50.0,"nan"
"ryu733","n","nan","nan",50.0,"nan"
"ryu734","n","nan","nan",50.0,"nan"
"ryu735","n","nan","nan",50.0,"nan"
"ryu738","n","nan","nan",50.0,"nan"
"ryu739","n","nan","nan",50.0,"nan"
"ryu74","n","nan","nan",50.0,"nan"
"ryu740","n","nan","nan",50.0,"nan"
"ryu741","n","nan","nan",50.0,"nan"
"ryu744","n","nan","nan",50.0,"nan"
"ryu747","n","nan","nan",50.0,"nan"
"ryu748","n","nan","nan",50.0,"nan"
"ryu75","n","nan","nan",50.0,"nan"
"ryu750","n","nan","nan",50.0,"nan"
"ryu751","n","nan","nan",50.0,"nan"
"ryu752","n","nan","nan",50.0,"nan"
"ryu753","n","nan","nan",50.0,"nan"
"ryu754","n","nan","nan",50.0,"nan"
"ryu755","n","nan","nan",50.0,"nan"
"ryu756","n","nan","nan",50.0,"nan"
"ryu757","n","nan","nan",50.0,"nan"
"ryu758","n","nan","nan",50.0,"nan"
"ryu759","n","nan","nan",50.0,"nan"
"ryu76","n","nan","nan",50.0,"nan"
"ryu760","n","nan","nan",50.0,"nan"
"ryu761","n","nan","nan",50.0,"nan"
"ryu762","n","nan","nan",50.0,"nan"
"ryu763","n","nan","nan",50.0,"nan"
"ryu764","n","nan","nan",50.0,"nan"
"ryu770","n","nan","nan",50.0,"nan"
"ryu771","n","nan","nan",50.0,"nan"
"ryu773","n","nan","nan",50.0,"nan"
"ryu775","n","nan","nan",50.0,"nan"
"ryu776","n","nan","nan",50.0,"nan"
"ryu778","n","nan","nan",50.0,"nan"
"ryu78","n","nan","nan",50.0,"nan"
"ryu780","n","nan","nan",50.0,"nan"
"ryu781","n","nan","nan",50.0,"nan"
"ryu782","n","nan","nan",50.0,"nan"
"ryu785","n","nan","nan",50.0,"nan"
"ryu787","n","nan","nan",50.0,"nan"
"ryu789","n","nan","nan",50.0,"nan"
"ryu79","n","nan","nan",50.0,"nan"
"ryu790","n","nan","nan",50.0,"nan"
"ryu791","n","nan","nan",50.0,"nan"
"ryu792","n","nan","nan",50.0,"nan"
"ryu793","n","nan","nan",50.0,"nan"
"ryu794","n","nan","nan",50.0,"nan"
"ryu797","n","nan","nan",50.0,"nan"
"ryu798","n","nan","nan",50.0,"nan"
"ryu799","n","nan","nan",50.0,"nan"
"ryu800","n","nan","nan",50.0,"nan"
"ryu801","n","nan","nan",50.0,"nan"
"ryu802","n","nan","nan",50.0,"nan"
"ryu803","n","nan","nan",50.0,"nan"
"ryu804","n","nan","nan",50.0,"nan"
"ryu805","n","nan","nan",50.0,"nan"
"ryu807","n","nan","nan",50.0,"nan"
"ryu808","n","nan","nan",50.0,"nan"
"ryu809","n","nan","nan",50.0,"nan"
"ryu81","n","nan","nan",50.0,"nan"
"ryu810","n","nan","nan",50.0,"nan"
"ryu813","n","nan","nan",50.0,"nan"
"ryu814","n","nan","nan",50.0,"nan"
"ryu815","n","nan","nan",50.0,"nan"
"ryu816","n","nan","nan",50.0,"nan"
"ryu817","n","nan","nan",50.0,"nan"
"ryu818","n","nan","nan",50.0,"nan"
"ryu819","n","nan","nan",50.0,"nan"
"ryu82","n","nan","nan",50.0,"nan"
"ryu821","n","nan","nan",50.0,"nan"
"ryu822","n","nan","nan",50.0,"nan"
"ryu823","n","nan","nan",50.0,"nan"
"ryu825","n","nan","nan",50.0,"nan"
"ryu826","n","nan","nan",50.0,"nan"
"ryu827","n","nan","nan",50.0,"nan"
"ryu83","n","nan","nan",50.0,"nan"
"ryu833","n","nan","nan",50.0,"nan"
"ryu834","n","nan","nan",50.0,"nan"
"ryu835","n","nan","nan",50.0,"nan"
"ryu837","n","nan","nan",50.0,"nan"
"ryu838","n","nan","nan",50.0,"nan"
"ryu839","n","nan","nan",50.0,"nan"
"ryu84","n","nan","nan",50.0,"nan"
"ryu840","n","nan","nan",50.0,"nan"
"ryu842","n","nan","nan",50.0,"nan"
"ryu843","n","nan","nan",50.0,"nan"
"ryu844","n","nan","nan",50.0,"nan"
"ryu845","n","nan","nan",50.0,"nan"
"ryu846","n","nan","nan",50.0,"nan"
"ryu847","n","nan","nan",50.0,"nan"
"ryu850","n","nan","nan",50.0,"nan"
"ryu851","n","nan","nan",50.0,"nan"
"ryu853","n","nan","nan",50.0,"nan"
"ryu855","n","nan","nan",50.0,"nan"
"ryu856","n","nan","nan",50.0,"nan"
"ryu859","n","nan","nan",50.0,"nan"
"ryu860","n","nan","nan",50.0,"nan"
"ryu861","n","nan","nan",50.0,"nan"
"ryu862","n","nan","nan",50.0,"nan"
"ryu864","n","nan","nan",50.0,"nan"
"ryu865","n","nan","nan",50.0,"nan"
"ryu866","n","nan","nan",50.0,"nan"
"ryu868","n","nan","nan",50.0,"nan"
"ryu869","n","nan","nan",50.0,"nan"
"ryu870","n","nan","nan",50.0,"nan"
"ryu876","n","nan","nan",50.0,"nan"
"ryu878","n","nan","nan",50.0,"nan"
"ryu880","n","nan","nan",50.0,"nan"
"ryu881","n","nan","nan",50.0,"nan"
"ryu882","n","nan","nan",50.0,"nan"
"ryu884","n","nan","nan",50.0,"nan"
"ryu885","n","nan","nan",50.0,"nan"
"ryu887","n","nan","nan",50.0,"nan"
"ryu888","n","nan","nan",50.0,"nan"
"ryu889","n","nan","nan",50.0,"nan"
"ryu890","n","nan","nan",50.0,"nan"
"ryu891","n","nan","nan",50.0,"nan"
"ryu893","n","nan","nan",50.0,"nan"
"ryu895","n","nan","nan",50.0,"nan"
"ryu896","n","nan","nan",50.0,"nan"
"ryu898","n","nan","nan",50.0,"nan"
"ryu899","n","nan","nan",50.0,"nan"
"ryu9","n","nan","nan",50.0,"nan"
"ryu900","n","nan","nan",50.0,"nan"
"ryu904","n","nan","nan",50.0,"nan"
"ryu905","n","nan","nan",50.0,"nan"
"ryu906","n","nan","nan",50.0,"nan"
"ryu907","n","nan","nan",50.0,"nan"
"ryu908","n","nan","nan",50.0,"nan"
"ryu909","n","nan","nan",50.0,"nan"
"ryu910","n","nan","nan",50.0,"nan"
"ryu911","n","nan","nan",50.0,"nan"
"ryu912","n","nan","nan",50.0,"nan"
"ryu917","n","nan","nan",50.0,"nan"
"ryu918","n","nan","nan",50.0,"nan"
"ryu921","n","nan","nan",50.0,"nan"
"ryu922","n","nan","nan",50.0,"nan"
"ryu97","n","nan","nan",50.0,"nan"
"s1","n","nan","nan","nan","nan"
"s106","n","nan","nan","nan","nan"
"s269","n","nan","nan","nan","nan"
"s284","n","nan","nan","nan","nan"
"s285","n","nan","nan","nan","nan"
"s287c","n","nan","nan","nan","nan"
"s289","n","nan","nan","nan","nan"
"s87e","n","nan","nan","nan","nan"
"s88b","n","nan","nan","nan","nan"
"sai1","n","nan","nan","nan","nan"
"sai10","n","nan","nan","nan","nan"
"sai104","n","nan","nan","nan","nan"
"sai105","n","nan",40.0,"nan","nan"
"sai106","n","nan",210.0,150.0,"nan"
"sai108","n","nan",50.0,"nan","nan"
"sai109","n","nan","nan","nan","nan"
"sai112","n","nan","nan","nan","nan"
"sai113","n","nan","nan",80.0,"nan"
"sai116","n","nan","nan",200.0,"nan"
"sai118","n","nan","nan","nan","nan"
"sai12","n","nan","nan","nan","nan"
"sai120","n","nan","nan","nan","nan"
"sai122","n","plxr_0.44","nan",225.0,"nan"
"sai123","n","nan","nan","nan","nan"
"sai126","n","nan","nan","nan","nan"
"sai132","n","nan","nan","nan","nan"
"sai135","n","nan","nan","nan","nan"
"sai137","n","nan","nan","nan","nan"
"sai14","n","nan","nan","nan","nan"
"sai141","n","nan","nan","nan","nan"
"sai143","n","nan","nan","nan","nan"
"sai149","n","nan","nan","nan","nan"
"sai15","n","nan",90.0,"nan","nan"
"sai16","n","nan",125.0,"nan","nan"
"sai17","n","nan","nan","nan","nan"
"sai18","n","nan","nan","nan","nan"
"sai2","n","nan","nan","nan","nan"
"sai21","n","nan","nan","nan","nan"
"sai22","n","nan","nan","nan","nan"
"sai25","n","nan",100.0,"nan","nan"
"sai26","n","nan","nan","nan","nan"
"sai27","n","nan","nan","nan","nan"
"sai28","n","nan","nan","nan","nan"
"sai30","n","nan","nan","nan","nan"
"sai31","n","nan","nan","nan","nan"
"sai36","n","nan","nan","nan","nan"
"sai4","n","nan","nan","nan","nan"
"sai40","n","nan","nan","nan","nan"
"sai41","n","nan","nan","nan","nan"
"sai43","n","nan","nan","nan","nan"
"sai46","n","nan","nan","nan","nan"
"sai47","n","nan","nan","nan","nan"
"sai48","n","b_-1.45","nan",100.0,"nan"
"sai49","n","nan","nan","nan","nan"
"sai50","n","b_0.1","nan",50.0,"nan"
"sai51","n","nan","nan","nan","nan"
"sai6","n","nan","nan","nan","nan"
"sai69","n","nan","nan","nan","nan"
"sai72","n","nan","nan","nan","nan"
"sai81","n","nan","nan","nan","nan"
"sai82","n","nan","nan","nan","nan"
"sai83","n","nan","nan","nan","nan"
"sai86","n","nan","nan","nan","nan"
"sai88","n","nan","nan","nan","nan"
"sai90","n","nan","nan","nan","nan"
"sai91","n","nan","nan","nan","nan"
"sai94","n","nan","nan","nan","nan"
"sai99","n","nan","nan","nan","nan"
"saloranta10","n","nan","nan","nan","nan"
"saloranta19","n","nan","nan","nan","nan"
"saloranta21","n","nan","nan","nan","nan"
"saloranta3","n","nan","nan","nan","nan"
"saloranta6","n","nan","nan","nan","nan"
"saloranta7","n","nan","nan","nan","nan"
"saloranta8","n","nan","nan","nan","nan"
"santa42","n","nan","nan","nan","nan"
"saurer1","n","nan",75.0,"nan","nan"
"saurer2","n","nan","nan",125.0,"nan"
"saurer3","n","nan",150.0,"nan","y"
"saurer4","n","nan","nan","nan","nan"
"saurer5","n","nan",120.0,"nan","nan"
"saurer6","n","plxl_-0.5;plxr_0.7",100.0,"nan","y"
"sbb4","n","nan","nan","nan","nan"
"schmitz1","n","nan","nan","nan","nan"
"schmitzj180863116","n","nan","nan","nan","nan"
"schmitzj181623004","n","nan","nan","nan","nan"
"schuster1","n","nan","nan","nan","nan"
"scoob4","n","nan","nan","nan","nan"
"scoob5","n","nan",75.0,"nan","nan"
"sctob3","n","nan","nan",100.0,"nan"
"serpensdeos","n","nan","nan",100.0,"nan"
"serpenssvs2","n","nan","nan","nan","nan"
"serpenssvs4","n","nan",200.0,"nan","nan"
"sgr180620","n","nan","nan","nan","nan"
"sgr1900p14","n","nan","nan","nan","nan"
"sgrob6","n","nan","nan","nan","nan"
"sgrob7","n","nan","nan","nan","nan"
"sh2106","n","nan","nan",100.0,"nan"
"sh2138","n","nan","nan",100.0,"nan"
"sh2140north","n","nan","nan",100.0,"nan"
"sh2228","n","nan","nan",100.0,"nan"
"sh2235","n","nan","nan","nan","nan"
"sh2235b","n","nan","nan",100.0,"nan"
"sh2242","n","nan","nan","nan","nan"
"sh2252a","n","nan","nan",100.0,"nan"
"sh2269","n","nan","nan",100.0,"nan"
"sh2270","n","nan",100.0,100.0,"nan"
"sh2287c","n","nan","nan","nan","nan"
"sh2287north","n","nan","nan",100.0,"nan"
"sh264","n","nan","nan",100.0,"nan"
"sh288b","n","nan","nan","nan","nan"
"sher1","n","nan","nan","nan","nan"
"shorlin1","n","nan","nan","nan","nan"
"shorlin2","n","nan","nan","nan","nan"
"sigmaorionis","n","nan",150.0,"nan","nan"
"skiffj0058p684","n","nan","nan","nan","nan"
"skiffj0458p430","n","nan","nan","nan","nan"
"skiffj0614p129","n","nan","nan","nan","nan"
"skiffj0619p185","n","nan","nan","nan","nan"
"skiffj1942p386","n","nan","nan","nan","nan"
"slizhevsky249","n","nan","nan",50.0,"nan"
"slizhevsky250","n","nan","nan",50.0,"nan"
"ssctgroup","n","nan","nan","nan","nan"
"steine1","n","nan","nan","nan","nan"
"steine14","n","nan","nan","nan","nan"
"steine18","n","nan","nan","nan","nan"
"steine19","n","nan","nan","nan","nan"
"steine20","n","nan","nan","nan","nan"
"steine21","n","nan","nan","nan","nan"
"steine24","n","nan","nan","nan","nan"
"steine27","n","nan","nan","nan","nan"
"steine29","n","nan","nan","nan","nan"
"steine3","n","nan","nan","nan","nan"
"steine30","n","nan","nan","nan","nan"
"steine31","n","nan","nan","nan","nan"
"steine32","n","nan","nan","nan","nan"
"steine33","n","nan","nan","nan","nan"
"steine7","n","nan","nan","nan","nan"
"steine8","n","nan","nan","nan","nan"
"steinej06316p1008","n","nan","nan","nan","nan"
"steinej06322p1000","n","nan","nan","nan","nan"
"steinej075002933","n","nan","nan","nan","nan"
"steinej18558p1910","n","nan","nan","nan","nan"
"steinej18577p1810","n","nan","nan","nan","nan"
"steinej19036p2010","n","nan","nan","nan","nan"
"steinej19043p1920","n","nan","nan","nan","nan"
"steinej19058p1942","n","nan","nan","nan","nan"
"steinej19074p1629","n","nan","nan","nan","nan"
"steinej19100p1812","n","nan","nan","nan","nan"
"steinej19103p1815","n","nan","nan","nan","nan"
"steinej19108p1603","n","nan","nan","nan","nan"
"steinej19134p1726","n","nan","nan","nan","nan"
"steinej19152p1658","n","nan","nan","nan","nan"
"steinej19166p1929","n","nan","nan","nan","nan"
"steinej19224p1939","n","nan","nan","nan","nan"
"steinej19267p1930","n","nan","nan","nan","nan"
"steinej19331p1807","n","nan","nan","nan","nan"
"steinej19447p1657","n","nan","nan","nan","nan"
"steinej19474p1816","n","nan","nan","nan","nan"
"steinej19478p1824","n","nan","nan","nan","nan"
"steinej19479p1817","n","nan","nan","nan","nan"
"steinej19493p1906","n","nan","nan","nan","nan"
"steinej19496p1919","n","nan","nan","nan","nan"
"steinej19498p1917","n","nan","nan","nan","nan"
"steinej19503p1818","n","nan","nan","nan","nan"
"steinej19505p1816","n","nan","nan","nan","nan"
"steinej19535p1926","n","nan","nan","nan","nan"
"steinej20021p3545","n","nan","nan","nan","nan"
"steinej20125p1918","n","nan","nan","nan","nan"
"steinej21017p4420","n","nan","nan","nan","nan"
"steinej21307p4821","n","nan","nan","nan","nan"
"stephenson1","n","nan","nan","nan","nan"
"stephenson2","n","nan","nan","nan","nan"
"stock1","n","nan","nan","nan","nan"
"stock10","n","nan","nan","nan","nan"
"stock11","n","nan","nan","nan","nan"
"stock12","n","nan","nan","nan","nan"
"stock13","n","nan","nan","nan","nan"
"stock14","n","nan","nan","nan","nan"
"stock15","n","nan","nan","nan","nan"
"stock16","n","nan","nan","nan","nan"
"stock17","n","nan",50.0,"nan","nan"
"stock18","n","nan","nan","nan","nan"
"stock19","n","nan","nan","nan","nan"
"stock2","n","nan","nan","nan","nan"
"stock20","n","nan","nan","nan","nan"
"stock21","n","nan","nan","nan","nan"
"stock23","n","nan","nan","nan","nan"
"stock3","n","nan","nan","nan","nan"
"stock4","n","nan","nan","nan","nan"
"stock5","n","nan","nan","nan","nan"
"stock6","n","nan","nan","nan","nan"
"stock7","n","nan",200.0,"nan","nan"
"stock8","n","l_173.1","nan",150.0,"nan"
"streicher2","n","nan","nan","nan","nan"
"streicher52","n","nan","nan","nan","nan"
"streicher82","n","nan","nan","nan","nan"
"streicher9","n","nan","nan","nan","nan"
"svul","n","nan","nan","nan","nan"
"taurus","n","nan",80.0,50.0,"nan"
"terzanju20","n","nan","nan","nan","nan"
"teutsch0408p53","n","nan","nan","nan","nan"
"teutsch10","n","nan","nan","nan","nan"
"teutsch100","n","nan","nan","nan","nan"
"teutsch101","n","nan","nan","nan","nan"
"teutsch103","n","nan","nan","nan","nan"
"teutsch104","n","nan","nan","nan","nan"
"teutsch105","n","nan","nan","nan","nan"
"teutsch107","n","nan","nan","nan","nan"
"teutsch108","n","nan","nan","nan","nan"
"teutsch109","n","nan","nan","nan","nan"
"teutsch11","n","nan","nan","nan","nan"
"teutsch110","n","nan","nan","nan","nan"
"teutsch111","n","nan","nan","nan","nan"
"teutsch112","n","nan","nan","nan","nan"
"teutsch113","n","nan","nan","nan","nan"
"teutsch117","n","nan","nan","nan","nan"
"teutsch119","n","nan","nan","nan","nan"
"teutsch12","n","nan","nan","nan","nan"
"teutsch120","n","nan","nan","nan","nan"
"teutsch122","n","nan","nan","nan","nan"
"teutsch123","n","nan","nan","nan","nan"
"teutsch124","n","nan","nan","nan","nan"
"teutsch125","n","nan","nan","nan","nan"
"teutsch126","n","nan","nan","nan","nan"
"teutsch127","n","nan","nan",100.0,"nan"
"teutsch128","n","nan","nan","nan","nan"
"teutsch129","n","nan","nan","nan","nan"
"teutsch13","n","nan",75.0,"nan","nan"
"teutsch130","n","nan","nan","nan","nan"
"teutsch131","n","nan","nan","nan","nan"
"teutsch132","n","nan","nan","nan","nan"
"teutsch133","n","nan","nan","nan","nan"
"teutsch135","n","nan","nan","nan","nan"
"teutsch136","n","nan","nan","nan","nan"
"teutsch137","n","nan","nan","nan","nan"
"teutsch138","n","nan","nan","nan","nan"
"teutsch139","n","nan","nan","nan","nan"
"teutsch141","n","nan","nan","nan","nan"
"teutsch142","n","nan","nan","nan","nan"
"teutsch143a","n","plxr_0.15",50.0,"nan","nan"
"teutsch143b","n","plxl_0.15","nan","nan","nan"
"teutsch144","n","nan","nan","nan","nan"
"teutsch145","n","nan",100.0,"nan","nan"
"teutsch146","n","nan","nan","nan","nan"
"teutsch147","n","nan","nan","nan","nan"
"teutsch148","n","nan","nan","nan","nan"
"teutsch149","n","nan","nan","nan","nan"
"teutsch14a","n","nan","nan","nan","nan"
"teutsch15","n","nan","nan","nan","nan"
"teutsch150","n","nan","nan","nan","nan"
"teutsch151","n","nan","nan","nan","nan"
"teutsch153","n","nan","nan","nan","nan"
"teutsch155","n","nan","nan","nan","nan"
"teutsch156","n","nan","nan","nan","nan"
"teutsch157","n","nan","nan","nan","nan"
"teutsch159","n","nan","nan","nan","nan"
"teutsch16","n","nan","nan","nan","nan"
"teutsch160","n","nan","nan","nan","nan"
"teutsch162","n","nan","nan","nan","nan"
"teutsch168","n","nan","nan","nan","nan"
"teutsch169","n","nan","nan","nan","nan"
"teutsch17","n","nan",100.0,"nan","nan"
"teutsch170","n","nan","nan","nan","nan"
"teutsch171","n","nan","nan","nan","nan"
"teutsch172","n","nan","nan","nan","nan"
"teutsch173","n","nan","nan","nan","nan"
"teutsch174","n","nan","nan","nan","nan"
"teutsch175","n","nan","nan","nan","nan"
"teutsch176","n","nan","nan","nan","nan"
"teutsch177","n","nan","nan","nan","nan"
"teutsch178","n","nan","nan","nan","nan"
"teutsch179","n","nan","nan","nan","nan"
"teutsch18","n","nan","nan","nan","nan"
"teutsch180","n","nan","nan","nan","nan"
"teutsch181","n","nan",50.0,"nan","nan"
"teutsch182","n","nan","nan","nan","nan"
"teutsch183","n","nan","nan","nan","nan"
"teutsch184","n","nan","nan","nan","nan"
"teutsch187","n","nan","nan","nan","nan"
"teutsch188","n","nan","nan","nan","nan"
"teutsch190","n","nan","nan","nan","nan"
"teutsch192","n","nan","nan","nan","nan"
"teutsch193","n","nan","nan","nan","nan"
"teutsch194","n","nan","nan","nan","nan"
"teutsch197","n","nan","nan","nan","nan"
"teutsch198","n","nan","nan","nan","nan"
"teutsch199","n","nan","nan","nan","nan"
"teutsch2","n","nan","nan",200.0,"nan"
"teutsch20","n","nan","nan",150.0,"nan"
"teutsch200","n","nan","nan","nan","nan"
"teutsch201","n","nan",70.0,"nan","nan"
"teutsch202","n","nan","nan","nan","nan"
"teutsch203","n","nan","nan","nan","nan"
"teutsch205","n","nan","nan","nan","nan"
"teutsch207","n","nan","nan","nan","nan"
"teutsch208","n","nan","nan","nan","nan"
"teutsch209","n","nan","nan","nan","nan"
"teutsch210","n","nan","nan","nan","nan"
"teutsch211","n","nan",100.0,"nan","nan"
"teutsch212","n","nan","nan","nan","nan"
"teutsch213","n","nan","nan","nan","nan"
"teutsch214","n","nan","nan","nan","nan"
"teutsch219","n","nan","nan","nan","nan"
"teutsch22","n","nan","nan","nan","nan"
"teutsch222","n","nan","nan",88.0,"nan"
"teutsch224","n","nan","nan","nan","nan"
"teutsch226","n","nan","nan","nan","nan"
"teutsch227","n","r_290.65","nan",50.0,"nan"
"teutsch229","n","nan","nan","nan","nan"
"teutsch23","n","t_1.1","nan","nan","nan"
"teutsch232","n","nan","nan","nan","nan"
"teutsch233","n","nan","nan","nan","nan"
"teutsch234","n","nan","nan","nan","nan"
"teutsch235","n","nan","nan","nan","nan"
"teutsch236","n","nan","nan","nan","nan"
"teutsch237","n","nan","nan","nan","nan"
"teutsch239","n","nan","nan","nan","nan"
"teutsch24","n","nan","nan","nan","nan"
"teutsch240","n","nan","nan","nan","nan"
"teutsch241","n","nan","nan","nan","nan"
"teutsch242","n","nan","nan","nan","nan"
"teutsch243","n","nan","nan","nan","nan"
"teutsch244","n","nan","nan","nan","nan"
"teutsch245","n","nan","nan","nan","nan"
"teutsch247","n","nan","nan",250.0,"nan"
"teutsch248","n","nan","nan","nan","nan"
"teutsch249","n","nan","nan","nan","nan"
"teutsch25","n","nan","nan","nan","nan"
"teutsch250","n","nan","nan","nan","nan"
"teutsch251","n","nan","nan","nan","nan"
"teutsch252","n","nan","nan","nan","nan"
"teutsch253","n","nan","nan","nan","nan"
"teutsch254","n","nan","nan","nan","nan"
"teutsch255","n","nan","nan","nan","nan"
"teutsch257","n","nan","nan","nan","nan"
"teutsch258","n","nan","nan","nan","nan"
"teutsch26","n","nan","nan","nan","nan"
"teutsch260","n","nan","nan","nan","nan"
"teutsch261","n","nan","nan","nan","nan"
"teutsch262","n","nan","nan","nan","nan"
"teutsch263","n","nan","nan","nan","nan"
"teutsch264","n","nan","nan","nan","nan"
"teutsch265","n","nan",150.0,"nan","nan"
"teutsch266","n","nan","nan","nan","nan"
"teutsch267","n","nan","nan","nan","nan"
"teutsch268","n","nan","nan","nan","nan"
"teutsch269","n","nan","nan","nan","nan"
"teutsch27","n","nan","nan","nan","nan"
"teutsch270","n","nan","nan","nan","nan"
"teutsch271","n","nan","nan","nan","nan"
"teutsch272","n","nan","nan","nan","nan"
"teutsch273","n","nan","nan","nan","nan"
"teutsch274","n","nan","nan","nan","nan"
"teutsch277","n","nan","nan","nan","nan"
"teutsch278","n","nan","nan","nan","nan"
"teutsch279","n","nan","nan","nan","nan"
"teutsch28","n","nan","nan","nan","nan"
"teutsch280","n","nan","nan","nan","nan"
"teutsch282","n","nan","nan","nan","nan"
"teutsch284","n","nan","nan","nan","nan"
"teutsch285","n","nan","nan","nan","nan"
"teutsch287","n","nan","nan","nan","nan"
"teutsch288","n","nan","nan","nan","nan"
"teutsch289","n","nan","nan","nan","nan"
"teutsch290","n","nan","nan","nan","nan"
"teutsch291","n","nan","nan","nan","nan"
"teutsch292","n","nan","nan","nan","nan"
"teutsch295","n","nan","nan","nan","nan"
"teutsch296","n","nan","nan","nan","nan"
"teutsch297","n","nan","nan","nan","nan"
"teutsch298","n","nan","nan","nan","nan"
"teutsch299","n","nan","nan","nan","nan"
"teutsch2a","n","nan","nan","nan","nan"
"teutsch30","n","nan",90.0,"nan","nan"
"teutsch300","n","nan","nan","nan","nan"
"teutsch302","n","nan","nan","nan","nan"
"teutsch303","n","nan","nan","nan","nan"
"teutsch304","n","nan","nan","nan","nan"
"teutsch305","n","nan","nan","nan","nan"
"teutsch306","n","nan","nan","nan","nan"
"teutsch307","n","nan","nan","nan","nan"
"teutsch309","n","nan","nan","nan","nan"
"teutsch31","n","nan","nan","nan","nan"
"teutsch310","n","nan","nan","nan","nan"
"teutsch311","n","nan","nan","nan","nan"
"teutsch312","n","nan",100.0,"nan","nan"
"teutsch313","n","nan","nan","nan","nan"
"teutsch314","n","nan","nan","nan","nan"
"teutsch315","n","nan","nan","nan","nan"
"teutsch317","n","nan","nan","nan","nan"
"teutsch318","n","nan","nan","nan","nan"
"teutsch319","n","nan","nan","nan","nan"
"teutsch32","n","nan","nan","nan","nan"
"teutsch320","n","nan","nan","nan","nan"
"teutsch321","n","nan","nan","nan","nan"
"teutsch322","n","nan","nan","nan","nan"
"teutsch323","n","nan","nan","nan","nan"
"teutsch324","n","nan","nan","nan","nan"
"teutsch325","n","nan","nan","nan","nan"
"teutsch327","n","nan","nan","nan","nan"
"teutsch330","n","nan","nan","nan","nan"
"teutsch331","n","nan","nan","nan","nan"
"teutsch334","n","nan","nan",50.0,"nan"
"teutsch34","n","nan","nan","nan","nan"
"teutsch346","n","nan","nan",111.0,"nan"
"teutsch347","n","nan","nan",86.0,"nan"
"teutsch35","n","nan","nan","nan","nan"
"teutsch38","n","nan","nan","nan","nan"
"teutsch39","n","nan","nan","nan","nan"
"teutsch4","n","nan","nan","nan","nan"
"teutsch40","n","nan","nan","nan","nan"
"teutsch41","n","nan","nan","nan","nan"
"teutsch42","n","nan","nan","nan","nan"
"teutsch43","n","nan",40.0,"nan","nan"
"teutsch44","n","nan","nan",200.0,"nan"
"teutsch45","n","nan","nan","nan","nan"
"teutsch46","n","nan","nan","nan","nan"
"teutsch47","n","nan","nan","nan","nan"
"teutsch48","n","nan","nan","nan","nan"
"teutsch49","n","nan","nan",125.0,"nan"
"teutsch5","n","nan","nan","nan","nan"
"teutsch50","n","nan","nan","nan","nan"
"teutsch51","n","nan","nan","nan","nan"
"teutsch52","n","nan","nan","nan","nan"
"teutsch53","n","nan","nan","nan","nan"
"teutsch54","n","nan","nan","nan","nan"
"teutsch55","n","nan","nan","nan","nan"
"teutsch56","n","nan","nan","nan","nan"
"teutsch57","n","nan","nan","nan","nan"
"teutsch58","n","nan","nan","nan","nan"
"teutsch59a","n","nan","nan","nan","nan"
"teutsch60","n","nan","nan","nan","nan"
"teutsch61","n","nan","nan","nan","nan"
"teutsch62","n","nan","nan","nan","nan"
"teutsch63","n","nan","nan","nan","nan"
"teutsch64","n","nan","nan","nan","nan"
"teutsch65","n","nan","nan","nan","nan"
"teutsch66","n","nan","nan","nan","nan"
"teutsch67","n","nan","nan","nan","nan"
"teutsch68","n","nan","nan","nan","nan"
"teutsch69","n","nan","nan","nan","nan"
"teutsch7","n","nan","nan","nan","nan"
"teutsch70","n","nan","nan","nan","nan"
"teutsch71","n","nan","nan","nan","nan"
"teutsch72","n","nan","nan","nan","nan"
"teutsch73","n","nan","nan","nan","nan"
"teutsch74","n","nan","nan","nan","nan"
"teutsch75","n","nan","nan","nan","nan"
"teutsch76","n","nan","nan","nan","nan"
"teutsch77","n","nan","nan","nan","nan"
"teutsch79","n","nan","nan","nan","nan"
"teutsch80","n","nan","nan","nan","nan"
"teutsch81","n","nan","nan","nan","nan"
"teutsch82","n","nan",100.0,"nan","nan"
"teutsch83","n","nan","nan","nan","nan"
"teutsch84","n","nan","nan",375.0,"nan"
"teutsch85","n","nan","nan","nan","nan"
"teutsch86","n","nan","nan","nan","nan"
"teutsch87","n","nan","nan","nan","nan"
"teutsch89","n","nan",100.0,"nan","nan"
"teutsch90","n","nan","nan","nan","nan"
"teutsch92","n","nan","nan","nan","nan"
"teutsch93","n","nan",100.0,"nan","nan"
"teutsch94","n","nan","nan","nan","nan"
"teutsch95","n","nan","nan","nan","nan"
"teutsch99","n","nan","nan","nan","nan"
"teutschj00077p5957","n","nan","nan","nan","nan"
"teutschj00325p4657","n","nan","nan","nan","nan"
"teutschj00411p6010","n","nan","nan","nan","nan"
"teutschj01282p5843","n","nan","nan","nan","nan"
"teutschj01327p5919","n","nan","nan","nan","nan"
"teutschj01510p5944","n","nan","nan","nan","nan"
"teutschj04022p5235","n","nan","nan","nan","nan"
"teutschj04232p4935","n","nan","nan","nan","nan"
"teutschj04240p4327","n","nan","nan","nan","nan"
"teutschj04517p4107","n","nan","nan","nan","nan"
"teutschj05062p4139","n","nan","nan","nan","nan"
"teutschj05331p2848","n","nan","nan","nan","nan"
"teutschj05382p3234","n","nan","nan","nan","nan"
"teutschj05556p2703","n","nan","nan","nan","nan"
"teutschj06288p0708","n","nan","nan","nan","nan"
"teutschj06398p0839","n","nan","nan","nan","nan"
"teutschj07079p0435","n","nan","nan","nan","nan"
"teutschj071801642","n","nan","nan","nan","nan"
"teutschj071832118","n","nan","nan","nan","nan"
"teutschj071881116","n","nan","nan","nan","nan"
"teutschj071921137","n","nan","nan","nan","nan"
"teutschj072551310","n","nan","nan","nan","nan"
"teutschj074112351","n","nan","nan","nan","nan"
"teutschj081974510","n","nan","nan","nan","nan"
"teutschj081984655","n","nan","nan","nan","nan"
"teutschj084364511","n","nan","nan","nan","nan"
"teutschj092435313","n","nan","nan","nan","nan"
"teutschj095965313","n","nan","nan","nan","nan"
"teutschj095986040","n","nan","nan","nan","nan"
"teutschj102185802","n","nan","nan","nan","nan"
"teutschj102665658","n","nan","nan","nan","nan"
"teutschj103736034","n","nan",120.0,"nan","nan"
"teutschj103876018","n","r_287.28;b_-1.61","nan",50.0,"nan"
"teutschj105206139","n","nan","nan","nan","nan"
"teutschj105976131","n","nan","nan","nan","nan"
"teutschj113035922","n","nan","nan","nan","nan"
"teutschj114156232","n","nan","nan","nan","nan"
"teutschj131336444","n","nan","nan","nan","nan"
"teutschj135366053","n","nan","nan","nan","nan"
"teutschj140176411","n","nan","nan","nan","nan"
"teutschj141116211","n","nan","nan","nan","nan"
"teutschj144136136","n","nan","nan","nan","nan"
"teutschj150025453","n","nan","nan","nan","nan"
"teutschj153135922","n","nan","nan","nan","nan"
"teutschj155593211","n","nan","nan","nan","nan"
"teutschj160765502","n","nan","nan","nan","nan"
"teutschj161775519","n","nan","nan","nan","nan"
"teutschj164584423","n","nan","nan","nan","nan"
"teutschj174453508","n","nan","nan","nan","nan"
"teutschj174774055","n","nan","nan","nan","nan"
"teutschj180543320","n","nan","nan","nan","nan"
"teutschj181462814","n","nan","nan","nan","nan"
"teutschj181522228","n","nan","nan","nan","nan"
"teutschj181742322","n","nan","nan","nan","nan"
"teutschj18190p0737","n","nan","nan","nan","nan"
"teutschj182341447","n","nan","nan","nan","nan"
"teutschj18242p1441","n","nan","nan","nan","nan"
"teutschj182750626","n","nan","nan","nan","nan"
"teutschj183081215","n","nan","nan","nan","nan"
"teutschj183211134","n","nan","nan","nan","nan"
"teutschj183290501","n","nan","nan","nan","nan"
"teutschj183561241","n","nan","nan","nan","nan"
"teutschj183910459","n","nan","nan","nan","nan"
"teutschj184070853","n","nan","nan","nan","nan"
"teutschj18449p0434","n","nan","nan","nan","nan"
"teutschj19163p1826","n","nan","nan","nan","nan"
"teutschj19166p2120","n","nan","nan","nan","nan"
"teutschj19195p1448","n","nan","nan","nan","nan"
"teutschj19291p1903","n","nan","nan","nan","nan"
"teutschj19315p2257","n","nan","nan","nan","nan"
"teutschj19393p2408","n","nan","nan","nan","nan"
"teutschj19402p3721","n","nan","nan","nan","nan"
"teutschj19415p2007","n","nan","nan","nan","nan"
"teutschj19420p2947","n","nan","nan","nan","nan"
"teutschj19422p3806","n","nan","nan","nan","nan"
"teutschj19441p2001","n","nan","nan","nan","nan"
"teutschj19502p1938","n","nan","nan","nan","nan"
"teutschj19507p2106","n","nan","nan","nan","nan"
"teutschj19528p2602","n","nan","nan","nan","nan"
"teutschj19531p2053","n","nan","nan","nan","nan"
"teutschj19535p2056","n","nan","nan","nan","nan"
"teutschj19541p1852","n","nan","nan",50.0,"nan"
"teutschj19550p3528","n","nan","nan","nan","nan"
"teutschj19552p3158","n","nan","nan","nan","nan"
"teutschj19558p3255","n","nan","nan","nan","nan"
"teutschj19576p2945","n","nan","nan","nan","nan"
"teutschj19576p3330","n","nan","nan","nan","nan"
"teutschj19586p3309","n","nan","nan","nan","nan"
"teutschj20005p3432","n","nan","nan","nan","nan"
"teutschj20008p1943","n","nan","nan","nan","nan"
"teutschj20011p3246","n","nan","nan","nan","nan"
"teutschj20036p3114","n","nan","nan","nan","nan"
"teutschj20041p3310","n","nan","nan","nan","nan"
"teutschj20071p3313","n","nan","nan","nan","nan"
"teutschj20079p3126","n","nan","nan","nan","nan"
"teutschj20130p1701","n","nan","nan","nan","nan"
"teutschj20151p3850","n","nan","nan","nan","nan"
"teutschj20155p3931","n","nan","nan","nan","nan"
"teutschj20163p3715","n","nan","nan","nan","nan"
"teutschj20183p3108","n","nan","nan","nan","nan"
"teutschj20556p3712","n","nan","nan","nan","nan"
"teutschj21140p4401","n","nan","nan","nan","nan"
"teutschj21168p4141","n","nan","nan","nan","nan"
"teutschj21334p4638","n","nan","nan","nan","nan"
"teutschj21379p5012","n","nan","nan","nan","nan"
"teutschj21549p5553","n","nan","nan","nan","nan"
"teutschj22182p5348","n","nan","nan","nan","nan"
"teutschj23207p4812","n","nan","nan","nan","nan"
"teutschj23278p5146","n","nan","nan","nan","nan"
"teutschj23429p6754","n","nan","nan","nan","nan"
"theia100","n","nan","nan",125.0,"nan"
"theia1001","n","nan","nan",105.0,"nan"
"theia101","n","nan",50.0,70.0,"nan"
"theia1023","n","nan",50.0,80.0,"nan"
"theia1024","n","nan","nan",42.0,"nan"
"theia1038","n","nan","nan",50.0,"nan"
"theia1040","n","nan",50.0,54.0,"nan"
"theia105","n","nan","nan",81.0,"nan"
"theia1062","n","nan","nan",30.0,"nan"
"theia1075","n","nan","nan",29.0,"nan"
"theia1079","n","nan",75.0,63.0,"nan"
"theia1082","n","nan",75.0,110.0,"nan"
"theia1083","n","nan","nan",28.0,"nan"
"theia1086","n","nan",75.0,81.0,"nan"
"theia11","n","nan",150.0,125.0,"nan"
"theia110","n","nan",50.0,88.0,"nan"
"theia1117","n","nan","nan",51.0,"nan"
"theia1140","n","nan","nan",36.0,"nan"
"theia1147","n","nan","nan",51.0,"nan"
"theia1156","n","nan","nan",32.0,"nan"
"theia116","n","nan","nan",244.0,"nan"
"theia1170","n","nan","nan",126.0,"nan"
"theia1179","n","nan",60.0,73.0,"nan"
"theia118","n","nan","nan",25.0,"nan"
"theia1188","n","nan",50.0,71.0,"nan"
"theia12","n","nan","nan",142.0,"nan"
"theia1203","n","nan",75.0,136.0,"nan"
"theia1224","n","nan","nan",42.0,"nan"
"theia123","n","nan",150.0,204.0,"nan"
"theia1232","n","nan","nan",25.0,"nan"
"theia1256","n","nan","nan",25.0,"nan"
"theia128","n","nan","nan",35.0,"nan"
"theia1297","n","nan",50.0,75.0,"nan"
"theia1306","n","nan","nan",45.0,"nan"
"theia1315","n","nan",50.0,86.0,"nan"
"theia136","n","nan","nan",102.0,"nan"
"theia1362","n","nan",50.0,44.0,"nan"
"theia1366","n","nan","nan",26.0,"nan"
"theia139","n","nan",50.0,105.0,"nan"
"theia1408","n","nan","nan","nan","nan"
"theia1424","n","nan",50.0,78.0,"nan"
"theia1432","n","nan","nan",54.0,"nan"
"theia1450","n","nan",50.0,67.0,"nan"
"theia1474","n","nan",55.0,69.0,"nan"
"theia149","n","nan",50.0,77.0,"nan"
"theia15","n","nan",80.0,25.0,"nan"
"theia1528","n","nan","nan",25.0,"nan"
"theia153","n","nan",50.0,59.0,"nan"
"theia164","n","nan","nan",238.0,"nan"
"theia1654","n","nan","nan",271.0,"nan"
"theia1656","n","nan","nan",25.0,"nan"
"theia1661","n","nan","nan",1000.0,"nan"
"theia1666","n","nan","nan",757.0,"nan"
"theia167","n","nan","nan",52.0,"nan"
"theia1676","n","nan","nan",61.0,"nan"
"theia1694","n","nan","nan",43.0,"nan"
"theia171","n","nan",50.0,88.0,"nan"
"theia172","n","nan","nan",322.0,"nan"
"theia1742","n","nan","nan",100.0,"nan"
"theia1749","n","nan","nan",30.0,"nan"
"theia1756","n","nan","nan",542.0,"nan"
"theia176","n","nan","nan",25.0,"nan"
"theia1769","n","nan","nan",63.0,"nan"
"theia177","n","nan","nan",25.0,"nan"
"theia178","n","nan",50.0,73.0,"nan"
"theia180","n","nan",50.0,76.0,"nan"
"theia1802","n","nan","nan",54.0,"nan"
"theia181","n","nan","nan",75.0,"nan"
"theia1851","n","nan","nan",25.0,"nan"
"theia1854","n","nan","nan",25.0,"nan"
"theia1873","n","nan",50.0,79.0,"nan"
"theia1884","n","nan",50.0,69.0,"nan"
"theia1886","n","nan","nan",64.0,"nan"
"theia189","n","nan",50.0,104.0,"nan"
"theia19","n","nan","nan",33.0,"nan"
"theia1920","n","nan","nan",34.0,"nan"
"theia1922","n","nan","nan",25.0,"nan"
"theia1927","n","plxl_0.9","nan",50.0,"nan"
"theia1966","n","nan","nan",199.0,"nan"
"theia1982","n","nan","nan",42.0,"nan"
"theia199","n","nan",75.0,92.0,"nan"
"theia200","n","nan","nan",53.0,"nan"
"theia2000","n","nan","nan",145.0,"nan"
"theia2018","n","nan","nan",43.0,"nan"
"theia202","n","nan","nan",44.0,"nan"
"theia2032","n","nan","nan",49.0,"nan"
"theia2045","n","nan",50.0,62.0,"nan"
"theia2078","n","nan","nan",28.0,"nan"
"theia2087","n","nan",75.0,92.0,"nan"
"theia2103","n","nan","nan",40.0,"nan"
"theia2118","n","nan",50.0,138.0,"nan"
"theia2121","n","nan","nan",28.0,"nan"
"theia213","n","nan","nan",45.0,"nan"
"theia2133","n","nan",75.0,83.0,"nan"
"theia2135","n","nan",75.0,107.0,"nan"
"theia2145","n","nan","nan",45.0,"nan"
"theia2151","n","nan","nan",33.0,"nan"
"theia2179","n","nan","nan",112.0,"nan"
"theia222","n","nan","nan",76.0,"nan"
"theia224","n","nan","nan",52.0,"nan"
"theia227","n","nan",50.0,79.0,"nan"
"theia228","n","nan","nan",61.0,"nan"
"theia2296","n","nan","nan",84.0,"nan"
"theia2299","n","nan","nan",54.0,"nan"
"theia23","n","nan",290.0,200.0,"nan"
"theia230","n","nan",75.0,83.0,"nan"
"theia232","n","nan","nan",152.0,"nan"
"theia2335","n","nan","nan",25.0,"nan"
"theia2351","n","nan","nan",33.0,"nan"
"theia236","n","nan","nan",25.0,"nan"
"theia2376","n","nan","nan",39.0,"nan"
"theia2395","n","nan",50.0,100.0,"nan"
"theia24","n","nan","nan",33.0,"nan"
"theia240","n","nan","nan",47.0,"nan"
"theia242","n","nan",50.0,65.0,"nan"
"theia2436","n","nan","nan",25.0,"nan"
"theia2443","n","nan",75.0,93.0,"nan"
"theia246","n","nan",75.0,100.0,"nan"
"theia2468","n","nan",75.0,90.0,"nan"
"theia248","n","nan",100.0,153.0,"nan"
"theia2482","n","nan","nan",44.0,"nan"
"theia249","n","nan","nan",82.0,"nan"
"theia2505","n","nan","nan",53.0,"nan"
"theia253","n","nan","nan",83.0,"nan"
"theia2541","n","nan","nan",35.0,"nan"
"theia256","n","nan",50.0,69.0,"nan"
"theia26","n","nan","nan",83.0,"nan"
"theia260","n","nan",50.0,95.0,"nan"
"theia2619","n","nan","nan",50.0,"nan"
"theia2651","n","nan","nan",50.0,"nan"
"theia267","n","nan","nan",72.0,"nan"
"theia269","n","nan","nan",55.0,"nan"
"theia2727","n","nan","nan",60.0,"nan"
"theia2730","n","nan",50.0,65.0,"nan"
"theia277","n","nan","nan",41.0,"nan"
"theia2782","n","nan","nan",25.0,"nan"
"theia280","n","nan",50.0,89.0,"nan"
"theia282","n","nan","nan",233.0,"nan"
"theia283","n","nan",75.0,116.0,"nan"
"theia2850","n","nan","nan",25.0,"nan"
"theia286","n","nan","nan",60.0,"nan"
"theia29","n","nan","nan",45.0,"nan"
"theia290","n","nan","nan",39.0,"nan"
"theia291","n","nan",75.0,95.0,"nan"
"theia292","n","nan","nan",62.0,"nan"
"theia2924","n","nan","nan",118.0,"nan"
"theia2937","n","nan","nan",31.0,"nan"
"theia295","n","nan","nan",25.0,"nan"
"theia2966","n","nan","nan",32.0,"nan"
"theia2999","n","nan",50.0,117.0,"nan"
"theia3005","n","nan",75.0,97.0,"nan"
"theia3010","n","nan","nan",46.0,"nan"
"theia3047","n","nan","nan",36.0,"nan"
"theia3048","n","nan",100.0,175.0,"nan"
"theia3067","n","nan","nan",58.0,"nan"
"theia3097","n","nan",50.0,70.0,"nan"
"theia3099","n","nan","nan",25.0,"nan"
"theia31","n","nan","nan",81.0,"nan"
"theia311","n","nan","nan",27.0,"nan"
"theia3127","n","nan",100.0,172.0,"nan"
"theia314","n","nan","nan",101.0,"nan"
"theia3144","n","nan","nan",25.0,"nan"
"theia3152","n","nan","nan",52.0,"nan"
"theia316","n","nan",75.0,86.0,"nan"
"theia3167","n","nan","nan",27.0,"nan"
"theia319","n","nan","nan",47.0,"nan"
"theia322","n","nan","nan",25.0,"nan"
"theia323","n","nan",75.0,105.0,"nan"
"theia3251","n","nan","nan",25.0,"nan"
"theia3260","n","nan",50.0,72.0,"nan"
"theia3265","n","nan","nan",70.0,"nan"
"theia3272","n","nan","nan",25.0,"nan"
"theia3274","n","nan","nan",78.0,"nan"
"theia3286","n","nan","nan",25.0,"nan"
"theia3309","n","nan","nan",25.0,"nan"
"theia3318","n","nan",50.0,215.0,"nan"
"theia3319","n","nan","nan",40.0,"nan"
"theia332","n","nan","nan",31.0,"nan"
"theia333","n","nan",50.0,73.0,"nan"
"theia3333","n","nan","nan",25.0,"nan"
"theia3381","n","nan",50.0,75.0,"nan"
"theia339","n","nan","nan",72.0,"nan"
"theia3402","n","nan","nan",41.0,"nan"
"theia345","n","nan","nan",27.0,"nan"
"theia3457","n","nan",75.0,135.0,"nan"
"theia3462","n","nan","nan",25.0,"nan"
"theia3494","n","nan","nan",35.0,"nan"
"theia35","n","nan",100.0,156.0,"nan"
"theia354","n","nan","nan",25.0,"nan"
"theia358","n","nan","nan",55.0,"nan"
"theia3582","n","nan","nan",50.0,"nan"
"theia3609","n","nan","nan",53.0,"nan"
"theia361","n","nan",150.0,25.0,"nan"
"theia3623","n","nan","nan",1000.0,"nan"
"theia365","n","nan","nan",25.0,"nan"
"theia366","n","nan","nan",81.0,"nan"
"theia3666","n","nan","nan",51.0,"nan"
"theia3686","n","nan","nan",38.0,"nan"
"theia3715","n","nan","nan",25.0,"nan"
"theia3716","n","nan","nan",35.0,"nan"
"theia3721","n","nan","nan",47.0,"nan"
"theia373","n","nan","nan",25.0,"nan"
"theia3784","n","nan","nan",27.0,"nan"
"theia38","n","nan","nan",250.0,"nan"
"theia383","n","nan","nan",95.0,"nan"
"theia3849","n","nan",50.0,59.0,"nan"
"theia3857","n","nan","nan",173.0,"nan"
"theia3862","n","nan",50.0,58.0,"nan"
"theia387","n","nan","nan",119.0,"nan"
"theia391","n","nan","nan",112.0,"nan"
"theia3967","n","nan","nan",38.0,"nan"
"theia3975","n","nan",75.0,96.0,"nan"
"theia398","n","nan",50.0,94.0,"nan"
"theia3980","n","nan","nan",25.0,"nan"
"theia399","n","nan","nan",51.0,"nan"
"theia3995","n","nan","nan",26.0,"nan"
"theia4","n","nan","nan",85.0,"nan"
"theia401","n","nan","nan",194.0,"nan"
"theia403","n","nan","nan",25.0,"nan"
"theia4069","n","nan",50.0,86.0,"nan"
"theia411","n","nan",50.0,66.0,"nan"
"theia415","n","nan","nan",25.0,"nan"
"theia420","n","nan","nan",75.0,"nan"
"theia4208","n","nan","nan",117.0,"nan"
"theia4244","n","nan","nan",42.0,"nan"
"theia4284","n","nan","nan",25.0,"nan"
"theia4356","n","nan","nan",29.0,"nan"
"theia436","n","nan","nan",25.0,"nan"
"theia4401","n","nan",75.0,88.0,"nan"
"theia4432","n","nan","nan",29.0,"nan"
"theia4456","n","nan","nan",25.0,"nan"
"theia446","n","nan","nan",135.0,"nan"
"theia447","n","nan","nan",31.0,"nan"
"theia453","n","nan","nan",25.0,"nan"
"theia455","n","nan","nan",25.0,"nan"
"theia4560","n","nan","nan",816.0,"nan"
"theia458","n","nan",50.0,73.0,"nan"
"theia46","n","nan","nan",25.0,"nan"
"theia47","n","nan","nan",49.0,"nan"
"theia470","n","nan","nan",100.0,"nan"
"theia472","n","nan","nan",25.0,"nan"
"theia48","n","nan","nan",30.0,"nan"
"theia480","n","nan","nan",35.0,"nan"
"theia4877","n","nan","nan",50.0,"nan"
"theia4912","n","nan","nan",35.0,"nan"
"theia4930","n","nan","nan",34.0,"nan"
"theia497","n","nan",50.0,115.0,"nan"
"theia5015","n","nan","nan",35.0,"nan"
"theia502","n","nan","nan",28.0,"nan"
"theia5150","n","nan","nan",294.0,"nan"
"theia521","n","nan","nan",27.0,"nan"
"theia5228","n","nan","nan",36.0,"nan"
"theia5280","n","nan","nan",47.0,"nan"
"theia5347","n","nan","nan",55.0,"nan"
"theia5356","n","nan","nan",51.0,"nan"
"theia54","n","nan","nan",48.0,"nan"
"theia540","n","nan",80.0,25.0,"nan"
"theia5426","n","nan","nan",485.0,"nan"
"theia5431","n","nan",100.0,126.0,"nan"
"theia545","n","nan","nan",42.0,"nan"
"theia546","n","nan",50.0,102.0,"nan"
"theia5504","n","nan",50.0,80.0,"nan"
"theia551","n","nan","nan",31.0,"nan"
"theia553","n","nan",100.0,188.0,"nan"
"theia558","n","nan",75.0,96.0,"nan"
"theia560","n","nan",40.0,47.0,"nan"
"theia5630","n","nan","nan",33.0,"nan"
"theia569","n","nan","nan",40.0,"nan"
"theia5705","n","nan","nan",40.0,"nan"
"theia5731","n","nan","nan",40.0,"nan"
"theia5779","n","nan","nan",38.0,"nan"
"theia58","n","nan","nan",350.0,"nan"
"theia585","n","nan",50.0,57.0,"nan"
"theia586","n","nan","nan",40.0,"nan"
"theia589","n","nan","nan",30.0,"nan"
"theia592","n","nan","nan",57.0,"nan"
"theia6","n","nan","nan",84.0,"nan"
"theia614","n","nan","nan",28.0,"nan"
"theia6166","n","nan",75.0,147.0,"nan"
"theia618","n","nan","nan",25.0,"nan"
"theia6187","n","nan","nan",25.0,"nan"
"theia619","n","nan","nan",74.0,"nan"
"theia622","n","nan","nan",25.0,"nan"
"theia624","n","nan","nan",25.0,"nan"
"theia625","n","nan",75.0,104.0,"nan"
"theia638","n","nan",50.0,93.0,"nan"
"theia643","n","nan","nan",50.0,"nan"
"theia648","n","nan","nan",25.0,"nan"
"theia649","n","nan",50.0,79.0,"nan"
"theia65","n","nan","nan",37.0,"nan"
"theia651","n","nan","nan",54.0,"nan"
"theia652","n","nan","nan",34.0,"nan"
"theia659","n","nan",50.0,67.0,"nan"
"theia66","n","nan","nan",39.0,"nan"
"theia665","n","nan",50.0,74.0,"nan"
"theia667","n","nan","nan",100.0,"nan"
"theia669","n","nan","nan",25.0,"nan"
"theia67","n","nan","nan",56.0,"nan"
"theia68","n","nan","nan",40.0,"nan"
"theia684","n","nan",100.0,36.0,"nan"
"theia69","n","nan","nan",31.0,"nan"
"theia696","n","nan",50.0,64.0,"nan"
"theia698","n","nan",50.0,59.0,"nan"
"theia6999","n","nan","nan",107.0,"nan"
"theia7","n","nan","nan",47.0,"nan"
"theia70","n","nan","nan",78.0,"nan"
"theia701","n","nan",50.0,74.0,"nan"
"theia704","n","nan","nan",30.0,"nan"
"theia7057","n","nan","nan",43.0,"nan"
"theia708","n","nan","nan",56.0,"nan"
"theia7082","n","nan","nan",45.0,"nan"
"theia71","n","nan","nan",25.0,"nan"
"theia710","n","nan","nan",45.0,"nan"
"theia711","n","nan",50.0,105.0,"nan"
"theia713","n","nan",50.0,117.0,"nan"
"theia72","n","nan","nan",140.0,"nan"
"theia729","n","nan","nan",38.0,"nan"
"theia73","n","nan","nan",26.0,"nan"
"theia743","n","nan","nan",105.0,"nan"
"theia745","n","nan","nan",25.0,"nan"
"theia746","n","nan",50.0,61.0,"nan"
"theia7478","n","nan","nan",39.0,"nan"
"theia7490","n","nan","nan",41.0,"nan"
"theia752","n","nan","nan",28.0,"nan"
"theia759","n","nan",100.0,149.0,"nan"
"theia766","n","nan",50.0,60.0,"nan"
"theia7673","n","nan","nan",54.0,"nan"
"theia771","n","nan","nan",66.0,"nan"
"theia773","n","nan",50.0,76.0,"nan"
"theia775","n","nan",75.0,85.0,"nan"
"theia776","n","nan","nan",25.0,"nan"
"theia7778","n","nan","nan",47.0,"nan"
"theia780","n","nan",50.0,74.0,"nan"
"theia782","n","nan","nan",49.0,"nan"
"theia792","n","nan","nan",119.0,"nan"
"theia8","n","nan","nan",75.0,"nan"
"theia80","n","nan","nan",25.0,"nan"
"theia8014","n","nan","nan",33.0,"nan"
"theia807","n","nan","nan",104.0,"nan"
"theia817","n","nan","nan",50.0,"nan"
"theia818","n","nan","nan",35.0,"nan"
"theia822","n","nan",50.0,50.0,"nan"
"theia824","n","r_103.5","nan",240.0,"nan"
"theia828","n","nan",50.0,56.0,"nan"
"theia833","n","nan","nan",25.0,"nan"
"theia834","n","nan","nan",61.0,"nan"
"theia836","n","nan",75.0,110.0,"nan"
"theia844","n","nan","nan",77.0,"nan"
"theia85","n","nan","nan",47.0,"nan"
"theia850","n","nan","nan",75.0,"nan"
"theia856","n","nan","nan",51.0,"nan"
"theia862","n","nan",75.0,175.0,"nan"
"theia863","n","nan","nan",77.0,"nan"
"theia865","n","nan","nan",48.0,"nan"
"theia872","n","nan",50.0,58.0,"nan"
"theia873","n","nan","nan",51.0,"nan"
"theia874","n","nan",50.0,57.0,"nan"
"theia882","n","nan","nan",37.0,"nan"
"theia888","n","nan","nan",27.0,"nan"
"theia89","n","nan",50.0,67.0,"nan"
"theia896","n","nan","nan",59.0,"nan"
"theia900","n","nan",50.0,52.0,"nan"
"theia903","n","nan",50.0,65.0,"nan"
"theia925","n","nan","nan",49.0,"nan"
"theia93","n","nan","nan",91.0,"nan"
"theia933","n","nan","nan",25.0,"nan"
"theia953","n","nan",75.0,147.0,"nan"
"theia954","n","nan","nan",25.0,"nan"
"theia96","n","nan","nan",300.0,"nan"
"theia962","n","nan","nan",25.0,"nan"
"theia97","n","nan","nan",449.0,"nan"
"theia974","n","nan","nan",69.0,"nan"
"theia978","n","nan","nan",66.0,"nan"
"theia98","n","nan","nan",86.0,"nan"
"theia980","n","nan",75.0,126.0,"nan"
"theia984","n","nan","nan",90.0,"nan"
"theia986","n","nan",50.0,139.0,"nan"
"theia990","n","nan",50.0,65.0,"nan"
"tkm1","n","nan","nan","nan","nan"
"toepler1","n","nan","nan","nan","nan"
"tombaugh1","n","nan","nan","nan","nan"
"tombaugh2","n","nan","nan",700.0,"nan"
"tombaugh4","n","nan","nan","nan","nan"
"tombaugh5","n","nan","nan",850.0,"nan"
"tpk1","n","nan","nan","nan","nan"
"trifid","n","nan","nan","nan","nan"
"trumpler1","n","nan","nan","nan","nan"
"trumpler10","n","nan","nan","nan","nan"
"trumpler11","n","nan","nan","nan","nan"
"trumpler12","n","nan","nan","nan","nan"
"trumpler13","n","nan","nan","nan","nan"
"trumpler14","n","t_-0.5","nan",300.0,"nan"
"trumpler15","n","b_-0.5","nan",250.0,"nan"
"trumpler16","n","nan","nan","nan","nan"
"trumpler17","n","nan","nan","nan","nan"
"trumpler18","n","nan","nan","nan","nan"
"trumpler19","n","nan","nan",1000.0,"nan"
"trumpler2","n","nan","nan","nan","nan"
"trumpler20","n","nan","nan","nan","nan"
"trumpler21","n","nan","nan","nan","nan"
"trumpler22","n","nan","nan","nan","nan"
"trumpler23","n","nan","nan","nan","nan"
"trumpler24","n","nan",75.0,"nan","nan"
"trumpler25","n","nan","nan","nan","nan"
"trumpler26","n","nan","nan","nan","nan"
"trumpler27","n","nan","nan","nan","nan"
"trumpler28","n","nan","nan",250.0,"nan"
"trumpler28a","n","nan",175.0,"nan","nan"
"trumpler28b","n","nan","nan","nan","nan"
"trumpler29","n","nan","nan","nan","nan"
"trumpler3","n","nan","nan","nan","nan"
"trumpler30","n","nan","nan","nan","nan"
"trumpler31","n","nan","nan","nan","nan"
"trumpler32","n","nan","nan",900.0,"nan"
"trumpler33","n","nan","nan","nan","nan"
"trumpler34","n","nan","nan","nan","nan"
"trumpler35","n","nan","nan","nan","nan"
"trumpler37","n","nan",100.0,"nan","nan"
"trumpler5","n","nan","nan",4000.0,"nan"
"trumpler6","n","nan","nan","nan","nan"
"trumpler7","n","nan","nan","nan","nan"
"trumpler9","n","nan","nan","nan","nan"
"turner1","n","nan","nan","nan","nan"
"turner11","n","nan","nan","nan","nan"
"turner12","n","nan","nan","nan","nan"
"turner13a","n","nan","nan","nan","nan"
"turner2","n","nan","nan","nan","nan"
"turner3","n","nan","nan","nan","nan"
"turner4","n","nan","nan","nan","nan"
"turner5","n","nan",50.0,"nan","nan"
"turner6","n","nan",150.0,"nan","nan"
"turner7","n","nan","nan","nan","nan"
"turner8","n","nan","nan","nan","nan"
"turner9","n","nan","nan","nan","nan"
"ubc100","n","nan",100.0,166.0,"nan"
"ubc1001","n","nan","nan",46.0,"nan"
"ubc1004","n","nan","nan",707.0,"nan"
"ubc1006","n","nan","nan",225.0,"nan"
"ubc1007","n","nan","nan",66.0,"nan"
"ubc1008","n","nan","nan",25.0,"nan"
"ubc1009","n","nan",50.0,73.0,"nan"
"ubc101","n","nan","nan",119.0,"nan"
"ubc1010","n","nan","nan",85.0,"nan"
"ubc1011","n","nan","nan",309.0,"nan"
"ubc1012","n","nan",80.0,102.0,"nan"
"ubc1014","n","nan","nan",44.0,"nan"
"ubc1016","n","nan","nan",66.0,"nan"
"ubc1017","n","nan","nan",32.0,"nan"
"ubc1018","n","nan","nan",425.0,"nan"
"ubc1019","n","nan","nan",161.0,"nan"
"ubc102","n","nan",50.0,69.0,"nan"
"ubc1020","n","nan","nan",318.0,"nan"
"ubc1021","n","nan",80.0,109.0,"nan"
"ubc1022","n","nan","nan",60.0,"nan"
"ubc1024","n","nan","nan",155.0,"nan"
"ubc1025","n","nan","nan",72.0,"nan"
"ubc1026","n","nan","nan",143.0,"nan"
"ubc1028","n","nan",50.0,86.0,"nan"
"ubc1029","n","nan","nan",79.0,"nan"
"ubc103","n","nan",100.0,"nan","nan"
"ubc1030","n","nan","nan",63.0,"nan"
"ubc1031","n","nan","nan",130.0,"nan"
"ubc1032","n","nan","nan",38.0,"nan"
"ubc1033","n","nan","nan",41.0,"nan"
"ubc1036","n","nan","nan",163.0,"nan"
"ubc1037","n","nan",75.0,92.0,"nan"
"ubc1038","n","nan","nan",74.0,"nan"
"ubc1039","n","nan","nan",92.0,"nan"
"ubc104","n","nan","nan",132.0,"nan"
"ubc1040","n","nan",75.0,"nan","nan"
"ubc1042","n","nan","nan",109.0,"nan"
"ubc1043","n","nan","nan",59.0,"nan"
"ubc1044","n","nan","nan",93.0,"nan"
"ubc1045","n","nan",50.0,67.0,"nan"
"ubc1046","n","nan","nan",65.0,"nan"
"ubc1047","n","nan","nan",38.0,"nan"
"ubc1048","n","nan","nan",53.0,"nan"
"ubc1049","n","nan","nan",174.0,"nan"
"ubc105","n","nan","nan",123.0,"nan"
"ubc1050","n","nan","nan",34.0,"nan"
"ubc1051","n","nan",100.0,"nan","nan"
"ubc1052","n","nan","nan",59.0,"nan"
"ubc1053","n","nan","nan",110.0,"nan"
"ubc1054","n","nan","nan",43.0,"nan"
"ubc1055","n","nan",60.0,76.0,"nan"
"ubc1056","n","nan","nan",53.0,"nan"
"ubc1058","n","nan","nan",94.0,"nan"
"ubc106","n","nan","nan",664.0,"nan"
"ubc1060","n","nan","nan",81.0,"nan"
"ubc1061","n","nan",75.0,91.0,"nan"
"ubc1062","n","nan","nan",96.0,"nan"
"ubc1063","n","nan","nan",76.0,"nan"
"ubc1064","n","nan","nan",138.0,"nan"
"ubc1065","n","nan","nan",27.0,"nan"
"ubc1066","n","nan","nan",78.0,"nan"
"ubc1067","n","nan","nan",96.0,"nan"
"ubc1068","n","nan","nan",34.0,"nan"
"ubc1069","n","nan","nan",68.0,"nan"
"ubc107","n","nan","nan",174.0,"nan"
"ubc1070","n","nan","nan",46.0,"nan"
"ubc1071","n","nan",50.0,28.0,"nan"
"ubc1072","n","nan",100.0,145.0,"nan"
"ubc1073","n","nan","nan",164.0,"nan"
"ubc1074","n","nan","nan",35.0,"nan"
"ubc1075","n","nan","nan",74.0,"nan"
"ubc1076","n","nan","nan",41.0,"nan"
"ubc1077","n","nan","nan",92.0,"nan"
"ubc1078","n","nan","nan",78.0,"nan"
"ubc108","n","nan","nan",127.0,"nan"
"ubc1080","n","nan","nan",176.0,"nan"
"ubc1082","n","nan","nan",59.0,"nan"
"ubc1084","n","nan","nan",124.0,"nan"
"ubc1085","n","nan","nan",85.0,"nan"
"ubc1086","n","nan","nan",33.0,"nan"
"ubc1087","n","nan","nan",59.0,"nan"
"ubc1088","n","nan","nan",52.0,"nan"
"ubc1090","n","nan","nan",60.0,"nan"
"ubc1091","n","nan","nan",97.0,"nan"
"ubc1092","n","nan","nan",74.0,"nan"
"ubc1094","n","nan","nan",126.0,"nan"
"ubc1096","n","nan","nan",41.0,"nan"
"ubc1097","n","nan",80.0,97.0,"nan"
"ubc1098","n","nan","nan",30.0,"nan"
"ubc1099","n","nan",75.0,"nan","nan"
"ubc10a","n","nan",180.0,27.0,"nan"
"ubc10b","n","nan","nan",112.0,"nan"
"ubc11","n","nan",100.0,155.0,"nan"
"ubc110","n","nan",100.0,133.0,"nan"
"ubc1103","n","nan","nan",107.0,"nan"
"ubc1104","n","nan","nan",75.0,"nan"
"ubc1106","n","nan","nan",56.0,"nan"
"ubc1107","n","nan","nan",49.0,"nan"
"ubc1108","n","nan","nan",129.0,"nan"
"ubc1109","n","nan","nan",51.0,"nan"
"ubc1111","n","nan","nan",44.0,"nan"
"ubc1112","n","nan","nan",73.0,"nan"
"ubc1114","n","nan","nan",38.0,"nan"
"ubc1115","n","nan",75.0,59.0,"nan"
"ubc1116","n","nan",60.0,64.0,"nan"
"ubc1117","n","nan","nan",44.0,"nan"
"ubc1120","n","nan","nan",33.0,"nan"
"ubc1121","n","nan","nan",42.0,"nan"
"ubc1122","n","nan","nan",37.0,"nan"
"ubc1123","n","nan","nan",41.0,"nan"
"ubc1124","n","nan","nan",52.0,"nan"
"ubc1125","n","nan",50.0,54.0,"nan"
"ubc1127","n","nan","nan",46.0,"nan"
"ubc1128","n","nan","nan",42.0,"nan"
"ubc1129","n","nan",70.0,38.0,"nan"
"ubc113","n","nan","nan",221.0,"nan"
"ubc1130","n","nan","nan",89.0,"nan"
"ubc1131","n","nan","nan",155.0,"nan"
"ubc1132","n","nan","nan",43.0,"nan"
"ubc1133","n","nan","nan",94.0,"nan"
"ubc1135","n","nan","nan",126.0,"nan"
"ubc1136","n","nan",50.0,70.0,"nan"
"ubc1137","n","nan","nan",38.0,"nan"
"ubc1138","n","nan","nan",53.0,"nan"
"ubc1139","n","nan",50.0,54.0,"nan"
"ubc114","n","nan",100.0,109.0,"nan"
"ubc1140","n","nan","nan",75.0,"nan"
"ubc1141","n","nan","nan",67.0,"nan"
"ubc1142","n","nan","nan",61.0,"nan"
"ubc1143","n","nan","nan",123.0,"nan"
"ubc1144","n","nan","nan",80.0,"nan"
"ubc1145","n","nan",50.0,60.0,"nan"
"ubc1146","n","nan","nan",87.0,"nan"
"ubc1147","n","nan",75.0,81.0,"nan"
"ubc1148","n","nan","nan",40.0,"nan"
"ubc1149","n","nan","nan",66.0,"nan"
"ubc1150","n","nan","nan",55.0,"nan"
"ubc1151","n","nan","nan",58.0,"nan"
"ubc1152","n","nan","nan",48.0,"nan"
"ubc1153","n","nan",50.0,50.0,"nan"
"ubc1155","n","nan","nan",25.0,"nan"
"ubc1156","n","nan","nan",27.0,"nan"
"ubc1158","n","nan","nan",35.0,"nan"
"ubc1159","n","nan","nan",88.0,"nan"
"ubc1160","n","nan","nan",112.0,"nan"
"ubc1161","n","nan","nan",59.0,"nan"
"ubc1162","n","nan",40.0,49.0,"nan"
"ubc1163","n","nan","nan",207.0,"nan"
"ubc1164","n","nan","nan",25.0,"nan"
"ubc1165","n","nan",75.0,99.0,"nan"
"ubc1167","n","nan","nan",36.0,"nan"
"ubc1168","n","nan","nan",51.0,"nan"
"ubc1169","n","nan","nan",72.0,"nan"
"ubc1170","n","nan","nan",25.0,"nan"
"ubc1171","n","nan","nan",48.0,"nan"
"ubc1173","n","nan","nan",45.0,"nan"
"ubc1174","n","nan","nan",26.0,"nan"
"ubc1176","n","nan","nan",41.0,"nan"
"ubc1177","n","nan",40.0,47.0,"nan"
"ubc1178","n","nan","nan",48.0,"nan"
"ubc1179","n","nan","nan",25.0,"nan"
"ubc118","n","nan","nan",156.0,"nan"
"ubc1180","n","nan","nan",52.0,"nan"
"ubc1181","n","nan","nan",43.0,"nan"
"ubc1182","n","nan","nan",114.0,"nan"
"ubc1183","n","nan",40.0,45.0,"nan"
"ubc1184","n","nan","nan",113.0,"nan"
"ubc1185","n","nan","nan",106.0,"nan"
"ubc1186","n","nan","nan",51.0,"nan"
"ubc1189","n","nan","nan",40.0,"nan"
"ubc119","n","nan","nan",113.0,"nan"
"ubc1191","n","nan","nan",75.0,"nan"
"ubc1193","n","nan","nan",41.0,"nan"
"ubc1194","n","nan",50.0,"nan","nan"
"ubc1195","n","nan",100.0,123.0,"nan"
"ubc1196","n","nan",50.0,57.0,"nan"
"ubc1197","n","nan","nan",27.0,"nan"
"ubc1198","n","nan","nan",49.0,"nan"
"ubc1199","n","nan",50.0,66.0,"nan"
"ubc120","n","nan","nan",95.0,"nan"
"ubc1200","n","nan",50.0,70.0,"nan"
"ubc1202","n","nan","nan",81.0,"nan"
"ubc1203","n","nan","nan",40.0,"nan"
"ubc1204","n","nan","nan",62.0,"nan"
"ubc1205","n","nan","nan",82.0,"nan"
"ubc1206","n","nan","nan",25.0,"nan"
"ubc1207","n","nan",75.0,"nan","nan"
"ubc121","n","nan",125.0,161.0,"nan"
"ubc1210","n","nan",50.0,59.0,"nan"
"ubc1211","n","nan","nan",90.0,"nan"
"ubc1212","n","nan","nan",62.0,"nan"
"ubc1213","n","nan","nan",32.0,"nan"
"ubc1214","n","nan","nan",33.0,"nan"
"ubc1215","n","nan","nan",53.0,"nan"
"ubc1216","n","nan",50.0,73.0,"nan"
"ubc1217","n","nan","nan",28.0,"nan"
"ubc1218","n","nan","nan",97.0,"nan"
"ubc1219","n","nan","nan",52.0,"nan"
"ubc122","n","nan","nan",196.0,"nan"
"ubc1220","n","nan","nan",46.0,"nan"
"ubc1221","n","nan","nan",48.0,"nan"
"ubc1222","n","nan","nan",87.0,"nan"
"ubc1223","n","nan","nan",43.0,"nan"
"ubc1224","n","nan","nan",64.0,"nan"
"ubc1225","n","nan",50.0,64.0,"nan"
"ubc1226","n","nan","nan",74.0,"nan"
"ubc1227","n","nan","nan",32.0,"nan"
"ubc1228","n","nan","nan",43.0,"nan"
"ubc1229","n","nan",50.0,77.0,"nan"
"ubc123","n","nan","nan",133.0,"nan"
"ubc1230","n","nan","nan",37.0,"nan"
"ubc1231","n","nan","nan",46.0,"nan"
"ubc1232","n","nan",50.0,"nan","nan"
"ubc1233","n","nan","nan",60.0,"nan"
"ubc1234","n","nan","nan",39.0,"nan"
"ubc1235","n","nan",100.0,"nan","nan"
"ubc1237","n","nan","nan",40.0,"nan"
"ubc1238","n","nan","nan",38.0,"nan"
"ubc1239","n","nan","nan",35.0,"nan"
"ubc124","n","nan","nan",141.0,"nan"
"ubc1241","n","nan","nan",61.0,"nan"
"ubc1242","n","nan","nan",93.0,"nan"
"ubc1243","n","nan","nan",42.0,"nan"
"ubc1244","n","nan","nan",169.0,"nan"
"ubc1245","n","nan","nan",48.0,"nan"
"ubc1246","n","nan",100.0,105.0,"nan"
"ubc1247","n","nan","nan",55.0,"nan"
"ubc1248","n","nan","nan",91.0,"nan"
"ubc125","n","nan","nan",96.0,"nan"
"ubc1250","n","nan","nan",80.0,"nan"
"ubc1251","n","nan","nan",39.0,"nan"
"ubc1252","n","nan","nan",49.0,"nan"
"ubc1253","n","nan","nan",58.0,"nan"
"ubc1254","n","nan","nan",112.0,"nan"
"ubc1255","n","nan","nan",86.0,"nan"
"ubc1257","n","nan","nan",27.0,"nan"
"ubc1258","n","nan","nan",60.0,"nan"
"ubc1259","n","nan",50.0,73.0,"nan"
"ubc126","n","nan","nan",65.0,"nan"
"ubc1260","n","nan","nan",28.0,"nan"
"ubc1261","n","nan","nan",51.0,"nan"
"ubc1262","n","nan","nan",98.0,"nan"
"ubc1263","n","nan",80.0,89.0,"nan"
"ubc1264","n","nan",80.0,271.0,"nan"
"ubc1267","n","nan","nan",34.0,"nan"
"ubc1268","n","nan","nan",35.0,"nan"
"ubc1269","n","nan","nan",36.0,"nan"
"ubc1270","n","nan","nan",39.0,"nan"
"ubc1271","n","nan","nan",54.0,"nan"
"ubc1272","n","nan","nan",56.0,"nan"
"ubc1273","n","nan","nan",32.0,"nan"
"ubc1274","n","nan",50.0,78.0,"nan"
"ubc1275","n","nan","nan",25.0,"nan"
"ubc1276","n","nan","nan",34.0,"nan"
"ubc1278","n","nan","nan",64.0,"nan"
"ubc1279","n","nan","nan",55.0,"nan"
"ubc1280","n","nan","nan",127.0,"nan"
"ubc1281","n","nan",50.0,62.0,"nan"
"ubc1282","n","nan","nan",25.0,"nan"
"ubc1284","n","nan","nan",38.0,"nan"
"ubc1285","n","nan","nan",59.0,"nan"
"ubc1286","n","nan",50.0,54.0,"nan"
"ubc1287","n","nan","nan",49.0,"nan"
"ubc1289","n","nan","nan",104.0,"nan"
"ubc129","n","nan","nan",348.0,"nan"
"ubc1290","n","nan",75.0,81.0,"nan"
"ubc1291","n","nan","nan",36.0,"nan"
"ubc1293","n","nan","nan",33.0,"nan"
"ubc1294","n","nan","nan",44.0,"nan"
"ubc1295","n","nan",50.0,76.0,"nan"
"ubc1296","n","nan","nan",109.0,"nan"
"ubc1297","n","nan","nan",111.0,"nan"
"ubc1298","n","nan","nan",45.0,"nan"
"ubc1299","n","nan","nan",56.0,"nan"
"ubc130","n","nan","nan",142.0,"nan"
"ubc1300","n","nan","nan",25.0,"nan"
"ubc1303","n","nan","nan",82.0,"nan"
"ubc1304","n","nan","nan",69.0,"nan"
"ubc1305","n","nan","nan",38.0,"nan"
"ubc1306","n","nan","nan",112.0,"nan"
"ubc1311","n","nan","nan",44.0,"nan"
"ubc1312","n","nan",50.0,63.0,"nan"
"ubc1313","n","nan","nan",81.0,"nan"
"ubc1314","n","nan","nan",105.0,"nan"
"ubc1315","n","nan","nan",58.0,"nan"
"ubc1316","n","nan","nan",74.0,"nan"
"ubc1317","n","nan","nan",57.0,"nan"
"ubc1318","n","nan","nan",57.0,"nan"
"ubc1319","n","nan","nan",124.0,"nan"
"ubc132","n","nan","nan",245.0,"nan"
"ubc1320","n","nan","nan",29.0,"nan"
"ubc1321","n","nan","nan",35.0,"nan"
"ubc1322","n","nan",50.0,84.0,"nan"
"ubc1323","n","nan",50.0,71.0,"nan"
"ubc1324","n","nan","nan",35.0,"nan"
"ubc1325","n","nan",70.0,35.0,"nan"
"ubc1326","n","nan","nan",39.0,"nan"
"ubc1327","n","nan",75.0,"nan","nan"
"ubc1328","n","nan","nan",40.0,"nan"
"ubc1329","n","nan","nan",49.0,"nan"
"ubc133","n","nan","nan",166.0,"nan"
"ubc1330","n","nan","nan",91.0,"nan"
"ubc1331","n","nan","nan",78.0,"nan"
"ubc1332","n","nan","nan",69.0,"nan"
"ubc1333","n","nan","nan",50.0,"nan"
"ubc1334","n","nan","nan",59.0,"nan"
"ubc1335","n","nan",75.0,78.0,"nan"
"ubc1336","n","nan",50.0,76.0,"nan"
"ubc1338","n","nan","nan",108.0,"nan"
"ubc134","n","nan","nan",118.0,"nan"
"ubc1340","n","nan","nan",45.0,"nan"
"ubc1342","n","nan","nan",50.0,"nan"
"ubc1343","n","nan","nan",40.0,"nan"
"ubc1344","n","nan","nan",57.0,"nan"
"ubc1345","n","nan",50.0,68.0,"nan"
"ubc1346","n","nan","nan",44.0,"nan"
"ubc135","n","nan","nan",163.0,"nan"
"ubc1350","n","nan","nan",39.0,"nan"
"ubc1351","n","nan","nan",56.0,"nan"
"ubc1352","n","nan","nan",70.0,"nan"
"ubc1353","n","nan","nan",88.0,"nan"
"ubc1355","n","nan","nan",45.0,"nan"
"ubc1356","n","nan",50.0,80.0,"nan"
"ubc1359","n","nan","nan",30.0,"nan"
"ubc136","n","nan","nan",241.0,"nan"
"ubc1360","n","nan","nan",35.0,"nan"
"ubc1362","n","nan","nan",36.0,"nan"
"ubc1364","n","nan",60.0,87.0,"nan"
"ubc1365","n","nan","nan",69.0,"nan"
"ubc1366","n","nan",50.0,64.0,"nan"
"ubc1367","n","nan","nan",80.0,"nan"
"ubc1368","n","nan","nan",69.0,"nan"
"ubc1369","n","nan","nan",50.0,"nan"
"ubc1370","n","nan",125.0,"nan","nan"
"ubc1371","n","nan","nan",149.0,"nan"
"ubc1372","n","nan","nan",59.0,"nan"
"ubc1373","n","nan","nan",51.0,"nan"
"ubc1374","n","nan","nan",69.0,"nan"
"ubc1375","n","nan",90.0,96.0,"nan"
"ubc1376","n","nan","nan",33.0,"nan"
"ubc1377","n","nan","nan",33.0,"nan"
"ubc1378","n","nan","nan",90.0,"nan"
"ubc1380","n","nan",100.0,"nan","nan"
"ubc1383","n","nan","nan",59.0,"nan"
"ubc1384","n","nan",75.0,38.0,"nan"
"ubc1385","n","nan","nan",142.0,"nan"
"ubc1386","n","nan","nan",194.0,"nan"
"ubc1387","n","nan","nan",56.0,"nan"
"ubc1388","n","nan","nan",45.0,"nan"
"ubc1389","n","nan","nan",68.0,"nan"
"ubc139","n","nan","nan",99.0,"nan"
"ubc1390","n","nan","nan",38.0,"nan"
"ubc1391","n","nan",50.0,80.0,"nan"
"ubc1392","n","nan","nan",81.0,"nan"
"ubc1393","n","nan",50.0,61.0,"nan"
"ubc1394","n","nan","nan",42.0,"nan"
"ubc1396","n","nan",60.0,32.0,"nan"
"ubc1397","n","nan","nan",40.0,"nan"
"ubc1399","n","nan","nan",44.0,"nan"
"ubc14","n","b_-10",50.0,80.0,"nan"
"ubc1400","n","nan","nan",36.0,"nan"
"ubc1404","n","nan",50.0,35.0,"nan"
"ubc1405","n","nan","nan",97.0,"nan"
"ubc1406","n","nan","nan",41.0,"nan"
"ubc1408","n","nan","nan",35.0,"nan"
"ubc1409","n","nan","nan",40.0,"nan"
"ubc141","n","nan","nan",77.0,"nan"
"ubc1410","n","nan","nan",32.0,"nan"
"ubc1411","n","nan","nan",110.0,"nan"
"ubc1412","n","nan","nan",41.0,"nan"
"ubc1413","n","nan","nan",36.0,"nan"
"ubc1415","n","nan","nan",30.0,"nan"
"ubc1416","n","nan","nan",63.0,"nan"
"ubc1417","n","nan","nan",47.0,"nan"
"ubc1418","n","nan","nan",25.0,"nan"
"ubc1419","n","nan","nan",38.0,"nan"
"ubc1420","n","nan","nan",57.0,"nan"
"ubc1423","n","nan",50.0,57.0,"nan"
"ubc1424","n","nan","nan",44.0,"nan"
"ubc1425","n","nan",60.0,114.0,"nan"
"ubc1426","n","nan","nan",46.0,"nan"
"ubc1427","n","nan","nan",63.0,"nan"
"ubc1428","n","nan","nan",37.0,"nan"
"ubc1429","n","nan",50.0,58.0,"nan"
"ubc143","n","nan",70.0,"nan","nan"
"ubc1430","n","nan","nan",38.0,"nan"
"ubc1431","n","nan","nan",46.0,"nan"
"ubc1433","n","nan","nan",46.0,"nan"
"ubc1434","n","nan","nan",41.0,"nan"
"ubc1435","n","nan","nan",55.0,"nan"
"ubc1436","n","nan","nan",118.0,"nan"
"ubc1437","n","nan","nan",40.0,"nan"
"ubc1439","n","nan",50.0,68.0,"nan"
"ubc1440","n","nan","nan",113.0,"nan"
"ubc1442","n","nan",150.0,59.0,"nan"
"ubc1443","n","nan","nan",70.0,"nan"
"ubc1445","n","nan","nan",48.0,"nan"
"ubc1446","n","nan","nan",30.0,"nan"
"ubc1447","n","nan","nan",37.0,"nan"
"ubc1448","n","nan","nan",48.0,"nan"
"ubc1449","n","nan","nan",73.0,"nan"
"ubc1450","n","nan","nan",60.0,"nan"
"ubc1451","n","nan","nan",123.0,"nan"
"ubc1453","n","nan","nan",67.0,"nan"
"ubc1454","n","nan","nan",25.0,"nan"
"ubc1455","n","nan",100.0,250.0,"nan"
"ubc1456","n","nan","nan",99.0,"nan"
"ubc1457","n","nan","nan",119.0,"nan"
"ubc1458","n","nan","nan",59.0,"nan"
"ubc1459","n","nan",60.0,32.0,"nan"
"ubc146","n","nan","nan",260.0,"nan"
"ubc1460","n","nan",50.0,76.0,"nan"
"ubc1461","n","nan","nan",65.0,"nan"
"ubc1462","n","nan","nan",29.0,"nan"
"ubc1463","n","nan","nan",45.0,"nan"
"ubc1464","n","nan",75.0,102.0,"nan"
"ubc1465","n","nan",125.0,"nan","nan"
"ubc1467","n","nan",125.0,140.0,"nan"
"ubc1468","n","nan","nan",83.0,"nan"
"ubc1469","n","nan","nan",32.0,"nan"
"ubc147","n","nan","nan",107.0,"nan"
"ubc1470","n","nan","nan",84.0,"nan"
"ubc1472","n","nan",80.0,25.0,"nan"
"ubc1473","n","nan",100.0,150.0,"nan"
"ubc1474","n","nan","nan",106.0,"nan"
"ubc1475","n","nan","nan",34.0,"nan"
"ubc1476","n","nan","nan",37.0,"nan"
"ubc1477","n","nan","nan",39.0,"nan"
"ubc1478","n","nan","nan",59.0,"nan"
"ubc1479","n","nan","nan",30.0,"nan"
"ubc148","n","nan","nan",200.0,"nan"
"ubc1480","n","nan","nan",116.0,"nan"
"ubc1481","n","nan",50.0,53.0,"nan"
"ubc1482","n","nan","nan",68.0,"nan"
"ubc1483","n","nan","nan",112.0,"nan"
"ubc1485","n","nan","nan",26.0,"nan"
"ubc1486","n","nan","nan",96.0,"nan"
"ubc1487","n","nan","nan",43.0,"nan"
"ubc1488","n","nan","nan",85.0,"nan"
"ubc1489","n","nan","nan",35.0,"nan"
"ubc149","n","nan",75.0,"nan","nan"
"ubc1490","n","nan",75.0,82.0,"nan"
"ubc1491","n","nan","nan",48.0,"nan"
"ubc1492","n","nan","nan",83.0,"nan"
"ubc1493","n","nan","nan",52.0,"nan"
"ubc1494","n","nan","nan",33.0,"nan"
"ubc1495","n","nan","nan",86.0,"nan"
"ubc1496","n","nan","nan",38.0,"nan"
"ubc1497","n","nan","nan",49.0,"nan"
"ubc1498","n","nan","nan",132.0,"nan"
"ubc1499","n","nan","nan",116.0,"nan"
"ubc150","n","nan",50.0,63.0,"nan"
"ubc1500","n","nan",50.0,61.0,"nan"
"ubc1501","n","nan","nan",47.0,"nan"
"ubc1502","n","nan","nan",70.0,"nan"
"ubc1503","n","nan","nan",26.0,"nan"
"ubc1504","n","nan","nan",38.0,"nan"
"ubc1505","n","nan","nan",101.0,"nan"
"ubc1506","n","nan","nan",86.0,"nan"
"ubc1507","n","nan","nan",29.0,"nan"
"ubc1508","n","nan","nan",36.0,"nan"
"ubc1509","n","nan","nan",38.0,"nan"
"ubc151","n","nan","nan",123.0,"nan"
"ubc1510","n","nan","nan",48.0,"nan"
"ubc1511","n","nan","nan",91.0,"nan"
"ubc1513","n","nan","nan",41.0,"nan"
"ubc1514","n","nan",125.0,168.0,"nan"
"ubc1515","n","nan","nan",41.0,"nan"
"ubc1516","n","nan","nan",81.0,"nan"
"ubc1518","n","nan","nan",44.0,"nan"
"ubc1519","n","nan",55.0,67.0,"nan"
"ubc152","n","nan","nan",75.0,"nan"
"ubc1520","n","nan","nan",78.0,"nan"
"ubc1521","n","nan","nan",58.0,"nan"
"ubc1523","n","nan",100.0,43.0,"nan"
"ubc1524","n","nan","nan",125.0,"nan"
"ubc1525","n","nan","nan",63.0,"nan"
"ubc1527","n","nan","nan",69.0,"nan"
"ubc1528","n","nan","nan",98.0,"nan"
"ubc1529","n","nan","nan",94.0,"nan"
"ubc153","n","nan","nan",101.0,"nan"
"ubc1530","n","nan","nan",28.0,"nan"
"ubc1531","n","nan",100.0,239.0,"nan"
"ubc1533","n","nan","nan",312.0,"nan"
"ubc1534","n","nan","nan",112.0,"nan"
"ubc1535","n","nan","nan",25.0,"nan"
"ubc1536","n","nan","nan",138.0,"nan"
"ubc1537","n","nan","nan",58.0,"nan"
"ubc1539","n","nan",75.0,84.0,"nan"
"ubc154","n","nan","nan",74.0,"nan"
"ubc1541","n","nan","nan",28.0,"nan"
"ubc1542","n","nan","nan",60.0,"nan"
"ubc1545","n","nan","nan",48.0,"nan"
"ubc1547","n","nan","nan",30.0,"nan"
"ubc1548","n","nan","nan",128.0,"nan"
"ubc1549","n","nan","nan",102.0,"nan"
"ubc155","n","nan",100.0,"nan","nan"
"ubc1550","n","nan","nan",121.0,"nan"
"ubc1551","n","nan","nan",124.0,"nan"
"ubc1552","n","nan","nan",27.0,"nan"
"ubc1553","n","nan","nan",48.0,"nan"
"ubc1554","n","nan","nan",68.0,"nan"
"ubc1555","n","nan","nan",45.0,"nan"
"ubc1556","n","nan","nan",52.0,"nan"
"ubc1557","n","nan","nan",70.0,"nan"
"ubc1558","n","nan","nan",64.0,"nan"
"ubc1559","n","nan","nan",100.0,"nan"
"ubc156","n","nan","nan",94.0,"nan"
"ubc1563","n","nan","nan",114.0,"nan"
"ubc1565","n","nan","nan",342.0,"nan"
"ubc1566","n","nan","nan",76.0,"nan"
"ubc1568","n","nan","nan",25.0,"nan"
"ubc1569","n","nan",80.0,94.0,"nan"
"ubc157","n","nan",75.0,"nan","nan"
"ubc1570","n","nan",50.0,59.0,"nan"
"ubc1571","n","nan","nan",372.0,"nan"
"ubc1572","n","nan","nan",25.0,"nan"
"ubc1574","n","nan",60.0,32.0,"nan"
"ubc1575","n","nan","nan",38.0,"nan"
"ubc1576","n","nan","nan",25.0,"nan"
"ubc1577","n","nan","nan",32.0,"nan"
"ubc1578","n","nan","nan",54.0,"nan"
"ubc1580","n","nan",50.0,44.0,"nan"
"ubc1582","n","nan","nan",31.0,"nan"
"ubc1583","n","nan",75.0,"nan","nan"
"ubc1584","n","nan",50.0,74.0,"nan"
"ubc1585","n","nan","nan",68.0,"nan"
"ubc1586","n","nan","nan",51.0,"nan"
"ubc1587","n","nan","nan",66.0,"nan"
"ubc1588","n","nan","nan",42.0,"nan"
"ubc1589","n","nan","nan",33.0,"nan"
"ubc1590","n","nan","nan",64.0,"nan"
"ubc1591","n","nan",50.0,60.0,"nan"
"ubc1592","n","nan","nan",94.0,"nan"
"ubc1594","n","nan","nan",71.0,"nan"
"ubc1595","n","nan","nan",38.0,"nan"
"ubc1596","n","nan","nan",25.0,"nan"
"ubc1597","n","nan","nan",33.0,"nan"
"ubc1598","n","nan","nan",25.0,"nan"
"ubc1599","n","nan","nan",25.0,"nan"
"ubc1600","n","nan",50.0,74.0,"nan"
"ubc1601","n","nan","nan",36.0,"nan"
"ubc1602","n","nan","nan",25.0,"nan"
"ubc1603","n","nan","nan",31.0,"nan"
"ubc1604","n","nan","nan",39.0,"nan"
"ubc1605","n","nan","nan",29.0,"nan"
"ubc1606","n","nan","nan",25.0,"nan"
"ubc1607","n","nan","nan",56.0,"nan"
"ubc1608","n","nan","nan",54.0,"nan"
"ubc1609","n","nan","nan",25.0,"nan"
"ubc1610","n","nan","nan",45.0,"nan"
"ubc1611","n","nan","nan",28.0,"nan"
"ubc1612","n","nan","nan",25.0,"nan"
"ubc1613","n","nan","nan",25.0,"nan"
"ubc1614","n","nan","nan",31.0,"nan"
"ubc1616","n","nan","nan",25.0,"nan"
"ubc1617","n","nan",45.0,45.0,"nan"
"ubc1619","n","nan","nan",37.0,"nan"
"ubc162","n","nan",75.0,93.0,"nan"
"ubc1620","n","nan","nan",25.0,"nan"
"ubc1621","n","nan","nan",25.0,"nan"
"ubc1622","n","nan","nan",29.0,"nan"
"ubc1623","n","nan","nan",25.0,"nan"
"ubc1625","n","nan","nan",25.0,"nan"
"ubc1626","n","nan","nan",25.0,"nan"
"ubc1627","n","nan","nan",25.0,"nan"
"ubc1628","n","nan","nan",25.0,"nan"
"ubc163","n","nan",100.0,163.0,"nan"
"ubc166","n","nan","nan",58.0,"nan"
"ubc168","n","nan","nan",200.0,"nan"
"ubc169","n","nan",50.0,"nan","nan"
"ubc172","n","nan",100.0,137.0,"nan"
"ubc173","n","nan",200.0,"nan","nan"
"ubc174","n","nan","nan",288.0,"nan"
"ubc175","n","nan",150.0,"nan","nan"
"ubc177","n","nan","nan",68.0,"nan"
"ubc178","n","nan","nan",65.0,"nan"
"ubc179","n","nan",125.0,178.0,"nan"
"ubc17a","n","nan","nan",102.0,"nan"
"ubc17b","n","nan","nan",300.0,"nan"
"ubc180","n","nan","nan",190.0,"nan"
"ubc181","n","nan","nan",49.0,"nan"
"ubc182","n","nan","nan",123.0,"nan"
"ubc183","n","nan","nan",90.0,"nan"
"ubc184","n","nan","nan",85.0,"nan"
"ubc192","n","nan",170.0,"nan","nan"
"ubc194","n","nan","nan",113.0,"nan"
"ubc198","n","nan","nan",111.0,"nan"
"ubc199","n","nan","nan",89.0,"nan"
"ubc203","n","nan","nan",145.0,"nan"
"ubc206","n","nan",50.0,63.0,"nan"
"ubc21","n","nan",50.0,"nan","nan"
"ubc210","n","nan","nan",111.0,"nan"
"ubc214","n","nan","nan",118.0,"nan"
"ubc217","n","nan","nan",88.0,"nan"
"ubc218","n","nan","nan",260.0,"nan"
"ubc220","n","nan","nan",78.0,"nan"
"ubc221","n","nan","nan",134.0,"nan"
"ubc222","n","nan","nan",61.0,"nan"
"ubc225","n","nan",50.0,"nan","nan"
"ubc228","n","nan","nan",46.0,"nan"
"ubc229","n","nan","nan",121.0,"nan"
"ubc230","n","nan",250.0,200.0,"nan"
"ubc231","n","nan",75.0,98.0,"nan"
"ubc232","n","nan","nan",95.0,"nan"
"ubc233","n","nan","nan",118.0,"nan"
"ubc235","n","nan","nan",122.0,"nan"
"ubc236","n","nan","nan",56.0,"nan"
"ubc237","n","nan",50.0,"nan","nan"
"ubc239","n","nan","nan",115.0,"nan"
"ubc240","n","nan","nan",89.0,"nan"
"ubc241","n","nan","nan",92.0,"nan"
"ubc243","n","nan","nan",137.0,"nan"
"ubc245","n","nan","nan",38.0,"nan"
"ubc246","n","nan","nan",545.0,"nan"
"ubc247","n","nan","nan",113.0,"nan"
"ubc248","n","nan","nan",83.0,"nan"
"ubc249","n","nan",100.0,"nan","nan"
"ubc251","n","nan","nan",102.0,"nan"
"ubc252","n","nan","nan",254.0,"nan"
"ubc253","n","nan","nan",80.0,"nan"
"ubc254","n","nan",100.0,123.0,"nan"
"ubc255","n","nan","nan",112.0,"nan"
"ubc258","n","nan","nan",56.0,"nan"
"ubc259","n","nan",150.0,185.0,"nan"
"ubc26","n","nan","nan",479.0,"nan"
"ubc261","n","nan","nan",115.0,"nan"
"ubc262","n","nan","nan",48.0,"nan"
"ubc264","n","nan","nan",60.0,"nan"
"ubc268","n","nan","nan",164.0,"nan"
"ubc269","n","nan",90.0,104.0,"nan"
"ubc27","n","nan","nan",112.0,"nan"
"ubc270","n","nan","nan",74.0,"nan"
"ubc272","n","nan",100.0,154.0,"nan"
"ubc273","n","nan","nan",66.0,"nan"
"ubc275","n","nan",50.0,57.0,"nan"
"ubc276","n","nan","nan",70.0,"nan"
"ubc277","n","nan",200.0,135.0,"nan"
"ubc279","n","nan",125.0,"nan","nan"
"ubc280","n","nan",125.0,137.0,"nan"
"ubc281","n","nan","nan",151.0,"nan"
"ubc282","n","nan",90.0,105.0,"nan"
"ubc283","n","nan",125.0,145.0,"nan"
"ubc284","n","nan","nan",323.0,"nan"
"ubc285","n","nan","nan",148.0,"nan"
"ubc286","n","nan","nan",118.0,"nan"
"ubc287","n","nan","nan",132.0,"nan"
"ubc289","n","nan","nan",143.0,"nan"
"ubc290","n","nan","nan",355.0,"nan"
"ubc291","n","nan","nan",123.0,"nan"
"ubc292","n","nan",30.0,"nan","nan"
"ubc293","n","nan","nan",110.0,"nan"
"ubc294","n","nan","nan",119.0,"nan"
"ubc295","n","nan","nan",94.0,"nan"
"ubc296","n","nan","nan",93.0,"nan"
"ubc297","n","nan","nan",90.0,"nan"
"ubc298","n","nan","nan",126.0,"nan"
"ubc299","n","nan","nan",141.0,"nan"
"ubc300","n","nan","nan",126.0,"nan"
"ubc301","n","nan","nan",70.0,"nan"
"ubc302","n","nan","nan",81.0,"nan"
"ubc303","n","nan","nan",119.0,"nan"
"ubc307","n","nan",175.0,206.0,"nan"
"ubc31","n","nan","nan",150.0,"nan"
"ubc310","n","nan","nan",240.0,"nan"
"ubc312","n","nan","nan",105.0,"nan"
"ubc314","n","nan","nan",192.0,"nan"
"ubc315","n","nan","nan",135.0,"nan"
"ubc316","n","nan","nan",98.0,"nan"
"ubc317","n","nan","nan",50.0,"nan"
"ubc319","n","nan","nan",160.0,"nan"
"ubc32","n","nan","nan",393.0,"nan"
"ubc321","n","nan","nan",277.0,"nan"
"ubc322","n","nan","nan",165.0,"nan"
"ubc324","n","nan","nan",391.0,"nan"
"ubc326","n","nan",100.0,147.0,"nan"
"ubc33","n","nan","nan",101.0,"nan"
"ubc334","n","nan","nan","nan","nan"
"ubc336","n","nan","nan",178.0,"nan"
"ubc337","n","nan","nan",293.0,"nan"
"ubc338","n","nan","nan",191.0,"nan"
"ubc339","n","nan","nan",55.0,"nan"
"ubc340","n","nan","nan",192.0,"nan"
"ubc343","n","nan",100.0,236.0,"nan"
"ubc344","n","nan","nan",80.0,"nan"
"ubc345","n","nan",50.0,68.0,"nan"
"ubc346","n","nan","nan",100.0,"nan"
"ubc347","n","nan","nan",89.0,"nan"
"ubc349","n","nan","nan",270.0,"nan"
"ubc350","n","nan",150.0,"nan","nan"
"ubc352","n","nan","nan",51.0,"nan"
"ubc353","n","nan","nan",82.0,"nan"
"ubc355","n","nan","nan",125.0,"nan"
"ubc356","n","nan",100.0,175.0,"nan"
"ubc357","n","nan","nan",92.0,"nan"
"ubc359","n","nan","nan",79.0,"nan"
"ubc36","n","nan",50.0,62.0,"nan"
"ubc360","n","nan",75.0,100.0,"nan"
"ubc361","n","nan","nan",72.0,"nan"
"ubc363","n","nan","nan",115.0,"nan"
"ubc364","n","nan","nan",64.0,"nan"
"ubc365","n","nan","nan",134.0,"nan"
"ubc366","n","nan","nan",62.0,"nan"
"ubc368","n","nan","nan",46.0,"nan"
"ubc370","n","nan","nan",32.0,"nan"
"ubc371","n","nan","nan",54.0,"nan"
"ubc373","n","nan","nan",79.0,"nan"
"ubc374","n","nan","nan",125.0,"nan"
"ubc375","n","nan",50.0,"nan","nan"
"ubc376","n","nan",60.0,84.0,"nan"
"ubc377","n","nan","nan",36.0,"nan"
"ubc378","n","nan",50.0,55.0,"nan"
"ubc379","n","nan","nan",69.0,"nan"
"ubc380","n","nan",75.0,"nan","nan"
"ubc381","n","nan",50.0,60.0,"nan"
"ubc382","n","nan",75.0,"nan","nan"
"ubc383","n","nan","nan",127.0,"nan"
"ubc384","n","nan","nan",74.0,"nan"
"ubc386","n","nan","nan",152.0,"nan"
"ubc387","n","nan","nan",75.0,"nan"
"ubc388","n","nan","nan",61.0,"nan"
"ubc389","n","nan","nan",91.0,"nan"
"ubc39","n","nan",75.0,116.0,"nan"
"ubc391","n","nan","nan",33.0,"nan"
"ubc393","n","nan","nan",125.0,"nan"
"ubc395","n","nan","nan",25.0,"nan"
"ubc396","n","nan","nan",78.0,"nan"
"ubc397","n","nan","nan",73.0,"nan"
"ubc398","n","nan","nan",201.0,"nan"
"ubc4","n","nan",100.0,100.0,"nan"
"ubc40","n","nan","nan",26.0,"nan"
"ubc403","n","nan","nan",43.0,"nan"
"ubc405","n","nan",75.0,81.0,"nan"
"ubc406","n","nan","nan",55.0,"nan"
"ubc407","n","nan",50.0,66.0,"nan"
"ubc409","n","nan","nan",140.0,"nan"
"ubc41","n","nan","nan",57.0,"nan"
"ubc410","n","nan","nan",57.0,"nan"
"ubc412","n","nan",50.0,51.0,"nan"
"ubc413","n","nan",80.0,93.0,"nan"
"ubc414","n","nan","nan",46.0,"nan"
"ubc415","n","nan","nan",42.0,"nan"
"ubc416","n","nan","nan",50.0,"nan"
"ubc417","n","nan","nan",39.0,"nan"
"ubc418","n","nan",75.0,"nan","nan"
"ubc419","n","nan",75.0,124.0,"nan"
"ubc420","n","nan","nan",198.0,"nan"
"ubc421","n","nan",50.0,"nan","nan"
"ubc422","n","nan","nan",80.0,"nan"
"ubc423","n","nan","nan",49.0,"nan"
"ubc424","n","nan","nan",69.0,"nan"
"ubc425","n","nan","nan",42.0,"nan"
"ubc426","n","nan","nan",80.0,"nan"
"ubc427","n","nan","nan",93.0,"nan"
"ubc428","n","nan","nan",89.0,"nan"
"ubc429","n","nan","nan",56.0,"nan"
"ubc430","n","nan","nan",32.0,"nan"
"ubc432","n","nan","nan",62.0,"nan"
"ubc433","n","nan","nan",62.0,"nan"
"ubc435","n","nan","nan",40.0,"nan"
"ubc436","n","nan","nan",48.0,"nan"
"ubc437","n","nan","nan",71.0,"nan"
"ubc439","n","nan",75.0,80.0,"nan"
"ubc44","n","nan",100.0,75.0,"nan"
"ubc440","n","nan","nan",44.0,"nan"
"ubc441","n","nan","nan",95.0,"nan"
"ubc442","n","nan","nan",89.0,"nan"
"ubc443","n","nan","nan",74.0,"nan"
"ubc444","n","nan","nan",109.0,"nan"
"ubc445","n","nan","nan",68.0,"nan"
"ubc447","n","nan","nan",68.0,"nan"
"ubc448","n","nan","nan",59.0,"nan"
"ubc449","n","nan","nan",53.0,"nan"
"ubc450","n","nan",75.0,"nan","nan"
"ubc451","n","nan",75.0,"nan","nan"
"ubc452","n","nan","nan",42.0,"nan"
"ubc453","n","nan","nan",79.0,"nan"
"ubc454","n","nan","nan",92.0,"nan"
"ubc455","n","nan","nan",79.0,"nan"
"ubc456","n","nan","nan",87.0,"nan"
"ubc457","n","nan","nan",110.0,"nan"
"ubc458","n","nan",50.0,"nan","nan"
"ubc459","n","nan",100.0,114.0,"nan"
"ubc46","n","nan","nan",104.0,"nan"
"ubc460","n","nan","nan",108.0,"nan"
"ubc461","n","nan",100.0,231.0,"nan"
"ubc462","n","nan","nan",25.0,"nan"
"ubc463","n","nan","nan",34.0,"nan"
"ubc466","n","nan","nan",132.0,"nan"
"ubc467","n","nan","nan",95.0,"nan"
"ubc468","n","nan","nan",64.0,"nan"
"ubc469","n","nan","nan",48.0,"nan"
"ubc47","n","nan","nan",42.0,"nan"
"ubc471","n","nan","nan",123.0,"nan"
"ubc472","n","nan","nan",72.0,"nan"
"ubc473","n","nan","nan",38.0,"nan"
"ubc474","n","nan","nan",74.0,"nan"
"ubc475","n","nan","nan",59.0,"nan"
"ubc476","n","nan","nan",63.0,"nan"
"ubc478","n","nan","nan",71.0,"nan"
"ubc482","n","t_-1.85",130.0,149.0,"nan"
"ubc483","n","nan","nan",25.0,"nan"
"ubc484","n","nan","nan",71.0,"nan"
"ubc485","n","nan","nan",87.0,"nan"
"ubc486","n","nan","nan",109.0,"nan"
"ubc487","n","nan","nan",49.0,"nan"
"ubc488","n","nan","nan",39.0,"nan"
"ubc49","n","nan","nan",142.0,"nan"
"ubc490","n","nan",75.0,"nan","nan"
"ubc491","n","plxl_0.22","nan",134.0,"nan"
"ubc493","n","nan","nan",40.0,"nan"
"ubc494","n","nan","nan",128.0,"nan"
"ubc495","n","nan","nan",90.0,"nan"
"ubc496","n","nan",75.0,94.0,"nan"
"ubc498","n","nan","nan",76.0,"nan"
"ubc499","n","nan","nan",44.0,"nan"
"ubc500","n","nan","nan",88.0,"nan"
"ubc502","n","nan","nan",86.0,"nan"
"ubc503","n","nan","nan",88.0,"nan"
"ubc504","n","nan","nan",54.0,"nan"
"ubc505","n","nan","nan",77.0,"nan"
"ubc506","n","nan","nan",66.0,"nan"
"ubc507","n","nan","nan",76.0,"nan"
"ubc51","n","nan","nan",144.0,"nan"
"ubc510","n","nan",60.0,81.0,"nan"
"ubc511","n","nan",60.0,"nan","nan"
"ubc512","n","nan","nan",105.0,"nan"
"ubc513","n","nan","nan",36.0,"nan"
"ubc514","n","nan","nan",25.0,"nan"
"ubc515","n","nan",50.0,72.0,"nan"
"ubc516","n","nan","nan",63.0,"nan"
"ubc517","n","nan",100.0,256.0,"nan"
"ubc518","n","nan","nan",102.0,"nan"
"ubc519","n","nan",40.0,46.0,"nan"
"ubc52","n","nan","nan",50.0,"nan"
"ubc520","n","nan","nan",60.0,"nan"
"ubc521","n","nan","nan",118.0,"nan"
"ubc522","n","nan","nan",144.0,"nan"
"ubc523","n","nan",80.0,102.0,"nan"
"ubc524","n","nan","nan",148.0,"nan"
"ubc525","n","nan","nan",173.0,"nan"
"ubc526","n","nan",100.0,"nan","nan"
"ubc527","n","nan",75.0,75.0,"nan"
"ubc528","n","nan","nan",64.0,"nan"
"ubc529","n","nan","nan",271.0,"nan"
"ubc531","n","nan","nan",51.0,"nan"
"ubc532","n","nan","nan",84.0,"nan"
"ubc533","n","nan","nan",94.0,"nan"
"ubc534","n","nan","nan",129.0,"nan"
"ubc535","n","nan",50.0,75.0,"nan"
"ubc536","n","nan","nan",54.0,"nan"
"ubc537","n","nan","nan",135.0,"nan"
"ubc538","n","nan","nan",183.0,"nan"
"ubc54","n","nan","nan",336.0,"nan"
"ubc542","n","nan","nan",117.0,"nan"
"ubc545","n","nan","nan",79.0,"nan"
"ubc546","n","nan","nan",163.0,"nan"
"ubc548","n","nan","nan",115.0,"nan"
"ubc549","n","nan","nan",26.0,"nan"
"ubc550","n","nan","nan",116.0,"nan"
"ubc552","n","nan","nan",137.0,"nan"
"ubc553","n","nan","nan",60.0,"nan"
"ubc554","n","nan","nan",73.0,"nan"
"ubc555","n","nan","nan",90.0,"nan"
"ubc556","n","nan","nan",115.0,"nan"
"ubc557","n","nan","nan",90.0,"nan"
"ubc558","n","nan","nan",236.0,"nan"
"ubc559","n","nan","nan",74.0,"nan"
"ubc56","n","nan","nan",226.0,"nan"
"ubc560","n","nan","nan",66.0,"nan"
"ubc561","n","nan","nan",126.0,"nan"
"ubc562","n","nan","nan",112.0,"nan"
"ubc563","n","nan","nan",81.0,"nan"
"ubc564","n","nan","nan",30.0,"nan"
"ubc565","n","nan","nan",250.0,"nan"
"ubc566","n","nan","nan",430.0,"nan"
"ubc57","n","nan","nan",51.0,"nan"
"ubc571","n","nan","nan",46.0,"nan"
"ubc572","n","nan","nan",62.0,"nan"
"ubc573","n","nan","nan",52.0,"nan"
"ubc575","n","nan",90.0,"nan","nan"
"ubc576","n","nan","nan",37.0,"nan"
"ubc578","n","nan","nan",25.0,"nan"
"ubc579","n","nan","nan",25.0,"nan"
"ubc580","n","nan",50.0,55.0,"nan"
"ubc582","n","nan","nan",132.0,"nan"
"ubc583","n","nan","nan",73.0,"nan"
"ubc584","n","nan","nan",106.0,"nan"
"ubc585","n","nan","nan",46.0,"nan"
"ubc586","n","nan","nan",60.0,"nan"
"ubc587","n","nan","nan",138.0,"nan"
"ubc588","n","nan","nan",51.0,"nan"
"ubc589","n","nan","nan",107.0,"nan"
"ubc59","n","nan",60.0,80.0,"nan"
"ubc590","n","nan","nan",25.0,"nan"
"ubc592","n","nan","nan",31.0,"nan"
"ubc593","n","nan","nan",43.0,"nan"
"ubc594","n","nan",75.0,93.0,"nan"
"ubc595","n","nan",50.0,51.0,"nan"
"ubc596","n","nan","nan",25.0,"nan"
"ubc597","n","nan","nan",25.0,"nan"
"ubc598","n","nan",50.0,"nan","nan"
"ubc599","n","nan","nan",25.0,"nan"
"ubc600","n","nan","nan",134.0,"nan"
"ubc601","n","nan","nan",27.0,"nan"
"ubc602","n","nan",100.0,108.0,"nan"
"ubc603","n","nan","nan",76.0,"nan"
"ubc604","n","nan","nan",25.0,"nan"
"ubc605","n","nan","nan",30.0,"nan"
"ubc606","n","nan","nan","nan","nan"
"ubc607","n","nan","nan",129.0,"nan"
"ubc608","n","nan","nan",62.0,"nan"
"ubc609","n","nan","nan",364.0,"nan"
"ubc61","n","nan",80.0,"nan","nan"
"ubc610","n","nan","nan",25.0,"nan"
"ubc611","n","nan","nan",25.0,"nan"
"ubc612","n","nan","nan",56.0,"nan"
"ubc613","n","nan","nan",83.0,"nan"
"ubc614","n","nan",50.0,"nan","nan"
"ubc615","n","nan","nan",27.0,"nan"
"ubc616","n","nan","nan",26.0,"nan"
"ubc617","n","nan",50.0,58.0,"nan"
"ubc618","n","nan","nan",38.0,"nan"
"ubc619","n","nan","nan",36.0,"nan"
"ubc620","n","nan","nan",38.0,"nan"
"ubc622","n","nan","nan",27.0,"nan"
"ubc623","n","nan","nan",28.0,"nan"
"ubc624","n","nan","nan",41.0,"nan"
"ubc625","n","nan","nan",25.0,"nan"
"ubc626","n","nan",100.0,118.0,"nan"
"ubc627","n","nan","nan",25.0,"nan"
"ubc628","n","nan",100.0,147.0,"nan"
"ubc629","n","nan","nan",25.0,"nan"
"ubc63","n","nan","nan",41.0,"nan"
"ubc630","n","nan","nan",53.0,"nan"
"ubc631","n","nan","nan",25.0,"nan"
"ubc632","n","nan","nan",25.0,"nan"
"ubc634","n","nan","nan",363.0,"nan"
"ubc636","n","nan","nan",25.0,"nan"
"ubc637","n","nan","nan",123.0,"nan"
"ubc639","n","nan",100.0,"nan","nan"
"ubc640","n","nan","nan",41.0,"nan"
"ubc641","n","nan","nan",25.0,"nan"
"ubc642","n","nan","nan",25.0,"nan"
"ubc643","n","nan","nan",69.0,"nan"
"ubc644","n","nan","nan",27.0,"nan"
"ubc645","n","nan","nan",62.0,"nan"
"ubc646","n","nan","nan",32.0,"nan"
"ubc647","n","nan","nan",41.0,"nan"
"ubc648","n","nan","nan",82.0,"nan"
"ubc649","n","nan","nan",25.0,"nan"
"ubc650","n","nan","nan",28.0,"nan"
"ubc651","n","nan",50.0,"nan","nan"
"ubc652","n","nan","nan",66.0,"nan"
"ubc654","n","nan","nan",35.0,"nan"
"ubc655","n","nan","nan",25.0,"nan"
"ubc656","n","nan","nan",25.0,"nan"
"ubc657","n","nan","nan",30.0,"nan"
"ubc659","n","nan","nan",25.0,"nan"
"ubc660","n","nan","nan",83.0,"nan"
"ubc661","n","nan","nan",41.0,"nan"
"ubc662","n","nan","nan",58.0,"nan"
"ubc664","n","nan",50.0,66.0,"nan"
"ubc665","n","nan","nan",35.0,"nan"
"ubc666","n","nan","nan",25.0,"nan"
"ubc668","n","nan","nan",124.0,"nan"
"ubc669","n","nan","nan",98.0,"nan"
"ubc670","n","nan","nan",32.0,"nan"
"ubc671","n","nan","nan",210.0,"nan"
"ubc68","n","nan","nan",73.0,"nan"
"ubc7","n","nan",230.0,"nan","nan"
"ubc72","n","nan","nan",123.0,"nan"
"ubc74","n","nan","nan",104.0,"nan"
"ubc76","n","nan",50.0,"nan","nan"
"ubc77","n","nan","nan",114.0,"nan"
"ubc8","n","nan",250.0,"nan","nan"
"ubc80","n","nan",50.0,59.0,"nan"
"ubc82","n","nan","nan",49.0,"nan"
"ubc83","n","nan","nan",67.0,"nan"
"ubc84","n","nan",100.0,139.0,"nan"
"ubc85","n","nan","nan",75.0,"nan"
"ubc86","n","nan","nan",29.0,"nan"
"ubc87","n","nan","nan",65.0,"nan"
"ubc92","n","nan","nan",277.0,"nan"
"ubc93","n","nan","nan",134.0,"nan"
"ubc94","n","nan","nan",248.0,"nan"
"ubc95","n","nan","nan",127.0,"nan"
"ubc96","n","nan","nan",84.0,"nan"
"ubc97","n","nan","nan",98.0,"nan"
"ufmg1","n","nan","nan","nan","nan"
"ufmg100","n","nan","nan",60.0,"nan"
"ufmg101","n","nan","nan",50.0,"nan"
"ufmg103","n","nan","nan",50.0,"nan"
"ufmg104","n","nan","nan",50.0,"nan"
"ufmg105","n","nan","nan",50.0,"nan"
"ufmg106","n","nan","nan",50.0,"nan"
"ufmg107","n","nan","nan",50.0,"nan"
"ufmg108","n","nan","nan",50.0,"nan"
"ufmg109","n","nan","nan",50.0,"nan"
"ufmg11","n","nan",150.0,"nan","nan"
"ufmg110","n","nan","nan",50.0,"nan"
"ufmg111","n","nan","nan",50.0,"nan"
"ufmg112","n","nan","nan",50.0,"nan"
"ufmg113","n","nan","nan",50.0,"nan"
"ufmg114","n","nan","nan",50.0,"nan"
"ufmg115","n","nan","nan",50.0,"nan"
"ufmg116","n","nan","nan",50.0,"nan"
"ufmg117","n","nan","nan",50.0,"nan"
"ufmg118","n","nan","nan",50.0,"nan"
"ufmg119","n","nan","nan",50.0,"nan"
"ufmg120","n","nan","nan",50.0,"nan"
"ufmg121","n","nan","nan",50.0,"nan"
"ufmg122","n","nan","nan",76.0,"nan"
"ufmg123","n","nan","nan",79.0,"nan"
"ufmg124","n","nan","nan",50.0,"nan"
"ufmg125","n","nan","nan",50.0,"nan"
"ufmg126","n","nan","nan",50.0,"nan"
"ufmg127","n","nan","nan",50.0,"nan"
"ufmg128","n","nan","nan",50.0,"nan"
"ufmg16","n","nan","nan","nan","nan"
"ufmg2","n","nan","nan","nan","nan"
"ufmg22","n","nan","nan","nan","nan"
"ufmg24","n","nan","nan","nan","nan"
"ufmg29","n","nan","nan",120.0,"nan"
"ufmg3","n","nan","nan","nan","nan"
"ufmg30","n","nan","nan","nan","nan"
"ufmg34","n","nan","nan","nan","nan"
"ufmg37","n","nan","nan","nan","nan"
"ufmg38","n","nan","nan","nan","nan"
"ufmg39","n","nan","nan","nan","nan"
"ufmg41","n","nan","nan","nan","nan"
"ufmg42","n","nan","nan",175.0,"nan"
"ufmg43","n","nan","nan",150.0,"nan"
"ufmg44","n","nan","nan","nan","nan"
"ufmg45","n","nan",100.0,"nan","nan"
"ufmg46","n","nan","nan","nan","nan"
"ufmg47","n","nan","nan","nan","nan"
"ufmg48","n","nan","nan","nan","nan"
"ufmg53","n","nan","nan","nan","nan"
"ufmg54","n","nan",175.0,"nan","y"
"ufmg55","n","nan","nan","nan","nan"
"ufmg58","n","nan","nan","nan","nan"
"ufmg59","n","nan","nan","nan","nan"
"ufmg60","n","nan",75.0,"nan","nan"
"ufmg61","n","nan","nan","nan","nan"
"ufmg63","n","nan","nan","nan","nan"
"ufmg64","n","nan","nan","nan","nan"
"ufmg65","n","nan","nan","nan","nan"
"ufmg66","n","nan",50.0,"nan","nan"
"ufmg67","n","nan",40.0,"nan","nan"
"ufmg68","n","nan",50.0,"nan","nan"
"ufmg69","n","nan","nan","nan","nan"
"ufmg70","n","nan","nan","nan","nan"
"ufmg71","n","nan","nan","nan","nan"
"ufmg72","n","nan",75.0,"nan","nan"
"ufmg73","n","nan","nan","nan","nan"
"ufmg74","n","nan","nan","nan","nan"
"ufmg75","n","nan","nan","nan","nan"
"ufmg77","n","nan","nan","nan","nan"
"ufmg78","n","nan","nan","nan","nan"
"ufmg79","n","nan","nan","nan","nan"
"ufmg80","n","nan","nan","nan","nan"
"ufmg81","n","nan","nan","nan","nan"
"ufmg82","n","nan","nan","nan","nan"
"ufmg83","n","nan","nan","nan","nan"
"ufmg85","n","nan",50.0,"nan","nan"
"ufmg87","n","nan","nan","nan","nan"
"ufmg88","n","nan",50.0,"nan","nan"
"ufmg89","n","nan","nan","nan","nan"
"ufmg90","n","nan","nan","nan","nan"
"ufmg91","n","nan","nan","nan","nan"
"ufmg92","n","nan","nan","nan","nan"
"ufmg93","n","nan","nan",100.0,"nan"
"ufmg94","n","nan","nan","nan","nan"
"ufmg95","n","nan",50.0,"nan","nan"
"ufmg96","n","nan","nan","nan","nan"
"ufmg97","n","nan","nan",50.0,"nan"
"ufmg98","n","nan","nan",50.0,"nan"
"ufmg99","n","nan","nan",50.0,"nan"
"upgren1","n","nan","nan",100.0,"nan"
"upk101","n","nan","nan",164.0,"nan"
"upk104","n","nan",75.0,104.0,"nan"
"upk109","n","nan","nan",25.0,"nan"
"upk110","n","nan","nan",41.0,"nan"
"upk113","n","nan","nan",97.0,"nan"
"upk116","n","nan","nan",76.0,"nan"
"upk118","n","nan","nan",32.0,"nan"
"upk119","n","nan",75.0,"nan","nan"
"upk12","n","nan","nan",109.0,"nan"
"upk120","n","nan",50.0,71.0,"nan"
"upk121","n","nan",50.0,74.0,"nan"
"upk122","n","nan","nan",25.0,"nan"
"upk126","n","nan","nan",59.0,"nan"
"upk13","n","nan","nan",126.0,"nan"
"upk131","n","nan",75.0,112.0,"nan"
"upk136","n","nan","nan",105.0,"nan"
"upk137","n","nan","nan",37.0,"nan"
"upk138","n","nan",50.0,"nan","nan"
"upk143","n","nan",100.0,"nan","nan"
"upk144","n","nan","nan",25.0,"nan"
"upk147","n","nan","nan",300.0,"nan"
"upk150","n","nan",50.0,"nan","nan"
"upk152","n","nan","nan",34.0,"nan"
"upk155","n","nan","nan",35.0,"nan"
"upk156","n","nan","nan",25.0,"nan"
"upk16","n","nan","nan",59.0,"nan"
"upk160","n","nan",50.0,76.0,"nan"
"upk164","n","nan","nan",148.0,"nan"
"upk166","n","nan","nan",385.0,"nan"
"upk167","n","nan",125.0,198.0,"nan"
"upk168","n","nan","nan",297.0,"nan"
"upk169","n","nan","nan",107.0,"nan"
"upk17","n","nan",125.0,144.0,"nan"
"upk178","n","nan","nan",68.0,"nan"
"upk18","n","nan","nan",52.0,"nan"
"upk180","n","nan","nan",67.0,"nan"
"upk185","n","nan","nan",215.0,"nan"
"upk189","n","nan",50.0,74.0,"nan"
"upk191","n","nan","nan",90.0,"nan"
"upk194","n","nan","nan",124.0,"nan"
"upk198","n","nan",50.0,64.0,"nan"
"upk20","n","nan","nan",99.0,"nan"
"upk201","n","nan","nan",47.0,"nan"
"upk21","n","nan","nan",103.0,"nan"
"upk214","n","nan",50.0,"nan","nan"
"upk219","n","nan","nan",37.0,"nan"
"upk220","n","nan","nan",323.0,"nan"
"upk224","n","nan","nan",79.0,"nan"
"upk226","n","nan","nan",78.0,"nan"
"upk23","n","nan","nan",45.0,"nan"
"upk230","n","nan",80.0,197.0,"nan"
"upk233","n","nan","nan",56.0,"nan"
"upk237","n","nan","nan",176.0,"nan"
"upk24","n","nan",50.0,72.0,"nan"
"upk241","n","nan","nan",26.0,"nan"
"upk25","n","nan","nan",25.0,"nan"
"upk252","n","nan","nan",75.0,"nan"
"upk26","n","nan","nan",115.0,"nan"
"upk260","n","nan",75.0,94.0,"nan"
"upk262","n","nan","nan",25.0,"nan"
"upk265","n","nan",50.0,66.0,"nan"
"upk27","n","nan","nan",110.0,"nan"
"upk28","n","nan","nan",86.0,"nan"
"upk281","n","nan",75.0,"nan","nan"
"upk282","n","nan","nan",89.0,"nan"
"upk287","n","nan","nan",46.0,"nan"
"upk29","n","nan","nan",133.0,"nan"
"upk292","n","nan","nan",38.0,"nan"
"upk294","n","nan","nan",65.0,"nan"
"upk296","n","nan","nan",86.0,"nan"
"upk300","n","nan","nan",29.0,"nan"
"upk303","n","nan",75.0,"nan","nan"
"upk305","n","nan",50.0,74.0,"nan"
"upk307","n","nan",75.0,99.0,"nan"
"upk31","n","nan","nan",93.0,"nan"
"upk310","n","nan","nan",25.0,"nan"
"upk312","n","nan",50.0,53.0,"nan"
"upk317","n","nan","nan",42.0,"nan"
"upk325","n","nan","nan",44.0,"nan"
"upk326","n","nan","nan",64.0,"nan"
"upk33","n","nan","nan",91.0,"nan"
"upk333","n","nan",50.0,63.0,"nan"
"upk347","n","nan","nan",49.0,"nan"
"upk350","n","nan",75.0,"nan","nan"
"upk357","n","nan","nan",57.0,"nan"
"upk367","n","nan",75.0,67.0,"nan"
"upk369","n","nan","nan",37.0,"nan"
"upk378","n","nan","nan",25.0,"nan"
"upk379","n","nan",40.0,50.0,"nan"
"upk38","n","nan","nan",61.0,"nan"
"upk381","n","nan",70.0,92.0,"nan"
"upk385","n","nan","nan",58.0,"nan"
"upk394","n","nan","nan",84.0,"nan"
"upk398","n","nan","nan",84.0,"nan"
"upk4","n","nan","nan",138.0,"nan"
"upk40","n","nan","nan",34.0,"nan"
"upk402","n","nan",100.0,75.0,"nan"
"upk41","n","nan","nan",276.0,"nan"
"upk416","n","nan","nan",25.0,"nan"
"upk418","n","nan","nan",27.0,"nan"
"upk42","n","nan","nan",165.0,"nan"
"upk422","n","nan","nan",240.0,"nan"
"upk429","n","nan","nan",101.0,"nan"
"upk431","n","nan",75.0,89.0,"nan"
"upk436","n","nan",100.0,"nan","nan"
"upk438","n","nan","nan",25.0,"nan"
"upk442","n","nan","nan",121.0,"nan"
"upk445","n","nan","nan",123.0,"nan"
"upk447","n","nan",60.0,83.0,"nan"
"upk448","n","nan","nan",40.0,"nan"
"upk45","n","nan","nan",104.0,"nan"
"upk452","n","nan","nan",25.0,"nan"
"upk456","n","nan","nan",25.0,"nan"
"upk457","n","nan",50.0,58.0,"nan"
"upk46","n","nan",50.0,"nan","nan"
"upk467","n","nan","nan",179.0,"nan"
"upk468","n","nan","nan",38.0,"nan"
"upk470","n","nan",150.0,"nan","nan"
"upk492","n","nan",50.0,56.0,"nan"
"upk494","n","nan","nan",34.0,"nan"
"upk495","n","nan",50.0,"nan","nan"
"upk499","n","nan","nan",169.0,"nan"
"upk5","n","nan","nan",156.0,"nan"
"upk50","n","nan","nan",100.0,"nan"
"upk502","n","nan","nan",69.0,"nan"
"upk508","n","nan",50.0,65.0,"nan"
"upk51","n","nan",100.0,138.0,"nan"
"upk52","n","nan","nan",25.0,"nan"
"upk524","n","nan",100.0,"nan","nan"
"upk526","n","nan",100.0,173.0,"nan"
"upk528","n","nan","nan",113.0,"nan"
"upk53","n","nan","nan",209.0,"nan"
"upk533","n","nan",100.0,"nan","nan"
"upk535","n","nan",100.0,"nan","nan"
"upk537","n","nan",75.0,125.0,"nan"
"upk54","n","nan","nan",117.0,"nan"
"upk540","n","nan","nan",124.0,"nan"
"upk542","n","nan","nan",30.0,"nan"
"upk545","n","nan","nan",597.0,"nan"
"upk549","n","nan","nan",268.0,"nan"
"upk55","n","nan","nan",100.0,"nan"
"upk552","n","nan",50.0,79.0,"nan"
"upk56","n","nan",75.0,113.0,"nan"
"upk560","n","nan",125.0,"nan","nan"
"upk562","n","nan","nan",75.0,"nan"
"upk567","n","nan",100.0,"nan","nan"
"upk569","n","nan","nan",145.0,"nan"
"upk57","n","nan","nan",28.0,"nan"
"upk578","n","nan","nan",79.0,"nan"
"upk579","n","nan",100.0,131.0,"nan"
"upk585","n","nan","nan",64.0,"nan"
"upk587","n","nan","nan",53.0,"nan"
"upk594","n","nan",70.0,95.0,"nan"
"upk595","n","nan","nan",38.0,"nan"
"upk596","n","nan","nan",57.0,"nan"
"upk599","n","nan",100.0,"nan","nan"
"upk602","n","nan","nan",209.0,"nan"
"upk604","n","nan","nan",50.0,"nan"
"upk605","n","nan","nan",85.0,"nan"
"upk606","n","nan","nan",80.0,"nan"
"upk607","n","nan",60.0,80.0,"nan"
"upk612","n","nan",200.0,228.0,"nan"
"upk613","n","nan","nan",43.0,"nan"
"upk614","n","nan","nan",61.0,"nan"
"upk617","n","nan","nan",98.0,"nan"
"upk62","n","nan",50.0,69.0,"nan"
"upk621","n","nan","nan",65.0,"nan"
"upk624","n","nan","nan",66.0,"nan"
"upk626","n","nan","nan",90.0,"nan"
"upk627","n","nan",80.0,106.0,"nan"
"upk629","n","nan","nan",57.0,"nan"
"upk630","n","nan","nan",66.0,"nan"
"upk639","n","nan",100.0,145.0,"nan"
"upk64","n","nan","nan",33.0,"nan"
"upk640","n","nan","nan",764.0,"nan"
"upk642","n","nan",50.0,54.0,"nan"
"upk644","n","nan","nan",129.0,"nan"
"upk645","n","nan","nan",95.0,"nan"
"upk65","n","nan","nan",75.0,"nan"
"upk654","n","nan","nan",78.0,"nan"
"upk655","n","t_-16.5",100.0,56.0,"nan"
"upk66","n","nan","nan",105.0,"nan"
"upk7","n","nan","nan",62.0,"nan"
"upk70","n","nan",150.0,"nan","nan"
"upk71","n","nan","nan",64.0,"nan"
"upk72","n","nan","nan",176.0,"nan"
"upk73","n","nan",50.0,"nan","nan"
"upk74","n","nan","nan",38.0,"nan"
"upk77","n","pmr_1.75","nan",200.0,"nan"
"upk78","n","nan","nan",80.0,"nan"
"upk79","n","nan","nan",45.0,"nan"
"upk80","n","nan","nan",78.0,"nan"
"upk82","n","nan","nan",142.0,"nan"
"upk85","n","nan","nan",41.0,"nan"
"upk88","n","nan",50.0,56.0,"nan"
"upk90","n","nan","nan",60.0,"nan"
"upk91","n","nan","nan",48.0,"nan"
"upk93","n","nan","nan",84.0,"nan"
"upk94","n","nan","nan",47.0,"nan"
"upk99","n","nan","nan",25.0,"nan"
"uppersco","n","nan","nan","nan","nan"
"vdb1","n","nan","nan","nan","nan"
"vdb113","n","nan","nan","nan","nan"
"vdb130","n","nan","nan","nan","nan"
"vdb150","n","nan","nan","nan","nan"
"vdb152","n","nan",50.0,"nan","nan"
"vdb80","n","nan","nan","nan","nan"
"vdb83","n","nan","nan","nan","nan"
"vdb92","n","b_-2.6;pml_-6;pmr_-3","nan",275.0,"nan"
"vdbh106","n","nan","nan","nan","nan"
"vdbh11","n","nan","nan",500.0,"nan"
"vdbh110","n","nan",75.0,"nan","nan"
"vdbh111","n","nan","nan","nan","nan"
"vdbh118","n","nan",200.0,"nan","nan"
"vdbh131","n","nan","nan","nan","nan"
"vdbh132","n","nan","nan","nan","nan"
"vdbh139","n","nan","nan",175.0,"nan"
"vdbh144","n","nan","nan","nan","nan"
"vdbh150","n","nan","nan","nan","nan"
"vdbh151","n","nan","nan","nan","nan"
"vdbh155","n","nan","nan","nan","nan"
"vdbh164","n","nan","nan","nan","nan"
"vdbh166","n","nan","nan","nan","nan"
"vdbh19","n","nan","nan","nan","nan"
"vdbh197","n","r_339.45","nan",100.0,"nan"
"vdbh200","n","nan","nan","nan","nan"
"vdbh205","n","r_344.68","nan",100.0,"nan"
"vdbh211","n","nan","nan",175.0,"nan"
"vdbh214","n","nan","nan","nan","nan"
"vdbh217","n","nan","nan","nan","nan"
"vdbh220","n","nan","nan",100.0,"nan"
"vdbh221","n","nan","nan",300.0,"nan"
"vdbh222","n","nan","nan","nan","nan"
"vdbh223","n","nan","nan","nan","nan"
"vdbh23","n","nan",200.0,"nan","nan"
"vdbh231","n","nan","nan","nan","nan"
"vdbh245","n","nan","nan","nan","nan"
"vdbh253","n","nan","nan","nan","nan"
"vdbh34","n","nan","nan","nan","nan"
"vdbh37","n","nan","nan",175.0,"nan"
"vdbh4","n","plxl_-0.5;plxr_0.45",75.0,"nan","y"
"vdbh54","n","nan","nan","nan","nan"
"vdbh55","n","nan","nan",200.0,"nan"
"vdbh56","n","nan","nan","nan","nan"
"vdbh58","n","nan","nan","nan","nan"
"vdbh63","n","nan","nan","nan","nan"
"vdbh66","n","nan","nan","nan","nan"
"vdbh67","n","nan",225.0,"nan","y"
"vdbh72","n","nan","nan","nan","nan"
"vdbh73","n","nan","nan","nan","nan"
"vdbh75","n","nan",75.0,"nan","nan"
"vdbh78","n","nan","nan","nan","nan"
"vdbh79","n","nan","nan","nan","nan"
"vdbh84","n","nan","nan","nan","nan"
"vdbh85","n","nan","nan",225.0,"nan"
"vdbh87","n","nan","nan","nan","nan"
"vdbh88","n","nan",50.0,"nan","nan"
"vdbh90","n","nan","nan",325.0,"nan"
"vdbh91","n","nan","nan","nan","nan"
"vdbh92","n","nan",100.0,"nan","nan"
"vdbh99","n","nan","nan",730.0,"nan"
"vdbhrn26","n","nan","nan",100.0,"nan"
"vdbhrn43","n","nan","nan",100.0,"nan"
"velob2","n","nan","nan","nan","nan"
"vvv007","n","nan","nan","nan","nan"
"vvv008","n","nan","nan","nan","nan"
"vvv009","n","nan","nan","nan","nan"
"vvv010","n","nan","nan","nan","nan"
"vvv011","n","nan","nan","nan","nan"
"vvv012","n","nan","nan","nan","nan"
"vvv013","n","nan","nan","nan","nan"
"vvv014","n","nan","nan","nan","nan"
"vvv015","n","nan","nan","nan","nan"
"vvv016","n","nan","nan","nan","nan"
"vvv017","n","nan","nan","nan","nan"
"vvv018","n","nan","nan","nan","nan"
"vvv019","n","nan","nan","nan","nan"
"vvv020","n","nan","nan","nan","nan"
"vvv021","n","nan","nan","nan","nan"
"vvv022","n","nan","nan",50.0,"nan"
"vvv023","n","nan","nan","nan","nan"
"vvv024","n","nan","nan","nan","nan"
"vvv025","n","nan","nan","nan","nan"
"vvv026","n","nan","nan","nan","nan"
"vvv027","n","nan","nan","nan","nan"
"vvv029","n","nan","nan","nan","nan"
"vvv030","n","nan","nan","nan","nan"
"vvv031","n","nan","nan","nan","nan"
"vvv032","n","nan","nan","nan","nan"
"vvv033","n","nan","nan","nan","nan"
"vvv034","n","nan","nan","nan","nan"
"vvv035","n","nan","nan","nan","nan"
"vvv037","n","nan","nan","nan","nan"
"vvv038","n","nan","nan","nan","nan"
"vvv039","n","nan","nan","nan","nan"
"vvv040","n","nan","nan","nan","nan"
"vvv041","n","nan","nan","nan","nan"
"vvv042","n","nan","nan","nan","nan"
"vvv043","n","nan","nan","nan","nan"
"vvv044","n","nan","nan","nan","nan"
"vvv045","n","nan","nan","nan","nan"
"vvv046","n","nan","nan","nan","nan"
"vvv047","n","nan","nan","nan","nan"
"vvv048","n","nan","nan","nan","nan"
"vvv049","n","nan","nan","nan","nan"
"vvv050","n","nan","nan","nan","nan"
"vvv051","n","nan","nan","nan","nan"
"vvv052","n","nan","nan","nan","nan"
"vvv053","n","nan","nan",50.0,"nan"
"vvv054","n","nan","nan","nan","nan"
"vvv055","n","nan","nan","nan","nan"
"vvv056","n","nan","nan","nan","nan"
"vvv057","n","nan","nan","nan","nan"
"vvv058","n","nan","nan","nan","nan"
"vvv059","n","nan","nan","nan","nan"
"vvv060","n","nan","nan","nan","nan"
"vvv061","n","nan","nan","nan","nan"
"vvv062","n","nan","nan","nan","nan"
"vvv063","n","nan","nan","nan","nan"
"vvv064","n","nan","nan",50.0,"nan"
"vvv065","n","nan","nan","nan","nan"
"vvv066","n","nan","nan","nan","nan"
"vvv067","n","nan","nan","nan","nan"
"vvv068","n","nan","nan","nan","nan"
"vvv069","n","nan","nan","nan","nan"
"vvv070","n","nan","nan","nan","nan"
"vvv071","n","nan","nan","nan","nan"
"vvv072","n","nan","nan","nan","nan"
"vvv073","n","nan","nan","nan","nan"
"vvv074","n","nan","nan","nan","nan"
"vvv075","n","nan","nan","nan","nan"
"vvv076","n","nan","nan","nan","nan"
"vvv077","n","nan","nan","nan","nan"
"vvv078","n","nan","nan","nan","nan"
"vvv079","n","nan","nan","nan","nan"
"vvv080","n","nan","nan","nan","nan"
"vvv081","n","nan","nan","nan","nan"
"vvv082","n","nan","nan","nan","nan"
"vvv085","n","nan","nan","nan","nan"
"vvv086","n","nan","nan","nan","nan"
"vvv087","n","nan","nan","nan","nan"
"vvv088","n","nan","nan","nan","nan"
"vvv089","n","nan","nan","nan","nan"
"vvv090","n","nan","nan","nan","nan"
"vvv091","n","nan","nan","nan","nan"
"vvv092","n","nan","nan","nan","nan"
"vvv093","n","nan","nan","nan","nan"
"vvv094","n","nan","nan","nan","nan"
"vvv095","n","nan","nan","nan","nan"
"vvv096","n","nan","nan","nan","nan"
"vvv097","n","nan","nan","nan","nan"
"vvv098","n","nan","nan","nan","nan"
"vvv099","n","nan","nan","nan","nan"
"vvv100","n","nan",80.0,"nan","nan"
"vvv102","n","nan","nan","nan","nan"
"vvv103","n","nan","nan","nan","nan"
"vvv105","n","nan","nan","nan","nan"
"vvv108","n","nan","nan",50.0,"nan"
"vvv111","n","nan","nan","nan","nan"
"vvv113","n","nan","nan","nan","nan"
"vvv118","n","nan","nan","nan","nan"
"vvv120","n","nan","nan","nan","nan"
"vvv121","n","nan","nan","nan","nan"
"vvv123","n","nan","nan","nan","nan"
"vvv124","n","nan","nan","nan","nan"
"vvv125","n","nan","nan","nan","nan"
"vvv126","n","nan","nan",50.0,"nan"
"vvv127","n","nan","nan","nan","nan"
"vvv129","n","nan","nan","nan","nan"
"vvv130","n","nan","nan","nan","nan"
"vvv132","n","nan","nan","nan","nan"
"vvv133","n","nan","nan","nan","nan"
"vvv136","n","nan","nan","nan","nan"
"vvv137","n","nan","nan","nan","nan"
"vvv139","n","nan","nan","nan","nan"
"vvv142","n","nan","nan","nan","nan"
"vvv144","n","nan","nan","nan","nan"
"vvv145","n","nan","nan","nan","nan"
"vvv146","n","nan","nan",50.0,"nan"
"vvv149","n","nan","nan","nan","nan"
"vvv151","n","nan","nan","nan","nan"
"vvv152","n","nan","nan","nan","nan"
"vvv153","n","nan","nan","nan","nan"
"vvv155","n","nan","nan","nan","nan"
"vvv156","n","nan","nan","nan","nan"
"vvv157","n","nan","nan","nan","nan"
"vvv160","n","nan","nan","nan","nan"
"vvv161","n","nan","nan","nan","nan"
"vvv162","n","nan","nan","nan","nan"
"vvv163","n","nan","nan","nan","nan"
"vvv168","n","nan","nan","nan","nan"
"vvv169","n","nan","nan","nan","nan"
"vvv170","n","nan","nan","nan","nan"
"vvv171","n","nan","nan","nan","nan"
"vvv172","n","nan","nan","nan","nan"
"vvv173","n","nan","nan","nan","nan"
"vvv174","n","nan","nan","nan","nan"
"vvv175","n","nan","nan","nan","nan"
"vvv176","n","nan","nan","nan","nan"
"vvvxcl001","n","nan","nan","nan","nan"
"vvvxcl002","n","nan","nan","nan","nan"
"vvvxcl003","n","nan","nan","nan","nan"
"vvvxcl004","n","nan","nan","nan","nan"
"vvvxcl005","n","nan","nan","nan","nan"
"vvvxcl006","n","nan","nan","nan","nan"
"vvvxcl007","n","nan","nan","nan","nan"
"vvvxcl008","n","nan","nan","nan","nan"
"vvvxcl009","n","nan","nan","nan","nan"
"vvvxcl010","n","nan","nan","nan","nan"
"vvvxcl011","n","nan","nan","nan","nan"
"vvvxcl012","n","nan","nan","nan","nan"
"vvvxcl013","n","nan","nan","nan","nan"
"vvvxcl014","n","nan","nan","nan","nan"
"vvvxcl015","n","nan","nan","nan","nan"
"vvvxcl016","n","nan","nan","nan","nan"
"vvvxcl017","n","nan","nan","nan","nan"
"vvvxcl018","n","nan","nan",50.0,"nan"
"vvvxcl019","n","nan","nan","nan","nan"
"vvvxcl020","n","nan","nan","nan","nan"
"vvvxcl021","n","nan","nan","nan","nan"
"vvvxcl022","n","nan","nan","nan","nan"
"vvvxcl023","n","nan","nan","nan","nan"
"vvvxcl024","n","nan","nan","nan","nan"
"vvvxcl025","n","nan","nan","nan","nan"
"vvvxcl026","n","nan","nan","nan","nan"
"vvvxcl027","n","nan","nan","nan","nan"
"vvvxcl028","n","nan","nan",50.0,"nan"
"vvvxcl029","n","nan","nan","nan","nan"
"vvvxcl030","n","nan","nan","nan","nan"
"vvvxcl031","n","nan","nan","nan","nan"
"vvvxcl032","n","nan","nan","nan","nan"
"vvvxcl033","n","nan","nan","nan","nan"
"vvvxcl034","n","nan","nan",50.0,"nan"
"vvvxcl035","n","nan","nan","nan","nan"
"vvvxcl036","n","nan","nan","nan","nan"
"vvvxcl037","n","nan","nan","nan","nan"
"vvvxcl038","n","nan","nan","nan","nan"
"vvvxcl039","n","nan","nan","nan","nan"
"vvvxcl040","n","nan","nan","nan","nan"
"vvvxcl041","n","nan","nan","nan","nan"
"vvvxcl042","n","nan","nan","nan","nan"
"vvvxcl043","n","nan","nan","nan","nan"
"vvvxcl044","n","nan","nan","nan","nan"
"vvvxcl045","n","nan","nan","nan","nan"
"vvvxcl046","n","nan","nan","nan","nan"
"vvvxcl047","n","nan","nan","nan","nan"
"vvvxcl048","n","nan",110.0,"nan","nan"
"vvvxcl049","n","nan","nan","nan","nan"
"vvvxcl050","n","nan","nan","nan","nan"
"vvvxcl051","n","nan","nan","nan","nan"
"vvvxcl052","n","nan","nan","nan","nan"
"vvvxcl053","n","nan","nan","nan","nan"
"vvvxcl054","n","nan","nan","nan","nan"
"vvvxcl055","n","nan","nan","nan","nan"
"vvvxcl056","n","nan","nan","nan","nan"
"vvvxcl057","n","nan","nan","nan","nan"
"vvvxcl058","n","nan","nan","nan","nan"
"vvvxcl059","n","nan","nan","nan","nan"
"vvvxcl060","n","nan","nan","nan","nan"
"vvvxcl061","n","nan","nan","nan","nan"
"vvvxcl062","n","nan","nan","nan","nan"
"vvvxcl063","n","nan","nan",50.0,"nan"
"vvvxcl064","n","nan","nan","nan","nan"
"vvvxcl065","n","nan","nan","nan","nan"
"vvvxcl066","n","nan","nan","nan","nan"
"vvvxcl067","n","nan","nan","nan","nan"
"vvvxcl068","n","nan","nan","nan","nan"
"vvvxcl069","n","nan","nan","nan","nan"
"vvvxcl070","n","nan","nan","nan","nan"
"vvvxcl071","n","nan","nan","nan","nan"
"vvvxcl072","n","nan","nan","nan","nan"
"vvvxcl073","n","nan","nan","nan","nan"
"vvvxcl074","n","nan","nan","nan","nan"
"vvvxcl075","n","nan","nan","nan","nan"
"vvvxcl076","n","nan","nan","nan","nan"
"vvvxcl077","n","nan","nan","nan","nan"
"vvvxcl078","n","nan","nan","nan","nan"
"vvvxcl079","n","nan","nan","nan","nan"
"vvvxcl080","n","nan","nan","nan","nan"
"vvvxcl081","n","nan","nan",50.0,"nan"
"vvvxcl082","n","nan","nan","nan","nan"
"vvvxcl083","n","nan","nan","nan","nan"
"vvvxcl084","n","nan","nan","nan","nan"
"vvvxcl085","n","nan","nan","nan","nan"
"vvvxcl086","n","nan","nan","nan","nan"
"vvvxcl087","n","nan","nan","nan","nan"
"vvvxcl088","n","nan","nan","nan","nan"
"vvvxcl089","n","nan","nan","nan","nan"
"vvvxcl090","n","nan","nan","nan","nan"
"vvvxcl091","n","nan","nan","nan","nan"
"vvvxcl092","n","r_13.96","nan","nan","nan"
"vvvxcl093","n","l_13.96","nan","nan","nan"
"vvvxcl094","n","nan","nan","nan","nan"
"vvvxcl095","n","nan","nan","nan","nan"
"vvvxcl096","n","nan","nan","nan","nan"
"vvvxcl097","n","nan","nan","nan","nan"
"vvvxcl098","n","nan","nan","nan","nan"
"vvvxcl102","n","nan","nan","nan","nan"
"vvvxcl103","n","nan","nan","nan","nan"
"vvvxcl104","n","nan",75.0,"nan","nan"
"vvvxcl105","n","nan","nan","nan","nan"
"vvvxcl106","n","nan","nan","nan","nan"
"vvvxcl107","n","nan","nan","nan","nan"
"vvvxcl108","n","nan","nan","nan","nan"
"vvvxcl109","n","nan","nan","nan","nan"
"vvvxcl110","n","nan","nan","nan","nan"
"vvvxcl111","n","nan","nan","nan","nan"
"vvvxcl112","n","nan","nan","nan","nan"
"vvvxcl113","n","nan","nan","nan","nan"
"vvvxcl114","n","nan","nan","nan","nan"
"vvvxcl115","n","nan","nan","nan","nan"
"vvvxcl116","n","nan","nan","nan","nan"
"vvvxcl117","n","nan","nan","nan","nan"
"vvvxcl118","n","nan","nan","nan","nan"
"vvvxcl119","n","nan","nan","nan","nan"
"vvvxcl120","n","nan","nan","nan","nan"
"vvvxobasi1","n","nan","nan","nan","nan"
"vvvxobasi11","n","nan","nan","nan","nan"
"vvvxobasi12","n","nan","nan","nan","nan"
"vvvxobasi13","n","nan","nan","nan","nan"
"vvvxobasi14","n","nan","nan","nan","nan"
"vvvxobasi15","n","nan","nan","nan","nan"
"vvvxobasi17","n","nan","nan","nan","nan"
"vvvxobasi18","n","nan","nan","nan","nan"
"vvvxobasi19","n","nan","nan","nan","nan"
"vvvxobasi2","n","nan","nan","nan","nan"
"vvvxobasi20","n","nan","nan","nan","nan"
"vvvxobasi22","n","nan","nan","nan","nan"
"vvvxobasi23","n","nan","nan","nan","nan"
"vvvxobasi25","n","nan","nan","nan","nan"
"vvvxobasi27","n","nan","nan","nan","nan"
"vvvxobasi28","n","nan","nan","nan","nan"
"vvvxobasi29","n","nan","nan","nan","nan"
"vvvxobasi3","n","nan","nan","nan","nan"
"vvvxobasi30","n","nan","nan","nan","nan"
"vvvxobasi31","n","nan","nan","nan","nan"
"vvvxobasi32","n","nan","nan","nan","nan"
"vvvxobasi34","n","nan","nan","nan","nan"
"vvvxobasi35","n","nan","nan","nan","nan"
"vvvxobasi36","n","nan","nan","nan","nan"
"vvvxobasi37","n","nan","nan","nan","nan"
"vvvxobasi38","n","nan","nan","nan","nan"
"vvvxobasi39","n","nan","nan","nan","nan"
"vvvxobasi4","n","nan","nan","nan","nan"
"vvvxobasi40","n","nan","nan","nan","nan"
"vvvxobasi6","n","nan","nan","nan","nan"
"vvvxobasi7","n","nan","nan","nan","nan"
"vvvxobasi8","n","nan","nan","nan","nan"
"w31","n","nan","nan",100.0,"nan"
"w33","n","nan","nan",100.0,"nan"
"w3irs5","n","nan","nan","nan","nan"
"w42","n","nan","nan","nan","nan"
"w43","n","nan","nan","nan","nan"
"w48","n","nan","nan",100.0,"nan"
"w49a","n","nan","nan",100.0,"nan"
"w49aeast","n","nan","nan",100.0,"nan"
"waterloo1","n","nan",75.0,"nan","nan"
"waterloo2","n","nan","nan","nan","nan"
"waterloo3","n","nan","nan","nan","nan"
"waterloo6","n","nan","nan","nan","nan"
"waterloo7","n","nan","nan","nan","nan"
"waterloo8","n","nan","nan","nan","nan"
"westerlund1","n","nan","nan","nan","nan"
"westerlund2","n","nan",150.0,200.0,"nan"
"whitman1","n","nan","nan","nan","nan"
"wit1","n","nan","nan","nan","nan"
"wit2","n","nan","nan","nan","nan"
"wit3","n","nan","nan","nan","nan"
"wit4","n","nan","nan","nan","nan"
"wzsgr","n","nan","nan","nan","nan"
"xdocc01","n","nan",60.0,"nan","nan"
"xdocc02","n","nan","nan","nan","nan"
"xdocc05","n","nan","nan","nan","nan"
"xdocc06","n","nan","nan","nan","nan"
"xdocc09","n","nan","nan","nan","nan"
"xdocc10","n","nan",50.0,100.0,"nan"
"zanin6","n","nan","nan","nan","nan"
"zetagemini","n","nan","nan","nan","nan"
