name,N_membs,hash
ads12696,25,ac9f99137ae04a3e
ads13292,83,77432350bc8ec5c3
ads16795,25,8a1f0125afa78212
afgl333,25,62ef3b2a1f92518a
afgl4029,61,dc63570aa7659329
afgl437,25,d18104ddd6b1fdb3
afgl490,25,671a46766b49a7e2
afgl5066,25,89b863946c598b35
afgl5085,29,204a37b0b8cce649
afgl5142,25,4114be9a55de7a0a
afgl5173,48,682034d552f01b30
afgl5180,25,2226fbd6f664b6b7
afgl5182,44,2120b3fc4eb87147
afgl6366s,77,fb9c5c548572870c
afgl961,25,9c17022cdce3374c
ah03j0822364,25,524fac9ef2bf679f
ah20031,25,4bc17804a2bcd60d
ah20032,39,8b4b64a00ba1be49
ah20033,25,2e0c50e55121fdcf
alessi1,119,ab6c49c104593df8
alessi10,192,3ddab96687933d8e
alessi11,25,46cbc7c924b2ec96
alessi116,143,6f934bbdde5235f2
alessi12,303,579c96458844af02
alessi129,25,00f6dd767b90357d
alessi13,125,32095ecd26119b55
alessi14,76,13e3e0a76ebdf2e1
alessi144,45,373dbe7968f0ddad
alessi145,96,b1784d03957b9ca5
alessi146,25,575a4e18ea475dd6
alessi147,25,07b16c55f8866fa0
alessi15,25,563500b45d3e6e64
alessi158,25,8420f8ca3519d8e7
alessi16,25,c092972fcb746b21
alessi161,117,4b0587566e6e0816
alessi162,28,074e7ebd6b9c2ff2
alessi165,25,cb84a77aa6ae165d
alessi167,28,5e17e344f7a3fde6
alessi168,25,ec57795c8a3ea5a0
alessi169,25,42fd0ca3ab1bec94
alessi17,35,3830648c43479aa8
alessi170,146,30bd99b4026a69a5
alessi173,25,8156ec2f30640cf1
alessi175,25,1dc5f75dee7c3c77
alessi176,39,aef7a0d3ec317755
alessi177,25,070fb8521c2e9f63
alessi179,25,c5b91cfdbd858957
alessi18,25,74e61d3b028103a6
alessi180,25,29086e4be9655e0c
alessi181,25,b7852764cba316fa
alessi183,25,37e21ade4f7a18b3
alessi184,25,f24cc37475f93bad
alessi186,25,eeed303fa0d5f22d
alessi187,25,a639a13ad7cf024e
alessi188,26,687a974800d8a630
alessi189,25,c650fdeb5ad223d6
alessi19,114,489c6ae0b2eac8f1
alessi190,156,137bf40c1b1cf1d3
alessi191,43,e4a9aacaddcc89cc
alessi19101p0509,25,0c0a120ed5c12b84
alessi192,25,5e32d8bf7e6a979b
alessi2,287,21fa8c1c15c52262
alessi20,305,25879b1b862a5b52
alessi21,476,270be3b75b0e4157
alessi22,49,80db9fb2afc87651
alessi24,350,0a5415d2172be962
alessi250,28,0ee4fbd0d2714950
alessi283,35,6b0f96bf3aafc7c6
alessi3,226,09ef55f0595299ce
alessi31,175,4e5f3f8947b7d16d
alessi33,210,a8d1bab61220eff9
alessi34,347,ae86a54c3b855fb4
alessi37,129,68bc04741e4b897b
alessi4,25,87132c3ae994f805
alessi40,175,2d119bdfc0c5e407
alessi408,25,063829a708dd7da5
alessi43,462,742c87a82c191bb6
alessi432,31,887f09c4695e8da4
alessi44,56,5441753649f3cac8
alessi443,25,f489d320bcba53e4
alessi49,25,c01a8efb8160946a
alessi5,665,f442079c58bb038b
alessi50,206,99000e313a36d1aa
alessi52,25,4e0db91cfa0b4702
alessi53,54,fddf966bf0ccdc72
alessi55,25,426a3b3e58967b39
alessi56,25,e12c557c83902c2e
alessi57,30,2614fc8e918de65f
alessi58,60,e5b46ce711bb35d1
alessi59,39,d8af988d1d0d87a0
alessi6,247,569e8050e85ef143
alessi60,145,b89dd975c6855b88
alessi61,37,03cce66be85960bf
alessi62,242,22cb624dc391af76
alessi64,25,4bcd5e79ebb29041
alessi65,81,27ff6f3268e83452
alessi67,25,645c597f447fb598
alessi68,25,4d6a294889d9ff1c
alessi72,42,c374548db1f2b0a7
alessi8,62,1c4d4843b849efdf
alessi87,25,2ef6150b0752a535
alessi9,140,4fa3075da812d408
alessi90,59,79e0bd113a5e7425
alessi94,64,491889fac7b72fef
alessij06016p3531,72,fb448cd036d7bb86
alessij06224p2114,34,087fd5a5213fbdc7
alessij19337p1147,27,97997d0b15ca614c
alessij23270p55,25,50e4cc3f872f44fe
alessiteutsch10,93,de05696a098cb0bd
alessiteutsch11,234,11288fa3ef9ea01c
alessiteutsch12,66,db30354940555cdf
alessiteutsch3,115,06093a1d9f87f5f4
alessiteutsch5,214,71e5c901f480f842
alessiteutsch7,157,79dc9f8922206efa
alessiteutsch8,317,7f97fcc475b81a7f
alessiteutsch9,94,c255f3a195db34ec
alicante10,25,563a1e21dbed516d
alicante7,25,85dc4b9058e324cf
alicante8,25,782b0d58aaa4e56a
am0430392,25,8ca4dd70c3bd290c
am1353265,25,7f8f664956d30dc6
andrewslindsay5,250,42840be0cc57f5bb
antalova1,25,0d8ef5fa7800b5a0
antalova2,60,d8845e85a6df5af8
antalova3,25,368f8b1c63aeb87d
antalova4,25,4066d4fc9fdc1e44
arches,80,297b240dcac980a7
archinal1,126,f3c728649ebdd6bf
arpmadore2,131,95cf9a3a752ef923
ascc1,25,21d5561799b6b2ba
ascc100,102,d0cbda9778f3b566
ascc101,196,19e4162825574032
ascc102,25,c002801eb956e3cf
ascc104,25,6a2feeed4ce53a47
ascc105,149,5df57fbf66c27994
ascc107,131,8030a8b364cac9f8
ascc108,138,e0a1d244c5e2feba
ascc109,25,53c98cca75a9f8db
ascc11,355,c4e444d5ac54b9f6
ascc110,111,209056e3f041f4e0
ascc111,95,c74a01fbadca3cad
ascc113,423,39374ee143b9256f
ascc114,204,e7f761bdd0111f38
ascc115,101,b73c551e59e185d2
ascc116,25,6ed0d0bf9b799aaa
ascc117,25,54e1db42440790e4
ascc119,155,ba50af708fdf6378
ascc12,114,67962e42f7700cd9
ascc120,25,c65a47d2b2689c96
ascc121,25,a09478f0d5348ff3
ascc122,25,6dffa4d970bccb42
ascc123,87,6d24cc9fd524296f
ascc125,367,92ff2eac8397847f
ascc126,25,3dfd5b7a2e2b2f75
ascc127,253,64583fc1fd5dbc56
ascc128,89,03aae01e0e4e6716
ascc13,93,192a0c04bc866f78
ascc130,25,709e726ceab5df40
ascc14,25,359ef40ebf46d350
ascc15,25,3c876bb8f45ba235
ascc16,456,a9a5390f01dedab1
ascc17,25,b4fa2e091e3e6646
ascc18,87,69a38879fed05291
ascc19,279,b1212a1e0db7ac9a
ascc2,38,cacf7ba9dcac7b0e
ascc20,244,b228093d6985a53d
ascc21,154,fe519fb5c1f7c7b9
ascc23,167,01530b4409b031c6
ascc24,25,379bb2dd811f18c6
ascc25,25,585090f013f7cec8
ascc26,25,65a1f450b631cf28
ascc28,25,c93db46663808af6
ascc29,79,d6c92a5dbc67a966
ascc3,25,5113a8573051e769
ascc30,67,b92fc2ec40109e87
ascc31,25,7cbac81e9ff2a715
ascc33,50,b6c7a4d313ac93e4
ascc34,25,bd5b9274ac77d13e
ascc35,25,da9f7590699070f7
ascc36,25,7149c007228b81d3
ascc37,25,039df0c9f7dce557
ascc38,25,e32d806ad06f26ef
ascc39,25,f95d8679875e19a2
ascc4,25,c260dde79902d5fd
ascc40,26,501058b577b9e5dc
ascc43,25,d2326170862c1a6d
ascc45,61,c80f0d5d007b5b4c
ascc46,65,c42780886e0d7d68
ascc48,25,eae9534d05834ad1
ascc5,31,0323a89f16d693a0
ascc51,107,7e91c8de7b1829a4
ascc52,42,64c38186287e4510
ascc53,25,750dd86976316bd7
ascc54,25,3b7f0cb5287242e0
ascc55,25,3cacad93a883f651
ascc56,25,fe39d0adb7a4bbec
ascc57,25,a39c58ed7f90509a
ascc58,331,e49669e93cdc00a5
ascc59,25,1638b9f3a7b515fb
ascc6,160,4ade62a85e18c0ce
ascc60,94,eeaff571cccb6c59
ascc61,201,560994296f8a6003
ascc62,63,452f5a0cb9675254
ascc63,88,ab94a43a14d46572
ascc64,25,a80d79d1416794bf
ascc65,126,f2c1f66a373db4ec
ascc66,44,f4f4caf908758c34
ascc67,52,b33093fd560b35f2
ascc69,25,7803ad661630e219
ascc7,25,95c3eea9e1895e62
ascc70,41,bcec6eadd24d0d2e
ascc71,114,d82a65c00e5c577c
ascc72,96,23d994d11d89239f
ascc73,46,9c9c59a7b2c61512
ascc74,25,820ee02f0b6b8014
ascc75,25,6e50cddc42d66c5d
ascc76,25,cb0eac4788f479a6
ascc77,177,2e5afa4055bdc054
ascc78,25,737b44d6fdb4685c
ascc79,201,6f965cb398352072
ascc8,25,a7621bfcfcd7a72c
ascc80,25,3f913446e0fe58fb
ascc81,25,7b791562e978cdea
ascc82,25,00416818ccabf9cc
ascc83,25,d7ae1b6d2b3c421b
ascc84,25,c5c4988cd1df723f
ascc85,144,f7c3daa11f8bd5ff
ascc87,59,79f599ea65de02dc
ascc88,127,f93ca31d5572ed34
ascc9,151,349bc9d5bc89a89e
ascc90,57,0392f8077e495cfc
ascc91,25,d5db52e6e0ab9b3e
ascc93,59,b4db6c9e18bffd12
ascc94,62,8d7e7582f1af9432
ascc95,59,f9e11bfd150f9fb0
ascc98,25,a81719eb2ec6b68d
ascc99,132,1d091ff69c2b82e5
at14,25,c758880720c2b5c3
at16,25,97df52e0a95d7d04
at21,229,5f08ceea7368f35e
auner1,101,5121ecc2e769dd6a
avenihunter1,128,a89d393b2b42b6e8
b30,25,6a8109dd3e7967ef
b35,25,ed380649b1dec050
barkhatova1,100,1b8d55ab264c27c9
barkhatova2,25,31a000d2b1587a05
basel1,92,4deb622f3935201a
basel10,109,e0ecd86819be943b
basel11a,133,5d1d9601aebbc897
basel11b,160,760c7208e8b2c2e6
basel12,25,71fb92b7063963a2
basel14,25,f32759439b5a4570
basel15,25,bb24edd7bcbf2c95
basel17,45,59e9dad43fe1d6a8
basel18,42,d616f6891349453b
basel20,25,f36c2bd2f79ac3d3
basel4,123,6f95d68cdba8d626
basel5,25,8972b4a5db5be97e
basel6,25,6f010243f0135958
basel7,25,96ea5d35f1dbc8ed
basel8,46,67ddbacd84797b9c
bdp40d4124,25,2d8a2f4ebf00bf73
bdsb10,25,90921f29ef5b3d6e
bdsb102,69,5ee27ed1f7dbf3d0
bdsb103,33,be81805ab84e8fc6
bdsb104,45,20c11279180fbb74
bdsb105,25,a8435b84ccb7b780
bdsb106,25,bb92a79bf0ad60de
bdsb107,25,ed18f16b8515ca11
bdsb108,25,738c7a3662825994
bdsb109,25,4fafe2a9f663cfa1
bdsb11,25,171f4ede80c5bec3
bdsb110,25,5843ed9a0010b7f1
bdsb111,25,a7d0b92aba6201f8
bdsb112,25,432f1c3eb804f268
bdsb113,25,3d3abf1a3022b333
bdsb114,25,57aea753df45b724
bdsb115,25,5f7996565b0d3109
bdsb116,25,960398983379e446
bdsb117,25,f72d2d36f6980e12
bdsb118,25,d09b3fa6d02acb7f
bdsb119,25,cc0cc2ca4071bb90
bdsb12,25,27bdbcd54d3b7505
bdsb120,25,a1189957d0cf6274
bdsb121,49,3ea911f01fdbf6fb
bdsb122,118,4423cf2217de15b2
bdsb123,25,0315bfacb349290f
bdsb124,57,0ade47435b45af17
bdsb125,56,f921d3e794062644
bdsb126,25,7ea3f2fbd0c9c670
bdsb127,35,d9afc35110c53133
bdsb128,25,e0e30e81819bbea9
bdsb129,66,c1925afd369d8e44
bdsb13,25,d67091c8ba77228e
bdsb130,67,d0c886df5201d114
bdsb131,25,7598b3cd1c38f12e
bdsb133,25,28a0d32511f25738
bdsb134,25,bda7339915d46e09
bdsb135,25,6b64e73d014a4632
bdsb137,25,df950dc869e32980
bdsb138,25,f1956944c2d51259
bdsb139,25,712c85a7c8a90157
bdsb14,25,0ecb901875e14694
bdsb140,25,66e7e3f58b286583
bdsb141,25,666493cd7fcf7762
bdsb142,25,5f020f3911a1b370
bdsb143,25,cb51504821a4102a
bdsb144,25,c49e85667ba972dc
bdsb146,25,0a5112aec57f4285
bdsb147,25,219c22b1d39f5cae
bdsb148,25,db8ac6f7b9e5b644
bdsb15,25,4c26568934865f52
bdsb151,25,89c1871005c042b1
bdsb153,25,5eea88e3e66f36cd
bdsb154,25,59bb46a17e7491ce
bdsb155,25,28e56f0ee60cff71
bdsb156,25,1de690368f599db7
bdsb157,25,bae524a26d895ec2
bdsb159,54,9a51a1bbc23ee512
bdsb16,33,c5a48b673e1cc98e
bdsb164,25,393ba31246981f78
bdsb165,55,87149e7f46dde635
bdsb166,25,5edbae3802f7c4d6
bdsb167,25,ee5c43bb07137f35
bdsb18,25,3b8c88d48f71b4a6
bdsb19,25,7721028b1363a835
bdsb2,47,7da4deae005fa87a
bdsb21,25,076684899f37385a
bdsb22,25,10f9395c0091299d
bdsb23,25,b9f1592cf9b9843c
bdsb24,25,defe591c6d0593ce
bdsb26,27,0aeaa431d59e56df
bdsb27,25,c4ebe1220c2324ed
bdsb29,25,00b8d3e12e41b0fc
bdsb3,25,a00657699da9032a
bdsb30,147,29862607b039041b
bdsb31,25,6400d73ed33d4b7f
bdsb34,27,3283fbd1da583e0d
bdsb35,25,cf1587f09594d69d
bdsb36,25,2b5c692c80786f90
bdsb37,66,3cff3330b5e3c85c
bdsb38,25,256f38f25c9c0160
bdsb39,25,8b7c71d625f4c1da
bdsb41,83,6e77126582a893a0
bdsb42,25,7a2140b619e8f8fd
bdsb43,25,0e59b13a55c6a783
bdsb44,25,cf05a87f7c83030a
bdsb45,97,b5eb8c492b3f501e
bdsb46,32,f6e90e44191c22bf
bdsb47,25,1c6084ed61b4eff5
bdsb48,25,b4403cfccbe80992
bdsb50,28,aad6d3609dedf65f
bdsb51,25,f95e0ebc1449b8f4
bdsb52,66,95d0f9dee9f3fbc3
bdsb53,54,b9b1eb355545ae85
bdsb54,25,5ccb56e3a6189817
bdsb55,25,fce3d7153976d8c9
bdsb56,25,c1be8909f8b7bafb
bdsb57,25,e7f5c8a576510851
bdsb6,30,622878e54f135d72
bdsb60,56,ff98f534e6c47c34
bdsb62,25,02874d090bc4bb1e
bdsb63,25,085eac449cd52edd
bdsb64,25,2e6854a2d92278a1
bdsb65,67,4540add5a538865e
bdsb66,25,938ac769a3f82b09
bdsb68,27,71e51f67d1a257b8
bdsb7,25,cfa997350711e3ad
bdsb73,26,5c0467bea9595486
bdsb75,32,40e996dfe5dd0cdd
bdsb76,25,289b79d4e6c51d77
bdsb77,25,0306756af8524a33
bdsb78,25,fb095832fb23c15d
bdsb8,44,b4396d4ec2fb71ea
bdsb81,25,641afdd21c1a31ee
bdsb82,59,495652c9a5ab4114
bdsb87,25,405a89a8bfa86f56
bdsb88,41,bc4bc2b4c016b5d6
bdsb9,25,d4bd9539dab3788c
bdsb90,25,d138755d6474a985
bdsb91,71,7beed370af939495
bdsb92,25,b49700c7ac25c4c3
bdsb93,87,898d72c58d8f3620
bdsb94,25,1d436ecdce83bd03
bdsb95,25,2cfc192cdbb594ee
bdsb96,116,00ab2729b477b02b
bdsb97,41,08c1fe133b75bb06
bdsb99,59,ab2c9ee073cbb7c0
berkeley1,86,62afd0b488b0ebc3
berkeley10,349,0bced2d955c1b51e
berkeley100,109,a33c26398f0e2a8a
berkeley101,206,5825336faebae085
berkeley102,161,7a0d81ca63176873
berkeley103,119,c95e30091b125f71
berkeley104,94,930a724fb25bf290
berkeley11,117,1822ccc55bfe5960
berkeley12,350,3bcc93c862e599be
berkeley13,302,99027b7236c910fa
berkeley14,462,0f3c0a3c00d25aab
berkeley14a,35,b88fbe1d7eae34a1
berkeley15,161,8e3507e28b966c30
berkeley17,844,638504208b3797f2
berkeley18,1243,99dac0e691ae32da
berkeley19,165,0f6e09b2aa1af79c
berkeley2,399,b6ce0763f25dc0db
berkeley20,224,c716ffdc243f20f2
berkeley21,232,013a4b7f4fea0bfb
berkeley22,265,198a73441c1a179b
berkeley23,117,017dc52dd927c737
berkeley24,375,9828726fc85c0030
berkeley25,308,98b406a53580e60c
berkeley26,45,03ba869edd89caa6
berkeley27,205,4f79376186123f06
berkeley28,140,7cce04c3b4bd3e65
berkeley29,180,6efaabdde701e60e
berkeley3,174,095d9502dc7f9fcf
berkeley30,175,9a487926fc2a2e2f
berkeley31,317,d66165420baeb050
berkeley32,767,7f7f479f0cadcd8b
berkeley34,240,13b99fe446acdaf5
berkeley35,259,2bd2ea1671f49ab0
berkeley36,842,ee4cc71c36105544
berkeley37,197,2b1ff998cc817944
berkeley39,1297,f9c40c6d498ff44c
berkeley4,220,0fe7859eae3be3bc
berkeley43,415,dab2947d7524c890
berkeley44,427,1c5093545b8dec8e
berkeley45,212,9e98b43f0f06663f
berkeley47,126,1857ee0bf8a2668c
berkeley49,183,daa473294ee2f6b2
berkeley5,172,5c79215634a60a8f
berkeley50,238,eee26682dadde691
berkeley51,205,cfc4d70dccce95cd
berkeley52,157,048812ebc08810e9
berkeley53,1915,e2aa0413238c5c9a
berkeley54,487,4e76451eb94bae35
berkeley55,229,6039b5b3de0caece
berkeley56,505,92de2e48333fcb1d
berkeley58,235,0d233a801ad5e6b1
berkeley59,497,90eeb2df6e30289b
berkeley6,95,82232ac1ffa627f8
berkeley60,250,ea2d324d1ab854d6
berkeley61,113,b580e68c5a50936f
berkeley62,117,1708516a0c2f244c
berkeley63,87,d68d28ba29c6d87a
berkeley64,176,5177f07418bd7264
berkeley65,65,80096688bd41f918
berkeley66,123,19696a73c8fe7360
berkeley67,233,be7ad7f446114755
berkeley68,515,36fc423692c167bf
berkeley69,269,08ad3aa7dcc51166
berkeley7,128,bb350c441fb0ce74
berkeley70,454,af37403e797ca320
berkeley71,169,04be6b2fcb6dc9dc
berkeley72,131,14c05df00684903e
berkeley73,133,7be87bf03c3c2607
berkeley75,132,13434e695f08d9aa
berkeley76,113,680df72e5de028cb
berkeley77,76,55015e97c187ecb7
berkeley78,176,20a5258ed797b00f
berkeley79,178,49d494916773613e
berkeley8,761,6cbd298864a1de82
berkeley80,86,d8ecf0218f679c11
berkeley81,230,6ef1ccecc8f69bad
berkeley82,149,92c5b227060d3aa6
berkeley83,129,80a5ce0c65694570
berkeley84,66,5e4181c5f34869e8
berkeley85,687,468d8a29807e28b5
berkeley86,109,cba9050ee51c2217
berkeley87,139,758675b960d616db
berkeley88,65,d4603181af68a18d
berkeley89,441,3e99654d3116931e
berkeley9,237,26c0e5e98da947bd
berkeley90,189,acdca3f9989bb577
berkeley91,89,5b7545d07615046f
berkeley92,139,cf5056fcb7d045be
berkeley93,132,a7c20359d5bc82b0
berkeley94,64,42000684a23f10c4
berkeley95,417,f36505c3225753eb
berkeley96,76,1d831a4fade587ff
berkeley97,86,c6fa1e68a858108c
berkeley98,251,33269c1795813f58
berkeley99,307,3292628ec2b77b1a
bfs51,25,5b22dc33b26e75bc
bfs56,46,3975ec922575bf41
bica1,25,dc909c252d21d81c
bica105,25,107cdf3a2725ac2d
bica106,25,0c844f2c713c08db
bica107,25,f2e596d21a8c3a8a
bica110,25,cbec7dfaa36da495
bica112,25,d78049fcce54a2e0
bica119,25,2187145cb63264c9
bica131,25,8bec46affe7fa6cd
bica154,25,f715af39e328babf
bica158,25,0c7bb6bea4ff3f71
bica159,25,cf1e29dce8d0e282
bica214,25,592db625f4efca51
bica28,25,8fa43b9c38cb824a
bica3,82,69f00b8732afab4f
bica349,25,6a605cb59c44357e
bica351,25,47f074a430831048
bica361,33,276b83cf8bd7e9c6
bica369,25,122ad07ec80a6945
bica386,25,695c72b74605eb8d
bica4,30,4b5e5f778a6d83fd
bica409,25,7068756a8a0fa7b6
bica432,25,8d7bd3beabc4342f
bica449,25,0affdbd76a203a34
bica46,25,6eb9f84b201e8b68
bica47,25,260ddfe7042a5d3f
bica484,25,a66c3197543dcf0e
bica486,25,2e61ae78ac0d73c0
bica490,25,711f22a2c9107b31
bica494,98,f5d9462c52d4ed53
bica497,25,acd7c0303b4616d0
bica498,25,305a8658db22539d
bica499,25,762111c3d0113a7a
bica5,66,8083cd2f30d29097
bica506,25,43ade243472e8923
bica513,25,d3c4f06d8677557a
bica516,25,782a7918bbed74a1
bica520,25,8f2e9c9b720af165
bica522,25,4a26fb0ca4b2fa26
bica524,25,20a1f50f5f1fd051
bica525,25,c8b9ec017248d7b7
bica531,25,d04707c4324c6e5c
bica588,25,baac127cf86c0210
bica6,25,187ce4b5bbcbb10f
bica626,25,12b89c3ca489baeb
bica631,25,1fe59a105aaff65c
bica636,25,00d46c84360ae025
bica638,25,52e3efd08fdc567e
bica639,25,48e66aac05316802
bica641,25,d2073877f8ac7f5d
bica643,25,bb8c0fe07915ec4d
bica644,25,b3f42ff1cf256b3a
bica652,25,7b1c0adac1697dc9
bica659,25,03e2c3269d640d9a
bica68,25,e2e1d8daeec00f63
bica7,25,5d887801aa257939
biurakan1,27,3b264b7d2a8b852f
biurakan2,123,03e4ff1328519899
bkf48,25,4afb84b81e2e65ae
bkf49,25,202bc0bf4862dda9
blanco1,669,71b16a5bd2854f7e
bochum1,93,ec06b6ad8f5b805f
bochum10,201,752f9594d986ef99
bochum11,127,b84dfc91e8c9b555
bochum12,25,183988ae89854e45
bochum13,105,0eb47f975e10c38c
bochum14,171,73a91baa01923dc6
bochum15,67,dd71774211b2787c
bochum2,37,004ad115aa1b9285
bochum3,95,39a941647ec7c74c
bochum4,115,08de0cc62834d86e
bochum5,25,0e37003286082f3f
bochum6,107,604a935c7ccc730e
bochum7,25,7e997cd96bcfa7ad
bochum9,25,750312424d9df383
brc12ir,44,a27e7e8783780528
brc13,25,c4a257e1991defde
brc2,25,5ae14d8489fef3ec
bsf56,25,e6f992efff3b7f9c
c1331622,25,0bf9d9a5ca4229cd
carraro1,36,e96530816d894509
casado10,44,ee7fe209079e19b2
casado11,25,d7a8ecaeefbe5fb3
casado12,75,8c12fce1597db657
casado13,80,d2280212690a33ff
casado14,109,f5159430d4af7482
casado15,29,a112ffd7507e325e
casado16,25,45b590c49b397702
casado17,85,6e764f662c7453c8
casado18,25,026ef1e62d148400
casado19,58,79a12b64e0d59882
casado2,40,824aa8985ef1420c
casado20,25,70e59df2450189ad
casado21,28,2e416cae92872469
casado3,47,bda958fd68b25ff8
casado4,55,74ee71030bb358e6
casado5,69,21fdb240a24ec640
casado6,56,728a7e2985178766
casado7,54,124fd1cf8fc9e979
casado8,28,b576986f7820228c
casado82,25,fa4a42be1be9a95e
casado9,51,d7db5f103d521ed9
cbb3,25,f2418126b95f2f32
cbb4,25,d7429cdd0bd4ed09
cbb6,25,3e3c466474771818
cbb7,25,842bf73b04903be5
cbb8,25,4d2d3447bc662e51
cbb9,51,6f83a698091579b7
cbjc4,25,5320b65b5382b387
cbjc5,25,09d234ae2a93d8b6
cbjc6,230,216eb3ee2b957ef5
cbjc8,50,6ae926bd031d339e
cepheusa,25,9b1c3a2dd4d9737f
cepheusc,25,642debe9f52954b3
cepob3,31,d4c9b56c77695821
cepob5,151,3efc3e092b4d420f
chainorth,81,826b515741e251e7
chaisouth,86,8d06da94edbee886
chereul1,19,e54775e37950077a
chereul2,25,84347f3114343bcc
chereul3,25,c558e12a2bdb6f13
cirob1,25,b90b5c6b7f917e09
ckcwdm10746,25,d26f91a78bf004d3
ckcwdm10750,25,d4eb90246b64080c
ckcwdm10781,25,d0db1434c8cae2d0
ckcwdm10782,25,59e7b3d592df2563
ckcwdm11106,25,aab7678592a32faa
ckcwdm11151,25,bb3cd206af863d69
ckcwdm11186,25,2d34922c2927f154
ckcwdm11500,25,9d29dc1fe53a254a
ckcwdm12756,25,3ccc0346c271aaa7
ckcwdm1327,25,4d97cf73f7fea561
ckcwdm13270,27,196d7badc49da664
ckcwdm13280,25,04db09c51149faa8
ckcwdm13304,25,7e7e7889f8aa9eef
ckcwdm13324,25,9edf17ffa401e91f
ckcwdm13382,25,b4d21e8e43ed1be6
ckcwdm13489,25,42c8ff11539bb2b2
ckcwdm13565,42,362f1c4b98d9e18e
ckcwdm13611,25,88f625db5d5e48d5
ckcwdm13661,25,6f90b2d15705be5b
ckcwdm1428,25,f4983f4e9a1f891f
ckcwdm14529,25,967be63b6881235b
ckcwdm14735,25,199c13a18dfc3f60
ckcwdm14736,25,0a6ad7f0a05e52c2
ckcwdm14742,25,aa81001dd21a5ed5
ckcwdm14756,25,58bdd4a7b960fb66
ckcwdm14773,25,0f68791225fa4ac0
ckcwdm14822,25,9c108a0c7068f102
ckcwdm1489,25,e2d6b8b9259d6259
ckcwdm1534,25,c467ecc4f0ec28bf
ckcwdm1543,25,30ccbbd0a2d7ed47
ckcwdm15903,25,00aa2475ca447487
ckcwdm15905,25,a89c4411ccbf0731
ckcwdm15912,25,0abe691a464aae3c
ckcwdm16094,25,5d66788ee6292f22
ckcwdm16261,25,11d8c3d7ecc8919e
ckcwdm16298,25,49a4b431df882ead
ckcwdm1649,25,bee67f8b960b7a9d
ckcwdm1654,25,a6f9223db2c428d3
ckcwdm1684,25,577c756664d6ec29
ckcwdm1687,25,86976bc44b73766c
ckcwdm1699,25,81ab312016bd0f73
ckcwdm17224,25,51e05deea97f938a
ckcwdm17322,25,78cd9cd725e9a0e3
ckcwdm17355,25,248bd2056cf1a3a6
ckcwdm17388,25,e9825e3ef21c7612
ckcwdm17394,25,b74614296d509f95
ckcwdm17444,25,46c787850fb2401a
ckcwdm17554,25,3657cb5e58856405
ckcwdm17564,25,9a5dfd3c336b4699
ckcwdm17579,25,f1698d3317749119
ckcwdm1758,25,bfa59f356fa0cc5b
ckcwdm17618,25,450d1c629464c671
ckcwdm17684,25,20bbc05a70ad610e
ckcwdm17720,25,afeb428b3995842f
ckcwdm17724,25,4ef28d2cecc474bb
ckcwdm17758,25,688ae0cfd6719100
ckcwdm17843,25,c39e2945bab08fd0
ckcwdm17855,25,5659e1bacaf66cec
ckcwdm17872,25,fbe890bdf2e0cd2b
ckcwdm17877,25,0976b31d371a07c2
ckcwdm17904,25,169df5daa61eb843
ckcwdm17916,44,b624dc952c5fbfa8
ckcwdm17942,25,4756fbe45b445811
ckcwdm17961,25,4babc29ffc31bcb1
ckcwdm17966,51,00f2755577a7e08f
ckcwdm17967,25,016d1b0da1918089
ckcwdm17985,25,41d7e971ee661812
ckcwdm18087,25,c1cc179923786bb8
ckcwdm18240,25,0ecfbd02399eca24
ckcwdm1837,25,ab03df713f604501
ckcwdm18487,25,f9391f4338c1f5ee
ckcwdm18505,25,fc63f88ba7763bb8
ckcwdm18506,25,8075cf78072ef6dd
ckcwdm18516,25,2c41d43c14040013
ckcwdm18542,25,e1e8c11cc607f5be
ckcwdm18587,25,ae2538d01bf75d4a
ckcwdm18603,25,8a4d4df08da9e260
ckcwdm18616,25,040b9d89f57fd4ee
ckcwdm18691,25,aedf5e3bd4aedc77
ckcwdm18743,25,d17abb7cb1de28f4
ckcwdm18805,25,03546740eaab7cee
ckcwdm18950,25,9ed967ae567157a9
ckcwdm19194,25,6ae7051b2efbd652
ckcwdm19307,25,375678c655944dad
ckcwdm19533,25,d739cd6debbe6bc6
ckcwdm19589,25,4520925660922832
ckcwdm19652,25,caec9b107b01064e
ckcwdm19722,25,e92c8c8a3ff78d03
ckcwdm20041,25,f7ef20c1ef74a9c3
ckcwdm20113,25,d7f22e97959c1b80
ckcwdm20203,25,6027d2ba743727dc
ckcwdm20366,25,60799936e8c4d26a
ckcwdm20430,25,48474802ee172d68
ckcwdm20562,25,428bacc7f8b59852
ckcwdm20570,25,7afe2c6177616909
ckcwdm20620,25,30929de49cd2c737
ckcwdm20625,25,3233231c72e4017a
ckcwdm20899,25,dde85a8ac075b891
ckcwdm20901,25,3d3bf91f3b0b6018
ckcwdm21395,25,bc281a1ce35758de
ckcwdm21494,25,89af8154b3a03f0f
ckcwdm21522,25,beb1b4efa36cf55a
ckcwdm21579,25,20fbb882aea670d7
ckcwdm21630,25,7507e8de0af9df34
ckcwdm21634,25,54c10030eb17e34e
ckcwdm21950,25,7b91a89ef93081a7
ckcwdm21978,25,7406a10f87286462
ckcwdm22007,25,0a79eb83a0650f59
ckcwdm22021,25,4a598f732796d025
ckcwdm22156,25,6eb4f2ff8e0b093c
ckcwdm22166,25,5f6df33e2df0b270
ckcwdm22388,25,5539d0df9348b424
ckcwdm22395,25,a35b4c9d5f8ef49d
ckcwdm22440,25,1c2d3196bed887d1
ckcwdm22461,25,3f7f86fdaa14cb19
ckcwdm22556,25,7bc02d2ffeadd2bc
ckcwdm22566,25,5d1c5cbf1a8a9524
ckcwdm22608,25,4e175061ea3b4ced
ckcwdm22613,25,04554047ddd3b41f
ckcwdm22617,25,6b74eff350ad75d1
ckcwdm22823,25,04ad40db51285b97
ckcwdm22851,25,ea26fc8188ebf248
ckcwdm22875,25,9ca2d717bb9a780f
ckcwdm23478,25,f3bb3d119ba4dbb9
ckcwdm23532,25,89d3502c8aaa923b
ckcwdm23553,25,95081e6a3dc804e1
ckcwdm23621,25,b12de1a9c8b081ab
ckcwdm23778,25,060596265044b965
ckcwdm24066,25,71f1c0509614a1f4
ckcwdm24316,25,e9855c5d6928249a
ckcwdm24371,25,1f7b8eb9554535ec
ckcwdm24429,25,37136605fb0ee220
ckcwdm24489,25,35e43f9f02ade7ce
ckcwdm24497,25,f7a51e5e82e54f1b
ckcwdm24510,25,54e42f71eff7d73e
ckcwdm24513,25,5c4c3571984c0d91
ckcwdm24644,25,0bd947ad0c3cc67b
ckcwdm24756,25,2c04a1900888644a
ckcwdm24816,25,eac3dacd76bc81a4
ckcwdm24855,25,628cb74685b0c468
ckcwdm25027,25,0b6cc566f4daa1c4
ckcwdm25093,25,9b255553400b3973
ckcwdm25103,25,2bba3911b516d828
ckcwdm25107,25,9c9e79cb53a2a191
ckcwdm25116,25,a678b25cc003e658
ckcwdm25132,25,03546f17a7773f9e
ckcwdm25134,25,3f7e32dec21acaa4
ckcwdm25149,25,bbcc4d973f861f1d
ckcwdm25239,25,15462e3e7d806041
ckcwdm25243,25,58c54c46f1fbf34c
ckcwdm25248,25,7d749959b1fbf428
ckcwdm25276,25,43d29b14f18ff877
ckcwdm25284,52,8263a94ff2791e39
ckcwdm25285,25,0026f3e47dfcd65f
ckcwdm25306,25,69e72c6700bc465d
ckcwdm25315,25,8599c063bf5b16ca
ckcwdm25324,25,c6ed992a29a11919
ckcwdm25355,54,1a50c9a1e9a3a0df
ckcwdm25356,25,cbd0bf73b6144cf4
ckcwdm25362,25,1e41de12c13e37c6
ckcwdm25422,25,aff1516bb0b6f528
ckcwdm25423,25,f901a15779e8f0fb
ckcwdm25429,25,675ee6ef222dbece
ckcwdm25476,25,24fa78c17a3b6a6e
ckcwdm25547,25,374076006dd777bc
ckcwdm25554,25,63a9e454c182eb4b
ckcwdm25586,25,89a9cc5945486a14
ckcwdm25598,25,7fd09e7d5d03b52a
ckcwdm25601,25,11b5e6c53d74432a
ckcwdm25614,25,93122c8481ab87aa
ckcwdm25648,25,73c3ecb776accfc3
ckcwdm25651,25,a0136fd4398f0d2b
ckcwdm25672,25,268286df546484f0
ckcwdm25726,25,970434995437ac7a
ckcwdm2575,25,a75b110b25cade9a
ckcwdm26781,25,e8cee2e90f923b0b
ckcwdm27033,25,a163d1a9eac7a64c
ckcwdm27071,25,0d05f2be5d5cf939
ckcwdm2721,25,377a96d3081c288b
ckcwdm27388,25,aa04e0ddf9514b60
ckcwdm2739,25,afe248ca04a03c33
ckcwdm2773,25,3d0c66a74d2e763e
ckcwdm27871,25,cf65de5c69cb745d
ckcwdm27955,25,de6aa42ff09b7184
ckcwdm28004,25,04422df04431caf7
ckcwdm28031,25,b2b904d88f20ef82
ckcwdm28035,25,5636e8baae9e225f
ckcwdm28039,31,c0f0086f0ee18e8a
ckcwdm28044,25,c02c4b1c55eac474
ckcwdm28070,43,0829fad68aee59ee
ckcwdm28078,25,c4a628600b75edab
ckcwdm28113,25,fb2183da28e575d4
ckcwdm28131,25,2106fb3c68ac9e4d
ckcwdm28143,25,58b06e697cb9b9dd
ckcwdm28144,25,e7a9af83917a9a7b
ckcwdm28147,25,6f0026b7e1fbbe73
ckcwdm28153,25,780deaae580b73b3
ckcwdm28184,25,2e8e472f01125e8c
ckcwdm2822,25,a5a45a416d742f5d
ckcwdm28251,25,bfb3c325a77c40c2
ckcwdm28260,25,a11d81f9205b3db6
ckcwdm28373,25,694ba6c7234c4168
ckcwdm28375,25,c8ab2b2b3c416c0b
ckcwdm28457,25,c2a18577c8326e6f
ckcwdm2850,25,7bb5f0837d14d435
ckcwdm28509,25,eb4e8493f86677ce
ckcwdm28545,25,f85ce807087cab64
ckcwdm2856,25,cde47f69204f96ff
ckcwdm28616,25,2352b014de6aa1fe
ckcwdm28694,25,69bf3676b4d8f218
ckcwdm28835,25,9a0d8c097e9cf172
ckcwdm28840,27,6deac7a53562cd74
ckcwdm28863,25,24946bb816e2d65c
ckcwdm28868,25,f738ac7f3ecfbab4
ckcwdm28893,25,ece1a414816faf1f
ckcwdm28938,25,dbde31d747472442
ckcwdm29095,25,92afd578c5d26320
ckcwdm29204,25,a93dde8221e8395a
ckcwdm29343,25,015d544bc790421b
ckcwdm29354,25,d5e66b23097432ff
ckcwdm29389,25,2a49f1eb408fe72a
ckcwdm29398,25,e30040f1aa07e34c
ckcwdm29447,25,10508d1214858b72
ckcwdm29454,25,c2086a56165a6dcb
ckcwdm29463,25,c8af79443f2ef9d6
ckcwdm29464,25,f34e1ada1b9773b9
ckcwdm29482,25,a1e0f7bb19e876c0
ckcwdm29498,25,ae6a86d21cc64cd8
ckcwdm29503,25,112f8330b839c2d0
ckcwdm29591,34,d6b34740b84e4d8f
ckcwdm29603,25,e4e2b478a7985f05
ckcwdm29646,25,38a3bd4967160bb5
ckcwdm29686,25,1891de78aac77ede
ckcwdm29710,25,60f0706d88b366d0
ckcwdm29762,25,88cba61d87613b5e
ckcwdm29776,25,74f2f41a7d31ff8d
ckcwdm29791,25,e6de43c180c66867
ckcwdm29863,25,a248eb1120df66f9
ckcwdm29864,25,a29cb2c0cce8c41a
ckcwdm29870,25,3e63cb61b4e21de3
ckcwdm29935,25,2de7e8652e360aa1
ckcwdm29954,25,8e2f6ef615139c5f
ckcwdm29966,25,c4d021c10f93a879
ckcwdm29972,25,670671797a445b9f
ckcwdm29984,25,27f44011fa4e5c6d
ckcwdm30731,25,f49ac7100341cea0
ckcwdm30820,25,ae0a251e83640627
ckcwdm3087,25,61feeb731098dc8a
ckcwdm30897,25,d16e8137d8d672f5
ckcwdm30910,25,d6b3630b03d4ecb2
ckcwdm31010,25,7b04a4afdcb5b0e0
ckcwdm31051,25,3bcc3970658e8707
ckcwdm31290,25,8d05ba99bc652b6f
ckcwdm31407,25,fbb2c478129fcb89
ckcwdm31442,25,5c6d3d2ed0eeaf02
ckcwdm3150,25,024bad682a9148ed
ckcwdm31579,25,f221821249c5ca66
ckcwdm31618,25,de35b179778dec8a
ckcwdm31658,25,8645a63cf7c8ae5f
ckcwdm31674,25,4a4620a34ab9a591
ckcwdm31740,25,e8a291fca6eb9443
ckcwdm31744,25,dcf6d612bb12feea
ckcwdm31856,25,b518650a12de8a0a
ckcwdm31942,25,8de3314a45b48821
ckcwdm3218,25,e5f7bba22b9e3838
ckcwdm32442,25,7d39fab5afdb8b74
ckcwdm3270,25,81065afb33db838c
ckcwdm32762,25,59773b645b929506
ckcwdm33169,25,72cc0cc93ab51ca9
ckcwdm33220,25,d380d09608356530
ckcwdm33221,25,36451a70e7760288
ckcwdm33338,25,2ca88b619eddfef1
ckcwdm33444,25,607d86878c96a09a
ckcwdm33522,25,4e9a483129e957ff
ckcwdm33701,25,7cb4e3780e2dbb1d
ckcwdm33703,25,5af53c86067ad1ec
ckcwdm34129,25,475cdcff0bf79042
ckcwdm34143,25,d866dc34a43c0fc2
ckcwdm34177,25,7bfa3bdd0107f879
ckcwdm34207,25,a24d29a55f45f7e9
ckcwdm34417,25,c444b3a5e47f362c
ckcwdm34463,25,01bc818728e423d7
ckcwdm34489,25,43ba90b7428d3fb7
ckcwdm34547,25,877559e21c2e08e5
ckcwdm34678,25,4a200a82e79a689f
ckcwdm34683,25,3cc554b32a7c7105
ckcwdm34705,25,745e1b9a605a1344
ckcwdm34819,37,62a6cda51ae45e96
ckcwdm34823,33,66c5b4baadb7eb58
ckcwdm34893,25,744b282b79e1335c
ckcwdm34944,25,ccd0950109998b1a
ckcwdm34993,25,7bd2582ae541aed1
ckcwdm35114,25,c88c1e45cfda22b2
ckcwdm35150,25,a9379dcb65fe7cc3
ckcwdm35211,25,cbe85d8c51812e11
ckcwdm35705,25,d199fea6a68565e1
ckcwdm35912,25,9bf744f84ba74428
ckcwdm35994,25,21fdf4bdb3a4695e
ckcwdm3603,25,5f1a011814d8afa2
ckcwdm36084,25,26e6acd988599014
ckcwdm3610,25,4361271876505cc7
ckcwdm36308,25,831ed26ff409d853
ckcwdm36364,25,c0013cd1e5a0b322
ckcwdm36412,25,ba94447767721098
ckcwdm36626,53,939f50169e4ec3dd
ckcwdm36694,25,2671733e21408b1b
ckcwdm36707,25,205ead25a42085d5
ckcwdm37186,25,bf8853932ad7ca64
ckcwdm37207,25,1a2d7c3e7deb8149
ckcwdm37259,25,66375483307c94c4
ckcwdm37298,25,d78a08dd2747bf4f
ckcwdm3743,34,e691db9372de8c58
ckcwdm37460,25,5d17fac6641c1e64
ckcwdm37509,25,04a2cb48d3f92bbc
ckcwdm37946,25,aab5a6f136b7d4e2
ckcwdm38001,25,1eaf8a62028e5032
ckcwdm38021,25,34353fbb33b028be
ckcwdm38025,25,e4c6f555a6706424
ckcwdm38158,25,7d986d5eb62fac12
ckcwdm3926,25,4ab0559d31607504
ckcwdm3941,25,d02630eebb1edfa4
ckcwdm3952,25,388b1ae30645b96e
ckcwdm40993,25,c00fe16495a67483
ckcwdm4230,25,b370a6a761a36e95
ckcwdm44145,25,bbf93c942d71641a
ckcwdm44263,25,eea837876de9c991
ckcwdm44392,25,c503cc1b33b2c32d
ckcwdm44624,25,01bf86b73d3f42bf
ckcwdm4482,25,2f4f4ad49a58aabe
ckcwdm4497,25,4207593c0770a0d1
ckcwdm4502,25,69ab25cc77ac1b35
ckcwdm45932,25,941f4b4061e4335d
ckcwdm45936,25,50d6e665bb7139cb
ckcwdm46099,25,58225b916e2f211b
ckcwdm46137,25,9e87e85c028e18df
ckcwdm46139,25,589b1ce84efa547b
ckcwdm46177,25,f07f8b7beec53c6a
ckcwdm46193,25,655edd20af05b93d
ckcwdm46206,25,d807d019a582962d
ckcwdm46214,25,1a4a552e15143555
ckcwdm46239,25,0f15e68f54047a76
ckcwdm46255,25,3b9367109914b9f3
ckcwdm46311,25,8a57f12cd37f6299
ckcwdm46333,25,f455036c681f981d
ckcwdm46355,25,78aea2fa1a03a62a
ckcwdm46386,25,e7465253e42b22bc
ckcwdm46404,25,6f964a746116a6d7
ckcwdm46434,25,3393484fe638545f
ckcwdm46451,25,0563c3f852546ff3
ckcwdm46471,41,ce07d595fe0745f7
ckcwdm46555,25,9d84e080281b1d0c
ckcwdm46598,25,90268a4faa81d477
ckcwdm46612,25,4728449c93da1ae3
ckcwdm46660,25,c96bbf6a1102caa9
ckcwdm46679,25,9d9a65505e7e8e5a
ckcwdm46699,29,852f225eacc0084b
ckcwdm46848,25,0336cfb827a56e28
ckcwdm4691,25,c49e65970032d358
ckcwdm46967,25,86872f35ca8e1336
ckcwdm47294,25,30b241bc8525e3b1
ckcwdm47327,25,1bd4035f55bbd534
ckcwdm47337,25,dec98454a01ca690
ckcwdm47392,25,a6262ecdd32771d8
ckcwdm47493,25,45a89b3d29b3d98b
ckcwdm47503,25,3999bda00ed02f4c
ckcwdm47522,25,06b626d6ca8d3b8d
ckcwdm47534,25,25064514c1f832b5
ckcwdm47874,25,4e613c7f85457642
ckcwdm48071,25,4b1b8e0209578918
ckcwdm48195,25,66c8fcd90085a282
ckcwdm48201,25,28b6abe9efa0a077
ckcwdm48235,25,594a011f95997e86
ckcwdm48243,25,72d2dfe27bacfacd
ckcwdm48257,25,a5a44666624533c5
ckcwdm48263,25,8a0f61181906499f
ckcwdm48434,25,dba05cee62509a69
ckcwdm48472,25,9dd739ccc6e0e068
ckcwdm48561,25,0b0c43d49a6bd24e
ckcwdm48816,25,1c4adacde4dfa205
ckcwdm48959,25,c87ba745ce2c8a85
ckcwdm4928,25,293707e8a9d20a91
ckcwdm4931,33,497e8754859923d5
ckcwdm49436,37,50b340b65e86f919
ckcwdm4947,25,4216408fdf5355f9
ckcwdm498,25,36a967619dc20760
ckcwdm4987,25,155103123a53e9a3
ckcwdm50936,25,8ef4510b3c814a15
ckcwdm5247,25,478a5739774415b6
ckcwdm52497,25,544253eda827ddbe
ckcwdm52944,25,4214eab8bbe0b4d7
ckcwdm53314,27,ab09b03627559234
ckcwdm53567,25,765ec0f7d901d3c8
ckcwdm53615,25,3eb7fde5a9f95bcd
ckcwdm53658,25,b2e8eb330f30af3c
ckcwdm53902,25,d2a35064e8bbf5b5
ckcwdm53907,25,fad5021b00f6dbeb
ckcwdm53919,25,30cf56d749e3f964
ckcwdm54009,25,759bcce14b48b48c
ckcwdm54034,25,0f4a330d9cbcdcdf
ckcwdm54069,25,93cfa4663ea0d08b
ckcwdm54095,25,905e83a6919052cb
ckcwdm54127,25,2e0e985c84a18dcf
ckcwdm54158,25,cfb6ba0bae7ecdaa
ckcwdm54192,25,593409993a2180fa
ckcwdm54209,25,30523fa0e8c8eaad
ckcwdm54275,25,df323e2118b9ab9f
ckcwdm543,25,fb70445dcae8ea4f
ckcwdm54309,25,36d38a275c66b36a
ckcwdm54314,25,44d1bee1fdf29a67
ckcwdm54338,32,2a1f36c0111948a1
ckcwdm54381,25,e1aab3c408ba165d
ckcwdm54412,25,000336d53e9e55c2
ckcwdm54466,25,33de87b367dcdb12
ckcwdm54493,25,573619a9119855bf
ckcwdm54497,25,329c94876aed824d
ckcwdm54500,25,eb5bc5da9196975b
ckcwdm54631,25,62b770780e2cc067
ckcwdm54642,25,abd5ca800881b3d7
ckcwdm54657,25,aab7faeb3ef1b385
ckcwdm5467,25,b26ab51da3a96e85
ckcwdm54683,25,34146c7c7a4d1fb1
ckcwdm54690,37,6a4be70758a9ff2f
ckcwdm54695,25,e15750cc165acb74
ckcwdm54723,25,c570100d7230c24f
ckcwdm54747,25,5fb7e12530ed713c
ckcwdm54760,25,cd1e2b546ecc7708
ckcwdm54775,25,c039567d55ca96a3
ckcwdm54814,25,ea1d38eac7075f0f
ckcwdm54890,25,64b9740d3791e261
ckcwdm54928,51,536c73bf8ca21d74
ckcwdm54946,25,2658d388b9288c66
ckcwdm54967,34,30eea903bf8ec36d
ckcwdm55081,25,3f544f232126449e
ckcwdm55138,25,09ae7d8591c346b0
ckcwdm55226,25,224d9490df4bd1fe
ckcwdm55291,25,729d507baa1ec635
ckcwdm55339,33,6081ab0d456d2725
ckcwdm55350,25,95639f11224f61fa
ckcwdm55356,25,73fdaea9102100b9
ckcwdm55361,25,6b926100356bc41f
ckcwdm55362,25,3a81c5374f379d00
ckcwdm55371,25,356c9dc0e648374d
ckcwdm55382,25,9e1bf7e104103645
ckcwdm55384,25,f0e79a23472ac8e8
ckcwdm55399,25,8a3cc74aa633f315
ckcwdm55406,25,636b4dcb6335dd98
ckcwdm55449,25,457f992af53a1646
ckcwdm55459,25,3c6256574b50e21a
ckcwdm55461,25,ab633a0dd7f0011c
ckcwdm55476,25,0d4d01be3c7bf269
ckcwdm55486,25,0698844f2baea5d0
ckcwdm55554,25,25e4452ff2791e28
ckcwdm55743,25,34d4252b0ad78094
ckcwdm55745,25,554610aa5c0aa922
ckcwdm55752,25,dbafb081dc17241d
ckcwdm55864,25,45b97e7292c1002e
ckcwdm55904,25,dc642bbc32fbb696
ckcwdm55913,25,c7a029810fc99e3a
ckcwdm55920,25,4ae2d77e1a6b095b
ckcwdm55921,25,2e6297745d20dad8
ckcwdm55922,25,727a4c7d9569f612
ckcwdm55925,25,904f834616624ced
ckcwdm55937,30,0e4a3e11322f3587
ckcwdm55949,25,61e62e6ae05fdbcf
ckcwdm55968,25,95d260956b7eba97
ckcwdm55986,36,2453de8bb3e7d8d9
ckcwdm56003,25,b76f61383d110e21
ckcwdm56007,25,04835c3087445659
ckcwdm56015,25,a3be4a8145228bd4
ckcwdm56049,25,3da2d82aeea1725f
ckcwdm56074,25,7011b5c110a3f5e6
ckcwdm56080,25,e70d060f0f543406
ckcwdm56088,25,8c402c13376d6bb8
ckcwdm56098,25,a3fd54711b4f9c5f
ckcwdm56196,25,ffbf50c7062ad62e
ckcwdm56860,25,1df3f63c7437a477
ckcwdm56861,25,86d3c10f010b3d53
ckcwdm56862,25,a8f4ad1c0b953c35
ckcwdm56931,25,e85df56e89d2c7ed
ckcwdm57038,25,e82b82152cd4a6ab
ckcwdm57046,25,e323f0cbbed75996
ckcwdm57051,25,7411dea0333ab8ba
ckcwdm57071,25,c938aa76cbf0ba91
ckcwdm57079,25,d3d4f2ad3e979afa
ckcwdm57089,25,346e3847a2410eae
ckcwdm57130,25,f8bd8268504d4446
ckcwdm57147,25,e5c9f0fbbf6e5ae0
ckcwdm57237,25,bd0f8247ce3618b4
ckcwdm57240,25,8ac91d31f31b9984
ckcwdm57325,25,4df1423244cd5471
ckcwdm57380,25,2d1381a6516c97df
ckcwdm57518,25,597ec9bf0d6e81c8
ckcwdm57570,25,4c2cdd760f6c25ab
ckcwdm58017,25,65154308f2b75796
ckcwdm58214,25,7ab645e3561cee06
ckcwdm58488,38,5384a2fe12c3e853
ckcwdm585,25,e639961936d608db
ckcwdm587,25,460c338126264a4d
ckcwdm58966,25,601eaa93a8859b1b
ckcwdm59330,25,366183a032b584ed
ckcwdm59353,25,b776887765190f8c
ckcwdm59471,27,6fca35658c3ea5a0
ckcwdm59667,25,46fa1a67249d9b44
ckcwdm59703,25,3c3ff9c3e1f8b69e
ckcwdm59705,25,69a4876696f6bdac
ckcwdm59779,25,3829b8740360ff9b
ckcwdm59842,25,4decd471965b310b
ckcwdm59962,25,27393c0eb4f76ac7
ckcwdm59968,25,73b9a38b7b58d39c
ckcwdm59977,25,07856446927199e5
ckcwdm59980,25,f1e86f33d2d33fb2
ckcwdm59986,25,16de08f6dfae6007
ckcwdm59990,25,8137ac196549f13d
ckcwdm60012,25,0bdfd11df388cc9c
ckcwdm60019,25,81428f7c1dad5256
ckcwdm60027,25,b3f1f91148cbb8e7
ckcwdm60029,25,e34085fafb8a817e
ckcwdm60035,25,9400fc2f7c836b07
ckcwdm60050,25,328fcdc2f2078a93
ckcwdm60069,25,40a02265c4bd6a29
ckcwdm60086,25,a27ed56f2011593e
ckcwdm60146,25,aeaea8a9cbc10fd8
ckcwdm60162,25,73f74f0ec6ba1ba1
ckcwdm60197,41,f405109581d3f6a0
ckcwdm60204,25,375889274cacbe93
ckcwdm60231,25,c88a443fc84029f7
ckcwdm60251,25,93d7f4b40f6872c0
ckcwdm60260,25,5ceb2d7478e6769e
ckcwdm60275,25,b3b5e8f3ee1acdc3
ckcwdm60343,25,3f6d33249b82cdd8
ckcwdm60396,25,50caae33c06b3eab
ckcwdm6040,25,440c35261a0c230e
ckcwdm60403,25,082aa5607a4a2e7b
ckcwdm60404,25,4098d4dfebf5fb38
ckcwdm60411,25,4772c06560c7655b
ckcwdm60414,25,7002abc545aa737b
ckcwdm60421,25,ac7f3e9b98e80a38
ckcwdm60431,25,7bf91cb0267e09dd
ckcwdm60457,25,4f12479f14cd1f7b
ckcwdm60462,25,a1303ecd06bf6420
ckcwdm60472,25,6131778715e0194f
ckcwdm60492,25,b16258794b042303
ckcwdm60516,25,2d36fba94230a524
ckcwdm60523,54,2940a3feeb1a6e0a
ckcwdm60527,25,5916fd5522060046
ckcwdm60529,25,c2b3858fc9331571
ckcwdm60535,25,fae39f39ff7b1fe2
ckcwdm60559,25,e9ae4023332250c9
ckcwdm60568,25,999bbf6308f656ac
ckcwdm60570,25,07ab143934bbfe2e
ckcwdm60604,25,ec5d3382254c914b
ckcwdm60630,25,79074dce75149772
ckcwdm60632,25,1bfcabe4cb3b6bcc
ckcwdm60657,25,2a8396aae62fba7f
ckcwdm60661,25,581674a16039e2c1
ckcwdm60668,25,f18c8cd24b9c649e
ckcwdm60724,25,737e647811f9b776
ckcwdm60727,25,5bbe69b06e6ec6ae
ckcwdm60758,25,fa7a3664bc27b0ea
ckcwdm60852,25,8c6de71ce58df409
ckcwdm60860,25,b303deb1c2e0ce75
ckcwdm60863,25,8aa4cd53eee29cff
ckcwdm60864,25,56343fff9929ae09
ckcwdm60870,25,76fe05c634cb2283
ckcwdm60895,25,7c871ea005b8274e
ckcwdm60898,25,11d5ad65eaf9b1fd
ckcwdm60916,25,309e9add3f94bb30
ckcwdm60921,25,366b87cf0c622966
ckcwdm60926,25,498be3789e086293
ckcwdm60946,25,a9770deeb2d84c91
ckcwdm60949,25,4b9d7e62049b3f8f
ckcwdm60952,39,e57f385c683fef02
ckcwdm60968,25,dceaca1db66a662a
ckcwdm60969,25,48e4c04552bba2db
ckcwdm60979,25,bbce4c1844685b0d
ckcwdm61011,25,c730da6f04c13647
ckcwdm61089,25,78ea32b707fd9b55
ckcwdm61154,25,ef1c759aaaf18e9c
ckcwdm61156,25,6eac3b79547c4456
ckcwdm61172,27,e8275eedb619b12b
ckcwdm61182,25,a799887472552a41
ckcwdm61188,25,6a5a09f940c90cf3
ckcwdm61241,25,93f7ecae8ff453a1
ckcwdm61246,25,3730d0fba7f9885b
ckcwdm61281,25,984c5fea95cb9312
ckcwdm61302,25,4d55bdb7052250bb
ckcwdm61303,25,f0cd818d4eb798b2
ckcwdm61311,25,d933915b93dc653f
ckcwdm61335,25,625cd65729810607
ckcwdm61339,25,31397c90f5b1a6a0
ckcwdm61398,25,794cfe924e30a4ed
ckcwdm61403,25,b83746fdca0540a4
ckcwdm61412,25,91a792fca54908a3
ckcwdm61421,25,d6c4d29b09657f19
ckcwdm61441,25,9b2228152e48e504
ckcwdm61445,25,3d38c7afae27c8c7
ckcwdm61460,25,0878763384f4c0b0
ckcwdm61482,25,6de955347db713f9
ckcwdm61507,25,d01b031ec9382939
ckcwdm61557,25,4c32d1864747088f
ckcwdm61559,25,df78def1a5ab9ae4
ckcwdm61594,25,cd3363ab3c6a780f
ckcwdm61636,25,7a38716d83d6c585
ckcwdm61671,25,b58288b25555b737
ckcwdm61678,25,86f10f9aaad706fc
ckcwdm61686,25,c3169db9cc367a4e
ckcwdm61700,25,45617a30606695e8
ckcwdm61716,25,8f16fd2ec4caf7a7
ckcwdm61730,25,b488322040cd05b1
ckcwdm61784,25,1f09c5246a305da4
ckcwdm61841,25,e4c94e7cd30bf94e
ckcwdm61857,25,7d4cdf1e913393b5
ckcwdm61873,33,23fcef4ea676eb11
ckcwdm61878,25,53b0d942ef2f57c6
ckcwdm61930,25,1802ad82df56497e
ckcwdm62005,25,4145bb18dc5554c2
ckcwdm62006,25,0596f5a1b96d16e3
ckcwdm62011,25,ba58a4ee0bfa19f5
ckcwdm62065,25,79f7c90955f26122
ckcwdm62079,25,6670847a3c885492
ckcwdm62111,25,54daaab5ff7c82e4
ckcwdm62112,25,74f0422ff8c7f359
ckcwdm62113,25,88d2e986e05b2a41
ckcwdm62116,25,682b56725b2c098e
ckcwdm62121,35,82b41a5c3f50c844
ckcwdm62152,25,de235e8e062dac5b
ckcwdm62215,25,81b4b061b2ea5d4b
ckcwdm62219,25,e531b587ff236b41
ckcwdm62222,48,288dc0a3e1b4b055
ckcwdm62224,25,f220bf1b4c7cce0a
ckcwdm62240,25,7d3f376a39aa7a80
ckcwdm6323,25,19f830501e51cf12
ckcwdm63424,25,624de94ed275555c
ckcwdm63480,27,6d42177cfe814326
ckcwdm63574,25,7759e831f104a2c4
ckcwdm63577,25,c48c1083e861be50
ckcwdm63616,25,f57d581f0e2025af
ckcwdm63661,25,ce32f4e7d6d1afb7
ckcwdm63692,41,d3bfb9e018966e48
ckcwdm63742,25,52702da97e2839c7
ckcwdm63748,25,669f4589b367f2f3
ckcwdm63814,40,1ed5045078da16b1
ckcwdm63824,25,85bcbf1111592b90
ckcwdm63832,25,371b6537c4a43e0f
ckcwdm63840,32,0eabf49e9c7f4b58
ckcwdm63864,25,b6acbadbdebacf24
ckcwdm63897,25,0a6e4eee1b2bce55
ckcwdm63909,25,73663071acb0f291
ckcwdm6393,37,b020f04388c37a99
ckcwdm63937,25,a7f6777ad09ec64f
ckcwdm63941,25,5fbe60b4980f0a93
ckcwdm63955,25,e4f1955e5af1ace9
ckcwdm63964,46,fa8d55f3ce1a4040
ckcwdm64044,25,a8064918f16ba87c
ckcwdm64092,25,a8060939247d593f
ckcwdm64107,25,8ed9bf2066f9be82
ckcwdm64151,52,321f0fda2d3e2981
ckcwdm64153,25,38e034dedc4690d0
ckcwdm64161,25,4d0e033c9d34cf52
ckcwdm64168,25,a84a69051b689089
ckcwdm64171,25,5b3e3cc948a1672d
ckcwdm64183,25,148183cd777ec430
ckcwdm64184,25,a6f49176f0900c20
ckcwdm64198,25,28acccb69fa0eb16
ckcwdm64202,25,5c32bfe8d9eca452
ckcwdm64225,25,63f9d8a525570ce6
ckcwdm64243,25,614724d1f98a3f69
ckcwdm64259,25,a9a59ec77ee8be32
ckcwdm64284,25,682e69fc414a8c99
ckcwdm64403,25,7c70bd576a72b2b7
ckcwdm64496,25,9bc4e2026f9e8d4c
ckcwdm64517,25,aa1d7835b8d914dc
ckcwdm64519,25,5de81a23daad7e27
ckcwdm64546,25,c1926f91a658daeb
ckcwdm64580,25,43210e8adca3b7d4
ckcwdm64637,25,f082b22ae2f9c929
ckcwdm64654,25,cd995c6e017a2107
ckcwdm64679,25,4ed5060bc45e83c5
ckcwdm64715,26,76762f6b37c4be74
ckcwdm64717,25,62c1965203380ce2
ckcwdm64719,25,2ec79448ee1eb395
ckcwdm64731,25,ce95c7420f505e38
ckcwdm64732,25,117ca306957baec8
ckcwdm64767,25,b04179e0b9ff7012
ckcwdm64768,25,26a34177c23324a2
ckcwdm64783,25,244a1851ac4b14bc
ckcwdm64792,25,754f4490af6ebebf
ckcwdm64800,25,cc4161d438aefda2
ckcwdm64829,25,e60ba5ae0ba77543
ckcwdm64863,25,78718c77772aee1f
ckcwdm64873,41,41a5764a7ecbe431
ckcwdm64895,25,1fee1bab802f17a5
ckcwdm64970,25,60082ad5ef891606
ckcwdm65047,25,d07fd18b0edaa8e7
ckcwdm65097,25,a543f321c612644e
ckcwdm6531,25,d90ab9d6142da46e
ckcwdm6578,25,36e3ddbcb518d8b8
ckcwdm65840,25,8c795fbacc8b9970
ckcwdm65906,25,f931ac6e0a28c752
ckcwdm65907,25,23cb8cd176f7e983
ckcwdm6594,25,97a2ef01821356ec
ckcwdm65947,25,571518de90bda017
ckcwdm65952,25,d1c7eaddf51b8d5f
ckcwdm65985,58,8cf5e8d6267435e3
ckcwdm65997,25,009e1384ea2b0257
ckcwdm66003,25,5d0c092096aee948
ckcwdm66006,25,e175a377b9883021
ckcwdm66030,25,3eff664419cb4eb9
ckcwdm66036,25,def80def48cbb934
ckcwdm66068,25,73f07d731af877cf
ckcwdm66178,25,3b12985334df8000
ckcwdm6650,25,83c36189f046be8c
ckcwdm66772,25,ff43e64c5e94eaa1
ckcwdm66848,25,ce4fd744a4278c29
ckcwdm66855,26,b9fa5e4626a82e01
ckcwdm67159,25,e608a5c908920fa9
ckcwdm67230,25,bfea1985fcc38145
ckcwdm67637,33,7e292d3534edfce0
ckcwdm67658,25,581bd54e5df95020
ckcwdm67738,25,b602907c04994030
ckcwdm696,39,9c5f458f676c2a9b
ckcwdm7128,25,7ee949df21f819cd
ckcwdm7296,25,dab0c9b506f17ac4
ckcwdm7488,52,6f449af303860e7d
ckcwdm752,25,fe46123f887158d1
ckcwdm7581,25,dcb7264040f5aa35
ckcwdm7850,25,6b71f9e6ed5635dc
ckcwdm8188,25,1ade1fccc1b9492d
ckcwdm868,25,10c02104a433a0bc
ckcwdm9474,25,e67c74f388278094
ckcwdm948,25,4115fd11baacabb7
ckcwdm974,25,7fce93bf420621db
ckcwdm992,25,4a67ffb160643b90
cma05,25,5e32afa0f252a7e0
cma08,132,061d1403604d6440
cma23,72,b10fb208ff43c1cc
cmg1004,25,53484f8771d75370
cmg1039,25,305378ad4f956bc0
cmg1042,25,11d45d0f30c38db5
cmg1049,25,36f08ef07ba0d8ba
cmg1050,25,d176a7214da41021
cmg1072,25,f104b36da24c5975
cmg109,27,24ba32776793762b
cmg112,25,79935cb23f739312
cmg113,25,111fc59df965edb7
cmg119,29,c8379606cc4c9dd3
cmg122,25,e7eceb45029440fb
cmg126,32,899c3370d61e94a5
cmg129,25,b3ad5d984fda879f
cmg170,25,bfa373af99f0385f
cmg173,25,091a8f3bcca66d79
cmg175,25,c9bb38813f74c699
cmg180,25,7b8497f761e39269
cmg193,25,0aebf9d0fff0ab52
cmg2010g329337p0147,25,7fea74eedb98cdc6
cmg235,25,72bb1898473cd2e3
cmg38,25,4e9a911d95f964eb
cmg4,25,a44d8ea9eea14d6b
cmg451,25,cea4bb054fc96769
cmg46,25,9f6a87333a6a9f19
cmg469,25,0fd2773d2b9db92b
cmg582,25,70b5a8b0a76b6de3
cmg66,25,90396562a6ed89c6
cmg67,25,22941dbc6a05c9ec
cmg681,46,730508429750901e
cmg70,25,d5c6e4f7f9677a66
cmg76,25,e0fb83834f64d322
cmg78,25,3e9e8697c74e8cc7
cmg79,25,6a27809422143234
cmg836,25,50b6b64cd2131b50
cmg840,25,c055c29328897661
cmg841,25,519081fb462aa4a8
cmg843,25,f6637c7e18e7af92
cmg849,25,2ef0cd8475d94dbe
cmg862,25,239058b12478c260
cmg881,25,4fcec15a27f88226
cmg882,25,4617ad044d96cd0c
cmg883,25,f03e89e77bf8e48a
cmg892,25,70c7698a41ca7491
cmg898,25,ab43cc53eb1f8da2
cmg900,25,ee0953f44cae84d6
cmg902,87,4004d9a213a40988
cmg903,25,f9c5b01fffc71752
cmg907,25,4f9a511f8fa61519
cmg909,25,79ceea96514659fe
cmg910,27,2b3f215a8cbcd146
cmg913,25,47e01e6a554557b0
coingaia1,153,b7aed07f598fe83f
coingaia10,58,fe9fb9bbf3783757
coingaia11,142,a5c5429daac4907a
coingaia12,96,f2e6b0f1587c6f40
coingaia13,268,087b793bb727c7d9
coingaia14,46,302008cf0c05d2d9
coingaia15,253,f677db467b0a9cfd
coingaia16,52,7565b7a9fa5c79a0
coingaia18,61,880baa8670bb3427
coingaia19,121,7b0fea731f0ce5f8
coingaia20,59,25690e2b8b0d6df1
coingaia21,68,4644f8d78bfdc6ec
coingaia24,71,5296db00e5bef337
coingaia25,107,bb72eb4f00c864d0
coingaia26,96,0f0f5f7a93826da5
coingaia28,155,79ee13ddcab20a01
coingaia29,84,57301a6c945fedad
coingaia3,125,2d8946706ec8e213
coingaia30,142,2aa48dbc6e2b6885
coingaia31,95,7be87d26063bd1ff
coingaia32,44,0316fa4330d8ad3a
coingaia33,45,cb68301ccb168b35
coingaia34,68,49906a54031da5e8
coingaia35,43,5311ca49388e164d
coingaia36,136,71bee2ab122d8fc7
coingaia37,39,1e06d84da55e7c8b
coingaia38,132,fcbc64f7eb4ab571
coingaia39,37,919ececd1796f57c
coingaia4,136,402966b8ba8bba33
coingaia40,66,c25e1c35b06d102c
coingaia41,137,1f1e1543c79af411
coingaia5,32,3f456166ee034de8
coingaia6,184,cfa9d788e9c10990
coingaia7,95,87cb6b7e7d384d75
coingaia8,114,b982085e2a828182
coingaia9,70,f1cd865422da17ca
collinder104,75,74dc0f902c790fc1
collinder106,189,56d1ccc513e1b9ce
collinder107,75,1b2364871c02646c
collinder110,1389,faaccad8ff51bc73
collinder111,25,06ada7e820a1e00a
collinder115,321,b13bc24542ef90e5
collinder121,25,1ed8f7fe3077d855
collinder132,74,ba66a70ecbd27c90
collinder135,421,1124040ce8694efb
collinder140,275,0a08dc55d832efe3
collinder173,25,8b9836f0eb851c71
collinder185,98,7a8c2adbf402db0f
collinder187,25,f9964c961425bc17
collinder196,25,5a94634660101dfb
collinder197,486,f9e84bc8af1ba864
collinder198,25,a2ac9c31218a153c
collinder205,141,a5ed30e695a5068b
collinder21,32,f883bacc84818b77
collinder213,58,109fced7bf63f157
collinder223,25,898bbe57d12800cb
collinder228,75,1db66c9fbf885ca2
collinder236,46,48558c26a332aaf9
collinder240,25,d2ab46592ced5dce
collinder258,119,589cdeaa8dc7f105
collinder261,3633,8d953dbb05e22674
collinder268,199,76693a02a09ed4ae
collinder269,114,2df09c18c07076c4
collinder271,49,206c6f529b53bbe7
collinder272,395,b5b477afdf8af016
collinder275,25,63e2b5ae629660bc
collinder277,330,df47bb31bcd88122
collinder285,25,045b5c0be450b8c4
collinder292,151,88dbbe7a82f4654e
collinder299,25,df2840e6439e8c29
collinder302,27,e4f8772ed66688a1
collinder307,256,750c633268e0c1ad
collinder316,64,be4d6d168f4045b1
collinder33,25,5fc767e2434106ed
collinder332,458,26043a8535c1f9a3
collinder333,43,797da6c0cdc2aa19
collinder338,78,713cbb577af965d7
collinder34,188,1620c5e8dcd053a5
collinder345,25,bc4d6290cef8639c
collinder347,140,b65e64dbe848cc0a
collinder350,201,6a8d9b8d62a49f71
collinder351,193,105a340bb425a3fb
collinder367,66,593a14d79ba2298f
collinder394,197,2c1eb1d807e36f19
collinder399,25,2dc37a5db7b79e46
collinder401,25,8415f9279dbefc0b
collinder404,38,b8e31826cbc7839f
collinder408,67,9fd16c7ed5fdc05c
collinder419,223,0e84af4ab3db204a
collinder421,357,a9fa71fe3fefb581
collinder428,48,ad680244daf871b5
collinder458,25,30e05e541b7e3f3f
collinder463,535,dd5df6982987d94c
collinder464,25,4c9ab6f39184c504
collinder465,25,035ed8486eda2164
collinder466,25,1b06673473a50954
collinder468,25,3bdd48b9f030aa37
collinder469,72,0e7a170b121f3fca
collinder471,77,8853ffc77715c58b
collinder62,25,a9035248b3631e39
collinder65,25,d58d28250818063a
collinder69,742,fda470851cad5ddd
collinder70,38,ecbd9af0a0b286ff
collinder74,184,5ec615db1bccc249
collinder89,30,7cefca1649b99bc2
collinder91,25,689e623f2388fc0f
collinder92,25,abc65dcdc07ae381
collinder95,317,ca479c5a0ad3007e
collinder96,33,91beac0697cb319b
collinder97,25,16f09c2b729aef62
cruiigroup,43,6b4906c3bb28145e
css1a,25,513a23d0b3f23c27
css3,25,321427d8502d64ae
cwnu1001,56,1511f69fe93da245
cwnu1002,25,8ba285ba88903c73
cwnu1004,41,8e63f77f4d956e1e
cwnu1005,25,f642d4840d68b36a
cwnu1007,76,65d521f1ca9bf8f5
cwnu1008,45,c287fd3182da7bcb
cwnu1009,103,1040c2d505566dcd
cwnu101,67,087d820c60670729
cwnu1010,48,a342f658c733bac2
cwnu1012,77,68925deea057a126
cwnu1013,53,3a225757ffd12731
cwnu1015,75,c7315299fb5adb56
cwnu1016,25,ebf795d69fe16e5c
cwnu1017,31,1024e3d47644e737
cwnu1018,50,0d77d9d248d29ff4
cwnu1019,39,97dbef0f73c6d1df
cwnu102,35,a13b8acfd1e03e29
cwnu1020,179,3d5a73671c8338e1
cwnu1021,25,dd959ac9b4f53490
cwnu1022,34,a24e8af809f322fc
cwnu1023,25,8065c7a84ddb427c
cwnu1024,239,709eab5f638b0263
cwnu1025,25,52ea3cd39057d89f
cwnu1027,25,4c7ef53f77f6a486
cwnu1028,28,afdbc06277a9a3fd
cwnu1029,58,c2f62d07656458e1
cwnu1030,87,cdd373dffdbd2cc7
cwnu1031,61,7af87d946191132a
cwnu1032,43,f3434e6b918477ba
cwnu1033,25,d8e61a121f65e515
cwnu1034,75,b0a6f03e11ea12b8
cwnu1035,25,38ceedd4bce02da5
cwnu1036,26,094800fb20fe4798
cwnu1037,25,bbf37f448a002560
cwnu1039,25,332a5df02ab8bc69
cwnu1041,25,ab46a4c29cd2f461
cwnu1042,38,05cd09798a0b7a10
cwnu1043,26,e73c00839d7b62ce
cwnu1044,382,794997ce262386ce
cwnu1045,25,3e3078131eae9249
cwnu1046,25,99a02b0fb421f76c
cwnu1047,25,0a89dac9f1518d2d
cwnu1048,25,674d7096b44ecc05
cwnu1049,25,ece7c49ce6f5edf5
cwnu105,25,8250e2c003935536
cwnu1050,25,372d68849455310e
cwnu1051,31,62830ae4dbb15d84
cwnu1052,25,1e8ee61a03271a95
cwnu1053,95,349e8d85ac7fe4c5
cwnu1054,29,066182307d309b3a
cwnu1055,57,86b56c81842be8f4
cwnu1056,25,6ad0e61280b6250e
cwnu1057,25,351fbaee6e3c616d
cwnu1058,88,3f6ca96ee4eeb550
cwnu1059,56,72bbc8dd16752a6b
cwnu1060,25,04c1820781fd325e
cwnu1061,39,4b0944a393973877
cwnu1062,52,326a41d520f0e55a
cwnu1063,25,c909394e4e8237bb
cwnu1064,25,d12f52e436e459ea
cwnu1065,47,06b8cb371f03a9c2
cwnu1066,50,1fef1ed8ad7bebca
cwnu1067,25,3b740c9a6b1613e8
cwnu1069,100,17c40e2b048e4de5
cwnu107,35,e10888794b469389
cwnu1070,132,20793990b5ba6fce
cwnu1072,48,a58ff2b9bb5eb19c
cwnu1073,31,1aca330caf2428ce
cwnu1074,116,9d85ff0c23f6b7e1
cwnu1075,25,19b1291889e5689a
cwnu1076,73,d8eb6f3030f40059
cwnu1077,51,6238ffb6d7c9ecd2
cwnu1078,25,c8b655cadf6c30fe
cwnu1079,25,8d6389dad00cebf2
cwnu1081,25,5b92ae10170ac199
cwnu1082,234,9918483af0109c6e
cwnu1083,127,ddf4bb6a9094d386
cwnu1084,130,2d7fc7eb93ba036e
cwnu1085,31,42e8168fbf7a3154
cwnu1086,48,5ce98bb48a19ba16
cwnu1087,33,0f9f8c38127cef90
cwnu1088,25,0b04b7ffb7c6201f
cwnu1089,25,f379e8d9dc837786
cwnu1090,107,8e1f90a6cd85c4e9
cwnu1091,49,7ed9a27b0545d2a9
cwnu1092,28,fbe88933c8eb234c
cwnu1093,35,fe44a2d6664bb96e
cwnu1094,39,b13a6db06abdc4e0
cwnu1095,75,dfb5597a65eae695
cwnu1096,25,0c14e2d6bd144f00
cwnu1097,26,8522a48d9bac4994
cwnu1098,46,cd3cebedcff572f3
cwnu1099,33,2948f216964721f7
cwnu11,28,864c568311be1d50
cwnu110,25,0f089a9cdbce609b
cwnu1100,25,a5313fbd7a1a945b
cwnu1101,28,642be1cb798d1160
cwnu1102,60,b24847298d72026f
cwnu1103,29,d4b8b86dca28a0b8
cwnu1105,25,e3b8e5e840435ef1
cwnu1106,25,a16e6287d54c5858
cwnu1107,31,a63a6e1c614a1f3d
cwnu1109,50,98924ac29a04475d
cwnu111,25,d2f9476bb93358d0
cwnu1110,25,109e7fb2647d952f
cwnu1111,41,34fb49f30aa4888a
cwnu1112,83,c530096eaf0ca329
cwnu1113,25,f0568cdcf484ab78
cwnu1114,25,ef43533705c652c5
cwnu1117,25,e75eb9da75a7c5d4
cwnu1118,25,6733176c7436b8eb
cwnu1119,75,3a89717148bfb908
cwnu112,25,21ec2738d7c6029c
cwnu1120,25,75402e9f470cd6b4
cwnu1121,78,bafc03a09d103f4d
cwnu1123,25,06e48352e3afec30
cwnu1124,25,483dce9bc730daba
cwnu1126,55,26d24e17f1e6e6b2
cwnu1127,25,451683d467db4916
cwnu1129,36,5d83e825dfe1ceb5
cwnu113,26,e5d05ec9690c0b87
cwnu1130,78,88ca1906a72be148
cwnu1132,25,985f0e542b6d9e5d
cwnu1133,36,185f6189e2d45e10
cwnu1134,39,010574b1421c2373
cwnu1135,37,d04a304d0f8e9c67
cwnu1136,282,a14439c3ddf618eb
cwnu1137,58,b5ff3181a184f5bf
cwnu1138,74,0f669acb33a651bb
cwnu1139,59,56fcd8ade519c583
cwnu1140,25,732cf5a8c967f319
cwnu1142,73,d5704e9d06637db4
cwnu1143,53,47b407a0c956747e
cwnu1144,62,ce557f826c4a9b4a
cwnu1145,29,520c30d91402509a
cwnu1147,25,6136a52ebeae5f40
cwnu1148,69,923b6da14183ba93
cwnu1149,25,f51dd99a1def1fc0
cwnu1150,58,acd7811b0274b394
cwnu1151,77,4bd81e53300bc85e
cwnu1152,27,5d8697135372019b
cwnu1153,26,b01e37d69bef8cd4
cwnu1155,25,0d8bda0d58a180b8
cwnu1156,25,74b3556c5adff928
cwnu1159,25,fc3726ff4a062a12
cwnu116,25,b543cc8845165644
cwnu1160,25,0b2d49d3b4a830db
cwnu1161,25,ee0711bdaed7377d
cwnu1162,28,de825e5a1305ccdd
cwnu1163,26,8bd6c116550689d9
cwnu1164,55,867c2269353ddf25
cwnu1165,25,c1af36d12b405110
cwnu1166,25,86e69f276798cf9a
cwnu1167,25,78d308174eb89472
cwnu1168,25,36b3c5b935e2abb9
cwnu1169,30,de71313d5788ed7e
cwnu1171,25,6fde76202fa2ace2
cwnu1172,25,9248ccd2f006c98e
cwnu1173,91,22a273769beb0451
cwnu1174,25,acf17a33d624dbe7
cwnu1175,25,b7f69622e2a7b582
cwnu1176,25,190be25c18c9bc5d
cwnu1177,25,5db900dad18f5f28
cwnu1178,25,5c893fad558c8db4
cwnu1179,25,7f875d1a861f8888
cwnu1182,25,73a5c834aefeb2fa
cwnu1184,25,8cc2a39e200fb699
cwnu1186,25,b7a7c6bcdd781f5f
cwnu1188,27,61d932a05be8c412
cwnu1189,25,1e81771f33598711
cwnu119,25,e8996681b8da5314
cwnu1190,31,6b950c5f4d287595
cwnu1193,25,e8f61910f89c6e6c
cwnu1194,73,fab15e1474b11bdd
cwnu1195,26,f3c96cd6f4ac3cb8
cwnu1196,100,33773b9ed8fc158c
cwnu1197,25,8211fc7b92227d0a
cwnu1198,27,12559c697a5f2e97
cwnu1199,25,72bc7a2ca06b3f5b
cwnu120,60,04099ef53573d28a
cwnu1200,25,0e8b092f33e38f5d
cwnu1201,25,7944151d9198c2ea
cwnu1202,25,731357a25761cd00
cwnu1205,50,d6be9f52076a8bdf
cwnu1206,29,0b9ff8abc4b9d480
cwnu1207,25,28e23fd35d095826
cwnu1209,25,5bc47823a99c0952
cwnu121,25,dabd0029b9e5986d
cwnu1210,25,e724f0e7aea73b23
cwnu1211,40,bab9526121115f7a
cwnu1212,25,9b10d2e0c6802398
cwnu1214,25,34056a07dec4851d
cwnu1216,25,0b694130a5132f53
cwnu1217,25,937bca16b1f5bd48
cwnu1218,25,75a517f66de8e48f
cwnu1220,37,af0c17b82a5919b7
cwnu1221,25,922e5c337af593b3
cwnu1223,31,af399f4421e02a19
cwnu1224,32,f91181ec802eed0b
cwnu1225,25,4a03e190c9e561eb
cwnu1226,51,678a8ed77171e37c
cwnu1227,61,d33cbe346ae9fa53
cwnu1228,197,6446d3457e4dc38d
cwnu123,25,4bb5be3f695cb18c
cwnu1230,43,2663aedc5d2c46ed
cwnu1231,25,05143e6c91076c95
cwnu1232,25,16af4bd02adfdae6
cwnu1233,25,186cd5e04925c089
cwnu1234,34,bcae8691a2ed30b6
cwnu1235,38,98cc871fdf485121
cwnu1236,25,5bc277d2e5056d4d
cwnu1237,25,33495bd7d87e187d
cwnu1239,25,f1103f7339948a50
cwnu124,25,ac6ab9e0ef68a5eb
cwnu1240,52,b5e24987d6771495
cwnu1241,25,026c6ea10f6f5ef3
cwnu1242,25,e6477341a5c05470
cwnu1243,38,c08778087a95fad4
cwnu1246,25,e95309b0e2fd0d10
cwnu1247,25,0ae8a24c8b3ad265
cwnu1248,25,fddef9d06b8a7c95
cwnu1250,25,69dd7dc23079f3f9
cwnu1251,31,00f2a7d3a6737540
cwnu1252,25,2e92c4a91d8b9bd2
cwnu1253,29,a85be4a0d30acfb9
cwnu1256,26,13d2fa87516ca03f
cwnu1257,25,42f734ae9bb01718
cwnu1258,25,ce6421b82501170a
cwnu1259,25,12e82c2e8bfbcc51
cwnu126,27,35c7a3be6aa35b76
cwnu1260,25,a79a4f0b511fff8d
cwnu1261,27,e092deadf886567f
cwnu1262,26,2afc1137be3bf706
cwnu1263,25,cc8cc0828fb5964b
cwnu1264,25,939df81d11b4d45b
cwnu1265,29,5f8ca3a76f03a6a8
cwnu1266,25,b7009b53e06aaf58
cwnu1267,25,d8a17fd05d1ed8e5
cwnu1268,25,21a521fb720d216a
cwnu1269,25,181cc2afe0c79e3d
cwnu127,35,6dc1a0a5c9a328fc
cwnu1270,25,03eae8a6eaddfc53
cwnu1271,71,edaba3dabeab76d7
cwnu1272,30,e9635d8bc5566f3d
cwnu1273,70,2c1a2722a7caa5de
cwnu1274,37,b754874e56d7b956
cwnu1275,67,6f2e097e23cbf7b2
cwnu1276,52,ba0a2182b657ca45
cwnu1277,25,d9e0fa3577cf8366
cwnu1278,57,575414de20c38067
cwnu1279,26,1d4e144a915e81b6
cwnu128,96,06b94e832e550767
cwnu1280,72,6ac694656c2c1a68
cwnu1281,35,3111fd60384b062d
cwnu1282,25,3d717c172dd08483
cwnu1283,25,4838325be5718b46
cwnu1284,35,0cbe3a30c7bfa1bb
cwnu1285,64,61b8074b6bfd8041
cwnu1286,28,8852c0d7c18331bf
cwnu1287,42,34a19f2fa7a5c2b0
cwnu1288,29,68a0043568ed7e50
cwnu1289,26,9f2786d7b552ca8a
cwnu129,30,b0ca9fcd5bbe8627
cwnu1290,49,e9a98d966b67fe5b
cwnu1291,25,83bdd0c4338adcb4
cwnu1292,61,f5a5a087f8f41029
cwnu1293,25,5ba624e48b9a635b
cwnu1294,37,7a917814f595268e
cwnu1296,25,d081e7ccbce8b8f6
cwnu1297,25,23aefa1f3fd80394
cwnu1298,41,38e337b58b36ec9e
cwnu1299,63,ba4e0fc54f634d99
cwnu1300,62,74d0607b6434fffe
cwnu1301,25,d10ad550798fbd4d
cwnu1303,47,6fbc24b02d9597be
cwnu1304,25,36b9d7319fe9afac
cwnu1305,63,e728b5b28e21b86f
cwnu1306,25,8c2c7072fbfbe058
cwnu1307,29,9ac8b692d1145706
cwnu1308,70,3efce1b6d639ff63
cwnu1309,25,53c831f8b086716a
cwnu1310,52,feb41394755e5fa9
cwnu1311,25,4fff2e545e736044
cwnu1312,34,6df81bc16de3cdf0
cwnu1313,56,a4dd06ab7d92fb49
cwnu1314,25,7d42091710182f43
cwnu1315,29,786b254a53deefaa
cwnu1316,25,18aa479b394cb6b5
cwnu1317,25,7bdf6593d8f5a90b
cwnu1318,25,6b6a0e596c3e3ed4
cwnu1319,25,4bc096b7ae221241
cwnu132,98,bdf96b76ddd6066b
cwnu1320,25,54e5c322ddc5799d
cwnu1321,64,6bc6c5a13994f2e4
cwnu1322,55,4cecd1bc21fe2830
cwnu1323,25,98e62a44ca25e4ae
cwnu1324,25,b80e08ab2361ceab
cwnu1325,27,9495130672a3fcfc
cwnu1326,25,4fdb93043cbd5500
cwnu1327,28,b1883021bc0ec0fb
cwnu1328,25,c3bd583ca44e5a1f
cwnu1329,25,cf0585689cb6f02c
cwnu133,47,79c2f7a242be1fa7
cwnu1330,30,4f3a2c7244605db1
cwnu1331,25,e1383ba735436c7d
cwnu1332,25,99510faa97e9baac
cwnu1333,46,9b5c2bcfa9894398
cwnu1334,25,516cc75451d2b6ad
cwnu1335,25,a2f64d0e5337815e
cwnu1336,25,f88e6063838c72f1
cwnu1338,29,05a3ec229b9a2387
cwnu1339,25,6b4422924ba6652c
cwnu134,26,deb8406ce7b15a2c
cwnu1340,25,22220b33a148fec1
cwnu1341,25,f6ba6b919c930639
cwnu1342,51,151afdea81ac59b4
cwnu1343,25,69d093d2e1970516
cwnu1344,25,d9358771ed6d90f0
cwnu1346,43,b628b576c23fcc3a
cwnu1347,47,4514e7938144d53b
cwnu1349,31,8cf80b32833fd403
cwnu135,25,6298344e85f179af
cwnu1350,25,94dcf5d1d5bbedce
cwnu1352,30,601dcc79b6eaaeed
cwnu1353,44,c6a84d586ab0d9f6
cwnu1354,25,b8d781c7217911f9
cwnu1355,34,562fd8a83fa47fac
cwnu1356,45,a6542a4254438410
cwnu1357,25,f59a6e0591b449c7
cwnu1358,25,560c11c393b36d39
cwnu1359,25,b7b58e7e61d0c16a
cwnu136,73,a1539dcfc5da3b4b
cwnu1360,25,1c7cbaa8a51b8d73
cwnu1361,25,1600da70071780bb
cwnu1362,49,a089348915ab594a
cwnu1363,25,fabab2b747896b57
cwnu1365,49,1b36d5ed7d8444e8
cwnu1366,25,7b738ef631598ebb
cwnu1367,25,d76bb88225c8c311
cwnu1368,25,54ffa0386d719cb3
cwnu1369,25,b11b35a8a2440bcc
cwnu137,25,ecf6ef165678edf5
cwnu1370,25,f571d04a2141db28
cwnu1371,25,7216291a496a7b6f
cwnu1372,43,189453bb94a2379d
cwnu1373,54,c621fa39064f4625
cwnu1374,53,9064c50348f0c453
cwnu1375,33,518c68aaad242910
cwnu1376,29,d09085906434e9ff
cwnu1377,57,c61e962ac8913425
cwnu1378,81,d9a672b842f5241f
cwnu1379,25,abd5074d6de9a8cc
cwnu138,25,176842fc9edcab25
cwnu1380,25,1ab4eacece7d92b5
cwnu1381,41,b1d4f19e70086837
cwnu1382,34,04680d612f47a54a
cwnu1383,57,671e0c58b9488817
cwnu1384,41,3e3081d5b9828266
cwnu1385,25,de33dac7b9a02702
cwnu1386,41,e81838a050cfdd83
cwnu1387,26,56f6c6866dc1e5e3
cwnu1388,45,03e22fff6b0ee5b6
cwnu1389,45,3eca4d6228d37e9e
cwnu139,25,80102665d72316c8
cwnu1390,25,934aab2cd8b2717f
cwnu1391,26,54db497f1d34f234
cwnu1392,32,b063ccf3c84cebb4
cwnu1393,28,94d6fbe08181395a
cwnu1394,52,11c500189ca45409
cwnu1395,30,687a4d2ab5a83e31
cwnu1396,25,84694784875dd9bc
cwnu1397,34,f63d1edfebfd98b3
cwnu1398,25,f1c9aa76640106b0
cwnu1399,55,668895de765e5155
cwnu14,35,af16ea6d01772b3d
cwnu1400,25,d86c6792373a7594
cwnu1401,63,6f3668f05764b6d8
cwnu1402,27,6a7b4826d79cb96c
cwnu1403,45,fd61b9301f6d4505
cwnu1405,34,5802cbb28300962c
cwnu1406,25,f6a841d763b640db
cwnu1407,27,99244598f722fd79
cwnu1408,26,b97910ba969af8be
cwnu1409,75,e8d5b85ffbe06413
cwnu141,78,1aacdfdc535d066e
cwnu1410,36,171b9917ce2bed93
cwnu1411,25,d7e02a9afa403147
cwnu1412,42,20ca473f750241ce
cwnu1413,25,8ecbb60b63b12d3c
cwnu1414,25,6e6eec6e284d2dae
cwnu1415,28,a13512dc87b76d42
cwnu1416,43,82fefeb055f9a496
cwnu1418,25,84093224ddde1c3a
cwnu1419,25,9a878afd5bfe1786
cwnu1420,28,d845a22b0a3c6b18
cwnu1421,47,3c0454746e5ebbe3
cwnu1422,30,3e0e10ae06187a32
cwnu1423,25,bf6bfdc99b7965bd
cwnu1424,25,851c07a544460c31
cwnu1425,86,394b7f160763a94c
cwnu1426,25,c41864af11add0b4
cwnu1427,48,165288560695364d
cwnu1428,25,2d0384cd27799bda
cwnu1429,25,559a2bba8abee198
cwnu1430,53,e1a30fa185abd733
cwnu1431,25,34af71d6c17f5a18
cwnu1432,25,ecf3ea1a9d0558b0
cwnu1433,25,5bbf6a6484c411bc
cwnu1434,33,c7170da7e9dc385d
cwnu1435,26,2aa255632e475616
cwnu1436,30,2e2f61c0e0f4f66b
cwnu1437,25,38ab9c9646c39d80
cwnu1438,30,6c345c364e190db3
cwnu1439,45,1c58c062ee736625
cwnu144,71,f6787313121e61ba
cwnu1440,38,e71107a160c4c383
cwnu1441,25,6969ff7bd10279fa
cwnu1442,76,202068cc8b60509e
cwnu1443,25,f42fd09848250de9
cwnu1444,25,50124bba23263940
cwnu1445,36,49aa86f68e2e2833
cwnu1446,43,4f186e2de1db59a8
cwnu1447,25,aa0799625fde3c8a
cwnu1448,29,7a26d36078aa984c
cwnu1449,25,6c6e038422509a8c
cwnu145,26,c235fd72d40bcf0a
cwnu1450,26,48526d45c1abf5c4
cwnu1451,49,f4dff12122361512
cwnu1452,26,6990a76d274b8065
cwnu1453,34,3dee8a9b59b0c4a9
cwnu1454,27,7fa94eed4c92607a
cwnu1455,35,eb268b95dac1f096
cwnu1456,25,9a67f3ec21fb2e2d
cwnu1457,25,11e75b89ee4b4a89
cwnu1458,32,ff0dd2600245c4e4
cwnu1459,62,0e5d193a44eeae04
cwnu1460,41,c7b297077db73a3a
cwnu1461,25,0b7dd29ba98ad633
cwnu1462,25,9601219f394a7b0d
cwnu1463,25,959a5d8a051adff6
cwnu1464,49,422512919ab14bbf
cwnu1465,43,3df5b72fe7c2e930
cwnu1466,25,eea03f694894445a
cwnu1467,34,23414008c34cd7f7
cwnu1468,40,a16b5530d20de71c
cwnu1469,25,71e2fe670f7d67bc
cwnu147,43,66e7d94e1e077c6c
cwnu1470,44,d0a994ab945227e8
cwnu1471,28,cbe9fde4c4449208
cwnu1472,25,81d19aa56d2f7117
cwnu1473,25,e80f6e766dc8b7e1
cwnu1474,25,1e31b83078b73dbf
cwnu1475,25,9e4362fcd07f9a34
cwnu1476,44,e0e25991cdbad200
cwnu1477,29,f989f0fa50abd9f4
cwnu1478,50,69979e76e5c1076e
cwnu1479,45,b3a0842de4498941
cwnu148,27,40939d4010dac56c
cwnu1480,28,3dc455e70cf0554d
cwnu1481,25,a7a279d712516335
cwnu1482,25,cbca4235419b3f47
cwnu1483,27,0148928fca8b8d56
cwnu1485,25,76e796c2d6ff3ff0
cwnu1487,25,310e210f7588980d
cwnu1488,25,64318af357bc3a45
cwnu1489,27,1177285bc7978d81
cwnu1490,30,1201f336712e5c8a
cwnu1491,40,2d4c42ae698e4426
cwnu1492,44,7ce34d1a3b39ab1b
cwnu1493,25,65b39b204c93965f
cwnu1494,42,4340103095169e4a
cwnu1495,38,c2b3ca87a1c33cf2
cwnu1496,25,b0455418035c5585
cwnu1497,25,9acfda5f22408bef
cwnu1498,25,6e1b37623fba07a9
cwnu1499,25,c1b17e991b3d95bc
cwnu15,43,3dbbb4a60b8c5c9a
cwnu1500,25,dd853f99627a892d
cwnu1501,25,fcee71fe6944f4a2
cwnu1502,26,b36a4678fdafd9a5
cwnu1503,32,7756e6ddd942904c
cwnu1504,30,b751d32d4e7cd43e
cwnu1505,27,0156cd43cd5caa71
cwnu1506,25,43d372e6c8a21bf3
cwnu1507,25,d669197f908d8ed2
cwnu1508,39,780a4150c8be47bd
cwnu1509,25,dd5c870b81ad8a84
cwnu151,26,f0ff18c2418babf8
cwnu1510,25,7c21ce36b099c72c
cwnu1511,25,742519317c0967c8
cwnu1513,36,2b09e1c69b82260e
cwnu1514,25,e63aa3fbec50d04d
cwnu1515,25,2ced09a425bc1492
cwnu1516,25,edb5f0c3313ca875
cwnu1517,25,3b976f8d65d5a9b9
cwnu1519,25,b4b7d5d7697d3baa
cwnu152,40,ec7fec668cffa1f0
cwnu1520,27,b358e26ca101fefb
cwnu1521,46,0e5e7495f04fa32d
cwnu1522,25,991478ae1328e86e
cwnu1523,32,00baa7b20fe04f5b
cwnu1524,25,326313ab6f7b4a85
cwnu1525,33,e5b14958db02fe92
cwnu1526,43,0defd35223d01ab6
cwnu1527,25,9df5db370a398eb4
cwnu1528,48,5978fb7b67b88719
cwnu1529,69,23cdf12af57225d8
cwnu153,35,ced2c460684c1d37
cwnu1530,25,c775ec1e56737b96
cwnu1531,25,aa9c75145a81f5b4
cwnu1532,25,cadacb44a93fceb5
cwnu1533,25,7e92c7fd79177f11
cwnu1534,25,15d5f53d4ef3c9cc
cwnu1535,25,8b2cf051a598a1b8
cwnu1536,28,e8641d0b5e49f662
cwnu1537,43,20ce0e770397d038
cwnu1538,25,c5ce5d9ab5162570
cwnu1539,25,4eff209e06018407
cwnu154,25,44d4ffad2cbaeb83
cwnu1540,72,79fd93b7b273ca3e
cwnu1541,45,5a9b4701470ebdf4
cwnu1542,25,4d4272559ef58ac7
cwnu1543,28,f9f7212738d162de
cwnu1544,33,d3a4cfd592a6b93e
cwnu1545,25,929decbf3833591a
cwnu1546,38,831c3208f0bb70f4
cwnu1547,25,980995000f87110c
cwnu1549,29,32e196148c022dee
cwnu155,63,30fe59af637b485f
cwnu1550,39,1787a6257c774e5c
cwnu1551,25,eaa4e4207d5c6134
cwnu1552,25,0318305191b9570e
cwnu1553,28,f3946e6c85548846
cwnu1554,88,161fb9b3ff91ce8b
cwnu1555,25,1f8167a3a50add53
cwnu1556,25,0986d07bb7c9ed86
cwnu1557,25,26d2f8dabc809907
cwnu1558,33,388aba1d19fe86f3
cwnu1559,39,b281572020febfd3
cwnu156,27,2fd3cf037ed99ae9
cwnu1560,45,7e2386f19e2b7696
cwnu1561,25,26e8f70c329b5fcf
cwnu1562,30,ef76fc729d41b4df
cwnu1563,25,1571a6126fee5221
cwnu1564,41,7e6179266d561120
cwnu1565,25,309b94e9b91ec752
cwnu1567,41,eccf7d0b3a7640f8
cwnu1568,39,cab41c8bc5c82cab
cwnu1569,30,51523998a957cdfb
cwnu157,25,52eeb54528136a26
cwnu1570,28,81e65332ecdfc441
cwnu1572,25,216314b45e5d9ec5
cwnu1573,31,0d93d359619989c6
cwnu1574,25,db876511504934ab
cwnu1575,26,c1fdf4c39d063a89
cwnu1576,25,8f93313253a5ee53
cwnu1577,30,dab5f1f05b60a9f5
cwnu1578,25,a4e58d8c15b11038
cwnu1579,60,2955d6685463e9cb
cwnu158,36,c33825f3f0119638
cwnu1580,31,eb0c9829d371b095
cwnu1581,25,82706b54cd1507c5
cwnu1582,29,c679b416b76ca344
cwnu1583,25,7e946cff39571d7c
cwnu1584,46,4710cf1597b2b1a3
cwnu1585,25,83e613a6fae4b2b8
cwnu1586,25,e082659e34c5220c
cwnu1587,25,df32107c3eb33d32
cwnu1588,25,b770490423a0e39c
cwnu1589,25,5bf209e2a7125e31
cwnu1590,41,73fcd4f9d733925c
cwnu1591,25,da8eaa7d50c3155d
cwnu1592,37,ec956eb8ae1caeb0
cwnu1593,25,a0b09901f7bded5f
cwnu1594,40,a263a06919ca574c
cwnu1595,25,c628fadde2060099
cwnu1596,25,d3f2aedb131c55c6
cwnu1597,25,c1d6a485f90d0c5e
cwnu1598,25,53ba9f09ba280649
cwnu1599,25,8732820839204df7
cwnu16,53,40acc7ceae2e90cd
cwnu160,25,e77307c63d77022b
cwnu1600,27,8c7db778c800490f
cwnu1601,25,02bc459bcfb7158e
cwnu1602,25,771de2d62e107655
cwnu1603,25,869ed7cc9aa5a813
cwnu1604,25,cbc9aac2c1b00d28
cwnu1605,25,afa4aaa31d28e016
cwnu1607,41,2edb4d829c59f4c6
cwnu1608,60,a91769183e371b4c
cwnu1609,26,1f93073ce263a70a
cwnu161,35,9f2dccaed003df0b
cwnu1611,30,2c6cef961234fb74
cwnu1612,25,5e9539677c35e4dc
cwnu1613,25,1a73fe646a93b2f5
cwnu1614,25,029272bc21bcb285
cwnu1615,42,3aa106a3ca4c4809
cwnu1616,25,1500997a6497d098
cwnu1617,25,049dec7fcb826b09
cwnu1618,25,5e653b61d54b2c28
cwnu1619,33,6279a83dbd0805d6
cwnu162,27,d4af3b0c9273f8cc
cwnu1620,25,5fcc39136d233c9c
cwnu1621,25,3693eb197831cc49
cwnu1622,25,8f1238e0852b3cc9
cwnu1623,25,a7184bc2a79f2fc7
cwnu1624,38,8835b2343c1eb824
cwnu1625,25,7772e2d2adc7a2fa
cwnu1626,25,270c481765bd3cdb
cwnu1627,30,f720021511f91ee3
cwnu1628,25,e3e27a2c44ce8f92
cwnu1629,25,e584eaa2a8b3b085
cwnu1630,40,90ab28158c8f42ba
cwnu1631,30,34d79b1a9421c0ff
cwnu1632,25,1bb287209f96248e
cwnu1633,25,f309c2e024d64044
cwnu1634,25,dadd4eba285d635d
cwnu1635,42,827da4e5590c9d6e
cwnu1636,27,61a22527f5fc610e
cwnu1637,33,42d6bc76f3d190b9
cwnu1638,30,df35a2897652caf7
cwnu1639,25,2b518d553178baa0
cwnu164,38,b4151e6c5e0f63d2
cwnu1640,25,3dd5e17c7e5219b9
cwnu1641,25,3388aa11f327c862
cwnu1642,25,aafa471e316fcccb
cwnu1643,27,7884251c4190fec5
cwnu1644,25,7e543ebe03ad9ad7
cwnu1645,25,c3f6e41f7a111928
cwnu1646,25,d57e10f56745e06c
cwnu1647,25,0bb827406f550c32
cwnu1648,26,5d17c247111f250d
cwnu1649,25,89dae0144e65e904
cwnu165,25,7414695dc826e919
cwnu1650,25,ebf9dc8ae2a1c1ea
cwnu1651,25,6c5c418f041fe5c8
cwnu1652,25,35de131700a8baa2
cwnu1653,25,2d87bc9a0c371e30
cwnu1654,25,3372c602899b1919
cwnu1655,25,39cdfda357eb021d
cwnu1656,25,ad840d663a2e5023
cwnu1657,25,d50b3336b6e9beb9
cwnu1658,25,da1b7d375ba1ab26
cwnu1659,29,60656d5dff2ebc26
cwnu166,25,8ccbb14c192f07d1
cwnu1660,25,07725524b24525a2
cwnu1661,25,79fed2cc2e6c3b0d
cwnu1662,25,8dd0d48370888955
cwnu1663,28,d44931cd52e857b0
cwnu1664,39,31af7064c68e1a9c
cwnu1665,35,89eeb99247af01e5
cwnu1666,32,3e8894b45d06c7b8
cwnu1667,31,c4f8e5c9880c2a62
cwnu1668,25,d42dcd476b598f11
cwnu1669,25,88e582ae6ec4555c
cwnu1670,25,a5e7e5b697b73024
cwnu1671,25,523a834a05944e6e
cwnu1672,25,bc16911f51cf2147
cwnu1673,64,3ef6dd214e266238
cwnu1674,31,211b6b858db18e49
cwnu1675,25,a9a139c43beab089
cwnu1676,25,a1aa363421e5c724
cwnu1677,46,68fe96a27c0814f3
cwnu1678,32,68c2fc6ac6a97419
cwnu1679,33,e7677b5e32a23f39
cwnu168,25,cc41d4390ee22efa
cwnu1680,25,7c31934f0f4deb69
cwnu1681,25,b425ceca0f515cef
cwnu1682,25,66de7c681b9ae66f
cwnu1684,25,e6ce4f884b11f771
cwnu1685,25,45beb516882026b0
cwnu1686,25,2dfb576b72750eb1
cwnu1687,25,63194ecf065a657b
cwnu1689,25,5e5b9268f8a538c0
cwnu169,25,164ba73086dc86b2
cwnu1690,25,8e5dafe625ce355b
cwnu1691,25,72f8175540ec08be
cwnu1692,25,4431100a0a7681fd
cwnu1693,25,6e34f5348b97386c
cwnu1694,25,68a6ee833deb39c0
cwnu1695,25,2791c1e24f743ee8
cwnu1696,25,80d530579da7b739
cwnu1697,84,b173789390d444be
cwnu1698,25,fc400f594d19565a
cwnu1699,25,86553dba7e2adb90
cwnu170,27,d0234464939e7be9
cwnu1701,25,0d863ccb2bb93390
cwnu1702,25,ebf25994ddc7135c
cwnu1703,25,eed03b96d0f11010
cwnu1704,29,2bffa3132f09d165
cwnu1705,31,297a468f100c1ac9
cwnu1706,25,fac38e3e9b9c54f9
cwnu1707,25,a35f414efe0aa5f2
cwnu1708,25,21bfb0105364edfe
cwnu1709,25,2db6e8e04fa5bae9
cwnu171,34,242cece17502152f
cwnu1710,25,bc9732718816bb3a
cwnu1711,25,45ac6024f3df8225
cwnu1712,25,e28ee932ad389694
cwnu1713,25,5864236f89e5b4d6
cwnu1714,60,62f61f7a363c4245
cwnu1715,46,6701b089062f0eb9
cwnu1716,27,e8973eed475c20ed
cwnu1717,39,c416adef449e56f5
cwnu1718,25,fe168839d4145413
cwnu1719,35,6e6c7a500c5c0082
cwnu172,60,cc9f9a0120b7e38e
cwnu1720,28,0e20e1c4e71656f1
cwnu1721,25,1a1abd330d090f30
cwnu1722,37,4819113596445d21
cwnu1723,25,fa2c57019f56a003
cwnu1724,26,919ed78f230552b4
cwnu1725,25,3905e59db0680913
cwnu1726,34,1c5f6d45c93eb6ed
cwnu1727,25,c3fd751fbdada2a8
cwnu1728,25,2e3867edc1fdf3d2
cwnu1729,25,5861bba0fc76c112
cwnu173,25,047ecd7391750d37
cwnu1730,32,6e7de4ad578b2b06
cwnu1731,25,34ec053035ec1c7b
cwnu1733,30,a13b6502e26b9a1a
cwnu1734,75,2656a1bf9dd66235
cwnu1735,25,27a64e8642571873
cwnu1736,25,b1da2d7caa670f60
cwnu1737,33,8cb19b1556e8f718
cwnu1738,25,360c139843569188
cwnu1739,25,cb5113108147eb79
cwnu174,48,649cd4528be8182f
cwnu1740,25,42f8e4f57374a7ca
cwnu1741,25,ab06f07ad7fd60ef
cwnu1742,25,7ab3408e10c58279
cwnu1743,25,b1ec1087cbd1d765
cwnu1744,25,02b6ddc20a1b3998
cwnu1745,25,046b24bb8e1e75c3
cwnu1746,25,913a433ddf53f6bd
cwnu1747,25,e76269ae48bf5d8a
cwnu1748,25,11dbbe0839b7b6c4
cwnu1749,29,56a57eeaf4241430
cwnu175,25,045383a4ff293cf1
cwnu1750,28,563258eb4ee8a6b5
cwnu1751,25,4e50e99400cc5aa3
cwnu1752,25,ad99d8b5b1a76c1b
cwnu1753,42,a9f7e4c7d7758f9d
cwnu1754,29,2b9d80f749115508
cwnu1755,35,4007e40693b978df
cwnu1756,30,83b79da748d52e88
cwnu1757,34,7aa15da16342a1e4
cwnu1758,25,c13d0e422641afdf
cwnu1759,47,508b44fd1382c335
cwnu1760,25,b74105669ef4ba61
cwnu1761,35,34e360e57260d95e
cwnu1762,38,698f57af6aa266ae
cwnu1763,25,fe2e47e848c3ea70
cwnu1764,25,00f3c7a19756eae0
cwnu1765,25,61ddc42d3a83e130
cwnu1767,32,fb860935f9ce541d
cwnu1768,25,45d746e93b3995e8
cwnu1769,32,90904fe453a960f0
cwnu1771,25,8b4b8a0e091d876b
cwnu1772,25,d5dff5eeb4a909cf
cwnu1773,25,c00b281e9af56663
cwnu1774,31,a623c021e270ce67
cwnu1775,25,7d48bc915cada737
cwnu1776,25,dd443c0cdb8bd4a6
cwnu1777,29,1a3f5a52f87f8885
cwnu1778,26,08b27b24a9ccad9d
cwnu1779,25,83b0980ae6794938
cwnu178,25,cb97e98cf6c63766
cwnu1780,25,e02afafaeaafec05
cwnu1781,26,34d2387b6f4181e8
cwnu1782,25,4042186ede1b2c9c
cwnu1783,25,db2db1518b80aa4e
cwnu1784,25,3790a34a1f0b5273
cwnu1785,41,a0353a1f24f0e408
cwnu1786,25,08ff75def49f7bd1
cwnu1787,30,2cadafba395f9bfb
cwnu1788,25,5deb6043e539506a
cwnu1789,25,c8eb9d221ca11274
cwnu1790,50,73874d95b3131a9c
cwnu1791,32,f397cca6ccb6e302
cwnu1792,33,5ec93190a40ee90f
cwnu1793,25,b014e0b73d69ce69
cwnu1794,25,f012c083c865b0f7
cwnu1795,25,df2bd6ed9b45b60b
cwnu1796,25,5537ceeb811284cc
cwnu1797,31,dc05dc515407120b
cwnu1799,27,a86255558f49b3ff
cwnu180,50,49f4498828fc42c2
cwnu1800,28,c2692b84ad73c53d
cwnu1801,25,635f4d808c4e0c49
cwnu1802,29,c9fcfb1fbba5475f
cwnu1803,25,c3243608e62eeca9
cwnu1804,28,a33c27eb12f2ff6c
cwnu1805,25,bf35871817d1f7e3
cwnu1806,25,1871f9986eb1c041
cwnu1807,25,ce761b6370a3a497
cwnu1808,26,919982db5f4e1789
cwnu1809,28,6613ef39f437771f
cwnu181,25,c878126c585509b7
cwnu1810,27,a1f1503775f7eac3
cwnu1811,28,bc9f6700daf0e282
cwnu1812,25,f0e986ccd1420c8d
cwnu1813,29,9014fe0b112c25b0
cwnu1814,25,df44e9c966ae660b
cwnu1815,25,7375f5dbdcb54170
cwnu1816,42,f66a318703f6544d
cwnu1817,25,c8f624aaebad1dc0
cwnu1818,25,1758bc1125445e0f
cwnu1819,25,e643354101bf4b50
cwnu182,70,3ab7e56820d39c22
cwnu1820,25,53a47035c6636159
cwnu1821,25,4e792f920d567ae8
cwnu1822,25,221335783fbd86e4
cwnu1823,25,79c62ec7f5f8dbb9
cwnu1824,25,1feebd4f9677f570
cwnu1825,25,8978b7e4f73905b1
cwnu1826,25,4e241a77d52e36ee
cwnu1827,25,d2391e3d4c53c6fe
cwnu1828,25,e7d9bfbe3285b2e7
cwnu1829,25,f0e7a502a8278d2e
cwnu183,25,0433cfc653f255fe
cwnu1830,25,ee892f5345ed19f4
cwnu1831,26,24e5dcaf86e29d21
cwnu1832,29,63ec3fe8ffadbdf0
cwnu1833,25,e17090dd441b653d
cwnu1834,26,c75b85f7c70341ac
cwnu1835,25,ad444e4a86149a7c
cwnu1836,25,29c6933162d19064
cwnu1837,25,a939844b0df962ae
cwnu1838,25,8c126573ea0346b6
cwnu1839,25,1860f0f6ce138784
cwnu1840,25,0d6b765e174f5047
cwnu1841,38,f9c03213d411d00f
cwnu1842,42,1b0e80264bf3af75
cwnu1843,29,78a71485183c864e
cwnu1844,27,8f5f4eb1e916680d
cwnu1845,31,1413f0df44096f6b
cwnu1846,25,4e7762c49ac81ec6
cwnu1847,30,bec28dbb5ec68cfe
cwnu1848,25,0882275a0d085084
cwnu1849,25,3e7f4fe744b4635c
cwnu1850,25,1d8e15fecdd4e76e
cwnu1851,25,9d68996168e632b8
cwnu1852,25,690b323bc2bf6efc
cwnu1854,28,dff1094bd0ebe0f1
cwnu1855,25,6f135007929cb69b
cwnu1856,25,aa5fc693ae40cfa2
cwnu1857,67,3fe0df58f4680e76
cwnu1858,25,ac61ed105e1e649c
cwnu1859,30,f6314c489a074ad4
cwnu1860,31,3de3dbd0c2bc5162
cwnu1861,25,3dcddd1506beb15f
cwnu1862,25,b3945798273abc92
cwnu1863,28,2950a6f8c8bfa3c5
cwnu1864,25,87b95e4d3db6c3de
cwnu1865,25,b43abe77b6efaf42
cwnu1866,25,da884109dd82debd
cwnu1867,42,513e6dad83e29d50
cwnu1868,25,cebfdc9fb93c28af
cwnu1869,25,0951cabdf371b6e7
cwnu1870,25,3db9c16302ca3687
cwnu1871,25,d95258b5affd5c6b
cwnu1872,25,e4575face5c4eab3
cwnu1873,25,b95397b505a94bdb
cwnu1874,25,8074822d711239cc
cwnu1875,25,3f1337d1513935c3
cwnu1876,25,65c23b171aa5f5b1
cwnu1878,26,6d394022de22adf2
cwnu1879,25,da28a816c9665e71
cwnu1880,30,248acb7a3e95706a
cwnu1881,25,d754c74dcdaa9c41
cwnu1882,25,06eb5a6040e0ee78
cwnu1883,25,6d5be2318a1c1890
cwnu1884,25,6a36b6526020d5d8
cwnu1885,26,14d63df14dff2232
cwnu1886,25,74bccfc8ef45f6e6
cwnu1887,26,e125bcf3583c9bd6
cwnu1888,25,6f627df650e572c1
cwnu1889,25,844177eb2cfca4af
cwnu189,25,3283a736a4fdf0e6
cwnu1890,25,df4cc3fe046bcf38
cwnu1891,25,141aaffc585b9c67
cwnu1892,25,6e5fcb780f9d05fd
cwnu1893,25,444abc348fbe6ac2
cwnu1894,28,91a687b2f3931563
cwnu1895,25,d9224ab8c19a8e04
cwnu1896,28,23dd391627e65082
cwnu1897,51,371117ee809cacc6
cwnu1898,25,83247360bc697891
cwnu1899,25,8dc46f47b07715f3
cwnu19,46,14a6a1c25af7c599
cwnu1900,25,8ce492b440a4fb48
cwnu1901,25,bf80a3322155ab78
cwnu1902,25,0f40f78dfb41be9f
cwnu1903,25,5bb19fda1880c8b0
cwnu1904,26,e7d0ea3b8a5cbdaf
cwnu1905,25,39470fc5370c7605
cwnu1906,25,db2d3d37f7984007
cwnu1907,25,6e35107d88ee80c6
cwnu1908,25,7a7fc44d91662f26
cwnu1909,26,acddebbb745bcf4b
cwnu1910,25,8e809d9116678529
cwnu1911,25,12a7ed330f8fbd21
cwnu1912,25,1a9c23af6824bc1c
cwnu1913,25,92ca04309dff251a
cwnu1914,25,e84adc1d926fb4e1
cwnu1915,25,853dc51098ae45b0
cwnu1916,25,5bde77d36b729473
cwnu1917,25,6c72b0e22daa7f41
cwnu1918,57,369a7341a023873c
cwnu1919,25,20c1b8f083c7aacc
cwnu1920,48,01224dfb15b5d4e7
cwnu1921,25,3b52ba060e326c65
cwnu1922,25,5e5827726ee81e78
cwnu1923,25,845fc1114b794cce
cwnu1924,25,bf389f15585a22d7
cwnu1925,28,d43854cd79550ff6
cwnu1926,27,f06a3296c9e186a4
cwnu1927,25,19fb245f03dd95e1
cwnu1928,25,47f2501de12f15ec
cwnu1929,25,11530871a1879001
cwnu193,41,43010300ca4f5b6e
cwnu1930,25,037a6480933848a9
cwnu1931,25,591e444aa8b54568
cwnu1932,25,033fd71f0fe55e1d
cwnu1933,25,e6f72d8be4353473
cwnu1934,25,0a20e3d350659b6a
cwnu1935,25,edf35e96483365b3
cwnu1936,25,966213f7bdb1538f
cwnu1937,25,95e5d8c9dc541b88
cwnu1938,71,c631d5df3b8cfb2d
cwnu1939,25,2494e6f775ca2057
cwnu1940,25,1524a10b73a3c5ef
cwnu1941,25,e7140d9fe677c964
cwnu1942,25,eb7262cd4e4490ab
cwnu1943,25,2778d9bbbc625906
cwnu1944,202,c91feeb4bf566d59
cwnu1945,25,10ee50954be9b92f
cwnu1946,25,40cc3926a99d593a
cwnu1947,25,c25424a8a8c1d625
cwnu1948,25,f88d16199d619511
cwnu1949,25,9299f59e3a9ccdd5
cwnu195,48,b9336e7c54674ab3
cwnu1950,25,b9b27a309c4c585c
cwnu1951,31,e7bcc5692a72fa8d
cwnu1952,25,1bb284906d6116e7
cwnu1953,25,720263f59be9754c
cwnu1954,34,bf42223e21e040eb
cwnu1955,25,a00c7111dbbcc581
cwnu1956,25,aaf51df1d2b41ae4
cwnu1957,25,83fe04b80ec7d52e
cwnu1958,25,79e28fde1c77fafb
cwnu1959,25,c80fb033c837f9fc
cwnu1960,25,9c904749841513a7
cwnu1961,26,6b49540faff495de
cwnu1962,25,2927e49c38fc88fd
cwnu1963,25,62da88cc7eb0de22
cwnu1964,25,4d5b6815a7b4a41f
cwnu1965,25,de3b718e631ff8d3
cwnu1966,73,a4fd5d82309592dc
cwnu1967,25,f156b1a55baf5e27
cwnu1968,25,6b2bd026ff4a461f
cwnu1969,25,83d84c2792c64e01
cwnu1970,25,bb465e731c80138d
cwnu1971,25,7b0b9a16ffbc434a
cwnu1972,25,a9670e3b405287b4
cwnu1973,25,ef330adc6af31e69
cwnu1974,25,050decb7f619339f
cwnu1975,25,8e869e9aa54e2ecb
cwnu1976,25,d6e7e30704e0f7e2
cwnu1977,25,eea9fc2071ae81dd
cwnu1978,25,29c7dbf6432cdad4
cwnu1979,25,a0a1ac93ded14d5e
cwnu1980,25,0f23058fd70fed1e
cwnu1981,25,305e86622a678dd2
cwnu1982,25,b65db838cbce7ec7
cwnu1983,35,5c05dfab6a3d798c
cwnu1984,25,a02dc0b65395400c
cwnu1985,25,1bdfc6284803bc25
cwnu1986,25,2730b581e8a790f1
cwnu1987,25,0baeec6750cbf5c3
cwnu1988,25,f5f0c7bba93ab958
cwnu1989,25,4d5a794322bbfd35
cwnu199,25,53c9f7013cd6d3ae
cwnu1990,25,9334dbeae382ad9b
cwnu1991,25,d55e0769412e08ec
cwnu1992,25,70c2c42fa6bd5049
cwnu1993,25,15e8fa59f15f2cf9
cwnu1994,25,23137aa4be26468b
cwnu1995,25,334412ff39f5229c
cwnu1996,25,ee69ed3f7f051273
cwnu1997,25,232fb65741a548bc
cwnu1998,25,4c125984adfa0a41
cwnu1999,25,995289881c1b4506
cwnu2,25,cf6e470d22468220
cwnu20,63,739982744dafa4b7
cwnu200,47,b26cbb06e9bbd811
cwnu2000,25,b0a6225513119e30
cwnu2001,25,bd47e89cd15ecd67
cwnu2002,75,047de853080638e4
cwnu2003,25,f697a58ca9c7d9b8
cwnu2004,39,8db2e5620d2aa0f4
cwnu2005,25,3dcb5646a39937d2
cwnu2006,25,c5713e0f33f939c7
cwnu2007,28,6de3b2b6de721008
cwnu2008,25,87fa1bb077966865
cwnu2009,25,f426521f07ddc78e
cwnu201,47,b8eab5007eb440f1
cwnu2010,25,c6cffda7331e70b9
cwnu2011,25,b5ac2d18f4b9ecb7
cwnu2012,62,4639cca13f0ec795
cwnu2013,25,3472ffe0f7af873b
cwnu2014,25,2e2ce282244c5236
cwnu2015,25,86d12145d470261d
cwnu2016,27,4910d1cc94cf065b
cwnu2017,46,d5d6bc1c1c472acd
cwnu2018,25,47ac33d95b4342b1
cwnu2019,25,488f9d3710898d85
cwnu202,34,428401fca46ea9db
cwnu2020,25,cbc29017da8f07df
cwnu2021,25,ddcdc89dfc5a340d
cwnu2022,25,f75349e7c4bd75b1
cwnu2023,25,6550f7dab990d5a4
cwnu2024,25,4e7ea1ea0ef2d17f
cwnu2025,25,4b0353ccfa232e8a
cwnu2026,25,55b04c0bed753d60
cwnu2028,40,355a37236a622a0b
cwnu2029,25,7a4dd5b631ed4d41
cwnu203,25,17fc460e33f71792
cwnu2030,25,470e4b0203dc1fbe
cwnu2031,25,3661e07c1974e56c
cwnu2032,25,e5b6fc234609462b
cwnu2033,25,3892a69409a77468
cwnu2034,25,4f9ef8ac3693044e
cwnu2035,25,f628c91dc7f53570
cwnu2036,25,213664cdf8ba5f7c
cwnu2037,25,a208cff71572c3b2
cwnu2038,26,0f1b32a1223e61ad
cwnu2039,25,3f8e7bb00a9fb289
cwnu204,25,c9d8794cf7a04fa1
cwnu2040,25,f6d06d3aa3df4f43
cwnu2041,25,7ade443da3f06f8e
cwnu2042,25,f7158c2074e5887c
cwnu2043,25,66edb9f324487716
cwnu2045,25,9305dbe0f9c7ad37
cwnu2046,25,103aec040b562558
cwnu2047,25,f314ed81ed6d4650
cwnu2048,25,d704ffb64c7726d7
cwnu2049,28,2d20032d8b27abf5
cwnu205,70,d940cfc66afaf484
cwnu2050,25,8cff1deb450ae7e3
cwnu2051,25,11b8c4823838a367
cwnu2052,25,27aab95a535959d2
cwnu2053,25,483561468997fc72
cwnu2054,25,5c13e4b2069915d4
cwnu2055,25,20717df678698523
cwnu2056,25,9719c7ed3a96ee56
cwnu2057,25,e5412a373c8757da
cwnu2058,25,a2ac6cd56f89c354
cwnu2059,25,90d7a937a933b045
cwnu206,25,f07ea7bbd2e7a4e0
cwnu2060,25,a6c442040777e134
cwnu2061,25,54bc0c3543b234ce
cwnu2062,25,8fb26605e7e86d23
cwnu2063,27,6d35827e62f12374
cwnu2064,25,e872c096504ca0c4
cwnu2065,54,6bfefc870fd96060
cwnu2066,25,40a3a56618f889f3
cwnu2067,25,e3e8985b1083d363
cwnu2068,25,3047072e7ebfca96
cwnu2069,25,19d9b897ef947cfe
cwnu207,25,c35b75dfb6cafcf7
cwnu2070,25,2e746767063e0851
cwnu2071,25,2c184081e9ca77b5
cwnu2072,25,13b16f1a6ffecd1c
cwnu2073,25,a9cee950d876be3e
cwnu2074,25,1fbbf189f3b186d7
cwnu2075,25,f6362533c1a0b343
cwnu2076,25,bd03e46efc98cb53
cwnu2077,25,c4029b70b6b1bdd1
cwnu2079,25,1e41bd3cb35665fd
cwnu2080,25,4ff461b7be8f7373
cwnu2081,25,94d28f81f2d9f72a
cwnu2082,25,40b7939628027ac4
cwnu2083,25,2c5981d181dea4dc
cwnu2084,25,bce60b03d455b823
cwnu2085,25,dca37ac9538af3f2
cwnu2086,25,1c6cff01bfa1a890
cwnu2087,25,1fc7289352b147fb
cwnu2088,25,2df147149af0fb20
cwnu2089,95,1aafc63885c091a8
cwnu209,25,7001317e376b61d3
cwnu2090,25,b55afb25e70f336c
cwnu2091,25,7f0a7627a5adb10c
cwnu2092,25,875049bb1b6179df
cwnu2093,25,3cf9804dcaba5be5
cwnu2094,25,94b077770bee81cf
cwnu2095,25,5e91949269be3fb7
cwnu2096,47,4f0ff6657bb3aab8
cwnu2097,25,1e345edec06596a3
cwnu2098,25,67f0884d6c187d07
cwnu2099,25,2b4917c8e91c5a0f
cwnu2100,25,4be025f8aaa74676
cwnu2101,25,2a2d357d7fc1b57d
cwnu2102,25,1b3d618ccfa92272
cwnu2103,48,6f3ce3ef2baa8be7
cwnu2104,25,2edcc79eb9e12933
cwnu2105,25,1c9fffae64c2d291
cwnu2106,25,6cec98d55fc5ab63
cwnu2107,25,54394a5d14a1c4c4
cwnu2108,25,db24019329ee485a
cwnu2109,25,f6aa2037d4afb819
cwnu211,25,357f0a1e6fb0ef13
cwnu2110,25,bcc52d942143219c
cwnu2111,25,8ea72a40e61a7a7d
cwnu2112,25,d3a45c5cb8ef1841
cwnu2113,25,418fbdc4bb766291
cwnu2114,27,705ecfa8c1e95ead
cwnu2115,25,c184978cb6627f63
cwnu2116,25,d7ee9c55418a6425
cwnu2117,25,048d078c60ec101c
cwnu2118,25,1357ce30899ba776
cwnu2119,25,5ae39806b002694f
cwnu212,42,2e948f7522f3a52e
cwnu2120,25,dab41adbcf311826
cwnu2121,25,241006cd2a10e36c
cwnu2122,25,62a28fc3e5f18915
cwnu2124,25,c5aaf561e242fc70
cwnu2125,25,dd064318c5ecb291
cwnu2126,25,58a696410b492614
cwnu2127,25,80449dc3bd96c4b2
cwnu2128,25,251e4bc9c4c04e0d
cwnu2129,25,d1ce7224465963e7
cwnu213,42,03e98bbfec228684
cwnu2130,25,efe9cb159079dfcf
cwnu2131,25,66f1917b609dfe87
cwnu2132,25,23f9622ff83ca2a2
cwnu2133,25,131197cc409f5ac6
cwnu2134,25,9037c4459f96d689
cwnu2135,25,8b8fefb68507f655
cwnu2136,68,01c640407757e1ab
cwnu2137,25,b4c6c22a7bbdc2ab
cwnu2138,25,aaa006b817972fa9
cwnu2139,25,1d9f1ba4ddf270fc
cwnu214,25,f0bc0373b592c68b
cwnu2140,25,38375287abf6d518
cwnu2141,25,4f14e16a7f6db9e3
cwnu2142,25,8d6a012cb8bffbf1
cwnu2143,25,86eebeb194908a84
cwnu2144,25,f6add30d133d9c91
cwnu2145,25,0626a5bfd1a718a2
cwnu2146,25,b43aa6174be76016
cwnu2147,25,676ee366e8acc5bd
cwnu2148,25,883876c5509a4aa9
cwnu2149,25,b0a729d4bc8ded8c
cwnu215,42,1196124bc315f717
cwnu2150,25,865148e0f1af3143
cwnu2151,25,d0354c2cc3b954a1
cwnu2152,25,2917efea94445ca0
cwnu2153,25,2fac2b6d268194da
cwnu2154,25,df5b25fbb5f5a765
cwnu2155,25,b827fdaeb3000458
cwnu2157,25,9e64c9a1dcf7fc30
cwnu2158,25,e5fb290da94f0592
cwnu2159,25,24d5a90f3ecb5683
cwnu2160,25,5e82229fa66a38d9
cwnu2161,25,9240340a6ba8fb13
cwnu2162,25,21b876f8d9f54ef8
cwnu2163,25,b1fd1b3d81318ca7
cwnu2164,25,23ebeb8cd4315e21
cwnu2165,25,9b40ef210169353f
cwnu2166,25,bf87a1f07eea4467
cwnu2167,25,43d10450b7199473
cwnu2168,25,548e769bea2f4640
cwnu2169,25,5310162d36c74ef4
cwnu217,25,da944c2d1f1441f4
cwnu2170,25,c2c164a99c1c1cdb
cwnu2171,25,2cff974821531746
cwnu2172,25,60bbe9d1af9c745c
cwnu2173,25,1ea45a3bcb9d68c4
cwnu2174,25,22eef91848ac77b5
cwnu2175,25,d6f2c13f292b45b8
cwnu2176,25,32b06721882ec46e
cwnu2177,25,3f33c92118f84a9c
cwnu2178,66,0526abd7e76c552f
cwnu2179,25,74ade306d71bb920
cwnu218,65,6e1db6657ecdc7bb
cwnu2180,25,92556681f952b465
cwnu2181,25,de136769ff078261
cwnu2182,25,9f6373a7b2ca3b4e
cwnu2184,25,6105ec4bc3f17377
cwnu2185,25,541bccc60b0fd29a
cwnu2186,25,d2f1413aac22afce
cwnu2187,25,9920dd0fe2e20753
cwnu2188,25,0670ca62fe2f6fb0
cwnu2189,25,40ed78f576d73929
cwnu2190,25,0c00df6181bb1e97
cwnu2191,25,e408fc60530a74c4
cwnu2192,25,ff2e51f27373fb54
cwnu2193,47,f01953c522abb098
cwnu2194,25,bcaa92288104a834
cwnu2195,25,3a7131ac2211f272
cwnu2196,25,0de440eeeb400914
cwnu2197,25,f734bb87c05e2ef0
cwnu2198,25,2b2b8e0b13960ae5
cwnu2199,25,01cc6a764d8cbcd2
cwnu22,25,01bd95f52f367c63
cwnu2200,25,4e32011cd8add57f
cwnu2201,25,d1482616c7a282aa
cwnu2202,25,b2780022e525df24
cwnu2203,25,9b2907a5ed04e84d
cwnu2204,25,dad31da6de9b8980
cwnu2205,25,f7ba5c23f3b488d9
cwnu2206,25,f8140cf85fdb700a
cwnu2207,25,a749a3629693e621
cwnu2208,25,fbf65f74f0e941c3
cwnu2209,28,21de6999d87d29d4
cwnu221,25,6597ddd1e71f8d0b
cwnu2210,51,9c7bf2bfb7b1abb0
cwnu2211,25,c8e7730a11263eb2
cwnu2212,25,c6c898a525692f4f
cwnu2213,25,f59d71701073dd60
cwnu2214,25,68677cd4f96d29ef
cwnu2215,25,914dd21a81ac1032
cwnu2216,49,0993be8f7d6052d6
cwnu2217,25,c7ef34a532fadd54
cwnu2218,25,44c86855d07eabd0
cwnu2219,25,e674a034e99cff0b
cwnu222,25,e1de8dab61978d0d
cwnu2220,25,a369768bfbcc6e7c
cwnu2221,32,297f6ca2a7420834
cwnu2222,25,eca1801243fd8237
cwnu2223,103,a6a7e82395b15a3d
cwnu2224,25,4d92ad7f2d173c82
cwnu2225,25,fa9723b0a1dab0f7
cwnu2226,27,26363a0965859dd7
cwnu2227,25,70a0fc5ad34205c5
cwnu2228,25,067a33a1c5f2119d
cwnu2229,25,ddd0261c57d089a8
cwnu223,79,41ab5a21aa0df58f
cwnu2230,25,34c203ccd040a9de
cwnu2231,25,7f5307183fec4557
cwnu2232,69,f075e56ae3468df5
cwnu2233,25,d19f941bfcff709f
cwnu2234,25,c2c03c2f88e14c53
cwnu2235,25,6b5a46a7491354a6
cwnu2238,25,62230f0a04e2ef3c
cwnu2239,25,a86dbf3123096922
cwnu224,70,75be8cf818c2142b
cwnu2240,25,9b2c4360e21eeebf
cwnu2241,25,5c10a4cad6e8d035
cwnu2242,25,b326b284a2e8c4b5
cwnu2243,72,56d44ed513dc90d1
cwnu2244,25,825ec41c9cbb6c29
cwnu2245,25,0d5a366dac4f841f
cwnu2246,29,74dd1b4b3391edd8
cwnu2247,25,48c79988ff2e2619
cwnu2248,25,e5b798c456733777
cwnu2249,25,774ae40a76fdc43f
cwnu2250,25,503beb7d3a34a4fa
cwnu2251,25,7eaf137939aca70e
cwnu2252,25,ef279f043aaf21c0
cwnu2253,25,aa7bf8335e157c98
cwnu2254,25,10f796f949fbf1d6
cwnu2255,25,4ba7296f1d21b5a4
cwnu2256,25,663c1cded2bf2282
cwnu2257,25,12a340c54622dbcc
cwnu2258,61,a343141437d1b67b
cwnu2259,25,84e91b8a510513f6
cwnu226,25,bb927c1bb64a2e71
cwnu2260,25,232ef7f4bb1d92c5
cwnu2261,100,a92e642433b59aaf
cwnu2262,59,efc01cafd4bb4921
cwnu2264,25,7880ebca4cd2f515
cwnu2265,25,e670a7efbff8faf6
cwnu2266,82,7c587c1d145596fc
cwnu2267,25,609ecae018a707ac
cwnu2268,84,624c3668ba258744
cwnu2269,50,9f1e67aeddfba78f
cwnu2270,25,39eb7584aa6c0fe0
cwnu2271,25,210b06a3e965381f
cwnu2272,25,4a4449f426980418
cwnu2273,25,c4947af2f0297e85
cwnu2274,60,9f0a8174fde902d9
cwnu2276,61,3a8a1d11b5d676bd
cwnu2277,62,63ee2005802ca0c2
cwnu2278,25,50981b09b15ede57
cwnu2279,54,0bb1297275aee3a7
cwnu2280,25,e891642a547084e7
cwnu2281,41,7f6c5d3ffd8496aa
cwnu2282,27,df355732eaf458c6
cwnu2283,25,25a2c4450939c387
cwnu2284,97,0d569762da800255
cwnu2285,29,7a7c11feba1ab38f
cwnu2286,70,f66a02a089d917d6
cwnu2287,25,eb7ad25bc5530468
cwnu2288,55,31fd30cf32f0d7ff
cwnu2289,25,193237f57aaa4d89
cwnu229,58,3a95250cf6075274
cwnu2290,25,fa856464e4b3a225
cwnu2291,25,5ae87862993a13aa
cwnu2292,66,2db54cb125165552
cwnu2293,67,5602f7d8c55bf379
cwnu2294,25,1b73ccb3e9aa610a
cwnu2295,25,3bbedbb10d9de78d
cwnu2296,25,93be91b475296677
cwnu2297,25,27653b7e85d9ada8
cwnu2298,25,2d3a82c1ba76dd75
cwnu2299,25,be747d502b583946
cwnu23,69,288c3575b89aa972
cwnu230,36,8315baa2fd18af2b
cwnu2300,25,a5e6133c9e15158b
cwnu2301,25,4a7ed7e218701ffe
cwnu2302,25,d76afae796020ab5
cwnu2303,37,aa61f9d4041247c8
cwnu2304,101,d509594bdf28f7b8
cwnu2306,25,837d303ec12f85e8
cwnu2307,25,306e0302cc518ab9
cwnu2308,53,afd3cf30050b1e90
cwnu2309,33,954773af988097be
cwnu2310,46,ea69abceabfb8cac
cwnu2311,25,f8f5b9ca0ed23e13
cwnu2312,53,1130d30340eee6c5
cwnu2313,25,85bf636df9720fb7
cwnu2314,43,66f06142f39e564b
cwnu2316,43,56c45a16b780c2a6
cwnu2317,30,026396fb9c040d5b
cwnu2318,25,90ea5884348ab845
cwnu2319,25,fd0a767a678272b1
cwnu232,90,bc6276bbdecfdeb3
cwnu2320,29,7f2dd85a6e7eb967
cwnu2321,76,6b13f387775f9b61
cwnu2322,25,3974777da07c679c
cwnu2323,54,5064b6fd1c59d313
cwnu2324,25,092e46bfeeff8f06
cwnu2325,26,672c0c534831b116
cwnu2326,25,88b72a80ed65a7ab
cwnu2327,38,a10dc173dd662b96
cwnu2328,45,2571a25de1e5215e
cwnu2329,25,7f5322e87a1755b7
cwnu2330,46,fe5fe7efb194608a
cwnu2331,44,81d5018f1d328138
cwnu2332,46,355bbdf7f50a52f1
cwnu2333,25,c88e9d39a46911a7
cwnu2334,25,42c6f66c7599a0d8
cwnu2335,25,15de5bdb7e0442f2
cwnu2336,26,b64b544fc3b76339
cwnu2337,50,d9c5d79cebc8c0d1
cwnu2338,25,496c396da4720883
cwnu2339,28,b6119071bc4e79e8
cwnu234,25,7659818cd8a47095
cwnu2340,25,e12b8264c6fd3534
cwnu2342,47,385d667f9990bf16
cwnu2343,36,fcbe33daaba4b762
cwnu2344,25,c0702e63823a0f12
cwnu2346,25,3991dd10584a6c98
cwnu2347,59,8139de945542dbf5
cwnu2348,25,37f3eaa90ff49545
cwnu2349,71,be68ad62ca0d3b95
cwnu2350,85,19e096907772003b
cwnu2351,25,f35fc0dd96955d0c
cwnu2352,44,00ee52050dc14ba6
cwnu2353,25,6533760d5955162e
cwnu2354,25,5125f0afb8600d34
cwnu2355,25,91e9bd04830216b1
cwnu2356,57,82fceb70de5314be
cwnu2357,25,4194e51b3a53cfaf
cwnu2358,25,f271fc19b3831693
cwnu2359,28,7fcbc07a2f9214a3
cwnu236,27,6839ff820398af6b
cwnu2360,42,94777afe8f7f39f5
cwnu2361,25,2fb091cd561da6d6
cwnu2362,25,4acca8df2d907dcf
cwnu2363,32,563826010a4fd603
cwnu2364,58,c61e6acc4e9e7d77
cwnu2365,25,c4d3fa087df7bee7
cwnu2366,67,2890d6cec53e5082
cwnu2367,25,635c26ec09a2eb08
cwnu2368,31,cb853580c0c25862
cwnu2369,25,732f128cdbe6445e
cwnu2370,25,99ef1a7933af8979
cwnu2371,32,5ea206b14cfbaff7
cwnu2372,25,c94b64f8a7734e46
cwnu2373,25,329002234ea4230d
cwnu2374,50,76422670da87b44b
cwnu2375,25,7448788c8d0d9824
cwnu2376,25,68368f92c1ed04cd
cwnu2377,69,22d0d40537d6376f
cwnu2378,25,8bd899abe49bb030
cwnu2379,25,a66ddfde0f3044d3
cwnu2380,33,a8b71d7677935cb4
cwnu2381,25,d2ccd25019eaac30
cwnu2382,25,0be6c96a73b7307b
cwnu2383,25,9343c2ed3340a53f
cwnu2385,25,b65f6a5589ebd4c1
cwnu2386,25,90e1c5adf9fd68cf
cwnu2387,25,593ecca978bb7eab
cwnu2388,25,68de914b8d639d16
cwnu2389,53,2a76ccbcd67fe29d
cwnu2390,47,e5ed9dfe23dadcd3
cwnu2391,25,8260c42b1adb84e6
cwnu2392,25,a1465a5e543f1a1d
cwnu2393,25,c00d77b72b58b658
cwnu2394,25,97b9761c72155c3b
cwnu2395,63,d646d63e14497a8d
cwnu2396,25,51024fa1ada4ed66
cwnu2397,74,eec77dd8d1338510
cwnu2398,25,9d6a5891b048d290
cwnu2399,25,f9495bae7eb3beb1
cwnu24,56,249fd8d4558750e2
cwnu240,25,84b419c8bd502d76
cwnu2400,48,2ae7188e6e16e26f
cwnu2401,25,4e22b4419c31e8c4
cwnu2402,25,a1ce68d4892ec545
cwnu2403,25,e24aaabb35425aaa
cwnu2404,56,eb6922d6a6ed99c9
cwnu2405,33,df592cd3c658aebb
cwnu2406,30,a4a09d9f62a44c80
cwnu2407,25,ba0b30be06439860
cwnu2408,25,df2dbdfb939da077
cwnu2409,25,54de73fcc02485a1
cwnu2410,67,d6c87711d67b41cf
cwnu2411,25,3b2315cb1ffb29f0
cwnu2412,25,569a1c0b756ead2b
cwnu2413,39,b7e684f391ebe114
cwnu2414,38,c6d478dc0e921274
cwnu2415,95,1e24b17d9ed60261
cwnu2416,26,b3274b6ddeae4f04
cwnu2417,29,990b2decb95731db
cwnu2418,26,05d582b4f0328595
cwnu2419,52,299f6a237bfd6e82
cwnu2420,25,27d15daab157908c
cwnu2421,46,1bff47a9dd45b2e6
cwnu2422,57,c87688326fc2eb57
cwnu2423,91,93e6f0108f99c2ee
cwnu2424,25,9319f631af01198b
cwnu2425,25,eaa1fa64d7e0e109
cwnu2426,25,3762ec3602444c07
cwnu2427,25,cb9e4346bab877f0
cwnu2428,37,04e6d900aebbbc8a
cwnu2429,70,d3b0da4dec657517
cwnu2430,70,34a460c72d6a61ef
cwnu2431,39,fa411263c6785d6b
cwnu2432,25,0470734efc25fb48
cwnu2433,25,3dbf963c6b812f5e
cwnu2434,25,29ab8d4a90c5ee8a
cwnu2435,34,44e7d10f8d5a7185
cwnu2436,43,bd04b7cdb3f9967f
cwnu2437,41,e0ca7dd9dad77890
cwnu2438,25,347bcbc71f3d4dba
cwnu2439,48,c8ddb4313e638096
cwnu2441,25,6a1a7a6d11196813
cwnu2442,25,2b5014651573f8b6
cwnu2443,25,ec0bb665374045b8
cwnu2444,25,db8bd96f06a89cc2
cwnu2445,25,589188e1401b652e
cwnu2446,46,096bd46fac014f5a
cwnu2447,31,31f823df0abec87a
cwnu2448,37,c3ade25cf9c9d6b2
cwnu2449,50,c9e30cb3933b2bc1
cwnu2450,25,4e7f7bac9174b4fb
cwnu2451,56,000f687808992851
cwnu2452,56,3cecfbc34cfb04de
cwnu2453,25,4c0b8a2376c280bb
cwnu2454,35,3aa4f294a8c931b1
cwnu2455,27,88b73bb2a3c37b04
cwnu2456,25,dae0f74e39fd65aa
cwnu2457,28,b32e64289e063a75
cwnu2458,43,25988c68a8f59317
cwnu2459,28,06f877bf70dd8b36
cwnu246,44,2458f2e936e2b1a0
cwnu2460,25,b02baf91749a1dff
cwnu2461,29,e0454b76bc1330eb
cwnu2462,32,f8349568d164d188
cwnu2463,25,48359f61abf19381
cwnu2464,34,5b7c51f17a53ffa9
cwnu2465,25,c6f031d9ad42b24c
cwnu2466,25,33876907c3b58933
cwnu2467,69,3b223498403921a7
cwnu2468,36,9d9a5bb8bf08e68d
cwnu2469,25,6d8c1cabe5ac89b8
cwnu2470,25,b1a0696cb7e50b0f
cwnu2472,47,313fae4eaa4efcb7
cwnu2473,25,1710bcbaae3e186c
cwnu2474,25,5e51f45509fd3fdd
cwnu2475,50,16c1fb6de2e41893
cwnu2476,25,a6de7d6339b176b4
cwnu2477,35,df59ad615cf08007
cwnu2478,34,9b06f3d91b1a4703
cwnu2479,41,009e12b72f47ba16
cwnu2480,50,6608b195635d05a7
cwnu2481,54,cd5337b0d0e974bd
cwnu2482,25,1632c2e1bd38ee57
cwnu2483,25,2bd2a3d1a2a611fa
cwnu2484,25,aed5ea9c85eb00b5
cwnu2485,50,f0633f4012983ef8
cwnu2486,25,09d3db016de291f0
cwnu2487,48,2ad382cdd9f1be7b
cwnu2488,25,a274fc9c5cbb7364
cwnu2489,25,2252db8ac683b661
cwnu249,25,b80173a5447ede4d
cwnu2490,26,bd3585aaa119e496
cwnu2491,25,56ac91fc4e20811f
cwnu2492,25,195433834aba5214
cwnu2494,51,4372024dec614f53
cwnu2495,25,0d7d8d456efe3f76
cwnu2496,69,e95fe39a2bde6609
cwnu2497,25,4db25265f3328b0e
cwnu2498,27,852df6d5ff6e5f78
cwnu2499,45,32ac29c2dbf2c6f1
cwnu25,25,d648c6de2f5be752
cwnu2500,33,e0345ff98312aa13
cwnu2502,25,e36c2721d9447da2
cwnu2503,25,9b3ecb1660aca9a3
cwnu2504,25,d64346efc0345635
cwnu2505,35,edc1b144c557f2e5
cwnu2506,25,ada1239dde01f00d
cwnu2507,49,64b1db9ab23cc694
cwnu2508,57,f20b281035d2c9cb
cwnu2509,27,917826d61de5c48d
cwnu2510,25,078e0c4b9f3558fd
cwnu2511,25,515451fb3f17ff56
cwnu2512,28,049acc070c34b556
cwnu2513,25,711d39ab5bfa1c41
cwnu2514,25,656826e126c00c56
cwnu2515,25,780207e10281a376
cwnu2516,26,6a88c747ec64fb76
cwnu2517,35,d9c6f8b2f8c75ef4
cwnu2518,25,2043e21de2743f8e
cwnu2519,25,427966d08f5fdf48
cwnu252,47,72a7df66a13448ac
cwnu2520,25,af60f9e4aca078de
cwnu2521,25,b7702b3b80036007
cwnu2522,25,90f6e78380799db3
cwnu2523,44,41143fb1c7e6de0c
cwnu2524,25,ee1bf1047fdab2bb
cwnu2525,25,4c140f9feeaf795c
cwnu2526,25,b288aabcd375ac3b
cwnu2527,25,531b1c1681bb5b0f
cwnu2528,46,766219420590b8dd
cwnu2529,67,0a0be729cdb16a42
cwnu2530,64,411063b1d3d0c4d2
cwnu2531,35,9a300f8f72f97dbf
cwnu2532,25,1f0359f52026c183
cwnu2533,25,dba6958fe97475db
cwnu2534,25,84bb0a287169397d
cwnu2535,36,d3ff61bb22df43d3
cwnu2536,49,0697f94611dd2813
cwnu2537,26,7e164049fffcec36
cwnu2538,44,38e2213d69694155
cwnu2539,28,83903228a9164ef8
cwnu2540,42,9f9399da2ec435bd
cwnu2541,42,f3a226172d1314c1
cwnu2542,25,c75cfb083d0d34c5
cwnu2543,119,136f2e59e498b418
cwnu2544,30,7545ef8833e2d84a
cwnu2545,25,61120e1411784a99
cwnu2546,36,f7c0dd122b9099eb
cwnu2547,31,2f3345b96cddf319
cwnu2548,38,dacafaeace9172d2
cwnu2549,43,c4cbb1fdbbb69501
cwnu255,49,36091a020f11a779
cwnu2550,25,f33597695a4998a9
cwnu2551,32,507a5ef5dce6bd88
cwnu2552,25,8a8f72e027b57acb
cwnu2553,25,66855eeb5336ae97
cwnu2555,50,248d2205c81212fa
cwnu2556,42,fef449612c019f21
cwnu2557,26,41863400b511ad94
cwnu2558,71,20343f1cf98a1d05
cwnu2559,25,5d053dad5e74c94e
cwnu2560,194,f45f2707facac27b
cwnu2561,25,2a69c0f529cf2ddf
cwnu2562,25,d4e2123c5495cafa
cwnu2563,25,44b48af42f9153d2
cwnu2564,51,61a21eaaf71d03a0
cwnu2565,46,ab2c57d6db99bf4e
cwnu2566,25,30d537d7a94f43bd
cwnu2567,25,db6f24de69478013
cwnu2568,95,03d2278b7725ef28
cwnu2569,40,e25ee31837ff160f
cwnu2570,25,9985d5412b3ffb11
cwnu2571,25,62cee4860c4ac4d7
cwnu2572,25,49d237dc8c0a672a
cwnu2573,45,290381ed45870fc2
cwnu2574,43,bcc2be97bfb70a72
cwnu2575,39,fb01ce89ee249042
cwnu2576,25,c929d7f7e5460a65
cwnu2577,25,bb2025d3b8b0d5c0
cwnu2578,25,592ab46422768831
cwnu2579,25,d4d0623f58439df3
cwnu258,41,b15512e01ddbf1ef
cwnu2580,68,92cf9d33fb8e3f4f
cwnu2581,84,e245b89534a4db1a
cwnu2582,25,5f93c24aebc87e0f
cwnu2583,49,225028ec0af4eab1
cwnu2584,44,b471a094a506a9d4
cwnu2586,25,a7e620ddadc01f17
cwnu2587,35,c26c2107124e7672
cwnu2588,30,e17ab073e88aa373
cwnu2589,46,367f5531d7e91d61
cwnu259,25,381b1fea32edccbd
cwnu2590,67,40872f6e932435dc
cwnu2591,25,d637d7265fd4b6d8
cwnu2592,30,a840c7281e0ac600
cwnu2593,33,e197c1002c725b12
cwnu2595,41,202cbcb9d4936a85
cwnu2596,25,81d128b8a046078c
cwnu2597,25,afd445828483e594
cwnu2598,104,d7225afd2ad3c8dd
cwnu26,39,12e883319f0c28fb
cwnu260,82,6001fcddee3f7a5f
cwnu2600,27,23eb0c173d50bfa9
cwnu2601,35,7c4b5d42f83dad5c
cwnu2602,25,5d762178c0f5c5d0
cwnu2603,60,ed5697820d6b9705
cwnu2604,25,69abd0b35518f151
cwnu2605,49,e4aa83766003a830
cwnu2606,41,07baaf10fd20f5df
cwnu2607,29,25e50eefcf639889
cwnu2608,25,b54beffd5d3d9c93
cwnu2609,25,b8668431ada28e5b
cwnu2611,25,6abb1de97672861c
cwnu2612,25,cf960fb964a10e4f
cwnu2613,25,28dad13d1aded43b
cwnu2614,25,2a53f19fb61fc829
cwnu2615,25,a899b2adc349ace9
cwnu2616,25,0176f297f07268e6
cwnu2617,25,b53a5adb6706e6d2
cwnu2618,25,abf4cb97d2a6cbe1
cwnu2619,57,281ed7216deebf7b
cwnu262,25,b0ca7940ae174085
cwnu2620,25,3399536ed89894ad
cwnu2621,25,765aca7a8b3c9dce
cwnu2622,30,6c5ecf68d110f0a3
cwnu2623,55,2efffe7a3ccb3e15
cwnu2624,29,9ce6780d9a69b036
cwnu2625,25,ccfbfb7b734cf01b
cwnu2626,86,b66cdc1485f12f90
cwnu2627,36,e18e4655134e00fb
cwnu2628,25,1f4a2075c4d16baf
cwnu2629,78,fe58a54aa8effffe
cwnu263,46,ca7e1f0b4f738f2f
cwnu2631,64,33344e8d2a47754d
cwnu2632,32,118231738011f9f2
cwnu2633,25,cacf31408b951812
cwnu2634,87,4d200d01100b11f2
cwnu2635,25,9e069ce5c2c7b936
cwnu2636,72,7fd1cf3c2a4a27ff
cwnu2637,64,f73bb473d6b4fc37
cwnu2638,45,c6156e6ca397f216
cwnu2639,25,9dba4e0d05d51083
cwnu264,25,a94452002626e207
cwnu2640,25,ff3c4673d1857f2f
cwnu2641,66,8159fcf26f071a14
cwnu2642,26,eba63f6f25a673ee
cwnu2643,25,6fb34d940db3e3f6
cwnu2644,25,5d5fb2dfde4908f8
cwnu2645,40,55e657a70aae4ed6
cwnu2647,60,0d4dc4c77128dc20
cwnu2648,25,e3b6767368d41eda
cwnu2649,25,8b3b5730c8adc928
cwnu265,26,07b709c8b24992cf
cwnu2650,34,4407a84990275499
cwnu2651,26,269afbf0c73183ae
cwnu2652,25,5afb5fb1f0e074ee
cwnu2653,28,729ef28032cde68c
cwnu2654,25,3d9b5a08190af36f
cwnu2655,25,2b5590ebf9eb3a07
cwnu2656,63,f6c67560f03420d8
cwnu2657,46,06108bf634153ba7
cwnu2658,25,aacfc2058d3ca217
cwnu2659,25,e099eb4236b1d69a
cwnu2660,56,4d1d5b2c25978792
cwnu2661,107,9e004f96b2ed9e8d
cwnu2662,37,8ee100f91f7afc9c
cwnu2663,31,b693e19d96d3954a
cwnu2664,39,6270c1bd64643c32
cwnu2665,48,a76fae9e8a1cce8c
cwnu2666,25,1ebdf9cb832c7339
cwnu2667,93,d118bdcd9351c438
cwnu2668,25,aed6e90062363c60
cwnu2669,32,c96f3fb374fee84f
cwnu267,54,1a5ca39add6e0893
cwnu2670,25,c5691e129ea6bf5a
cwnu2671,84,0d07ad1c3801748f
cwnu2672,56,52eed13c1f349337
cwnu2674,66,af7e307f99a831ed
cwnu2675,58,de1e4ebca02b4e46
cwnu2676,50,e44ab1d7023eb959
cwnu2677,54,b4e22aa06c3d07f4
cwnu2678,25,c5cab53edd106cb6
cwnu2679,25,60f042e1cf278b82
cwnu268,47,d0b6fa58e3330aeb
cwnu2680,25,e6c828bec34d6ce6
cwnu2681,25,a9974b89a85e0dda
cwnu2682,44,ba734a075fa77a9a
cwnu2683,25,d62eb2f1e680ed06
cwnu2684,30,0d86c49ecb2a8dbf
cwnu2685,30,830bd8693fba1707
cwnu2686,25,0f385cf03b2f5434
cwnu2687,26,62b1cc741f503f5e
cwnu2688,40,d884e556b1732de9
cwnu2689,25,42b828ca8cba3b59
cwnu2690,77,a2e4843bc0841c0c
cwnu2691,25,9f8b4ef5f3583d60
cwnu2692,30,4daaf74704b28ef2
cwnu2693,36,25022d1b4231c404
cwnu2694,28,f9af400f8f376b16
cwnu2695,39,290449a1a6aad695
cwnu2696,25,8d827524aecb9094
cwnu2697,31,89d5890bbcd356cd
cwnu2698,43,f2345992cdedf66c
cwnu2699,25,25bd6bab52d2d111
cwnu270,25,e7b80e27f5f6ad75
cwnu2700,40,ff85c2d0742d7159
cwnu2701,25,84d6c0c6ed79e4cd
cwnu2702,25,aafdd477705fd69a
cwnu2703,30,10402464367cc468
cwnu2705,25,271dca57f2f9b532
cwnu2706,25,a448430f2f9e9a7a
cwnu2707,25,ea14ff6ccfb8363f
cwnu2708,35,17703fe7a25f354d
cwnu2709,26,d03d8180c0ceb75b
cwnu2710,25,792dbecee668c5c5
cwnu2712,28,9ccf98bfcfa7b7cd
cwnu2713,48,01dc820d5655291d
cwnu2714,59,477042dac322ae4d
cwnu2715,45,042dafb1e0cfab18
cwnu2716,25,389cf321a12ae849
cwnu2717,42,f5f43952c0ba1afc
cwnu2718,94,40742781349c861a
cwnu2719,81,003081ee6ba93c66
cwnu2720,29,4e60e68d11c0f310
cwnu2721,25,b85b2c94f1437a0e
cwnu2722,26,d707863c2da7a3ac
cwnu2723,25,7f7e28f530aeeaa8
cwnu2724,48,c22e567a60f17842
cwnu2725,25,da8c89f42fbcd7d8
cwnu2726,34,a295f3e88474f9c3
cwnu2727,25,a9de35fd5438176a
cwnu2728,25,b3e0bc5aaa154b8d
cwnu2729,42,7f95e04c4d50680d
cwnu273,25,698c38ebbc16059d
cwnu2730,25,e546dc06b38a480f
cwnu2731,25,5cf4852889ec6ef5
cwnu2732,25,36f3813691fdbaf2
cwnu2733,25,b63df4229c034624
cwnu2734,25,62df023fa6950dac
cwnu2735,40,5c53346ece8c0312
cwnu2736,43,c0ab5609d4321be6
cwnu2737,25,e8be4d2d03f54390
cwnu2738,25,0ee793c9c99abd5e
cwnu2739,56,1136f72bfdcef77b
cwnu274,25,01086d51fd456d98
cwnu2741,25,bb5b653baa5408e8
cwnu2742,28,3e9d786c55247d37
cwnu2743,25,8a633f90d52e5264
cwnu2744,25,2bd6ee952203f0cc
cwnu2745,61,fb6d06502d2c86f7
cwnu2746,47,a15942811ca5c264
cwnu2747,25,1277e723f9de3d64
cwnu2748,44,63789b907cbc8162
cwnu2749,65,c996898c5781304b
cwnu275,63,ce5d4a955a4bc4a0
cwnu2750,45,1d147c3f888ddb4a
cwnu2751,25,29af8f16d3ff979b
cwnu2752,50,07645b0501b9e8dc
cwnu2753,40,1b6ac050713cd5bd
cwnu2754,25,20ef34af40dd3ef5
cwnu2755,26,501bd4862878edb7
cwnu2756,25,b8d6504db6fa0f23
cwnu2757,44,1d31ba404c007387
cwnu2758,71,a85b25c6bb4fba47
cwnu2759,33,f2580ea759a30e9b
cwnu276,25,0c76cc0c79993468
cwnu2760,27,6e62ca5fad00bef0
cwnu2761,32,1dd0480b261a400c
cwnu2762,25,b7dc5c3b8f0ceabd
cwnu2763,31,91ef95328f7cc2d5
cwnu2764,70,091dc659227e385c
cwnu2765,87,24fd59d533405c14
cwnu2766,25,9b94265772fa2d29
cwnu2767,25,40e913e1ba38cc85
cwnu2768,25,17d4b08b10f3d732
cwnu2769,25,635c4a3dce84c7ff
cwnu277,25,44917d49c31a9232
cwnu2770,65,2aa33fbbc31a4b29
cwnu2771,25,2707522d4e596b27
cwnu2772,25,74b4328452b8e348
cwnu2773,25,cdf189d5045969bf
cwnu2774,25,d6dfeed0473057ae
cwnu2775,25,9cfaf7070eb40708
cwnu2776,25,644dd4dc21c28296
cwnu2777,25,1a302fa94b6d7469
cwnu2778,44,1a0ebd583ee4a09b
cwnu2779,25,53288f02e9861565
cwnu2780,25,6b06c6ff376309c1
cwnu2781,25,3640c4e0f5369c01
cwnu2782,25,605ce4ee3de54709
cwnu2783,25,d547731536e4db3f
cwnu2784,25,8f61861a53ebc098
cwnu2786,25,edb8f93e41ba4a22
cwnu2787,25,9b0b20e53078d125
cwnu2788,25,b2eedc8e7be37fb2
cwnu2789,25,4d730f08001ebf1f
cwnu279,25,f756b5a54ae4b6a8
cwnu2790,25,dc60f10bb6ac0fb2
cwnu2791,25,510675ddde598164
cwnu2792,43,efa634dbca673971
cwnu2793,25,11263b74f8bd6553
cwnu2794,76,792d15361bd4d320
cwnu2795,109,538351297fef6a68
cwnu2796,25,42f21d2ac7e39384
cwnu2797,68,526fffe3d0b43e21
cwnu2798,131,517375fbfeb812d4
cwnu2799,25,3f0a2c8d8d55e143
cwnu2800,25,dd7df583474cc583
cwnu2801,53,e0bf57be7d438cdb
cwnu2802,25,c2b117500dfba571
cwnu2803,25,358d344c759ed1f0
cwnu2804,25,ef23c2375972506d
cwnu2805,25,ee0a11ed43730f3c
cwnu2806,25,d2dea0914bc8b1ad
cwnu2807,30,7400d5cb91f6f15f
cwnu2808,25,3268145bf077324b
cwnu2809,25,b10d3177734f3806
cwnu281,34,f2b1e189bd91e63c
cwnu2810,61,4516485b8ad0a209
cwnu2811,25,3856649bfbc3f919
cwnu2812,35,b3d6f17ca283c1ce
cwnu2813,37,a09189a0a1edf0d6
cwnu2814,34,46d1d9bec19aa321
cwnu2815,25,15cba778ebae00af
cwnu2816,25,12f406a858e98d63
cwnu2817,25,6c8a5422be0c5ff5
cwnu2818,25,6c95a851a7628470
cwnu282,45,d8b169e0ba65f3ed
cwnu2820,25,3627292b2bba80d6
cwnu2821,25,7b2d4407f573209c
cwnu2822,25,5093be79c7796e80
cwnu2823,34,cd9ec9c36960f1e2
cwnu2824,25,498a36f8839efe6d
cwnu2825,48,5c0f80aac42f6baf
cwnu2826,38,e52268d3b9b85b15
cwnu2827,25,28ba439f0c3fe210
cwnu2828,25,fb9949fae91c2c23
cwnu2829,25,f6f3a746e7e05345
cwnu283,26,01d3b853ef3a1bc4
cwnu2831,25,c3007aaac8c4217c
cwnu2832,25,33ab7fa205399d03
cwnu2833,25,506728a99546eb78
cwnu2834,25,1b852f970ef87d2a
cwnu2835,25,ac5a092b9d10f02d
cwnu2836,25,cfbbd1de3be40683
cwnu2837,25,405f85a314a5c6b1
cwnu2838,25,bb6b29b452bf471d
cwnu2839,25,b42585a50050d4f4
cwnu2840,25,90ad4d8ebd4b742e
cwnu2841,25,a0f38c55e358936f
cwnu2842,25,b139767713acbd67
cwnu2843,25,be24824f70cac046
cwnu2844,25,6a495d1b2207ad8d
cwnu2845,25,63cc90a850f02355
cwnu2846,25,d5d8621b35a46d01
cwnu2847,33,a893b97a25bb0790
cwnu2848,25,d1fe846874d91357
cwnu2849,25,5e29d73187bfe2d6
cwnu285,47,03b3f1ccd9f59e8f
cwnu2850,25,1a7d99ab00458878
cwnu2851,30,a82912b3de880314
cwnu2852,25,85f0b59ab16bf9af
cwnu2853,25,b7467118f621572c
cwnu2854,25,34f0404eed240bf7
cwnu2855,25,720a9f92d16bee37
cwnu2856,25,3f1031f26db6c60d
cwnu2857,25,7a0a75dcad7d717d
cwnu2858,25,12271871237f254c
cwnu286,25,6fd82a3d6eb321cd
cwnu2860,25,c6d981888c96986a
cwnu2861,25,2ec83d5350c3db4c
cwnu2862,25,0836ba8302da19e2
cwnu2863,25,db8439b71499cfe4
cwnu2864,25,7568561ae257791c
cwnu2865,25,18041a6d762100c7
cwnu2866,25,a8f2672002c90958
cwnu2867,25,ac9cd6a9cf34ecae
cwnu2868,25,5f742be73d469615
cwnu2869,25,81554e37ba4a526f
cwnu287,55,3a82940882cc1f0d
cwnu2870,119,c529e7827fc09f6f
cwnu2872,25,27b50270f99a51eb
cwnu2873,25,0587eaec9fac5d8d
cwnu2874,25,432f7e81e6fc3627
cwnu2875,25,a5f7f7713d294771
cwnu2876,25,8e8e6ab7ea4c694b
cwnu2877,25,218114513ad86557
cwnu2878,25,4b6470c4d8c78644
cwnu2879,25,b0f5f54554bb7fbb
cwnu2880,25,1070fc9b8309cdd1
cwnu2881,25,643addd59aecc191
cwnu2882,25,4d6b4a88098c7611
cwnu2883,25,45cdb592aa9b5e6b
cwnu2884,25,eef1c35f6f1ec1bc
cwnu2885,25,107f275576e1f54e
cwnu2886,25,4fcbc983b03144a2
cwnu2887,25,5a58bef20e2e6983
cwnu2888,64,17275213fbd5e72e
cwnu2889,25,2a915de0eb080604
cwnu289,35,e5946e8bd9c8b863
cwnu2890,25,1b32ced2d827db10
cwnu2891,25,03f3eb16dc797b75
cwnu2892,25,82b3100b9cb618c9
cwnu2893,25,39965cad4405ba90
cwnu2894,25,95af16b00b53dee8
cwnu2895,25,c3b6392489fe4a3a
cwnu2896,25,9f1ea09ecaeec3a0
cwnu2897,25,582c55522bc8eeb2
cwnu2898,25,3135123f284289b9
cwnu2899,25,c30f41b75ff5ab1b
cwnu29,49,4d84445d7428bdd1
cwnu290,25,490868fdc97704f7
cwnu2900,25,3d2f882b886e37bf
cwnu2901,25,e095f6676f0ae89f
cwnu2902,25,324ce50e52f42aa5
cwnu2903,25,eb85926a73d89ade
cwnu2904,25,608845576928fd8c
cwnu2905,25,2e9dccfe7326d9f1
cwnu2906,25,f2067f88a5495567
cwnu2907,25,2fa3465f4f62ce5d
cwnu2908,25,dd14b01cb87ba95e
cwnu2909,25,4e781267ccf72ccf
cwnu291,25,3455c731c964618b
cwnu2910,25,ed7e7bde2facc211
cwnu2911,25,5b527bc417cecbda
cwnu2912,25,176fcd24a0609d5e
cwnu2913,25,75442ce442abee94
cwnu2914,45,e91a26d4b199a9d2
cwnu2915,25,a7fb32eedcabb249
cwnu2916,25,4edb374e82f01dd1
cwnu2917,25,98719997009b0ac1
cwnu2918,27,b334f29ad441fbca
cwnu2919,25,4b0c7552846ba57a
cwnu2920,45,a784ca59f6f85155
cwnu2921,25,59375b55cb952aee
cwnu2922,25,ac71d92f4154f601
cwnu2923,26,a302dced401aa004
cwnu2924,25,4a87a804c95d0fe5
cwnu2925,25,431b23fceb1eafca
cwnu2926,25,0482ed8b0b6baf07
cwnu2929,25,530ff7db07e531c3
cwnu293,58,92e61689e0144549
cwnu2930,25,6193fa8a0b4669ae
cwnu2931,37,2a3a4d5b0b6fc8ee
cwnu2934,25,5e4d328506eee1b8
cwnu2935,25,106a132bf8a9226f
cwnu2938,25,656781072d2ca6c6
cwnu2942,46,27d0d66c20b3ace2
cwnu2943,26,b061479ef47e1110
cwnu2945,25,8b059fa369de6d8d
cwnu2947,46,41c60fd9effe23bc
cwnu2948,34,1094b7f6bdc5ecfc
cwnu2949,31,b7fef786c42e3f44
cwnu295,25,c23aef35857d7e89
cwnu2950,25,dabee6e280d3480c
cwnu2951,35,ce3207e9e317142f
cwnu2955,48,cba458c29d816145
cwnu2956,30,ab6aa261e188f362
cwnu2959,83,ccf421d1076d211d
cwnu296,59,02fbf8701ccb9bcb
cwnu2961,107,8b026575b80184a3
cwnu2966,36,e892bb53eabcafc8
cwnu2967,25,d3ca260d298d5cc4
cwnu2969,39,ba32fe0f5678e524
cwnu2971,60,d70f063bf710ea4f
cwnu2975,51,0b7599dd4b273f02
cwnu2976,46,a86024d331eb43c9
cwnu2979,90,bee4c2f74a156c23
cwnu2981,58,a6d4a4d2599220de
cwnu2987,41,5fa2e14db67b4495
cwnu2989,25,5f0d2487e5141f42
cwnu299,25,d6dd973e4990c0aa
cwnu2990,30,334773b89bbf000c
cwnu2991,50,67fe0385867bccf2
cwnu2992,34,4db7a15221a57648
cwnu2993,30,22d97a034183a82e
cwnu2995,27,c727d50df3baa355
cwnu2996,40,c10d9be1d895e622
cwnu2998,107,bfdcf585d5850a99
cwnu3,45,8e8a2c9648d2a02d
cwnu3000,31,80db9e9677fd5ec0
cwnu3003,31,65a2d4c1d151f641
cwnu3004,32,a17785941faadf1d
cwnu3006,25,b6a917f75df30960
cwnu3007,77,fa1afc9ba67ef67c
cwnu3009,31,1feee4a420a79cce
cwnu301,53,28794e8dfb987c2e
cwnu3010,49,671e12870b1a2be8
cwnu3012,47,d6a7c3cb14265895
cwnu3013,25,b8be40275b9c75e8
cwnu3016,25,d8a98ecd3b9d1e33
cwnu3017,25,aabfc70eec3bed52
cwnu302,25,616e81968c9d5902
cwnu3023,69,aa1338a999f0d236
cwnu3027,47,39bf66c458029281
cwnu3028,26,233774eed9f685b3
cwnu3029,25,c7feba380cb856b2
cwnu303,25,5318cb5e994f4bef
cwnu3032,25,8264a8b2958951d5
cwnu3037,27,97ac873d86eca5eb
cwnu3039,29,a64c4c1186796811
cwnu304,53,d339fe0d6dee892d
cwnu3040,32,59373c9fc3b79a65
cwnu3043,27,a2d12f4e85a198a3
cwnu3044,49,69ab07638b316274
cwnu3046,36,17cd3ccb433182a8
cwnu3048,104,96fffbec2d43a7aa
cwnu3049,42,62ddb262aec25d44
cwnu305,42,51a5751dd6189f0d
cwnu3050,42,11f01cb571f87d1e
cwnu3054,29,d0d7b8cd9e43783e
cwnu3055,28,22a4c3b54aa6da0b
cwnu3057,31,9405dca4b58b4401
cwnu3060,25,384409926862e2f6
cwnu3061,33,b5f5d3e850d3bdef
cwnu3062,59,b82dd3015c5121ad
cwnu3064,29,5c2c687e878dd51c
cwnu3068,25,b3f69c5a8a79839c
cwnu3071,29,42c48b043d310f23
cwnu3073,25,ca2b4cc738118c4e
cwnu3074,32,96217755e06e78a1
cwnu3075,45,c6a5b0b168e6d627
cwnu3076,27,a937deba60c1a691
cwnu3079,34,04aedda306b78993
cwnu3083,69,04ea51a0bc006e69
cwnu3084,37,19f8b98276c4d49a
cwnu3085,34,ad1fe4925272257b
cwnu3090,25,269aa6723adb0376
cwnu3093,25,55097de95c44134c
cwnu3095,25,76f36b64a1c37bd0
cwnu3097,25,e26601b81195f876
cwnu3098,46,497c8e7bdd00c937
cwnu3101,69,0514d77f8ca18830
cwnu3102,29,02acf412b3aa1f86
cwnu3104,25,757ce3bbe48b5dc1
cwnu3105,60,70d326a1f214d25c
cwnu3107,25,65dac740f66bcb42
cwnu3108,59,0d43e8933ead2806
cwnu3109,67,1560f8b85e30dee0
cwnu311,68,ff2edee664e4f53b
cwnu3110,60,ebef95ca7fc8a777
cwnu3112,25,bb11187eda5f1279
cwnu3113,26,a929febd2c30b06e
cwnu3114,29,473b42fb20d9c68d
cwnu3115,31,0a507845f669e3a5
cwnu3117,25,78aeb557bc88dce3
cwnu312,36,9e6f502ebbf1c9c9
cwnu3120,25,a1b8a8f3fd4afd2b
cwnu3123,28,73b8e348acd3f095
cwnu3124,25,803e2a8bfad72065
cwnu3128,34,590057e33a28c518
cwnu313,43,a8aa96a149f6f132
cwnu3131,25,81be2813945c08b5
cwnu3132,52,4564fcb9db3a9148
cwnu314,46,72ea83031d648b63
cwnu3142,33,ce3db0be892a4e50
cwnu3144,50,e5dd09630d59c0ac
cwnu3146,25,c75204436c16528b
cwnu3147,66,cb3cec983472b98e
cwnu3148,27,0784415ddacd9224
cwnu3149,25,12204c255e62eaa4
cwnu315,71,2d2d012686374b6a
cwnu3152,34,74ec7041368c7c77
cwnu3154,57,bf13184da4a25231
cwnu3155,44,7bf46b5b4f32a721
cwnu3160,46,df1a32a56a918cdd
cwnu3162,26,35c863e80d3481c4
cwnu3164,28,68b489981e7ca4f9
cwnu3166,34,0ca1a8df377154d9
cwnu3167,25,ee65db44ccf93965
cwnu3169,25,0ef77df5563a1664
cwnu317,46,12fe882f0b7a2d58
cwnu3170,32,47b61b7099053c3d
cwnu3171,25,5bf3b9aa32929691
cwnu3173,25,a3fd3d3aa05cf84e
cwnu3175,64,2aced537b8409aaa
cwnu3176,25,d3a06b08d8fc8e5e
cwnu318,30,9a5f1541a00fdc14
cwnu3182,25,e213e6fa1e71ed09
cwnu3183,25,eeeab553aee1a503
cwnu3184,72,8ef338c2fca6a0bc
cwnu3185,25,b683ad3e22bbed0f
cwnu3188,28,3179e98128aee972
cwnu3194,25,b467c02b41a1ac47
cwnu3195,30,33940f9c03418ffe
cwnu3197,32,4aa67615202646bd
cwnu3198,25,e9021c32362b8cae
cwnu3199,55,3af65639ca081e94
cwnu32,30,f40fd29bfe36b0e4
cwnu3200,96,aba2a5e1f486492d
cwnu3203,25,476d3b441652c044
cwnu3205,25,7f44d38ca85aace3
cwnu3206,27,4d90db6404561b2d
cwnu3212,40,e427e6a205e01f67
cwnu3213,25,9cac31fdcd77e015
cwnu3216,35,07a389bf54145f49
cwnu3219,25,74be6e8b08ccdf5e
cwnu3220,38,0b7fce6d0bb406f9
cwnu3222,26,27e983705a36d933
cwnu3223,25,92f03eb10483df13
cwnu3229,40,2cfdf4354142fa0f
cwnu323,58,8e008da7efb11310
cwnu3230,26,3e9a2da604158c9e
cwnu3231,25,305077a57b671c90
cwnu3233,50,54873e94621c9bee
cwnu3234,29,41e3daccd66440cc
cwnu3236,52,f7c3de63a8f159d2
cwnu3237,25,447f261d39576dac
cwnu3242,35,ad7c369e1e8003a8
cwnu3243,43,4d45e9eabbcbaf30
cwnu3246,25,6bebaa11486a05d2
cwnu325,25,8c1593de0a1d5ad2
cwnu3252,37,87910ce6bf6f2029
cwnu3256,66,33be7f59e9ded4a9
cwnu3257,29,7827dfc7a52aeea8
cwnu3259,39,f91a989cbbf30350
cwnu326,45,05a50e1b84e83c5a
cwnu3262,28,bcabd6c63ce0813f
cwnu3266,35,1c395b43ef7a5b5b
cwnu3268,29,6841f44b6730b1a9
cwnu327,25,eb433b3190bd139e
cwnu3273,31,bcb692c33f825ccf
cwnu3280,25,2115688254e9d283
cwnu3282,93,8bf3bb181a6313da
cwnu3285,25,44a4d6474508ce3b
cwnu3286,39,8d8184784fd37c43
cwnu3288,27,9f21c3f0aaebf0e3
cwnu3292,45,2c0450b3e4988a6b
cwnu3293,44,ed30c718db24fca8
cwnu3296,56,04b5d125b14e4dd2
cwnu330,45,e7ac9665b6112992
cwnu3300,33,0d999bafe7f83a0a
cwnu3301,40,4eeeb56f21a02c94
cwnu3303,38,03ed54f0c3ffbe6b
cwnu3304,47,2525119bcb8710c1
cwnu3306,51,7f9922e4c61ab652
cwnu3308,58,2bee5b60979546f3
cwnu331,32,00e12653945159d7
cwnu3310,57,ff64a524e7c2adf6
cwnu3311,88,467b0abd3b5af971
cwnu3312,27,e225d3fcb35e5637
cwnu3313,50,a5f9e7dc364e9942
cwnu3314,51,a07982f44d590419
cwnu3315,25,7993c3327a488800
cwnu3316,38,a27b3b20bcca18aa
cwnu3317,25,ae4f7f36f24e902c
cwnu3318,30,48506a9d5d2e8199
cwnu3319,47,bde377de99e8a228
cwnu3320,56,1eb76779c688c3ad
cwnu3325,26,19dff0687953f12f
cwnu3328,72,a38195cb565118ae
cwnu3329,25,6769c76ff89bc46c
cwnu3331,46,e5f74bc43889f36a
cwnu3333,71,db6c7dc90fc0cd6a
cwnu3335,25,c56927ce4b70df77
cwnu3336,25,560444184e860139
cwnu3338,25,c884da75867d8310
cwnu334,45,a6a106dc9a1007eb
cwnu3341,86,cbf10ad3f015fc45
cwnu3343,25,293c5a478d0fccca
cwnu3344,25,572f5301d7075ee0
cwnu3347,25,39d7ca68ac7f549a
cwnu3349,46,95cbafc22a725f1c
cwnu335,25,da39a006746abf59
cwnu3352,57,566d234f8688da94
cwnu3353,51,eda22a55de6862ed
cwnu3357,59,ff3a061340457144
cwnu336,31,f5a52440bf92d681
cwnu3360,25,218151afdf32e2d3
cwnu3363,25,1b43c51119a5abd5
cwnu3366,34,ad30afe6605143a3
cwnu3369,60,2dd87ca6926b08fd
cwnu337,27,4a1872bcd3861e1c
cwnu3370,50,3a1532128a4d1711
cwnu3375,25,30b0f9d0528bae09
cwnu3378,32,1278c6a93c4b9bdd
cwnu3381,31,916f70fd67c05a79
cwnu3382,28,a34e3dc67e8c9a37
cwnu3384,28,d798e3dbc096a27c
cwnu3385,52,5831a96ef93912e1
cwnu3386,37,77623345191e551e
cwnu3387,84,c80e2b0ad84f6f8f
cwnu3388,25,b44544e2c7a94be3
cwnu3389,25,c095adf25df2d814
cwnu339,25,9151552222fdf434
cwnu3390,35,f52bcc2eb84d3154
cwnu3391,31,bc6735be5ccd5bfe
cwnu3392,25,33c26e670b3b6437
cwnu3393,25,dda4662f2ef10f23
cwnu3394,44,d33126db9655fb57
cwnu3397,25,09f10151c30a86e2
cwnu34,25,8b5e920b627fa765
cwnu340,28,351a57a50c63a817
cwnu3401,27,5c93bdd00dde19d0
cwnu3402,25,4cbe175631c43bb5
cwnu3404,34,fe42e2b8d7d86f9b
cwnu3409,25,547dec44b641d28f
cwnu3410,26,f6cee9c27e9ff3e1
cwnu3417,55,83d257461ef4ab9f
cwnu3418,32,28577e0514d3eb5c
cwnu3419,25,8253e0463ef4aadd
cwnu342,39,eec32a5e984606dc
cwnu3420,25,e3d94eece2c7935d
cwnu3422,56,4209a90fa9460e12
cwnu3423,25,d2b36ea9b3e59d94
cwnu3424,30,ddd0805939930c4f
cwnu3425,25,81d73467507c739b
cwnu3426,25,d5b079fc0673e1cc
cwnu3427,25,e8bdec6ddd6d5388
cwnu3428,25,6957462e57a6f96c
cwnu3429,27,4e1e1e591f698989
cwnu3430,25,59d5edbd130601a6
cwnu3431,25,6e7e4f0d3e3f33db
cwnu3432,25,bc39e7d38b4c9d0f
cwnu3433,25,55ebbd1a409c84bc
cwnu3434,25,76bbef0a6a7c69cf
cwnu3436,25,fda1889e2b842a47
cwnu3437,25,c91e7224ce49aa76
cwnu3438,25,88e7f443bccd97af
cwnu3439,25,45a1e2a145f28f35
cwnu3440,25,5b127009f9e490ea
cwnu3441,25,ab90b18279530e26
cwnu3442,51,08a8070ea858bf9f
cwnu3443,27,322255b43f65057f
cwnu3445,26,e5ced5482cc0c5c5
cwnu3446,25,2d303daf957bc76a
cwnu3448,53,898c134de5786dbf
cwnu3449,25,197dc034784818f5
cwnu345,30,501932c0da2698a8
cwnu3452,25,a1c9199c6d29e6a4
cwnu3453,25,80b8b1d3cd2d6bc1
cwnu3458,37,d85c0f87d660acf3
cwnu3459,57,2af2bfc97ffa2e8f
cwnu346,26,af19ec94caf85162
cwnu3460,27,e350ef57688c2fbe
cwnu3461,36,f26be313354f08be
cwnu3463,25,1f5c516924ff3d9f
cwnu3464,25,ed43fec916bcd861
cwnu3466,25,64d9ff34bec95af2
cwnu3467,38,06a179ee6b1166f8
cwnu3469,47,5b6352a49045f8e5
cwnu3470,25,d0e388a51c3d3eed
cwnu3471,29,6a2cafce91b55a94
cwnu3475,49,67a3fe663e869936
cwnu3476,33,4157268dc1a6006e
cwnu3478,25,f679f9547c95686c
cwnu3479,25,e69432f971eebd55
cwnu348,49,d28318d9633285fc
cwnu3482,26,1e2f39ef89632fd7
cwnu3484,25,8b517804f08bce45
cwnu3485,25,3932218690c81e57
cwnu3486,25,9fea4f40973d57e6
cwnu3487,29,db1b4d8412105c64
cwnu3488,31,dcecd093bf15b537
cwnu3489,27,1474133bbfa84d02
cwnu3492,87,df756493e5d07e84
cwnu3493,25,d7d4400a956669cd
cwnu3494,25,8dd073db39605482
cwnu3495,25,4459b871a178b6a9
cwnu3496,25,71576c8d34002fc7
cwnu3497,25,f176520695b5f387
cwnu35,27,79e9b5c68ec208f1
cwnu350,25,9a3050aa4ac1111b
cwnu3500,25,d25ff760d00a4a8f
cwnu3501,25,46e5b39f30900e11
cwnu3502,25,8ee3be5e759533c3
cwnu3503,25,8919d6b39eade439
cwnu3504,29,9de85e3e7d23defb
cwnu3507,25,151d03c35aebca42
cwnu3509,29,7290b2f818bc39af
cwnu3511,25,692d4526dc065e25
cwnu3512,29,aa482039f687d286
cwnu3513,30,5cae134109fab400
cwnu3514,25,e455250ef09750b6
cwnu3518,25,f115c05793470063
cwnu352,76,e6f165931e018922
cwnu3520,31,4fa6418edf645996
cwnu3521,28,9ef4a75b1bc1ac88
cwnu3523,57,5330a6fd4d978ef7
cwnu3524,38,ec533cc72ba70f39
cwnu3529,87,2c7a4612549a1872
cwnu3531,31,e19f1370f10004f7
cwnu3533,25,1ef4c229058f3d2b
cwnu3534,28,7c7f00111b7eb35b
cwnu3536,28,8f08a008bbc7816d
cwnu354,25,a782768365486c9e
cwnu3544,25,69f6ed4ed7983c70
cwnu3546,48,454e125cc1852c1d
cwnu3548,25,028277b02945cc6b
cwnu3549,25,588caf0f1bd42dae
cwnu3551,29,3a6c3c7580ef9adf
cwnu3552,35,86f357a30859ecd1
cwnu3553,36,54fe8868a482b66e
cwnu3554,25,bc8ef89aaa787fc8
cwnu3555,37,1c36356d5f04549b
cwnu3556,118,20e2906eb8a06682
cwnu3557,38,de7a130ebe54bb4d
cwnu3558,28,1cf5935695ba4d27
cwnu3559,26,0b48ed128a45d7ae
cwnu356,53,f0e32156ec6eee3c
cwnu3561,25,b96388dda8461f0f
cwnu3562,25,76444ce13a9a2be2
cwnu3565,25,e24d4d1173c0d057
cwnu3566,25,0317dbf2b8d583bc
cwnu3567,25,d6c9e2821e45a239
cwnu3568,25,5e6791463b0b8015
cwnu3569,25,ca4dbf20982edec2
cwnu357,45,f0c0719b7b1eb981
cwnu3570,25,814935acebc80ed0
cwnu3572,25,a123e6c7e3699823
cwnu3574,29,88f35a92a03224ea
cwnu3576,25,75d22ff6fad6b60b
cwnu3579,32,cc29561ffa586486
cwnu358,31,5baf200f45cfabde
cwnu3585,25,91a5cffc9ff32d0d
cwnu3588,25,29f5749cb9fc9cea
cwnu3589,67,932b1c88d0a2509b
cwnu359,60,cdc02b55ca13a427
cwnu3591,25,9b03fb585100e58c
cwnu3592,25,2a236000b8e479b1
cwnu3593,57,93c513dc304d4ce7
cwnu3594,55,941529311d767c08
cwnu3595,25,46f14426d449ac5d
cwnu3597,67,2797a7d9e1245613
cwnu36,25,bca0c12ad9996e86
cwnu360,40,3118097e203dde39
cwnu3601,25,1336a63f2512df97
cwnu3602,25,ca5a4294ff336859
cwnu3603,25,dd2b635d61fccfe2
cwnu3604,25,1ce69600d40f6fb0
cwnu3608,30,5bf7519d6470652b
cwnu3609,25,c02a1da1061f51ac
cwnu361,28,48ed37e573863aa0
cwnu3610,25,b82972446eee064c
cwnu3611,35,8cf55735cfd645ae
cwnu3613,35,5d3e70d6bdee64a9
cwnu3615,36,45ee7f8b5504c5d7
cwnu3617,25,a8008656fb53ae8b
cwnu3618,52,bcd914c8881cffbf
cwnu3619,27,54c2a723d68a5e39
cwnu362,38,7127afbf6f9e7188
cwnu3621,25,e9f5e2d54c2934ac
cwnu3622,26,de46ba64b23346e3
cwnu3625,43,9a3c4d28a3cefa12
cwnu3626,61,63967c8f871c73c9
cwnu3627,67,95fe08d2e6aa8336
cwnu3628,52,dc96b2c2b68e90b5
cwnu3629,51,64afea84a53a204a
cwnu3630,54,41f9b6a06e2ea42c
cwnu3631,153,0c6135445a538c40
cwnu3637,30,88408f51baed61f8
cwnu3639,36,8d020e84419df9c2
cwnu364,33,f324b37654cf8cb0
cwnu3642,25,c98ed55cdb8e8d6e
cwnu3643,36,3f55471d28dd841e
cwnu3644,36,2a45737c4496d35c
cwnu3648,25,67c8ca0efd962503
cwnu3649,25,fbbbb0db2fceee14
cwnu3650,26,e2584c599b2648dc
cwnu3651,25,2f7751d2b92cf690
cwnu3653,27,4dc4382c0741ee80
cwnu3654,25,961de29a66232a1f
cwnu3655,25,34ec286a2dc2fbfd
cwnu3656,25,2efe5a507d2e3f3c
cwnu3657,25,c999224c7f9fd997
cwnu3659,25,1a7fd0e6b476ae22
cwnu3660,25,d3c13843762575b8
cwnu3661,25,5aaaaf57bad845d7
cwnu3668,32,d4d73e51056de1dc
cwnu3669,42,18db05eb7e57e672
cwnu367,25,4b28ffdc61459de0
cwnu3673,25,6f583dd01defdc25
cwnu3675,27,7868e1ce2aafb9ba
cwnu3676,25,2dc878f78dbbf32e
cwnu3677,30,dce2413b24783677
cwnu3678,25,d207bd08f324239a
cwnu3679,25,e37e5c981323a076
cwnu368,29,711159b6560f0c86
cwnu3683,25,537edd40b7230fd2
cwnu3685,25,2c36e40604d2f188
cwnu3686,25,04974e6dcbebb372
cwnu3688,25,87f4f508d444057f
cwnu369,25,30f0929914a94e0f
cwnu3690,30,12eed259405ee8c8
cwnu3692,25,3a455866357706dc
cwnu3693,32,c33b27a039ac89cd
cwnu3694,47,b6277c1de9af9998
cwnu3695,25,d63b9b30203f938b
cwnu3696,25,931faf5b1a4855b7
cwnu3699,25,13577b86e9a2e6d3
cwnu37,72,1d48f4f33dd49c21
cwnu3700,59,bb6b4f052f700019
cwnu3701,26,a59444e9d119e5af
cwnu3702,32,6afdda37fa7bc012
cwnu3705,28,a546edaf4f8a1075
cwnu3706,25,21e5330670e2a668
cwnu3707,25,2759127ae41b631a
cwnu3708,44,0506917ea61cffe3
cwnu371,27,a8c1b5a0b240434f
cwnu3710,31,835d2fa475fd00a8
cwnu3711,25,dee4686268a26575
cwnu3712,31,baea610988573991
cwnu3713,67,7808a9fffdd21b96
cwnu3714,25,58ec5fcbaab7249b
cwnu3715,25,22e602167584c6d7
cwnu3716,29,7ed4a94876b60053
cwnu3717,25,db02468283578a44
cwnu3719,25,427b6aa95cd11986
cwnu372,25,0adc83f015edb867
cwnu3720,25,d8bcd3b6919de809
cwnu3721,25,c56cec90cff15be2
cwnu3722,25,897501a8308f1182
cwnu3725,37,85a2fc6975d8320c
cwnu3727,33,7bf8d268e4a16787
cwnu3728,25,4d1abe2f812e225d
cwnu373,28,09eecea23b6be9ba
cwnu3730,25,b5835102585d8bbd
cwnu3731,45,5ac7e967e9b915e6
cwnu3732,25,973c395addd1eb29
cwnu3733,25,88da3b513c1808e8
cwnu3737,29,0f7505ef7adf1d62
cwnu3738,26,d736380ff3befa7b
cwnu3739,27,d1d9252e2ae8a360
cwnu3741,37,2fd273ac172209af
cwnu3742,25,5fc2b3a2dd86d655
cwnu3743,25,0dccfc95655da82e
cwnu3745,25,440d2f4f0b0c571d
cwnu3747,25,9594dfc43f4eeb77
cwnu3749,26,85fa1782691c072f
cwnu375,27,4485b986fdf231b7
cwnu3750,30,282b477ba0921a98
cwnu3753,25,0407128044dd5fbd
cwnu3754,33,486c12c481a636ca
cwnu3755,25,ef548fe44f7b85b4
cwnu3756,33,5cfb8fdde561f008
cwnu3757,70,96ebae14d01fc172
cwnu3758,25,241ac92160cb2733
cwnu3759,25,066acc039ec298cc
cwnu3761,26,5f3f7cea793234ff
cwnu3762,25,797c33eee4ec2ca3
cwnu3763,25,41951a67c70068ea
cwnu3764,25,aeed3ba001a4d19c
cwnu3765,25,22430e5b877a2f54
cwnu3767,25,94a7e184055f6dfb
cwnu3768,25,851cda556af593b0
cwnu377,50,682b8e81cbe0a1ae
cwnu3771,33,7d3201b58a31441a
cwnu3773,36,ad49a8e1b5e47414
cwnu3775,32,30ac6c1ebe299480
cwnu3778,25,c3bc252e4c77dc1a
cwnu3779,25,98338f316c9786f9
cwnu3780,36,1290e0d565b8bcb4
cwnu3781,41,6dd672f65afca7de
cwnu3782,25,dd21ff01db6ee416
cwnu3783,30,709aec52e49060ca
cwnu3784,25,3cc74da8608ce8f4
cwnu3786,43,e222eda3622cb51f
cwnu3788,28,e9ec5172a5637ad6
cwnu379,25,7147c35adeb1a0dd
cwnu3791,25,ee5923f0992b5223
cwnu3792,25,69558b8fe68e756f
cwnu3793,26,ff44f444ff9aba3d
cwnu3794,29,f14e4a54ccd28831
cwnu3795,40,92d72ffce783ccfd
cwnu3796,25,d606aed367c898e3
cwnu3797,44,dd64a28c09be7923
cwnu3798,25,cd5c94aa83baefe6
cwnu38,35,15a076e8cf3d8ce8
cwnu380,54,9b5fe483e3235ff1
cwnu3801,45,a49f80b384170040
cwnu3802,25,224d243c07ec0f29
cwnu3805,34,c9bc331cd9217491
cwnu3807,32,a1aed051fbc42293
cwnu3808,26,6c65a84fc3b1252d
cwnu3810,31,c372dd4f5fcb2fa4
cwnu3813,57,5e235f9dc45eeffe
cwnu3814,25,da762430512fd1dd
cwnu3816,25,208cf8ecf1e64e00
cwnu3817,30,f7b6a82aa8099f69
cwnu3819,25,a1847556050ac815
cwnu382,30,b1fbd6384581e1f5
cwnu3820,25,fe449975b0040ea3
cwnu3821,26,a9a84068c99e9602
cwnu3823,25,ce7cb6fec3a30e5b
cwnu3824,34,7c8ddd226a8b9c34
cwnu3825,41,8f49f504b238c8ba
cwnu3827,25,1b9e1fcbfc674908
cwnu3828,25,d7811293f3aae724
cwnu3829,36,0fce5508dd474140
cwnu383,54,6bf3c636d908411c
cwnu3830,52,3051a9edf5771fec
cwnu3831,25,3dc257de4957a383
cwnu3834,25,d940737581c5dcb2
cwnu3835,25,d478e1d96ec1fb43
cwnu3836,56,ff23ad9200b680c1
cwnu3837,34,3ca0dc3641fa7b0b
cwnu3839,25,c155c33adccb02a6
cwnu384,44,25deea9d91776773
cwnu3840,67,a9e6920589e9f84a
cwnu3841,25,597f50fe8396eaab
cwnu3843,31,1ff52ad269639e7b
cwnu3844,33,6a0795d593535a61
cwnu3846,25,bd907a79520af098
cwnu3847,25,01b062d9544b4a99
cwnu3848,25,b4d199092e242d43
cwnu3849,25,e14d96b9a5271508
cwnu385,27,f1d47ab84d76e01c
cwnu3850,25,7a94cf74af4fb0b4
cwnu3851,25,7ab7baae02ecd13e
cwnu3852,45,23afb726898d9f66
cwnu3853,67,1ea8602d756b683f
cwnu3854,25,dc1e6aa36f287e1f
cwnu3855,25,17ebd9a84bcc04a4
cwnu3856,33,41726d2d739e64f0
cwnu3857,25,d9c0967f327a3ad6
cwnu3859,25,2df1e0eee0bff5fc
cwnu3860,29,c05fc65b3e8d8b71
cwnu3861,25,bd1126987bca64a9
cwnu3864,71,0cbf96b788903df1
cwnu3865,25,81e6c65e5383ad96
cwnu3866,70,9bc4f593bb734edb
cwnu3867,43,02cb1a17f5b460f5
cwnu3868,25,be44bd92d7d78ba5
cwnu3869,26,f1460ff5523834dd
cwnu3871,208,b4bcf3c9966dba78
cwnu3874,29,b47ffd9ddb1d6990
cwnu3875,257,f9c7d85a0a6eba55
cwnu3876,42,bbdf07703c297063
cwnu3877,33,03b3286881b5b538
cwnu3878,25,729a0e6449792ed6
cwnu3879,25,34fcdbf1abc4ae7d
cwnu388,50,cacee46b44e9f7c3
cwnu3880,25,384a65edebc98756
cwnu3882,59,d49f3b5b24ad9398
cwnu3883,25,4fc2cae02ea4220e
cwnu3884,25,d146aad5fbf19191
cwnu3885,25,8c0a217601682457
cwnu3886,25,c9d057bf9d2c96fd
cwnu3887,46,72c08ca844bd3825
cwnu3889,25,ada85bd529b81792
cwnu389,25,79b39f41f4351809
cwnu3890,25,d56ba884610a1536
cwnu3892,45,7f6f65d46489bf66
cwnu3893,27,7b829606ec1e3be4
cwnu3894,25,dbd6a3548e90bfaa
cwnu3895,25,3fe3a68a3385658a
cwnu3896,49,a654237a1b88b77c
cwnu3898,28,f3699c4dc9b0528a
cwnu3899,25,8c16ff1fed9af02a
cwnu39,28,a660299b49b8972c
cwnu3900,25,72727f8d137c9903
cwnu3903,25,0a01a2ffe83208e3
cwnu3905,25,76fe3de91a4670a8
cwnu3906,25,183db8aec734f3cd
cwnu3907,25,de3f9bf6dd9300be
cwnu3908,25,343798c6fcac7d31
cwnu3909,25,7631f251fcdcb619
cwnu391,25,3fe01a26529670c0
cwnu3910,25,4bcbb363d77c7708
cwnu3911,25,dc6de55c1b31fd88
cwnu3912,29,900045d6afd9270c
cwnu3913,27,287533c6eb4a45a6
cwnu3915,25,30d9824fb47cfd1c
cwnu3916,25,0c692c3bd87f0d33
cwnu3917,38,e1cc0055d7411252
cwnu3918,25,50e71ae6ac2cfceb
cwnu3919,25,68134bb7c7971edc
cwnu392,25,4b932f0a84654a93
cwnu3920,25,f5a52e389913b063
cwnu3921,25,7f7f9d4ce43177ef
cwnu3922,25,6473e91eb21db43e
cwnu3923,25,64764e087b6b68a4
cwnu3924,25,84e2f43df3f704b3
cwnu3925,25,0d2cb1ea522ba5dd
cwnu3926,26,3d97d205100d1e2b
cwnu3928,25,26cc6c737c4f134b
cwnu3929,25,dd62590e89652cae
cwnu393,29,ef3238b989970635
cwnu3932,126,326b0528347252b8
cwnu3934,25,24553374b11f2f7e
cwnu3935,25,39f98d7b7a06c88a
cwnu3936,122,5ae846083869a442
cwnu3937,25,8dfdb13a6e964f64
cwnu3938,28,109a7ab724a1324b
cwnu3939,25,1b620c9a79e43622
cwnu3940,68,535168d72069c4ba
cwnu3941,43,2ab2d802b5d969d0
cwnu3945,25,4c75bbc6ee3d2824
cwnu3948,25,2ee4513ca4177c3e
cwnu3949,25,5b931ca1787dcf17
cwnu395,34,341d79b5151bb7ec
cwnu3950,25,9974c12bf9345edb
cwnu3951,25,cb8e33d6f747c58f
cwnu3953,37,fe7f95892431841f
cwnu3954,25,1267f732d7e923ae
cwnu3956,26,529db7a02c5b62a1
cwnu3958,25,88849e2de8c20640
cwnu3959,25,b33484d991e98bd4
cwnu396,25,8610935223d90cf8
cwnu3960,25,bdcef38f35932ab7
cwnu3961,25,9f442d3a0f6b5f27
cwnu3962,25,fc1e3b3c48686d85
cwnu3963,25,7e9dc2b88f68b8fb
cwnu3964,25,f8b1c26b2ce0525e
cwnu3965,25,634cf3134d67954b
cwnu3967,37,c8ace524d4b4baf5
cwnu3968,59,93197abdcb4fee9c
cwnu3969,25,51ca924a58c09068
cwnu3970,25,46c9af7923998b19
cwnu3971,35,465bbb480f228400
cwnu3973,53,a09e6b68fbd78000
cwnu3975,26,aba082c01600ea5e
cwnu3977,25,56d191c824e4cc85
cwnu3978,25,999545455f76a86e
cwnu3979,28,6acbc3568b27884e
cwnu398,25,64d700ba25dc41b7
cwnu3981,44,31b13565617db7c9
cwnu3982,29,7c8a3f7e441e7d50
cwnu3983,33,f166ddab75025f4b
cwnu3984,35,8edb9ad25d36ad9b
cwnu3985,26,87610a88b5a46a95
cwnu3986,51,5f30fd4b43079c02
cwnu3987,25,5bd2ab3ca12ffecd
cwnu3988,25,7109b195e8dbf0fa
cwnu3989,25,7b64d0b67be79966
cwnu399,47,e731f59a74b0a034
cwnu3991,39,e49720600f43b1ea
cwnu3993,25,c909fcfa2ba4b5de
cwnu3994,41,457963af1c9978e3
cwnu3995,25,fe97b3c6c86f343c
cwnu3999,37,bdcf638d33271d10
cwnu40,43,8ee785cb9730c7f0
cwnu4001,25,79f41650e79b4a53
cwnu4002,25,dd88db1e6b760ab9
cwnu4003,25,b6481b6313349bfe
cwnu4004,26,8410b04cc6f0a1bc
cwnu4005,30,4711dcb65225306d
cwnu4006,25,6f75d8d8e6df18a3
cwnu4007,49,03930b9bda91daf6
cwnu4009,31,dfa702b6f98d264d
cwnu4010,34,464abadac8407e31
cwnu4011,42,3717adcb71e54dca
cwnu4012,77,771f8b9bdd49ef38
cwnu4013,73,e452fc2d6951e2f4
cwnu4014,32,c027d0e2037af2ed
cwnu4016,25,9598f7dbf4f65e90
cwnu4017,25,ba0c03e743382898
cwnu4018,25,14e53f2d887f3204
cwnu4019,25,bb5fbeb2e424e2da
cwnu402,30,87bc3f9f528b8531
cwnu4020,25,94a58b18b8c7ff58
cwnu4021,25,ce127d92ac9ba129
cwnu4022,25,7a8a9eeca6a87f1d
cwnu4023,25,e2a493a8b76dc600
cwnu4024,25,26a7e4fffe533eaf
cwnu4025,25,6d88bf17be060001
cwnu4026,25,812576c2eb4b2f48
cwnu4027,64,27ec0d240b15eb45
cwnu4028,25,7f70dbe93774751d
cwnu4029,25,cf4f4af284b30d24
cwnu403,25,347d81e732e7234f
cwnu4031,27,2d20c5a92b7d1924
cwnu4032,40,d6691f420389439a
cwnu4036,26,eb550c2ce7694001
cwnu4039,28,42207dbff4ad2e30
cwnu4041,25,167a29ae1702a390
cwnu4042,29,08a810b2e0af1a9c
cwnu4044,25,e9e935ea9839693f
cwnu4045,29,b4f5b6a49cd1abdf
cwnu4047,25,da23d72874efba34
cwnu4048,28,61db7d5551bd99a0
cwnu405,92,371d5ac6ff561095
cwnu4053,25,fe0aad843e5a79d2
cwnu4056,28,5b9df7480952ddc4
cwnu4057,25,400eb05893c73032
cwnu4058,43,d3f5c32960eaae9b
cwnu406,42,02a96676d9ee4bf5
cwnu4062,25,8a3f92f78c24fd31
cwnu4063,25,d7b595b2347f3d03
cwnu4065,36,9a059694720c2f43
cwnu4067,35,f4ee67aeebe14d86
cwnu4068,25,59fc2aa3590d0ce2
cwnu4069,25,fd84cdcbc396f86d
cwnu407,76,c316a59ae0cc923d
cwnu4070,25,f6a50529dfe0bcfe
cwnu4071,34,ea2da03adc66f3c8
cwnu4072,25,a91bee0364c499ac
cwnu4073,32,faa544db570a49dc
cwnu4075,25,a1ec04b22efd68d5
cwnu4076,25,7141e3ede2d7d1a0
cwnu4077,25,b3f08c43cdcba1bc
cwnu4078,25,f9a7de0830ed6aac
cwnu4079,25,2fa1de659a822f3e
cwnu4080,25,a51e938719e8038d
cwnu4081,25,4ad7647f0e65b682
cwnu4082,35,3591fdc8c29b2770
cwnu4083,25,872ffeb8573f505d
cwnu4084,25,5694a9e2d27ebfd4
cwnu4085,33,a374f3ea76c322ce
cwnu4086,25,621eb1d3912f95bc
cwnu4087,36,f26fec3c71b269af
cwnu4089,25,ac9ad63908b6560c
cwnu409,42,3d565927b0fb812c
cwnu4090,44,1bf30f6b1ab37dea
cwnu4091,27,7ffec2e2a3569dc5
cwnu4092,38,7a0adeba5928cd6d
cwnu4093,25,7047ad55fb4041d6
cwnu4094,25,09eaa6aff3031856
cwnu4095,25,830cedd8e5415c0b
cwnu4096,25,6b246cd6ed40d2d6
cwnu4097,57,cc63496d5188b577
cwnu4098,25,42294a4bd7305f85
cwnu41,25,aca780f410e69b18
cwnu410,56,84dbac4db0c36d39
cwnu4100,25,591ba06ada1875f9
cwnu4103,33,dbd59df55b62458c
cwnu4104,25,52e2f702f313932b
cwnu4105,25,87da0c9f843f6106
cwnu4107,28,e9dba4c12d464ffd
cwnu4108,25,956e5bf85fd089d2
cwnu4109,25,ff13b47e0fc6d0bf
cwnu4110,25,d29aba2c81847b6a
cwnu4111,25,415bf63156df29b5
cwnu4112,32,86cf756e9418f1cf
cwnu4113,25,23b090f4eb30de82
cwnu4115,33,5e32b40b0b83acfd
cwnu4117,25,0de8f9e6ad3aeab3
cwnu4118,25,09cb4c84292cee9f
cwnu4119,25,b06fe70f4488222a
cwnu4121,25,4835d5f516aa3373
cwnu4123,25,882b39a69ea09d77
cwnu4124,25,e11f598df95b46ae
cwnu4125,40,c4ca51de6037644e
cwnu4128,32,c6337499af795d7b
cwnu4129,34,ce2d3a1c36548f2a
cwnu413,39,148a9f67f326ed79
cwnu4131,28,dccec5e7dc99c33b
cwnu4133,25,682fec1e5fd387f6
cwnu4134,82,c11701be60f0e7af
cwnu4135,37,1545c67d05c91ae7
cwnu4137,25,d040014e96a18f84
cwnu4138,25,70d1ad528b188b79
cwnu4139,25,ac66551325347865
cwnu414,37,e5c7642c173173f0
cwnu4140,25,0f28d54ffcbd1ba0
cwnu4141,25,481dfa5ffc1baff9
cwnu4142,31,86eda3759572edc3
cwnu4143,35,5be202309168de29
cwnu4146,25,c7769f55ed6759c3
cwnu4147,25,043108408c7708d6
cwnu4150,25,496ed25dfdbb5015
cwnu4151,25,7f4f8624ebfec47b
cwnu4152,28,d27de93e7e888d61
cwnu4153,25,72c9ede772fd8179
cwnu4154,36,e093b52b8939658f
cwnu4156,25,31ab995a12b70ef8
cwnu4157,25,7ba5e5e246bff528
cwnu4158,47,f0ec940a332e6b26
cwnu4159,25,045025616f6df920
cwnu416,26,c5d8ce62face300c
cwnu4160,25,cbd4beadd5fa2a55
cwnu4161,25,324b7a5538ddb9a1
cwnu4163,31,2f8f2bab8476d38d
cwnu4165,25,4e03955c388f3b1b
cwnu4166,25,b993544a372ff782
cwnu4167,33,76ac8dc48f6b2fb4
cwnu4168,25,9586ee78e0fbe91e
cwnu4169,25,8c125ddcfa87a0f4
cwnu4170,25,9b603362897eff00
cwnu4171,25,e47ccf421206f548
cwnu4172,25,348a8b072979a1a4
cwnu4173,25,049ae34668220e36
cwnu4174,25,74d19f71b006a7c2
cwnu4177,25,22adc332fac10a6f
cwnu4178,25,1422d4a5ed98bb3d
cwnu4179,25,fcf97b4e89f6c6d3
cwnu418,39,5743e9a76f74b5d3
cwnu4181,25,c79086bb56446970
cwnu4184,75,cbec3014f39283a9
cwnu4185,39,08e023d6e4d60393
cwnu4186,25,894c3f5d27a4eb66
cwnu4187,25,eb17b0223972555e
cwnu4190,25,41cf128e12583a0e
cwnu4191,26,e622286d3f110260
cwnu4192,25,23254eb702160980
cwnu4193,53,4d41ed87bc2d4b15
cwnu4194,25,0be887ca228892dd
cwnu4195,25,7e89fcdde3887528
cwnu4196,53,8d1d7c7d9dc444d6
cwnu4197,26,e95d81d99a58510a
cwnu4198,33,182c8706a0d306dd
cwnu4199,25,24e695ef349cee52
cwnu42,67,e7c3888a345ebe30
cwnu4200,25,3e33a7f8b3460305
cwnu4201,40,3080ce9af64f0306
cwnu4202,25,0a61a3de9ed1e0c4
cwnu4203,51,85ab1c6382bd2b3d
cwnu4204,50,cb53bc154475c999
cwnu4208,47,358e58bf6caa3eca
cwnu4210,25,5e9a78f10289bc6b
cwnu4212,30,2b752ac7a79d27f8
cwnu4213,55,a50fe9a4a5d7cd36
cwnu4214,64,502f21ab4690a17d
cwnu4215,45,b25981fc6e109791
cwnu4216,26,bad1d755a5ad4c05
cwnu4217,25,7a1317c6b4ef5bd9
cwnu4218,27,c87a566c45c32a8e
cwnu4219,25,082bace096a13d36
cwnu4220,25,312dad8777a568d4
cwnu4221,25,19ffedb53eefe481
cwnu4222,25,81ff8a37c82e0e3e
cwnu4223,32,fe595e6ba80c9214
cwnu4224,53,c04ddd12f5b48a0e
cwnu4226,25,ab988c35be55e858
cwnu4227,25,039541146d84fe97
cwnu4228,25,7693e94366f20285
cwnu4229,25,84772e83bd24f969
cwnu423,32,8a948c6e0d8221b3
cwnu4230,33,86cf8a039409543c
cwnu4231,25,e3e1dd4623df816c
cwnu4232,35,ecacdd28e925d61a
cwnu4234,31,0cd6dcf1f8583867
cwnu4235,25,0673fea3df83bbc6
cwnu4236,25,fbb88e6697e1b04c
cwnu4237,25,eab2a9b2a8ec8623
cwnu4238,25,46d1fd6d04200bf7
cwnu4239,25,601f3d612c8a4f5c
cwnu4240,25,8c9d0ad88ad3e433
cwnu4241,34,0f35574215222239
cwnu4242,25,a61d6c25e9e584a0
cwnu4243,25,acf7a13c7204e385
cwnu4244,31,4952b5011247d01b
cwnu4245,25,96ba9230c7423a22
cwnu4246,25,685df2a080ffb30d
cwnu4247,25,f9b44e4db7e8e4b7
cwnu4249,25,b6858bc1ba456499
cwnu425,42,bb062ee345fd4a13
cwnu4250,25,8451da15d2281e47
cwnu4251,25,f373a768e23ba7e4
cwnu4252,25,70c99368d032a889
cwnu4253,25,43378748c9326210
cwnu4254,25,4d6fc0c366bcc795
cwnu4255,25,490526022149d20e
cwnu4256,25,14cd3604b0e879bd
cwnu4258,57,736bd6ba728a187c
cwnu4259,25,d73cae9ce559d25f
cwnu426,41,8996c7b9008f3c83
cwnu4260,25,a6da0961ec618cdb
cwnu4262,25,c6fe174e2e2fc804
cwnu4264,25,ce3f8742d82dbe8a
cwnu4266,25,53a12f9748e06fe8
cwnu4267,25,a474f1fb86883ffa
cwnu4268,26,23e3e6e15cb5490c
cwnu427,54,608779f4a340fce7
cwnu4270,36,98b3b64548fb641e
cwnu4271,56,90dc3d853f956653
cwnu4272,33,6c4fea6bb09585de
cwnu4274,40,cec6f12675cc7474
cwnu4275,40,c5deee3d53b5c2ad
cwnu4277,25,a2c98a90b8fcd984
cwnu4279,25,ddc744fd2abfd95d
cwnu428,50,bb11c96ed9c70cbb
cwnu4280,25,a20c0cc603aa66df
cwnu4281,56,b9233dc71e285c90
cwnu4282,25,d7d49b1fb1a16807
cwnu4283,28,7e1c830bf243e841
cwnu4285,25,5c8ac738c84dffb2
cwnu4286,25,8b6d7c4626829bc6
cwnu4287,56,78acbdbe6a940a41
cwnu4288,31,472f67056e00a47d
cwnu429,25,fa65af70a5ea1358
cwnu4290,25,1b3292ed93b2373a
cwnu4291,47,c476e0513786b35f
cwnu4292,27,0559bd2a9e986306
cwnu4293,55,9d527936b9b34d2b
cwnu4294,39,b020088702ac0718
cwnu4295,32,c66d2f7d2afec16d
cwnu4296,26,bcbcbbbb974acb22
cwnu4297,25,a302065a874e61a4
cwnu4298,43,1e6faa7ad3a47da6
cwnu4299,25,51ea954ae8c6efab
cwnu4300,25,5b9a0af379c6fa26
cwnu4302,31,3855bcb4fd42a297
cwnu4303,25,cad9633acc1740df
cwnu4305,25,046708f5f156705c
cwnu4307,37,fe2e69eb0fa3f093
cwnu4308,25,2893ed012294d3eb
cwnu4309,34,24a3fb2ac08c705a
cwnu4310,25,a343384021703b71
cwnu4311,25,40f355397d55592e
cwnu4312,25,7677763b6ecaa443
cwnu4313,25,0e068ebdd9421495
cwnu4315,25,3d8497e91d5837a3
cwnu4316,25,7ad1b7fd9c59c1db
cwnu4317,25,108290def63b2f94
cwnu4318,25,91a517b29ba701a1
cwnu4319,25,f73e0ad131ad942e
cwnu4320,25,3928dd5d74295dbb
cwnu4321,25,40d879d68b558cd4
cwnu4322,28,a6d5c8a1caeae763
cwnu4323,26,46744dafc82698ed
cwnu4324,25,d7cd66174435baca
cwnu4325,25,7df947e8250afadd
cwnu4326,25,094b52410ccc068d
cwnu4327,25,8773d258e3ba64ee
cwnu4328,25,6781e5f9ffe31e91
cwnu4329,25,e56b54e8ed7441c0
cwnu433,25,12b512b383f30a81
cwnu4330,25,bb8b0b59b44e8b25
cwnu4331,25,3244bfbeb8754bbc
cwnu4332,25,8acc541f89078c06
cwnu4333,25,3cdb07b2f575ee10
cwnu4334,25,99c4d41d2e6b9cef
cwnu4335,25,3d685014bea6d53e
cwnu4336,25,81daad379f40615e
cwnu4337,25,56be88e5e1085a9f
cwnu4338,25,92f405f7acb4348c
cwnu4339,25,c89dd9d15a458a6c
cwnu434,34,c23ba04b9dd8db9a
cwnu4340,25,0889aec87603ac7d
cwnu4341,25,40a4a09ee5248ef1
cwnu4342,25,316f9136f7bb0994
cwnu4343,25,3443a0439d5bd7e0
cwnu4344,25,cf5f86a652a272e1
cwnu4345,25,85865fcc3aa2e789
cwnu4346,25,7314fd7bc5dfd267
cwnu4347,25,114c282036fb44d9
cwnu4348,26,0fa0916366e2a339
cwnu4349,32,7e2599d6634ddb2b
cwnu435,31,ac3c8b0f66b4a0b3
cwnu4350,25,87ee2baffd0a454c
cwnu4351,37,693c57e507813e23
cwnu4352,25,72517f028d351e2f
cwnu4353,25,8567d8bc29f908a7
cwnu4356,25,4d03b9b0f636d392
cwnu4357,25,b04815bc883ca19d
cwnu4358,34,82c15e1da81124ac
cwnu4360,25,948a957476c1d188
cwnu4361,25,68b622538bdc93b9
cwnu4362,25,80d968f760eb19b2
cwnu4363,25,aa827b57e859261a
cwnu4364,25,60acdf580a777f2e
cwnu4365,25,408d97552d3832be
cwnu4366,25,f75790406d26d875
cwnu4367,25,a485f94920f9323f
cwnu4368,25,46fe4029d87633fc
cwnu437,29,47e34f5a1dfea1aa
cwnu4370,25,6d43931c06c5773a
cwnu4371,26,00803f338c623171
cwnu4372,25,e922c24c803a1533
cwnu4373,25,0aa63f5a4b505454
cwnu4374,34,5d36b82bd9247323
cwnu4375,25,406f8f5c7f1e215f
cwnu4376,25,818cb3f1566391bd
cwnu4377,25,7b7c6c036cef553f
cwnu4378,25,9cab5dd32ad7aa23
cwnu4379,25,072d87e7f4bd0e31
cwnu4380,29,3c6e68b8bbc2ca31
cwnu4381,25,8c080235fe75f41f
cwnu4382,25,3433a2049c0cc7e5
cwnu4383,25,d2bc0e2eb1f86eb3
cwnu4384,25,c1f2bf0e25c475df
cwnu4385,25,3dd9968741b6d8cc
cwnu4386,46,3f9671a8e7cdd34b
cwnu4387,25,60b6c95c007dbd02
cwnu4388,30,79a213efe17c1cae
cwnu4389,119,8c2f03c0ce2e5b9a
cwnu439,48,6ca64461c65b982e
cwnu4390,25,9ce6f8de47d8e548
cwnu4391,25,e44ce095fe1c88c4
cwnu4392,40,a637dfe07afedc43
cwnu4393,25,4636536c621e51e5
cwnu4394,25,882fff102ac382f3
cwnu4395,25,fb73b490cdff0ac0
cwnu4396,25,d28d190acc8f8f89
cwnu4397,25,7e968715c5184139
cwnu4398,25,9f887ce6b78f31b1
cwnu4399,25,f7b302d7e697cca2
cwnu440,60,7bde2e22fa527b95
cwnu4400,25,11a0b1f228c8634a
cwnu4401,25,d967c99737520ce3
cwnu4402,25,ec933339511262da
cwnu4403,25,edc2c4e0c4550cb4
cwnu4404,25,33555acfffc84b12
cwnu4405,25,b3237f8e34f34f08
cwnu4406,25,869903dbc641587f
cwnu4407,25,6ffc9fe5fb856495
cwnu4408,25,da8bfbbedb1a7c4b
cwnu4409,25,bb197050703b7bd1
cwnu4410,25,64fe11be86d9c8f1
cwnu4413,35,907648e5ad63235b
cwnu4414,25,b161fa2c8f1878e4
cwnu4415,25,0bda361bed995a54
cwnu4416,25,7a1ab12f6092dec9
cwnu4417,25,e54a9f955ffc45c6
cwnu4418,25,35c010e495cb112a
cwnu4419,25,ee23cb7f9cf74a13
cwnu442,71,7ff3bca30644e3f3
cwnu4420,102,678bf12548474695
cwnu4421,25,19b27312b72bab04
cwnu4422,60,7e17e067f8ba6ae1
cwnu4423,25,4ec8e58106c01514
cwnu4424,25,69726b1ced81a3d1
cwnu4425,25,f965e7582782e217
cwnu4426,25,9192fcf38b70404c
cwnu4427,25,f38d0a64ff1f1d62
cwnu4428,25,957d45857aec8d7b
cwnu4429,25,6ded91aff05e1185
cwnu4431,25,97d3025f136b4484
cwnu4432,25,7cb46f83fe7f7482
cwnu4434,25,2e1bd7e49aaa0009
cwnu4435,25,2a94aaaba110d2b8
cwnu4437,25,204730afb74233c9
cwnu4438,25,174540dd313a3742
cwnu4439,25,f06eb8ab03ef3bc1
cwnu4440,47,9a024a307b3f3a17
cwnu4441,33,4cc9967757c5ce33
cwnu4442,25,961c85b0797bff0b
cwnu4443,25,41e23c0c41ef9d99
cwnu4444,25,43fece3a47f8fb5a
cwnu4445,25,774c2074bc56007d
cwnu4446,32,f356796b735a3e28
cwnu4447,25,17e9e936427dc706
cwnu4448,25,e82b312d6e9ef355
cwnu4449,25,832154ca78b22388
cwnu445,33,bead9d01e116ccc4
cwnu4450,25,54053ca854172d98
cwnu4451,25,326d7b624e4df13b
cwnu4452,36,a47f044002951e4b
cwnu4453,25,82382105d8073a5a
cwnu4454,25,8c243d6d11a4fb53
cwnu4455,25,0c16c79771654767
cwnu4457,25,e6a0066acdeeef61
cwnu4458,26,5bd8faff8a52d936
cwnu4459,25,029ed616b0191298
cwnu446,64,530f964f872499f0
cwnu4460,25,6c63a1792e28f6fd
cwnu4461,25,1567d7805b276a1f
cwnu4462,25,6447386f7985d069
cwnu4463,25,4ede13f1533bb9c7
cwnu4464,25,e018b48c303b14ac
cwnu4465,25,5d4fefb3c1bd62e5
cwnu4466,25,0cc5a795a19cffb3
cwnu4467,25,0d0666545e9ae7b4
cwnu4468,25,98af0d817e490b93
cwnu4469,25,c127386fe774d1d1
cwnu447,25,60a10cb9fbdab500
cwnu4470,25,c5d29886fac421cb
cwnu4471,25,84737af8c3a828c9
cwnu4473,25,1f5e6e893b1dce2e
cwnu4475,25,aa9e8b1584ce00ce
cwnu4476,25,7a87bbc82cbcbcb8
cwnu4477,25,4dfb0b58b9cf5a25
cwnu4478,25,6c2f4e3fa2da8ce3
cwnu4479,25,d5b71cb5e33eaca2
cwnu448,25,977445194c40414e
cwnu4480,25,3f8acd250d43ad31
cwnu4481,25,ad1600f709b4a131
cwnu4482,25,9630cbcbc8f2a1db
cwnu4483,25,deb04acc25c9e193
cwnu4484,25,eafb20082fd89f01
cwnu4485,25,23d45eedcac06aec
cwnu4486,25,76ed88f257bcfb13
cwnu4487,25,baa483c915b2aa05
cwnu4488,27,aa8938f5935faae0
cwnu4489,25,6327862498c54b7f
cwnu4490,31,5c4382b6c156b7ae
cwnu4492,25,b709b02e3a5a44aa
cwnu4493,25,7ef3a0cc8c30b230
cwnu4495,25,499f3a187eff2cac
cwnu4496,25,b9d0561cc475438c
cwnu4497,25,362ce27b8ed070e6
cwnu4498,25,f9911d7c2e12b112
cwnu4499,25,88c81fd1ea50b48b
cwnu45,99,c5bfd83328752744
cwnu4500,25,99e7f7cc8bcde8b1
cwnu4501,25,a890e17412d35bd8
cwnu4502,25,b756001b9fbc4d54
cwnu4503,25,8d4be5a1255a8cd7
cwnu4504,25,2c4d925f9186e223
cwnu4505,52,1146a32ec300bc95
cwnu4506,25,ebd259bf4a08b88b
cwnu4507,25,862a87a67ef8cd43
cwnu4508,25,ceeb8db021ae5dc8
cwnu4509,25,8422f57dd2a539c4
cwnu4510,25,b87005a705cc579d
cwnu4511,31,8ebdcf972f27e6d9
cwnu4512,25,a08defa29ea371e3
cwnu4513,25,fb436f393683bbe6
cwnu4514,50,35ea955ef309cf1f
cwnu4515,25,dabd72d740f9123e
cwnu4516,25,10c60c24e562236c
cwnu4517,25,192b6629402c5766
cwnu4518,25,2d56219dd91e85b3
cwnu4519,26,c05c5ea99c15cef9
cwnu452,25,8217425187635b1a
cwnu4520,25,c2ae5bea8d1457de
cwnu4521,25,68a4fcf6ebdd5e23
cwnu4522,25,b5a9ba86ebb066bc
cwnu4523,25,237f419b53d0db37
cwnu4524,25,7a09df545cc70273
cwnu4525,25,ca943b9721453611
cwnu4526,25,cc2a96ce8a1c5e00
cwnu4527,25,fc6d4ee93639e795
cwnu4528,28,22043d9bae1a16f1
cwnu4529,25,5b8b11621b576a59
cwnu4530,25,21a3dcd645f1597e
cwnu4531,25,1634e7858c817f54
cwnu4532,25,0d96ee9e05a41e48
cwnu4533,25,cfcd816bd3ab6841
cwnu4534,25,0ca8eaf51f09c6dd
cwnu4535,25,9534edf96e7667a9
cwnu4536,25,2bce6b8184eff1ab
cwnu4537,25,343d4c1d5c852cb3
cwnu4538,25,73e68bd1895b477b
cwnu4539,25,e237b6cc534bbd6c
cwnu454,30,f1fc19264f64b143
cwnu4540,87,6c60d7211d902b46
cwnu4541,25,cd50527f6f5aece7
cwnu4542,25,dcb37d39a4b000a3
cwnu4543,25,3c84dbbd52260371
cwnu4544,25,07da4f45e9ce7fe1
cwnu4545,25,c1d07801c7f46150
cwnu4546,25,e0657581ba9ba68c
cwnu4547,28,895172805eb1092f
cwnu4548,25,aa3e61f8077141c6
cwnu4549,25,1f1463bc0032c5f1
cwnu455,31,c1054db2f1f234a0
cwnu4550,25,b730c105250078d8
cwnu4551,25,0b2cc090502a0bcd
cwnu4552,49,1698864159c66da6
cwnu4553,25,dee7d31eab411503
cwnu4554,25,b8417239066c4e92
cwnu4555,47,41bcb3f25d167db5
cwnu4556,25,9453f502ae2de889
cwnu4557,25,d7130e7f68cf21ab
cwnu4558,25,a168ed95222698df
cwnu4559,33,f939881e4f5b5afd
cwnu4560,25,1ba3ecbd78a9b885
cwnu4561,25,027bcbcfdef8223a
cwnu4562,25,db38a1376c8c0ada
cwnu4563,36,026f9b6189ae33ea
cwnu4564,25,410c5e45d7d0b575
cwnu4565,25,e69fa29e08ea7c0e
cwnu4566,30,69b19215e177e5b5
cwnu4567,25,d9fd1f049366ab72
cwnu4568,25,7a38651e14c2c014
cwnu4569,25,24c627ff3cabcf15
cwnu457,41,62e8daea1c0d05ac
cwnu4570,25,d791c954aefeeeb3
cwnu4571,25,c59e1d378bbe41bd
cwnu4572,25,3e99dbfa5fb792f4
cwnu4573,28,6ea856f3101ca98e
cwnu4574,25,412f508051a44b5e
cwnu4575,25,4f09c5cddae53acc
cwnu4576,25,d93f657dc69e2895
cwnu4577,25,46ca44265b1517e2
cwnu4578,25,31916c4963b4a8cd
cwnu4579,25,5fe0ca38d2ddda74
cwnu458,51,022585a2fb48e63c
cwnu4580,25,a8e6237917b626d5
cwnu4581,25,b39f61e76a70bf0f
cwnu4582,33,d1cd3cb377854de0
cwnu4583,25,476da55686b3af22
cwnu4584,25,561e15c6eee34ce8
cwnu4585,25,724e4f3b43f090f4
cwnu4587,25,0aad86d99c8f40c1
cwnu4588,25,2a10db2d8cf34431
cwnu4589,25,b58391b1edbd5f14
cwnu459,96,6281c4d33168a694
cwnu4590,25,229a906b7c9a82ac
cwnu4591,25,757d47845b2d7156
cwnu4592,25,41256181218b5130
cwnu4593,25,cea3ede1e680a2a3
cwnu4594,25,ac87b71d0d7c4ea1
cwnu4595,25,99696743402312fd
cwnu4596,26,83d2dab30ea26743
cwnu4597,25,5d2af73ba6aae031
cwnu4598,25,134ea4b6a8cf4fec
cwnu4599,25,ba9eab2d87a3ead2
cwnu46,38,653324335d921384
cwnu460,34,15c3a902d3156f49
cwnu4600,25,3c6536542fb355a5
cwnu4601,25,380266b9e3e9b6ba
cwnu4602,25,f1d99101b654331e
cwnu4603,25,006ecc880010450c
cwnu4604,25,251f213f5e4f501f
cwnu4605,25,3fcc01cddc453122
cwnu4606,25,96eac415dd852ee3
cwnu4607,25,41ed4382050e92d7
cwnu4608,25,ab02189a0abac113
cwnu4609,25,583b479ab6ee90bd
cwnu4610,25,4aea238c1b556d3a
cwnu4611,26,bae38640b4c87c47
cwnu4612,25,aa58bcb591a023df
cwnu4613,25,3dbf7660da38bc4b
cwnu4614,25,f1ac2e5f23439c17
cwnu4615,25,a5a196e3b9fb0559
cwnu4616,25,df1722f67f2f9c2e
cwnu4617,25,82401ac233800efe
cwnu4619,25,16f35bbc76b16f04
cwnu4620,25,ad1d0585c81bfab8
cwnu4622,25,a387ae653668870a
cwnu4623,27,a829505b3ae82881
cwnu4624,25,c1d5b444bf0352ef
cwnu4625,25,f500d3e3a39697ef
cwnu4626,25,4f7fd2f9b0692530
cwnu4627,25,9a8593fba2c07a9a
cwnu4628,25,7a85167bac11196f
cwnu4629,25,99d24901284d7194
cwnu463,70,1a8a033458b17c3d
cwnu4631,39,183d717275a959e9
cwnu4633,52,9a50bd7f44a45193
cwnu4634,25,6bb2219cd8f32c94
cwnu4635,25,2f14ec266d020bd8
cwnu4636,25,99468ae33ca6bfc6
cwnu4637,25,4114136d8754c04b
cwnu4638,25,e88ba6df4a42552a
cwnu4639,25,5b54b0256d1d931e
cwnu464,57,beacbf68f113643f
cwnu4640,25,52c1656e0c687244
cwnu4641,25,ccefd60c4b070026
cwnu4642,25,6ae53faf3b625b60
cwnu4643,25,54a9c3524c4e685f
cwnu4644,25,6b105bc96a3c6f82
cwnu4645,25,4ba00810fa475c3d
cwnu4646,25,d80057baf86cd127
cwnu4647,25,92b33febf2b74c25
cwnu4648,25,58835b49c3b9b7c0
cwnu4649,25,7d71a24bd2cf4f5e
cwnu4650,25,f8d53f567a7ab3df
cwnu4651,152,7db32d4da6a44242
cwnu4652,25,745b3a8d58e3209f
cwnu4653,25,1809531ab312ddd4
cwnu4654,32,27d9cecc42b64416
cwnu4655,25,9fb5e2600d775d69
cwnu4656,25,eab0c608fb02d389
cwnu4657,25,f21deb7d3d30f225
cwnu4658,110,495f6317e76842bf
cwnu4659,25,e1a1f22015471aad
cwnu466,25,945c30b598238b63
cwnu4660,25,63ba13055f863a42
cwnu4661,25,9457191578a18764
cwnu4662,25,dece7b10a57a57b3
cwnu4663,45,3f0cdb4e35b3efd6
cwnu4664,25,7b1848675fdaf249
cwnu4665,25,5116897fe46aeb1f
cwnu4666,25,8dba615a6b147b38
cwnu4667,25,59a0f779fe1d54f4
cwnu4668,25,6f47cc3410f61821
cwnu4669,45,af6a2fc4ca58e9dd
cwnu4670,25,d01338ae041d5250
cwnu4671,25,e3bf07ab8e975909
cwnu4672,25,a3102634de034ddd
cwnu4673,25,4b6a17445a163c10
cwnu4674,25,6c4add0b486063b1
cwnu4675,27,15b6917330b9fb88
cwnu4676,25,4cabc77034b71650
cwnu4677,25,9637da652347d0d3
cwnu4678,25,10df348d966c1f7a
cwnu4679,25,a5132e9fc8eff8be
cwnu468,78,45bbcccd986117bb
cwnu4680,25,95529a4ed3e62cc4
cwnu4681,25,c28aa62cf0d5f497
cwnu4682,25,e1922f15d9b1de66
cwnu4683,25,722b153ff188a1f7
cwnu4684,25,27320958deba7f73
cwnu4685,25,1babdef4078b1cc4
cwnu4686,25,cb2a383012480cd5
cwnu4687,27,4129f2160c9c4b85
cwnu4688,25,de86fb3b8c466b5b
cwnu4689,29,4766f3135a1c4927
cwnu469,25,df3bd99d022004d4
cwnu4690,25,3e8d05dd3d0e94b9
cwnu4691,25,9152127f2aa9b628
cwnu4692,25,a527551f4d24b428
cwnu4693,27,e51fa118d7cbd1c8
cwnu4694,47,3e57ef4c39c7355a
cwnu4695,25,5c630225c0e3fcf1
cwnu4696,25,c79962523d9eb782
cwnu4697,25,9bcd83e8739fc658
cwnu4698,25,19b7c617bb362129
cwnu4699,25,42ec14f7832600f2
cwnu47,46,cc77e1984e4299e9
cwnu4700,25,2e6d1a83069797f8
cwnu4701,25,b40de205c16ddb08
cwnu4702,25,f58ced44f0390b7a
cwnu4704,25,6a66be0c45475a4f
cwnu4705,25,2b6ea2738b63e9f9
cwnu4706,53,764227a0a1a8388a
cwnu4707,25,448a9530d52d9922
cwnu4708,25,1677f60ef5f391a0
cwnu471,25,060e6db7ec7823c6
cwnu4710,25,ae852234317f4a0e
cwnu4711,25,306fd4ccf55ee0a7
cwnu4712,37,5c063b77acbfaabb
cwnu4713,25,936f99b8a751da37
cwnu4714,25,008d8ffc26a9bfd4
cwnu4716,25,07cbe74e0bcc6d60
cwnu4717,25,af262398156fe575
cwnu4718,25,92a9b0bb5f98a3d9
cwnu4719,25,b6e6ee02c94ae79d
cwnu472,33,b13f790f6f2cfc03
cwnu4720,25,aa954c151cb6c26e
cwnu4721,25,6014666d8bb81bda
cwnu4722,25,0ffc3366d4eaf880
cwnu4723,25,82ca976d71d19399
cwnu4724,25,fa83c6235398e373
cwnu4725,61,5e25aa2ac184c1fb
cwnu4726,25,d44a1fa8bf4c120e
cwnu4727,25,6491a3e04a815faf
cwnu4728,25,ecc7b9ec6c602373
cwnu4729,25,4c9e89c577149de7
cwnu4730,25,502366123746d9b4
cwnu4731,25,d5b73812596ead1b
cwnu4732,25,9d72484034b3091d
cwnu4734,28,7fc6e9e28e593d0d
cwnu4735,25,6767c5b501b5b154
cwnu4736,25,d67544cd5ba3cb9f
cwnu4738,25,20926b412e4575ba
cwnu4739,39,6728c364e567d407
cwnu4740,25,a6792ea9efc25720
cwnu4741,25,70b27704368c0abd
cwnu4742,25,c9a5ac7cac520308
cwnu4743,25,f8642d2dfd234bf9
cwnu4744,25,3b422d4ae9051334
cwnu4745,25,c578aea9da11a5bf
cwnu4746,25,3647a9eaf03e4edf
cwnu4747,25,31c5321910b226c1
cwnu4748,25,9f53a14381e9823c
cwnu4749,42,b4fb2a53c90516e6
cwnu475,31,3a39749f6bd83510
cwnu4750,25,9be4a36f22f0385c
cwnu4751,25,23313d91355a6fc1
cwnu4752,68,4e69717735885e18
cwnu4753,25,e7e139a8bcc5f544
cwnu4754,25,5a019c00f3113185
cwnu4755,25,14e49e0f9c15f647
cwnu4756,26,2b9ad7a33422b61a
cwnu4757,25,98faa877d48946d3
cwnu4759,25,8848eb35d0d9903d
cwnu4760,25,bf8e6da2ac4aa5a1
cwnu4761,25,192386c148ed414d
cwnu4762,25,15645a19ea3eba02
cwnu4763,60,416f3974d926283e
cwnu4764,25,63aff9c9f0c9d167
cwnu4765,25,f7f27902b1a12b4b
cwnu4767,25,459f668fdfa672e4
cwnu4768,25,857fd8c6075cb90e
cwnu4769,25,bc02d1470d9628df
cwnu477,48,ced1a373cb0bb8c1
cwnu4770,25,304997ba0c06421c
cwnu4771,25,e7b71e7fa7a5dd61
cwnu4772,28,282da3cf9c30b9f1
cwnu4773,25,4da3639b032e5c4a
cwnu4774,25,caf7247cdf745d84
cwnu4775,26,bcdc8c86e1896bc3
cwnu4776,25,37ea8ff7374fdb31
cwnu4778,25,fceb7ca47fbc6575
cwnu4779,25,ee6c7c0b61e8ba04
cwnu478,66,372362e646d9844e
cwnu4781,30,908cf8d41ce5f9cf
cwnu4782,30,f6d2255017f4efea
cwnu4783,25,c999ea32eaf5e3ae
cwnu4784,25,ffc9b643c0b8ea85
cwnu4785,25,ef2d6d8b62ecd9ef
cwnu4786,37,a28954020a083f75
cwnu4787,25,0e859d6d4ad52018
cwnu4788,25,d50ab2c9f3afb38e
cwnu4789,25,db5ddccfb63dca27
cwnu4790,25,1c4f5fd7cf0c295b
cwnu4791,34,f65b3e0171056904
cwnu4792,25,f83385e8ed19ee9b
cwnu4793,54,8f2df7ca6d299a17
cwnu4794,25,4cd9cf700e1a7ee3
cwnu4795,42,655edd318db826d4
cwnu4797,25,3b9dd2f116752752
cwnu4798,25,04fbbc49aa347f9f
cwnu48,25,812983f0171c52ba
cwnu480,58,59799e4afca612fa
cwnu4800,25,561cb9662ce2b0ed
cwnu4801,25,7de78506dad121a3
cwnu4802,25,86a4c28dd24aa6cb
cwnu4803,70,c9614ffb98f41ef3
cwnu4804,25,7add00d9f189de97
cwnu4805,25,5707ef42917714a3
cwnu4806,25,1c657d49fae501de
cwnu4807,25,64ad88448e028ee4
cwnu4808,25,c09f5fe3a27540ae
cwnu4809,35,c1988f3b0c8e0c95
cwnu481,25,ad0f045299d8eec3
cwnu4810,25,81e7cd53f00fa85e
cwnu4811,38,50e88b0bc2320a2b
cwnu4812,25,4cbc115ba51ad7f3
cwnu4813,25,435d2c2a4f0020de
cwnu4814,28,0170bdcf11897cb8
cwnu4815,25,6aed1850044f5049
cwnu4816,25,bd882e41faab18fe
cwnu4817,25,8f85bab2cd4da83f
cwnu4818,25,437bada9251fd62f
cwnu4819,25,18e0398c5ac318f8
cwnu482,25,64a963dc243adcf0
cwnu4820,25,c1707aa6416d1e29
cwnu4821,26,bfbb7d5854443d25
cwnu4822,25,c579dc930a9f649a
cwnu4823,25,aaba4770eac32060
cwnu4824,25,ea870b9cf2a375d3
cwnu4825,25,f391a7cae33336ec
cwnu4826,25,688fa4cdd5fbc485
cwnu4827,25,73edbaa3a6de87e3
cwnu4828,25,f9583661fa8400bf
cwnu4829,37,7732ccfefa7b3ba7
cwnu4830,25,5ac434dd27874b53
cwnu4831,25,8266221ed82f5ea9
cwnu4832,25,88d1acac4dd6e7b7
cwnu4833,25,3e86c5ec1be7b90a
cwnu4834,25,a683bf8f34710e0e
cwnu4835,25,6c707fad126f4e8f
cwnu4836,25,d83d50c88b914f62
cwnu4837,25,ef38418d5d2acc88
cwnu4838,25,35cfb332230969ba
cwnu4839,25,4568f37993ec0ab5
cwnu484,25,a51c725bdd0c06e4
cwnu4840,25,5ac6bdf10213c2c4
cwnu4841,25,1db54dd87bd0ebd9
cwnu4842,25,87359666f4f399e2
cwnu4843,25,ab008f517a5d1a18
cwnu4844,25,c39aa51ddb3aab39
cwnu4845,25,eb3f82cacdecac57
cwnu4846,27,cc01a862e519d6e2
cwnu4847,25,e0846da1a9283dff
cwnu4848,25,35238a7c6e13ab3d
cwnu4849,25,6bb5fc1a1a1f49b9
cwnu4850,25,907dcdf2b1eab437
cwnu4851,25,de5cceafaf8c1fed
cwnu4852,25,9607513cf240e6a4
cwnu4853,25,8747d24b744e2c81
cwnu4854,25,21dd0c11f4f123ce
cwnu4855,25,50c61b3c2796a22c
cwnu4856,25,226a9907a65a36e6
cwnu4857,25,85af44e746df28cc
cwnu4858,25,bd4ce5e064f57f3d
cwnu4859,25,3ca297e53fa7a7fb
cwnu4860,25,a5e785e03656b889
cwnu4861,25,13aa17e969e61bbc
cwnu4862,28,d39cbe3cdc2cc990
cwnu4863,25,85a4907d8301eb49
cwnu4864,25,e234364092ae25bc
cwnu4865,25,b41fa3b87c26a9c8
cwnu4866,25,6d6907e4c3c1be12
cwnu4867,25,db8e9c8ba145520f
cwnu4868,25,98136a51e8e000c9
cwnu4869,25,c1fc66f3536d3198
cwnu487,39,89bc9e915b106964
cwnu4870,25,cc61518311b6aae9
cwnu4871,25,040a9745b4cc5968
cwnu4872,25,b0bc1859b6acf385
cwnu4873,25,4bb7cf4a0979f941
cwnu4874,25,37067d1c51c407cf
cwnu4875,32,1fb25fe6de3c3ec4
cwnu4876,25,40a449010b8be763
cwnu4877,25,377e708c6e1c449f
cwnu4878,25,3cffa44c713bafd5
cwnu4879,25,a43347bad64a99db
cwnu488,34,9e6f6a3bf729036b
cwnu4880,29,27f5fdd76cda4fc8
cwnu4881,25,719c75ae3f503b63
cwnu4882,25,fcb57aefd8d07e9c
cwnu4883,25,a6f90ee8100fcc40
cwnu4884,25,bbe81e41d945acea
cwnu4885,25,2035b74f07dbaa6f
cwnu4886,25,d8f09cda6006c07a
cwnu4887,32,5d74a6d503a79b3c
cwnu4888,29,4d7dd1b74451ba34
cwnu4889,25,9cbd51fbb2a806bf
cwnu489,71,911150bdc0ade8f0
cwnu4890,25,aec94b6bef781a2e
cwnu4891,25,36dc79f573150082
cwnu4892,26,e514324318a199df
cwnu4893,25,9cfd090dbb13cb15
cwnu4894,44,d900389e528746c2
cwnu4895,25,0e0c69e814bd5a8f
cwnu4896,25,8193b108a9a21514
cwnu4897,25,1812c2ee462b5382
cwnu4898,25,99f6447f8ae8d129
cwnu490,63,e56d10661551b215
cwnu491,25,1f01a12660ab2c8a
cwnu495,91,40a7dd3ec1ad0533
cwnu496,43,775a1620f3a60bf9
cwnu498,25,7cf0f50b8d0c295b
cwnu499,25,9d36622fe1b43beb
cwnu5,70,b802d7114ed7a37e
cwnu50,65,dc7c5f7fcf891203
cwnu501,27,8ae867dc974019bb
cwnu503,67,1f0b363879e6b7d4
cwnu504,25,6a0f9ca6c9598155
cwnu507,25,ee88825821837fe2
cwnu508,25,ca9cd012710182e2
cwnu509,26,da5b1c8d311a8c01
cwnu510,26,d6a60163faffa6f1
cwnu511,25,7c1fc800a0d20322
cwnu512,25,82607e3348c4b8bd
cwnu513,25,3104310ff4ecfb36
cwnu514,280,6cdb6fcb6fdb0609
cwnu515,60,3e40919069dece10
cwnu516,25,55f50cdc4766df59
cwnu518,47,9df2332b8c90c57b
cwnu519,178,c1c5f79ba42fca77
cwnu52,49,f69664c4de656f21
cwnu520,25,fc29554d20f52f40
cwnu522,73,b1901cb7e5947ba3
cwnu523,38,65870a35fc0f920c
cwnu524,25,c50637d3a93d8fcb
cwnu525,68,d90920c9f3d11e0e
cwnu526,49,64fdb91265a5bbf6
cwnu528,194,cfbbf89d4a843034
cwnu529,25,27a521d17e3d1c6d
cwnu531,25,8be0d6e13b674422
cwnu532,25,adab6ec39dd2f8fb
cwnu534,26,38f47de1d8c11779
cwnu536,51,426bc4bcb12ed0e2
cwnu537,32,b2287ce8f922c902
cwnu538,48,ea66405e88423ef2
cwnu54,25,5290e7c1919d444e
cwnu540,25,c4dbd31806f2ae7d
cwnu541,25,64e30aaa605f2385
cwnu56,25,b218550914489452
cwnu57,25,4e03e1a138ad5b57
cwnu58,88,34126bec4485282a
cwnu59,54,091eb8aa234cc1ec
cwnu6,25,aeee5e8418d56f14
cwnu60,67,9eb0af116d26474d
cwnu61,45,de6632174a73ae77
cwnu62,47,ec160fda8c638f8d
cwnu65,30,d514a90fb24c1e84
cwnu66,31,59ddbc55fb02f7c7
cwnu68,25,2af533903940f33a
cwnu7,29,0e80b5e72cfef9be
cwnu70,78,5875774f5a8dfc07
cwnu72,68,11402f6aec1aeaa0
cwnu73,35,30f8700878ce8238
cwnu74,25,cf2ceb5b2f18b138
cwnu76,28,4735bf3e1e0ba15a
cwnu77,70,b1b1ba7928854bd4
cwnu78,25,67f2e3275e57630e
cwnu8,30,c0ca081ade2e75c2
cwnu80,46,e4577a03d21de859
cwnu81,107,8cea3c19c84d6f46
cwnu83,25,2317f90b4daf66f1
cwnu85,149,ad550f17ec38b5e6
cwnu86,50,dfd0b8ad6b83e2c4
cwnu87,32,8ffe6e77ba94f3fa
cwnu88,45,24384cbbf39cf0bf
cwnu89,47,7dc40e201d95df70
cwnu9,40,2710f5dd81c26977
cwnu90,25,7fdc293e79135759
cwnu92,25,f92211084357405b
cwnu93,63,132008e8f0108662
cwnu94,25,e8c24aa45445a9ce
cwnu96,54,859f80de060be627
cwnu97,25,0364b2876bcb2e8e
cwnu98,30,06178238d066c69a
cwwdl10030,25,abd57c43d5b5412f
cwwdl10077,25,3a239f9df39724f8
cwwdl10091,25,1e186f84638c2930
cwwdl10098,25,c91844feae61751d
cwwdl10188,25,a642b1254ea2d624
cwwdl10247,25,40719af6634b6c80
cwwdl10254,28,37e61789936442e4
cwwdl10272,25,9ac4488d4aa70416
cwwdl10273,25,db40bdb984d007a0
cwwdl10304,25,81a4461833949a38
cwwdl10366,25,42decafea2c06808
cwwdl10371,25,4ca97f8db9af53fd
cwwdl10380,25,5523fae24620afe0
cwwdl10393,25,467af68bc1f9ff98
cwwdl10399,25,228db320815ec89c
cwwdl10415,56,7cf2849f49ce3851
cwwdl10416,25,f58ab172528a4711
cwwdl10421,25,bf75aad87b5b2eeb
cwwdl10422,25,605f5b8b0442848f
cwwdl10423,25,0ccaba69daffc8e2
cwwdl10425,25,cae131b7035ae819
cwwdl10426,36,4b1e1d50788e9253
cwwdl10428,25,bba3d1f07bfc09d8
cwwdl10429,25,4cf1f12e83784e2e
cwwdl10432,25,3ef13b13df8b7d27
cwwdl10446,25,c2a1c57ae0a423b0
cwwdl10461,25,45c8b93329e220c9
cwwdl10463,25,b7e54b8de47bc05a
cwwdl10464,25,7b9d662adea8bbf0
cwwdl10471,43,feab43942180a4ee
cwwdl10473,25,427a3caeadf80dc9
cwwdl10476,59,dd1c6a7e9b98a287
cwwdl10481,25,fd413b6a31ee0835
cwwdl10487,25,49a85059df177345
cwwdl10490,25,e213b92fcfdcddd1
cwwdl10495,25,5f1d1d6cbab4bc74
cwwdl10498,25,600dc49eeb1fe9bd
cwwdl10536,25,a3e99782787e7471
cwwdl10539,25,602b5df28151b04b
cwwdl10541,25,83dd96661a2db89e
cwwdl10543,25,843d82f4e89643b2
cwwdl10553,25,913c0440c431b52b
cwwdl10556,25,5cfead7b4600cdc0
cwwdl10575,25,a2310a1ebd3810b5
cwwdl10585,25,23e65dd4ff149748
cwwdl10588,25,80cbbf987fa3304a
cwwdl10590,25,d39468ab03218dcf
cwwdl10599,25,b5a0639d61b889f6
cwwdl10613,25,7c9b90edb9942a04
cwwdl10617,25,94f7a1139ed65b34
cwwdl10622,25,ed1494fa1eb9b98d
cwwdl10624,25,943708a2333bbe9c
cwwdl10630,25,0672259c3e3b3f0b
cwwdl10631,25,d18779755e781662
cwwdl10645,25,65b6efdc2b0f5bf8
cwwdl10668,25,5e60c1f455a0dc6b
cwwdl10681,25,110c151a0c486d3e
cwwdl10687,25,388eb0db67e2b86d
cwwdl10713,25,0170841e0673ea50
cwwdl10714,25,c082dae02f093fcb
cwwdl10719,25,5488fd6024a662eb
cwwdl10723,25,3141d0aa745c2722
cwwdl10728,25,5d5b65cc26dd28c5
cwwdl10733,25,64918ebc4242d2ae
cwwdl10734,25,b6c1b1de926d6fa0
cwwdl10737,25,20f23a2bc655b9ab
cwwdl10743,25,8626c1879a2d64b0
cwwdl10749,25,0d87b195c804dbaf
cwwdl10751,25,31b301962148e5a6
cwwdl10755,25,e15eac80168cd47f
cwwdl10758,25,8505274ce19faa8e
cwwdl10761,25,b87fe12ceb6b53f4
cwwdl10769,25,19635716b8f16ad4
cwwdl10773,25,999bd9a54c2b7e18
cwwdl10782,25,7e6f84aed091ae0d
cwwdl10790,25,711f8d21260b8490
cwwdl10812,25,1d54ef3098f2db77
cwwdl10821,25,2663b47469e5ad15
cwwdl10826,25,3dbba983d0642643
cwwdl10829,25,a630e587e62dfc5e
cwwdl10831,25,44704f123d1c5a70
cwwdl10844,25,ba4f9789bbc5802a
cwwdl10853,25,30ec6a87a52939b8
cwwdl10854,25,584197389583c388
cwwdl10867,26,a9b224e328c48187
cwwdl10872,25,5338a7b15af01e1a
cwwdl10875,25,fb588f4e3bdcb418
cwwdl10879,25,a3815b188337d3fe
cwwdl10881,25,137f4fee6b6ab00c
cwwdl10888,25,31f234fe60c0ce2e
cwwdl10892,25,8d1092895b7115c0
cwwdl10896,25,e7840e1f58baa5ee
cwwdl10909,25,bbaa27453d9ed0bf
cwwdl10913,25,bdac267d2ae40bfb
cwwdl10917,25,9467841122133867
cwwdl10920,25,9a0cc36716183ac6
cwwdl10928,25,b35e7c388042eff3
cwwdl10941,60,523d1d7cf847ae8b
cwwdl10944,25,5a4e6a98e38c7bfe
cwwdl10980,25,49564e23e7ad8b93
cwwdl10984,25,03565272e4aeafe5
cwwdl10985,25,947fa855c0874acf
cwwdl10988,25,7e4983c484a7e426
cwwdl10993,25,582b8558c0fe42b1
cwwdl10996,25,7ab1adaa9c01d612
cwwdl10997,25,02710070d8686bb9
cwwdl10998,25,c8a9c4901094f1c1
cwwdl11004,25,af16a132cb4cffe2
cwwdl11011,42,57c625cea64a29ae
cwwdl11014,25,4625af8e56f36d4f
cwwdl11030,25,9cde3cfdb282951a
cwwdl11031,25,1059e382caf9947a
cwwdl11071,25,3ac618609b8e3e81
cwwdl11073,25,04bab50e84789b7f
cwwdl11089,25,9b79495b28f61740
cwwdl11103,25,aa15a1aabbc771a8
cwwdl11105,25,4957bab45c8ce7f8
cwwdl11110,25,16ca1a83b924731f
cwwdl11112,25,cfa60e27fe9022e3
cwwdl11150,25,7ad1e0a7f0c7edcc
cwwdl11165,25,4654eecb38aa11e9
cwwdl11170,25,06f92ac9b4390c66
cwwdl11171,25,60ce23651cdead1b
cwwdl11182,34,fd4d058fd2ec293d
cwwdl11243,25,8570871dcd2442a6
cwwdl11253,25,e60b742ff548d4ae
cwwdl11420,26,27cb440a1d09e80a
cwwdl11572,25,0910e49b38cc3434
cwwdl11573,25,d74852fd218ff9e6
cwwdl11599,25,79d2721ca6f0680a
cwwdl11612,25,75d6e46186cb0a69
cwwdl11645,26,e0e843da32397e03
cwwdl11732,25,80eec8ef45e4f021
cwwdl11749,25,e7d15478f7318480
cwwdl11769,25,5a4e3a5c3886799e
cwwdl11824,25,9fb773f23567aae9
cwwdl11834,25,c18466963f6799da
cwwdl11875,25,9d7fdad3e74b1964
cwwdl11877,25,590958d3fda46a65
cwwdl11953,25,f8edd36b61fd5595
cwwdl11965,45,a58fb0b0f615e383
cwwdl11978,25,f704d069679c141e
cwwdl11989,25,71708fbadcada6da
cwwdl11991,25,d90271304eb5f37b
cwwdl11994,25,91fd876489bfae8f
cwwdl12007,25,3672d5ae0b6680c5
cwwdl12009,25,2107d245cc18dfe4
cwwdl12022,25,9f2949cf363bab24
cwwdl12024,25,b9f561a57b7040ac
cwwdl12025,25,e3e742e0882620d2
cwwdl12041,25,2bb0137b95b1d1ee
cwwdl12058,25,d4b2ad246b888de7
cwwdl12059,25,ed8fd18b456d0733
cwwdl12075,25,80b991ebabd131d0
cwwdl12076,25,f7047613da374dc8
cwwdl12085,25,cddeecf0c07824c0
cwwdl12087,25,3a4d3995105778b1
cwwdl12098,25,95083e5dff86fe92
cwwdl12121,25,27faffc6b1ffa483
cwwdl12234,25,10b167722f111de2
cwwdl12250,25,5c5931672ee85997
cwwdl12252,25,8e8d70381fe513ac
cwwdl1227,25,1bc4ac444a96244e
cwwdl12271,25,4aa4676f0281d66f
cwwdl12421,25,fe80ed921c138af1
cwwdl12454,25,721a741a8a258645
cwwdl12484,25,435a67dddac042ef
cwwdl12507,25,a22991a44f346d8f
cwwdl12523,25,3eaff0d6b6337101
cwwdl12531,25,b4e17db47b8d9a96
cwwdl12533,25,96710628d951be24
cwwdl12536,25,e15913a4585df6ef
cwwdl12539,25,39b6e4e67671a42a
cwwdl12543,25,b52b8f6e57d7c2fd
cwwdl12551,25,6401867031fa8d7d
cwwdl12558,25,dbe099ac9c92d95c
cwwdl12561,25,a3242b911c662f2a
cwwdl12566,25,31b192241fcb67cd
cwwdl12570,25,841e9d7207e1ec20
cwwdl12664,25,c1931c36a7671582
cwwdl12770,25,effd7475c58453e4
cwwdl12773,25,2b232b5f24366f2f
cwwdl12777,25,d25e6b838607134d
cwwdl12787,25,c275814d53a616b3
cwwdl12788,25,9e2ebc22edf1c850
cwwdl12795,25,f7be931734d80554
cwwdl12808,25,f87e9382ccade33f
cwwdl12809,25,2d5fe95f44cf163a
cwwdl12814,25,93d9189a4c6afaaa
cwwdl12816,25,829fd0d41158484d
cwwdl12817,25,83eeab60de5ce8a1
cwwdl12818,25,3abf25e615673827
cwwdl12833,25,e65a5dedbaa8fd47
cwwdl12836,25,0be93ae21e4ebccd
cwwdl12840,25,7dc35103b53650bf
cwwdl12841,25,9869428d285e84da
cwwdl12842,25,3aae9f4a9b23951c
cwwdl12843,25,c13a431bf660cabf
cwwdl12845,25,9c2a5c83a23c8a7e
cwwdl12847,25,1f8318f99d70d8e8
cwwdl12851,25,9d6ccea0528d989d
cwwdl12870,25,01980e3cd5476c6b
cwwdl12887,25,6fa37d512f52424c
cwwdl12899,25,e50e2a4ab36a4730
cwwdl129,33,0524b3bab9ced738
cwwdl12901,25,980ae59a6da32579
cwwdl12902,25,db16cecc20fc9166
cwwdl12927,25,6b311d8f15b66243
cwwdl12928,25,67f3031125e2bd07
cwwdl12961,25,b9a2ee72b37c03bc
cwwdl12973,25,114642d6c48dd3f3
cwwdl12983,25,3d534f6059bd9c57
cwwdl12984,25,c6ec464d4ff335cd
cwwdl13003,25,67fa73a5b324c7eb
cwwdl13054,25,1db0f80ffe0cf975
cwwdl13109,25,a8a05c442c9d3717
cwwdl13147,25,3c68d4d7b9bdf657
cwwdl13157,25,f00c31a3a90b1a3b
cwwdl13170,25,3925f853cfc086be
cwwdl13177,25,f65690de07a81f95
cwwdl13178,25,135ceaf87c2d3e6e
cwwdl13179,25,754555c4588771d4
cwwdl13180,25,91a5cb4d481a708e
cwwdl13195,25,a0130a6941c5078a
cwwdl13202,25,bc77887674f095c1
cwwdl13205,25,b26a0f43c6f19883
cwwdl13207,25,17903261ae59d340
cwwdl13229,25,904bbe30f4bed2c5
cwwdl13230,25,ac9d54bf05771715
cwwdl13232,25,306b136fd1ca3572
cwwdl13244,25,3a4c27c721c927fe
cwwdl13251,25,077dadcb5e20d680
cwwdl13259,25,52a942880e428747
cwwdl13260,25,6430d730e4b64459
cwwdl13261,25,5b01d34b56453310
cwwdl13263,25,03cd8138296a70a9
cwwdl13320,25,1f802e279581c5f7
cwwdl13327,25,b136f82803f05dd2
cwwdl13333,25,0dbc0867493e9918
cwwdl13361,27,0423ec36a9a27bc1
cwwdl13362,25,a5545d7860c44309
cwwdl13367,25,96c2db724656d61e
cwwdl13370,25,d2e1e0de44c25253
cwwdl13372,40,4737095231de3891
cwwdl13374,25,9b73538a0db5f9f9
cwwdl13375,25,e0b7a964ccaa6182
cwwdl13376,25,d69767da2ffcb426
cwwdl13377,25,9f0930c1ccfd6b7c
cwwdl13378,25,41053076bea44acd
cwwdl13379,32,6a0125741ccd2515
cwwdl13384,25,c69f21a0e6703e4a
cwwdl13388,25,9ee103594ac63b93
cwwdl13389,25,df0130fb250e3570
cwwdl13391,25,324f8e57af5068ce
cwwdl13402,25,7b7caeeac97854fe
cwwdl13407,25,2323f1fdd5d803af
cwwdl13411,25,46414ba02ddbb23f
cwwdl13412,25,6c9c58a98fb50b26
cwwdl13414,25,638a93eacff562b7
cwwdl13415,43,a7ea314e729b09dc
cwwdl13417,25,a7d63a3f5cd44c79
cwwdl13419,25,97ccdfa5876cc82f
cwwdl13421,25,16faed0c8307b41e
cwwdl13422,25,b96849671612391c
cwwdl13442,25,df9f0b20f55a09e4
cwwdl13462,25,20ae73a5c1e5c389
cwwdl13474,25,f397000efc29048d
cwwdl13478,25,5985455a7a85503f
cwwdl13480,25,40a6c68dada61d89
cwwdl13483,25,c7f8649c7071f798
cwwdl13484,25,d84455259520efc1
cwwdl13485,25,cdf8a6610e29fe54
cwwdl13487,25,ab05da8d4b41e842
cwwdl13499,25,8a6632632faef225
cwwdl13501,25,34cb8f69b33d7c8c
cwwdl13509,25,6612c736e63f0113
cwwdl13511,25,bc5a9d14c342f3f1
cwwdl13513,25,e44be0ea20448090
cwwdl13518,25,ee0f73fb1ec2b345
cwwdl13519,25,6b434e8273e85bf7
cwwdl13520,25,a6b0059d48256eba
cwwdl13522,25,59c8ac8e0bbb7ff0
cwwdl13524,25,3c6c42ac15a9abbe
cwwdl13527,25,066aa48904f1da40
cwwdl13531,25,18e3d18616558aa5
cwwdl13542,25,62e7ebf72a76864f
cwwdl13548,25,0a576a1ec97b8b21
cwwdl13552,25,3f7ee4982a1214e1
cwwdl13560,25,6f7a654a9a4a67db
cwwdl13575,25,139d2a4f57fd0baa
cwwdl13579,25,789f292ade4767c1
cwwdl13584,25,e3e99f773a843349
cwwdl13587,25,3f7d89cb6e476b4f
cwwdl13588,25,b912449853c2a9e4
cwwdl13594,25,03bd0d927e847d3c
cwwdl13596,25,55272a0e91bd0d12
cwwdl13599,25,78b1d9ffa4f11520
cwwdl13627,25,1427cda6aebdb537
cwwdl13630,25,1f57ec6c1c901735
cwwdl13632,25,e0139266c0750383
cwwdl13670,25,8291fd6526446cb2
cwwdl1374,25,e44a705e37e6f2c6
cwwdl13756,25,1d37ae10e747aa50
cwwdl13770,25,539731dc21ed31a8
cwwdl13771,25,d76b065f083af100
cwwdl13781,25,13d1744507124f68
cwwdl13831,25,ed6ff5dec5517cdf
cwwdl13832,25,bb401a8455ca1905
cwwdl13844,25,439f77c66be31b44
cwwdl13932,25,2d76da8a165fea2d
cwwdl13950,25,36e53bb2b8773cf8
cwwdl13966,25,b8b69af60e83640f
cwwdl13973,25,b8a15c51aa9c786f
cwwdl13979,25,dc6af133eef60759
cwwdl13982,25,b3dec18965adaa4b
cwwdl13997,25,ee1cb6823f60f229
cwwdl14036,25,3552c39c16d6575e
cwwdl14048,25,f2fbff79eaa3ac83
cwwdl14065,38,51014b052876b563
cwwdl14099,25,b80a46366133d852
cwwdl1416,25,1c4110b728350a49
cwwdl14180,25,a2b393636af811f4
cwwdl14186,25,320d6019aa3deea7
cwwdl14193,25,79b7d9034a32880b
cwwdl14295,72,521745c2783bf417
cwwdl14341,25,41fe511bd82c75ef
cwwdl14361,26,eb0e42f45d8c7264
cwwdl14435,25,5fab58aade3d3f00
cwwdl14438,89,ef454495aad817ed
cwwdl14462,25,66734e8030649825
cwwdl14476,30,c913e16b0c40e6d7
cwwdl14536,40,ce3d23746bc1fd29
cwwdl14540,71,322cd3b67e300c62
cwwdl14541,25,58181aaca00c53da
cwwdl14545,33,6f262e366a512739
cwwdl14563,54,d0e26d7ed2122e8d
cwwdl14586,74,b5ae13abc9c211c7
cwwdl14587,25,76e4ac9e0acaf254
cwwdl14602,67,b15344cf33b598af
cwwdl1685,53,7d4f20ae41531efc
cwwdl1713,82,5f5c716e9659d3f2
cwwdl180,25,474d7d25e15270c2
cwwdl190,25,24a5c5045197af51
cwwdl1928,25,aa06418ee83c0358
cwwdl1988,26,45756fae9e23c815
cwwdl2006,25,3092f71120df8f32
cwwdl2011,25,6052bad5d2a68f57
cwwdl2041,25,d5f3ecc5b4629e7f
cwwdl2050,25,2dfb10b58502b2d7
cwwdl2058,25,feaeaf90a3903f59
cwwdl207,25,6fd2e9a8d21015fb
cwwdl2070,25,71c6f43aee5ed4db
cwwdl208,44,e5defac197c30cfe
cwwdl2084,25,32f3d0d57d8ba0fb
cwwdl209,25,68239681027172af
cwwdl2091,25,c7a89885a0351856
cwwdl2100,40,99a71873f9e6e041
cwwdl2102,25,2b30001c811c7c33
cwwdl2104,25,7b39d4b6f72102fb
cwwdl2105,25,5bf969b064aacfef
cwwdl2109,25,e01da137e20d1cf5
cwwdl2111,25,de3ea0def845825d
cwwdl2131,25,566273b471d17725
cwwdl215,25,0dd276b70bbae053
cwwdl2156,25,0d9063b62d9913d6
cwwdl2180,25,af0a0a2b1c9501a7
cwwdl232,25,2dafe2948c28a614
cwwdl246,25,7fe2c1100ac53293
cwwdl2501,25,53496e7fd8fe4d0a
cwwdl254,25,250d8c161e3469cb
cwwdl2551,25,a31afdc944822426
cwwdl2573,25,1a1e380f75144245
cwwdl2584,65,191f2f1f5bea61c7
cwwdl2585,51,a03a22970c31f66b
cwwdl2604,25,df42a42e2461c3bc
cwwdl2617,74,845a22cdfe32d20d
cwwdl2618,25,cfbc8e52a00f5d81
cwwdl2619,70,57cc846585249a18
cwwdl2626,25,a795b6b72a7f9564
cwwdl2644,26,1339c2758641e4c8
cwwdl2645,25,d24ff9ff2cf9f8a6
cwwdl2679,25,ba408b41a4ece97d
cwwdl2690,25,7cdc8488a3df6745
cwwdl2693,25,d321724a36501a4e
cwwdl2698,25,31f8da4618cc564a
cwwdl2703,37,14976bb876cae472
cwwdl2705,25,27a1bc1b7a4e8398
cwwdl2706,25,fbd6d8d1b3477b8d
cwwdl272,25,54ac878dc87f0ee6
cwwdl2734,25,bf6d5b13aa7913da
cwwdl2750,25,d2f02df87080c07b
cwwdl278,25,2dcb0b447b54d174
cwwdl2897,25,bde545282325c34a
cwwdl2930,28,ecf04211e140f868
cwwdl295,25,6799a933a19fbdc7
cwwdl2958,25,8c3b02eaab3763e4
cwwdl298,25,2401249e14372e74
cwwdl2993,25,fc2d83edd54767bc
cwwdl2996,25,b3d527b7877cf16c
cwwdl300,25,978632610b7952c5
cwwdl3007,25,9d261d30d28b8549
cwwdl3011,25,d28b8a0f37758fcc
cwwdl3013,25,57b40407e1fd3a65
cwwdl303,40,f8cc188bfb4613c4
cwwdl3093,25,a82c7f7a3807b167
cwwdl3132,25,e0a8bc602c1a763f
cwwdl3193,25,3dd0915f1bbf72ed
cwwdl3194,25,8540acd52fa7529e
cwwdl3219,25,7e69b372e4578e6b
cwwdl3220,25,0cb0332ddd1d7860
cwwdl3247,28,7cbe9e75cecb813d
cwwdl3274,30,177274e46a7ee2b9
cwwdl3301,25,af4987170b35c89d
cwwdl3309,25,d5ff5f90c3cd317a
cwwdl3311,25,7c1b7bdd5d8db304
cwwdl3334,25,3304faf62823fbc2
cwwdl3343,33,2d638c91476667ef
cwwdl3350,25,09ae4d69d785954c
cwwdl3357,25,d598d2b7203f7d4f
cwwdl3380,25,608f5d75fc7c1e04
cwwdl3398,25,cefff18f49f68596
cwwdl3405,25,228fcdcae739ebf7
cwwdl3407,25,3a6bf788531e70df
cwwdl3410,25,57f4a35b9f9fc777
cwwdl3434,25,6f577641d163f098
cwwdl3439,25,0dc11266b5a70008
cwwdl3447,25,5bd1f78ddf899eaa
cwwdl3451,25,8ad24b843c55829e
cwwdl3452,25,829ca1ef9709bd01
cwwdl3456,25,80c5411acc493cef
cwwdl3478,41,fe75b5c0539d3b2f
cwwdl348,25,4ab38d1c3a6f00fb
cwwdl3506,25,fe45d4630b7db3af
cwwdl3508,25,c05c4033d41445ba
cwwdl3511,25,f56dc65255f346ac
cwwdl3513,25,e63cc886af265610
cwwdl3527,25,09659f1c82c8fd5f
cwwdl3541,25,13a80e029eb67c5c
cwwdl3568,25,d9a31862ff085638
cwwdl3595,25,1d24d8421349446c
cwwdl3607,25,5f9f34e6fc782e54
cwwdl3609,25,aa610f27a42837ec
cwwdl3610,32,6a02423a8812cfb6
cwwdl3626,25,b3e26c8246e047c1
cwwdl3628,25,85b255f915188468
cwwdl3630,25,ada0afdc72cfd3c5
cwwdl3635,25,0168ef63a744817a
cwwdl3636,25,b56fef42b9220798
cwwdl3638,25,6ec8185a4fa33750
cwwdl3646,25,e8a92014152d8ecc
cwwdl3651,25,b86c41c833ac6762
cwwdl3652,25,49bea429efd06dd7
cwwdl3655,25,1baa5a6ea128cf03
cwwdl3657,25,fd51977eb555104c
cwwdl3660,25,d799570eaf7b1948
cwwdl3671,25,f0cb4754b8d1eda5
cwwdl370,25,519f02f42bb10103
cwwdl3744,25,753ede2e23de3120
cwwdl3777,25,23c61aa85625afee
cwwdl3813,37,910869caa2cca7de
cwwdl382,25,8795674a2ddda4a6
cwwdl3887,25,cb61c340d4748e38
cwwdl397,25,838686d30e59db08
cwwdl4123,25,21bd8130306ae467
cwwdl4128,25,0184067263616753
cwwdl418,25,80204ef7b6230a48
cwwdl4199,25,39d08ab9e0298897
cwwdl421,25,9cc3552e5695200d
cwwdl4221,25,0f8f8271d85809fc
cwwdl426,25,56a069ac6100f36f
cwwdl435,25,ec27809fd69e1824
cwwdl444,25,da08c3058d9908ee
cwwdl4607,25,dc3f006aa59df119
cwwdl4633,49,1ea2266974b2ad03
cwwdl4637,25,875fb90c9be00b2d
cwwdl4672,25,5eeea55fc892e26c
cwwdl4703,25,64e34ee9c1b4f9dc
cwwdl4726,25,749c1a1fa3b22a29
cwwdl4742,25,9142c532a4eb1b20
cwwdl4776,27,fd09ca08f864e0e6
cwwdl4795,25,fc8409e0666d7597
cwwdl4830,25,75de60c4bf96aca9
cwwdl4841,25,638a64c587919005
cwwdl485,25,43dc501557a73238
cwwdl499,25,1939a150f8f016ff
cwwdl500,25,61c61e5c737e505c
cwwdl5026,25,f71b2135422aa224
cwwdl504,25,12e040026526ebe1
cwwdl506,25,67966335fc23d459
cwwdl508,25,afd1ee5438539693
cwwdl5121,25,a5afb01158daae83
cwwdl5172,25,75eb3c2f038739c0
cwwdl5186,25,5a705b0736799309
cwwdl5534,25,b28432f38b924899
cwwdl5664,26,1feaa7dfa67a1d7e
cwwdl5708,25,f727590f4ce2ac3b
cwwdl589,25,ecb601b855b2da5e
cwwdl599,25,3ce0b423003b6d38
cwwdl6027,25,5e135eb1e4c5527c
cwwdl6029,25,d166769bd0c720a2
cwwdl603,25,85302b06889cfde7
cwwdl6133,25,30c9e17cac80af19
cwwdl6145,25,ead1f8797c9bc974
cwwdl615,25,760e5120cb9b8142
cwwdl6155,25,b0341658fe9af0ec
cwwdl6156,25,c497216be89af830
cwwdl6159,35,c80460989a378a4e
cwwdl6160,31,fadc514bf2066451
cwwdl617,25,411f402a2ae66c97
cwwdl6172,25,0b648380732d52fb
cwwdl6257,25,270015277aa3881f
cwwdl626,25,bc6d95522770166a
cwwdl635,25,e6817f6cd0b4a77b
cwwdl6375,25,e1b5d9f2edbb895b
cwwdl6388,25,a4f7c3e0989712c8
cwwdl642,25,d4d22f69f032dedd
cwwdl6439,25,b41b429c2c4f95fb
cwwdl6451,25,a4d2a0c7aaafbe6e
cwwdl6464,25,c052baf4cc676c59
cwwdl6469,25,f43427670c9340db
cwwdl652,29,c5e80f2d8c85c9e1
cwwdl660,25,e6b0ee4363f9a32d
cwwdl6645,25,6daa85b34b490a6a
cwwdl671,25,0ad1ee9a372843ca
cwwdl68,25,ea8d34c5362f2f81
cwwdl681,25,9fbdf6c9516f5310
cwwdl700,31,9e9e244f2f1b05e3
cwwdl706,25,378f3f41d67b1108
cwwdl729,25,48b840c4b72e2901
cwwdl749,25,02cf68672b09f949
cwwdl772,67,cc5865f6e0bf28ce
cwwdl794,25,28961d7f6e05b17e
cwwdl805,25,a1bbe97c5a56231e
cwwdl807,25,8baf4b6a5dd69e5b
cwwdl8132,25,fb883f50c1858366
cwwdl826,25,a0117a26e4da16a2
cwwdl831,25,40a9664c92e991fa
cwwdl8311,27,bf2f07d99bc13e98
cwwdl8387,25,6f65a9eb9af52941
cwwdl839,25,c24d913ac2008508
cwwdl8403,25,591583985afc3cb2
cwwdl8405,25,0dd66e9272b1a837
cwwdl8417,25,5d9b8c663be010bd
cwwdl8420,35,daccd9aad5af51c3
cwwdl8449,25,1196f31b788043ee
cwwdl8467,25,7b66651ccbb89b0d
cwwdl848,25,a07e6c4798b3ec8d
cwwdl849,25,f9f2bbf15f996494
cwwdl8493,25,fc0e3051e1f53b42
cwwdl8509,25,5c3fd6822b7074bc
cwwdl851,25,a6c8dae65987e0c5
cwwdl8537,49,8ad13b1dde815139
cwwdl8547,25,7ef05221089d0bd6
cwwdl8551,25,1ccd617353a78a6f
cwwdl8586,25,b0f11e00ccf1b979
cwwdl8594,25,49c5e2901ed95e1d
cwwdl864,51,da7a46e496765617
cwwdl8688,25,215d5e5fa701442c
cwwdl8713,25,3a7faa6e6f29b554
cwwdl873,25,6326f932d3418dc0
cwwdl8731,25,941e8fb694939184
cwwdl8747,25,d7eddb0a41097665
cwwdl8761,25,cb2d16d31ab6c942
cwwdl8762,25,5959d39c5c3456ed
cwwdl8764,25,3b6736631e40c6aa
cwwdl8822,25,c9647db07f0031e6
cwwdl8825,25,ec0a054fe5aa1c14
cwwdl8831,25,8faf822cb1c95bc6
cwwdl8911,25,8861a3ae21eac976
cwwdl8989,45,8b596189740c4d6a
cwwdl9028,25,365ad85b0198eea8
cwwdl9197,25,aed5bed7165ac636
cwwdl92,25,a828657f1bcc77ad
cwwdl9203,25,bc082dce2cde7ec8
cwwdl9305,25,a0d46c3656d724ef
cwwdl933,25,40c45c5f6a77b8b0
cwwdl9421,25,1bf2285c4e3119cd
cwwdl9456,25,849834403c6aa0d7
cwwdl9603,25,f3acc158fcf4ec65
cwwl1144,25,d8115240fed39485
cwwl1161,25,0875351af6fe9570
cwwl1275,25,e4c54dcf145111a3
cwwl1382,25,a4b70f8fc84a233c
cwwl1384,25,3548c24501db2598
cwwl1428,25,70803f10f5289c45
cwwl1438,25,5b4a53d19b4d35b2
cwwl1460,25,173790056cc65b82
cwwl1481,25,a40f20414b323c2d
cwwl1500,25,273c74b5c1fd9d40
cwwl1746,37,40ad4487468195df
cwwl1991,25,a3942eb06bd8c3e0
cwwl2009,25,d1a156a7bdd94bd7
cwwl2060,25,a01392697d6946cb
cwwl2073,25,5e6735517c33e5ed
cwwl2075,25,fb315267a2670921
cwwl2083,40,b0eb01be998912b7
cwwl2091,48,63eb346987a75ce6
cwwl2100,25,08d8c7a034f03e95
cwwl2110,25,443cafa17472220b
cwwl2130,25,69186470a58b2ed6
cwwl2239,25,2273b5a6f6a5de30
cwwl2324,25,350f7ccc3a0cea25
cwwl2761,25,c3ad65a30a7ebaf7
cwwl2942,25,5f8f07ec2d0fa2e4
cwwl2944,25,640509e0ec5d844d
cwwl2971,29,a97685cc802c458b
cwwl2972,33,dd1496c882216584
cwwl2986,25,f67006005b250230
cwwl2987,25,daf09e3c6837462c
cwwl2999,25,00f59e7cbac2db8f
cwwl3012,25,54e8e530ec813575
cwwl3019,25,1b32e24d64863baa
cwwl3078,95,ecc99a191a901ebb
cwwl3079,25,ba4dfcb69ee45edb
cwwl3082,25,9ec5ef4c34bafc7b
cwwl3086,25,7e211d1e2860885a
cwwl3093,25,3368218eb88f2a69
cwwl3095,25,49e1705ab6ac1334
cwwl3512,128,03884f53ed32dee5
cwwl976,25,bc51b651b0c3ab04
cygob2,118,e291cea74dfe8a06
czernik1,45,3c61ddcbdbc689fb
czernik10,46,e4a609b9662fd3ce
czernik11,25,98712488c55dec55
czernik12,53,743e2e11f8bfdfbe
czernik13,217,c29ef071e1a51440
czernik14,143,bc1f691bf45b0324
czernik15,135,b9269163ddbdf93b
czernik16,136,bf04c4dbb176b999
czernik17,40,a6a119b4cd0e0738
czernik18,81,0a17c156d684c5e2
czernik19,186,00f98dbc5e85b279
czernik2,227,69e92d7cd1d64119
czernik20,102,f42768018457f8a0
czernik21,470,e4f63df2dd69132b
czernik23,143,60ef94d5c45a4d7d
czernik24,197,6727afb5ebd535c6
czernik25,275,437d2bc9b0e54a28
czernik26,69,6234383945ebac62
czernik27,93,43746d602d50a8a4
czernik29,47,463846fdf9705479
czernik3,155,49c6e89aa1942b9c
czernik30,162,e97e67ba67f44fa6
czernik31,122,f13e0a04a3cfd12f
czernik38,368,925d8a72f0d33244
czernik39,134,9b99d2f0a31b22fc
czernik4,25,204449db520521a8
czernik40,105,a0c33995ceacdfe7
czernik41,504,05198438696ad682
czernik42,134,9ac456c22b5238b5
czernik43,319,91719e9cecbdb1ca
czernik44,45,b03f29978ab62eca
czernik45,81,09aa7b5215a16e23
czernik5,192,99d09a1be1a0aab1
czernik6,55,6c65caef6ce48e38
czernik7,25,518f8acc5c31eb76
czernik8,159,e44562fcae8075dc
czernik9,112,4138210844529452
danks1,110,b492146ad0e94b0e
danks2,127,63c1fbb75fd332ca
db200110,99,9507fc6230d0d732
db200111,25,d460000c75c4836d
db200115,37,63963c534735c3a7
db200116,189,9eef3e63d66c3f78
db200117,25,31028b850d6812c0
db200118,27,4a8e90b15f92f35c
db200120,25,28d0f6f9461ab224
db200121,50,71bdb79b17d13ec4
db200122,35,ce9990b6ed123f2f
db200124,44,1c3df78e8c16734b
db200125,25,4374231cad3f2bf7
db200126,25,4781fcd9c6857486
db200127,90,b7f136788450523a
db200129,133,6e29dca20e11d044
db200132,25,dc33fb2c6e0e1c5b
db200133,25,ebec19563446378b
db200138,25,1a61d0c25595f2ac
db200139,25,816c185ac1b07b5f
db200140,27,d1008824bd354132
db200141,25,b23fc899d7f5c659
db200142,25,1b2932a30124093b
db20016,25,87ff8caafe9add2f
db20017,50,fdc8fbaa5b5da98c
db20018,25,b3d828778b277e94
db20019,29,a2dda33110d72726
dbsb10,28,5fd1225cdf8c03f9
dbsb100,164,d82dbe187b4897b3
dbsb101,178,a5cc6c7c3d17a9e4
dbsb102,25,1e5778c7aba32011
dbsb103,25,bac755bb77f8f160
dbsb104,25,074e44a7b22738bf
dbsb105,25,844c5a26687fe506
dbsb106,25,68b2f43d46db3598
dbsb108,66,78f98deeff953379
dbsb11,104,21910f8aaae26ff0
dbsb113,25,a43d9de0d10f0c10
dbsb114,40,7e993ec87987dd2b
dbsb115,25,3007324e814b4eef
dbsb116,33,fd20d2c07e47904e
dbsb117,25,5f06802bb51e61cb
dbsb118,25,8b517a52b508e8b4
dbsb119,25,fcde872fb65ba60b
dbsb12,25,d60f389836eeea62
dbsb120,43,e23055bcb5afb31b
dbsb121,25,ec665ee1ce37046c
dbsb122,56,e9ebe3ed04b1fdd7
dbsb125,25,06be6f3009429331
dbsb126,25,1bcebf0a79778134
dbsb129,25,231abfd0f5ca53ae
dbsb130,25,e8abbb2ac4f6feb8
dbsb131,25,ec797d279d0deecd
dbsb132,25,d43afa485926ae41
dbsb133,25,186f3a77a30478e1
dbsb134,25,9e19c5ae942c782a
dbsb135,25,a3d7c17178de23bd
dbsb136,25,9369d9f8cce6a710
dbsb137,25,6b9ed0b066d55b2c
dbsb138,25,f19ac2705aa7d8c3
dbsb139,44,43722ff0d7fb64cb
dbsb140,25,71c3e20308d7fb67
dbsb141,25,f2da467de2ca9e9d
dbsb142,25,4446004cf5cefd67
dbsb143,25,dd3f26a9bb35b22a
dbsb144,30,61df23669ebd0669
dbsb145,25,9be85a5bbd0356a6
dbsb146,39,951daa98ef086779
dbsb147,25,93b6bc0d21a3ba4f
dbsb148,25,4af881b47077283e
dbsb149,25,a4b0013a85232939
dbsb150,25,623472ff83840c1c
dbsb151,25,fa3002049d3ed247
dbsb152,66,f77a622da21b7703
dbsb153,25,56f660f86ebc4558
dbsb154,25,03176213069c7cb9
dbsb155,25,89fd421d5fa9f9ca
dbsb156,25,563cea856777e284
dbsb157,72,10679690b514eb29
dbsb158,25,7a53760df24fc39e
dbsb159,25,6c295d43ff28a5da
dbsb161,25,84ebb45809a32e2b
dbsb162,25,8abe55a01fb256ef
dbsb163,25,1b01adeb50d74096
dbsb164,25,b28baf61b8b7946b
dbsb165,25,fd23c67e939537c6
dbsb166,25,050c4180fdaf57ee
dbsb167,25,4c3573751eb2bffe
dbsb168,25,2ebe0a3fa6621c7d
dbsb169,25,92c9676b0cdf03c2
dbsb170,25,d7be036ab62da18b
dbsb171,25,5a38ab21f91d93ce
dbsb172,25,6da68021149ad92b
dbsb173,25,ab5485084d7855da
dbsb174,25,51854f5ccbd7c1ee
dbsb175,25,e067a279e46e885f
dbsb176,25,0afe4d865eaff337
dbsb177,25,1408f398b7fbdd88
dbsb178,25,fdb8169d5cbc0709
dbsb179,25,67491928c5c0307b
dbsb18,98,e2f96af45ec28dc8
dbsb19,205,89a3ab0d76cebf89
dbsb21,33,733cf6bd1581d712
dbsb23,26,71bc73db95160bbb
dbsb27,62,73120b7710e67a04
dbsb28,30,01688485e4eabb3f
dbsb3,46,d4cff47ccb6ce0a3
dbsb33,25,1bca7ddc196af501
dbsb34,25,132fa1435688289f
dbsb35,64,2399e1f97e050916
dbsb36,36,d91917d162f6af32
dbsb38,25,f3e74dc63bdafab7
dbsb39,85,bcfc4318f6aa9074
dbsb4,86,2a1f383cea361510
dbsb40,25,878e8ab45cf40f97
dbsb41,25,b24232af14fae092
dbsb43,70,fb64c04c112de651
dbsb44,25,744472700973a78c
dbsb45,67,a2f2b9bff1db3cb0
dbsb47,25,f41bc5dd9d8bc906
dbsb48,25,66ba4bcd9622416d
dbsb50,25,2ad0171040ea5ed2
dbsb51,25,4ca74254b76d0dbf
dbsb53,25,0a64d5ab7721a4f2
dbsb56,25,b87ecb639f242020
dbsb57,176,d85f634b50639290
dbsb58,25,4edcde6182a1a618
dbsb59,25,51cd0656bfe82d23
dbsb6,50,cceb3b3660564999
dbsb60,25,5d50b01659e7c218
dbsb62,103,16a2a68f391120e9
dbsb64,25,f1c956ef83d0c5e3
dbsb65,25,5b06a9e6014fc237
dbsb66,40,c6aaab711ecd5798
dbsb67,25,022492d211515342
dbsb68,25,f428b2462473f83d
dbsb69,25,e8d9e6dcc792bff5
dbsb7,78,ee99f2aa19913054
dbsb70,25,915106491c28ccb0
dbsb71,25,32fc3fff454e397c
dbsb72,25,9a792a13e0a55fc1
dbsb73,25,053f2400ada91acc
dbsb74,25,89b8d29ff6fc6ecf
dbsb75,25,1f17f2b1892d3bf6
dbsb77,25,7504f393edc0465e
dbsb78,25,12e929f1ba947fba
dbsb79,25,9fe8815981e8da37
dbsb8,50,c9e359157b76a826
dbsb80,34,865c9e175285feaa
dbsb82,25,2c4aef04baffb8b9
dbsb83,25,8e0ea219bf3a2ddf
dbsb84,25,96b32249c48b81b9
dbsb85,35,da48ff9940903b6a
dbsb86,25,b6b3cb1b9840bb81
dbsb87,25,663b0236e918a0fa
dbsb88,25,8c9a9037e4d086db
dbsb89,25,091a4629eec47c49
dbsb90,35,fe6fef41516161d0
dbsb91,25,e372020079c69b5e
dbsb92,25,c439fecbcb40e35f
dbsb93,25,1d38292ae3265a70
dbsb94,25,6cc5285844f6ccc8
dbsb95,39,36b49b84c3407706
dbsb97,153,1f79d3199ef7de9a
dbsb98,25,c9435ef363a99777
dbsb99,45,440c3968a21b924c
dc1,71,6ab4b55a59403302
dc3,92,30968ace3c8125f5
dc4,25,536e6fb396b9a91c
dc5,189,6273bf14d7cb86c4
dc8,53,5782c93ab5f095c9
deltacepheicluster,104,a6371323ca039afa
desvoivres2,25,8c34a0981086393e
dias1,124,dfd621f6c477665c
dias100,25,3746e534a0cd1c6a
dias101,35,5bd4582c69780758
dias102,25,6aa31e15dd9e13ae
dias103,34,09d967a7d0722d01
dias104,25,04d6d5c6b5ee90b9
dias105,25,f6e37b14319faa87
dias106,25,406c97ac02bebcaa
dias107,25,9e394f183b04af24
dias108,25,3af19719e5350a55
dias109,25,5744bd6700bc4aef
dias110,25,2c3123c5f07fb152
dias111,25,f0fc5d9eedfbfe4b
dias112,25,3f04099ac8e452e4
dias113,25,185667bc8f185d71
dias114,25,6f7024b3d1e7f5c7
dias115,25,14266979ed267dc0
dias116,25,e3dac4b1b5443397
dias117,25,b522af3800fa3452
dias118,25,6fdacf3b95beaff6
dias119,36,6933622e8645510c
dias12,33,ef269e83ee77d5a0
dias120,25,89a683ec6454007f
dias121,25,9f0f90983046f8f9
dias122,25,a23cc5cf1fbc87be
dias123,30,000b759755e77249
dias124,25,0cf845da6302075a
dias125,25,edfa9a77a837e71e
dias126,25,58635d2c101a54a2
dias127,25,0d2dfe8ef6f1f2f4
dias128,25,51ecbfde439ddc5b
dias129,35,a855b2d035c9615a
dias130,25,d962ea06a2e65398
dias131,25,1664e5eded498fc2
dias132,25,ad19cb429338fd18
dias133,25,a4bd87e5f4729d90
dias134,25,1691c59805112ecc
dias135,41,542f150623d012c3
dias136,25,4719720dd7972fac
dias137,25,0003f119e732a72d
dias138,25,27a677740f909e51
dias139,25,425de7be1b0b4aba
dias14,25,8a100b17a6fea4a8
dias140,25,8969558e875f75ca
dias141,29,22ab0a624ce063fd
dias142,25,ac8faced322df57a
dias143,25,e4cd6eaeb080dcbc
dias145,25,de7a717b1a77a3f3
dias146,25,24b21072f7f0b656
dias147,25,6d9ff94670990941
dias148,25,4444d3ab45b52557
dias149,25,bdc3f676ad60f2f2
dias15,25,17c30e3d03e60693
dias150,25,74c1a22356e154c4
dias151,25,0c4492b13e4cead2
dias152,25,9ccb103e7614fb50
dias153,65,e417338a83616d10
dias154,25,2b400a7d7b96a99b
dias155,25,bcaf7639cfc082f0
dias156,38,05ea95440cd0b80b
dias157,25,608a50683f4827e2
dias158,25,ac74786454def164
dias159,25,6eaeec6e3131d487
dias16,25,79c5c89755b38efa
dias160,25,e4c45bb3245c1d46
dias161,28,48aa6e20d944dba2
dias162,52,c045ea384d752874
dias163,25,4a287ac2eb01c0e8
dias164,25,779dad3a7662c98b
dias165,25,2c95917f08af7111
dias166,36,7363f9422e1978d6
dias167,29,1506d7b0f3e6ffa3
dias168,25,64b78d6e9a182846
dias17,25,38a44c0d437a9391
dias18,41,193019bcd2472a5a
dias19,35,6aa5d54979c41941
dias2,92,bf0d5eba0d201257
dias20,25,30df1fda5f9a50f2
dias23,25,05c579700e667f66
dias25,25,37e1ece9a5216fd6
dias27,25,e3f337a955c9ecb2
dias28,25,c64608cd9974b64c
dias29,25,97cef40ab3ed9e23
dias3,25,87aa9ed9eaef2d20
dias30,25,1bb8ee461e58e55b
dias31,25,8e351ecdea5b8e80
dias32,42,aac1b49ef7eaaf54
dias33,25,8276777add32b770
dias34,32,8b9c092bca5061cc
dias35,25,6a947a09376dbde4
dias36,25,8400921c7bd13b88
dias38,25,95806bc1909c2460
dias4,25,c19d4c1fe1b65698
dias40,25,c726b09cbd75ad32
dias41,25,f54c401e8042db3f
dias42,25,70c032c5cfc88db1
dias43,25,d3927b181ce97ac6
dias44,25,92d01c2af192aa41
dias45,25,6f8b0e2546926bb4
dias46,25,8a72398c1ae7f884
dias47,25,8d32e90661df28ee
dias48,25,081ef986df5e1b1e
dias49,25,504fef313d28e09d
dias5,234,16a8e5ebf3a631c8
dias50,25,13eee5f610dde0df
dias51,25,fd5997aa4c4fc1dd
dias52,25,f411fa7d6d6916dc
dias53,25,b5e0aa0133d1c403
dias54,25,7d4da0a3ac85a83b
dias55,25,96627b5c57dce965
dias56,25,6de0f7c457e20a25
dias57,25,61efe9f1ad98c8bf
dias58,25,6f2e9b00923e1502
dias59,25,93b76331be035288
dias6,425,28a367cb403b48ba
dias60,25,c519729de1cbfa3f
dias61,25,f4427caccbb16232
dias62,25,e2dd3ed16370a735
dias63,25,d9b9c70369346972
dias64,25,841b48b9f3ce9be2
dias65,25,b55632f69d9a6b00
dias66,25,54500b0c0c025489
dias67,25,1c34311c5b1177ca
dias68,25,4377587e1c97e129
dias69,25,dafe4b2e72c71272
dias7,25,61e02ac27ece28c7
dias70,25,cac27ce23950e3aa
dias71,25,edb351eb04dc4df1
dias72,25,f980e18941c91736
dias73,25,f1528172dc41811e
dias74,25,74798da10ea6f6ac
dias75,25,e9ae1caee6dbcd55
dias76,25,d4248d9474cdc677
dias77,25,03598a7420893672
dias78,25,3d4d5ef54778f740
dias79,26,10cf06c61a09d832
dias8,25,627ad2d9fc591a52
dias80,32,12b570ec2e277b2e
dias81,49,2ab8077c568bb821
dias82,25,a922b767843531a8
dias83,31,81e63970ca1dc3b0
dias84,25,b7f1a17625627aeb
dias85,25,386bd71f0636b8ef
dias86,25,cbda409f1cbd0503
dias87,25,48a8012a84fcc3e7
dias88,25,7ce248e8f21142b8
dias89,25,525d5ee92cc0f3ae
dias90,25,5fb0107ac134c779
dias91,25,3ad017205f3efc4b
dias92,25,6bc1513e40e66b36
dias93,25,32ec9ef044708dc0
dias94,25,154be38633f0bbd9
dias95,27,87fece714a138b77
dias96,25,7dd4ce5ca4ba4f0d
dias97,25,0be6140ee4e9a572
dias98,31,95f74e8362b38e5d
dias99,25,ca517ce50642c671
dmh1,25,fb9526d611a37921
doldzim1,25,6545a262ebbcd4f9
doldzim10,25,b665ed5891c86e9e
doldzim11,25,561f33d194a79252
doldzim2,25,d60732abd90d25a9
doldzim3,25,c4541e2588d2c245
doldzim4,25,5f0a87d1308539fd
doldzim5,25,b932b818a333132f
doldzim6,25,b77a3429b37f8a00
doldzim7,25,d8be2847d0c6496a
doldzim8,25,169b6902fa76573d
doldzim9,25,3920fed3bdd342f6
dolidze1,35,7f65b91e1c3e8ce1
dolidze10,25,e7b0538a3f9289ba
dolidze11,176,0080e45a3a0e45eb
dolidze12,25,b1a75f73a0bf8e46
dolidze13,43,67583483a2b914c3
dolidze14,27,a6db034555cdb40e
dolidze15,25,e1da503a6200200b
dolidze16,58,b95bf070d5b64625
dolidze17,25,90d01e269ae0c6d6
dolidze18,25,3b6cdbcf9985d557
dolidze19,25,47cc875c308743d7
dolidze20,25,2bce017bdbb15059
dolidze21,25,1dcf008739e6b924
dolidze22,25,b2212fb4478b65a6
dolidze23,25,d1bd1e9637f0843f
dolidze24,25,e6d87bd353549349
dolidze25,92,68ee74aa67ab4e61
dolidze26,25,35447c4c1ae90359
dolidze27,25,8a6a43d3bea8c9d5
dolidze28,25,adf56ee22e8f4a35
dolidze29,25,93d356859c86b394
dolidze3,76,e29100a650f8655f
dolidze30,25,da944aeb8f94f91b
dolidze31,25,8c4740072c0e2708
dolidze32,221,808a020f5ca2d402
dolidze33,37,36bd990c227e9687
dolidze34,25,b68eeed14cf9e7a4
dolidze35,41,24a4eebd53c1aa99
dolidze36,25,dcb523c876312b6f
dolidze37,25,2963b51b690a4908
dolidze38,39,cc7a514b3bd4aff4
dolidze39,60,b0caa2af4b8f4d54
dolidze4,25,736a74f5b11bf715
dolidze40,25,0c7361923059f18c
dolidze42,25,8dacd46f13b8be97
dolidze43,25,4979afd2865695b4
dolidze44,25,9d96d85c8f8f0631
dolidze45,25,c969b31755c4ed96
dolidze46,25,79e26f0400faca1f
dolidze47,25,0f6ee776b3dc2543
dolidze49,25,6910f0f24c12c32f
dolidze5,247,b98d8dedb66cb338
dolidze50,25,5c9f4bb7463dcf87
dolidze51,41,52462cb93dd7abe2
dolidze52,25,0083fa12a0134707
dolidze55,25,72acc3cfbf973fdd
dolidze56,25,491933d9cee8fa91
dolidze6,25,1d2923000ac5f1a1
dolidze8,81,22e6cecb09d9d616
dolidze9,26,4bf2a0d2c92404d1
dr22,25,46c4e2f85befc3fb
dutrabica1,34,7912fb9ccd8bcae6
dutrabica10,25,71cedf62b315568a
dutrabica11,25,87550d83427b6087
dutrabica12,25,8d1ea63515c5cb10
dutrabica13,25,32afe6d4a143bff4
dutrabica14,39,376d9edc47fd11b1
dutrabica15,25,18be21794530b591
dutrabica16,25,3bcb3942945a990e
dutrabica17,25,204b41c23a652080
dutrabica18,25,9a73402f0579a498
dutrabica19,25,7e2e6c61bab8da03
dutrabica2,25,dee30b210e6ad806
dutrabica20,25,8b2ee62d1c8e18e1
dutrabica21,25,23af295810f1405a
dutrabica22,25,cc7a0c1b87f52e6c
dutrabica23,25,5623b3843b503ebf
dutrabica24,25,7ad9eb7feab92a9c
dutrabica25,25,f34e4aab0a830107
dutrabica26,25,25947bb216d85bd6
dutrabica27,25,c2e0098ab93ee790
dutrabica28,25,9920e86049b56211
dutrabica29,25,da13121ceaae3cff
dutrabica3,25,ac7c8cb40360aeb2
dutrabica30,25,02f4261b9f214174
dutrabica31,25,8b9a9970a327e9ae
dutrabica32,25,f6dd9f0966a77c15
dutrabica33,25,47060d118c840623
dutrabica34,25,d82f880381eca32a
dutrabica35,25,13578034ddd7f9cf
dutrabica36,25,3b00e09ca02f1ed0
dutrabica37,25,988a0f6686753505
dutrabica38,25,4561a97299b51404
dutrabica39,25,dd309bdd16f8ce4c
dutrabica4,25,cfe66a44d7661f39
dutrabica40,25,c2f7ca0190426026
dutrabica41,25,35ba15a93ad71b14
dutrabica42,25,ffa51178f878ae8e
dutrabica43,66,df9b18be6120e98c
dutrabica44,25,acaed87511acae41
dutrabica45,25,7ad3290de6501c04
dutrabica46,25,5197b8d9d99b0db7
dutrabica47,25,be621828aae1fac0
dutrabica48,25,be57023ec7e76080
dutrabica49,25,e6dca67aaee6450c
dutrabica50,25,59c5046945f213a7
dutrabica51,88,74b832366c04bc21
dutrabica52,25,ed1d4631fda3bab4
dutrabica53,25,7866786d4ce9de59
dutrabica54,25,d08770515d56b980
dutrabica55,25,90ff86e717aa454a
dutrabica57,25,f300233acd725bc7
dutrabica58,25,e494dfec1ecb843b
dutrabica59,25,953ed4ee99cfad69
dutrabica60,25,347f2593fb29e781
dutrabica7,25,ba064b03a6690ecc
dutrabica8,40,17f7f50f26d53b12
dutrabica83,25,a70afd8ec2cc9f26
dutrabica84,25,295fd3f0f739699a
dutrabica9,35,74dc28aa47b2c159
elosser2,25,8047c99de3ade209
esfera1,32,b9c8aa357ed64364
esfera2,25,06e333f3eca6266d
esfera3,32,a1992a7339ae94d3
esfera4,25,d9dd3717aedcf14a
esfera5,25,bd936ede12d076b0
eso00806,61,32eb4c0f0b794cfd
eso02106,25,e89e626c8714d8ad
eso02602,26,aa0837b61401b187
eso04313,25,4e7e12eba3a08e32
eso06208,25,5cff68cefba13151
eso06211,25,2e11b563ecd0231c
eso06405,36,f797182030c20e99
eso06503,25,40727332e6124d47
eso06507,25,0ada9258ca4d94ea
eso09205,300,fff0f8b874808f20
eso09218,310,9f4df021f6b0d419
eso09715,25,1fd75c975b45c940
eso09906,25,f59b6b184aacafbc
eso12326,66,d18c197cf638f8df
eso12816,25,d6ce37342f93a196
eso12919,25,63d6400da56b469a
eso12932,25,fe90c8a5230ac605
eso13006,203,917a56d6ea28eddb
eso13013,157,83074339b9911217
eso13109,25,212fbb23b3efa5bf
eso13214,25,ac7cafa645b4fa18
eso13412,153,355190f8819a230d
eso13723,25,7a2fdac7a26222c8
eso13743,25,af0666cf70ca6c4f
eso13913,25,7eb499f56655fdc2
eso13954,25,cbcc4c92e36907d4
eso14147,25,741a2a37703d753f
eso16509,25,73ec2fed33fe1b58
eso16604,79,cc52d5a5aecb8a56
eso16804,25,d4883b569bbfd0d0
eso17506,25,79dec5a1cb116c41
eso21101,25,29fc7bcfe65a8251
eso21103,362,2e9256a07dd54f1f
eso21109,59,66676ea24c6a1d6b
eso22606,44,8473e59bb1245c54
eso22902,25,23fe895a8e6c8491
eso23130,25,da27a2af2628c6ce
eso23607,27,370a1fc6aab07e92
eso24509,25,bd027799118bd045
eso25214,26,99786fa06606873b
eso25801,25,40a98776306a5ee7
eso26006,25,9fc5b81e0b5a324d
eso26017,28,7218c7acf49f55ac
eso26103,48,004254162ad14518
eso26107,25,a805cc8650cd42ef
eso26501,25,84c444bf848a53e2
eso27501,236,9e154777d47a2d83
eso27704,25,7f3152dff24ffa96
eso27802,25,daf57efa7c5e7e13
eso28124,25,cb0e6dd488b8e278
eso28226,44,8a3971f4771a0068
eso30903,25,2b01ace3f0bb5673
eso31114,25,765884f9b6c78b71
eso31121,291,39ac5cb90be9db7e
eso31203,91,a3328d5b9133a218
eso31204,67,f1f2178cf957804f
eso31303,25,1bc09dfcf19e5430
eso31311,25,dca32b59eb22fdc4
eso31312,25,5b3f001e74da9f07
eso31414,25,e87601242a136f66
eso31514,78,4e597c75958f1e56
eso32415,26,317041ed678c3ea6
eso32902,25,06f47139f63803af
eso33211,179,29201ae8b79c858f
eso33213,93,836ebd51c3fffea4
eso33220,35,a9b4f19548a8b48b
eso33222,40,ab82778b1bc67447
eso33402,25,3cb1a1d73cf069f0
eso33505,25,3a6c11d24e0a4c33
eso33723,34,2fa8f10ea24fb208
eso36710,25,10b6e849120be291
eso36811,127,5aaf9afbe34879ed
eso36814,65,0797c077077960c8
eso37013,28,791d1074c413da15
eso37017,156,bed01851429a572c
eso37125,199,4efe2ec3529c5340
eso38310,25,1c9f9dd9d9ffd9c3
eso38905,25,e41f2d02d9762630
eso39213,40,ef24824660206c48
eso39312,25,178c4196029aa8df
eso39315,218,224114f7e578e27a
eso39701,68,53e2622eb97d587a
eso42425,25,86e26f2960e43cc2
eso42506,25,3d85d6a6ddbd1958
eso42515,25,78a9c73d47a3b0d4
eso42626,25,f4b45951ba66700f
eso42732,25,e4c863d2bed54571
eso42902,82,82077585a7d37278
eso42905,129,91556443ac78afef
eso42913,25,45f391c68896c803
eso43009,78,f03454be1a5cca8d
eso43014,25,4e7d8e83e8a1a1a9
eso43018,45,7f3b549d64ae4c0d
eso43203,25,492243f694314f62
eso43509,25,a61de71dfd3bc61f
eso43517,27,3e99097f24dab3d5
eso43533,25,4354b472aad3cc7e
eso43548,25,b1820803476f699e
eso43602,25,36ff03d5e8915a3a
eso43761,27,0f6f98e6a58099eb
eso44204,28,a723bb33dec819c7
eso44574,25,f3ea76e06f7571a8
eso44729,25,f99e8d38ef993efd
eso45544,25,6c8b9a1e2cd37e4c
eso45605,25,4bc3f76d813002a2
eso45609,25,79bd4e9872cb3b89
eso45660,51,545aa434575787e6
eso45672,25,629114f1e5fda45a
eso46138,25,2ab86210995f32a7
eso46409,28,3c8fd1f1a9a543ae
eso48520,25,d2f0b3e9ea9e5d02
eso48645,26,dc11ea1b1c7f1975
eso48654,37,53ad230c2486ad8b
eso48901,100,efc7d0750f5b6426
eso49303,25,15a6157386f46efb
eso49409,66,8cc863fdfb2121ff
eso50219,97,48d8eba9630add83
eso51803,141,3a05e4976002e5dd
eso52020,25,c155bd87f7b0f4f3
eso52138,55,cf468012093a2d2a
eso52205,28,9898dc37f99895f6
eso52216,25,c02038fbc29d78f7
eso52401,25,98db455455b17e9d
eso52508,25,e08e0cdc7691ca29
eso55902,25,4c853ace454417c6
eso55913,29,72f93ce523e61ab3
eso56105,25,91ec5de4a859f271
eso57012,25,6e6323ee7159d081
eso58704,25,a7e18c07ebf6bc9c
eso58926,187,d0690ac3518543fb
eso59013,25,c8ea055b6c87036b
fbd2005g333104,45,80920388cb5f4211
feibelman1,70,45e462fceddfe56f
feigelson1,100,951690130046ec32
feinstein1,163,961874aecdf1e230
ferrero1,109,bff13109849e0a75
ferrero10,41,fb6a83445d0ddf14
ferrero11,127,16ecba287139e666
ferrero17,25,2daa60f9e2e99996
ferrero24a,25,a2a27e7b1a7b94f9
ferrero29,25,4c3732cd72c79ee9
ferrero33,25,8022917f19a8b69a
ferrero38,79,c8665966fd4843a1
ferrero4,25,1c19066fb798bd96
ferrero44,25,9ff1d378a40c7efe
ferrero6,25,7b4e53579d2da2bd
ferrero8,25,714099d32a5f0a0a
ferrero9,25,a773d6e9fdb2f304
fny2,25,4631a258ce57321f
fof1036,25,0c2275a8809192b0
fof1049,25,8eb7d5306ec07541
fof1086,25,7781d68f302b3163
fof1103,25,0a90a7bf765a970b
fof1115,25,da6654a73cfb5abc
fof1120,25,ca1a131d7d099be8
fof1142,110,bad71069ac28b645
fof1160,25,526766e931a9a9e9
fof1174,25,d8b6564e4188e0b5
fof1175,83,e5ad1f168eebbf04
fof1199,153,40e33a88894aeae9
fof1200,89,816b3b0132c70b92
fof1209,82,f5c087200a1c119d
fof1211,25,eb1869a06e02a586
fof1218,164,89bc3d263f528b8f
fof1221,25,733a4b5743bd0373
fof1235,219,d89510bceb5338a3
fof1241,25,83471edbfb0d3263
fof1281,25,8b5a01b7fc4cf758
fof1306,49,96c00749d7ce9c8b
fof1328,25,ecc1df3f1ea5900a
fof1329,25,a6af6bdb493b83cf
fof1332,25,c9aa7eb94bb204e6
fof1334,25,6e3a035dd7957cb5
fof1342,25,90cf3cf4267d8aa4
fof1352,25,35e0937202bfa839
fof1355,25,544c9e87a8593b99
fof1367,25,a8130d55c45e595a
fof1370,45,4baee3639fe27a9b
fof1372,25,1b06120a42e7648d
fof1374,25,7bf73886a31cd6a7
fof1375,43,d5227e05d3e4a257
fof1377,25,12337d456e44affe
fof1381,25,1a35307b88ab0959
fof1388,25,0b95fa5861f8b309
fof1390,85,75d9c5c037e86a67
fof1392,25,14a5d80851f2217d
fof1393,25,5c7b60f7f7a0afe5
fof1394,25,33f8a85bb0ad8856
fof1398,75,914e0f1c3630e971
fof1399,25,0bdb35cd910f2bd0
fof140,25,247c9688c479cf44
fof1401,25,08f115559dd65b86
fof1402,25,c6c1c7c19f05f6cc
fof1406,89,9f0a3a39159887bf
fof1407,25,03b702b332f95227
fof1408,37,290d36eccff93c8b
fof1414,25,da9c109f7bba20d0
fof1420,25,5f02ceb0cec9b772
fof1422,25,603c4e5cb5a640aa
fof1428,50,5c314993560406ab
fof1429,272,d5f1801888ab352f
fof1437,32,2643ef05e29bbd19
fof1441,25,590f8e60757770a0
fof145,589,83ac0f36040d7996
fof1454,25,0a4d29780a948290
fof1455,25,fec1ee10eafab628
fof1457,25,f003888db4eac4d7
fof1480,39,f0987b1dfe154e4c
fof1482,25,3f68ccb766e4188e
fof1487,105,787bc2f4c52a14ee
fof1490,79,6538f5f22f44b64e
fof1540,122,adbbe9d272d00849
fof1578,25,acbc8856b31550c4
fof1582,25,83aa22997d7eff28
fof1595,25,86da4edd607afa12
fof1599,30,4f4d659130f4f440
fof1600,25,ad4a78ac0acdef1a
fof1614,145,d6fc61891ad7d617
fof1620,268,b73b3c5e79f1e124
fof1624,396,43167e8b8ad12529
fof1625,352,77e1feed300411d0
fof1641,105,a06d0573972c5f63
fof1692,100,a19143f08cbbb618
fof1725,25,8a9bcb7a8edd033d
fof1728,25,8eed234066a34e32
fof1743,25,91352765d5e7d415
fof1759,25,5aa374e61411f0a3
fof1764,25,8541c549ef67a375
fof1768,25,9f8985b1753c1e3f
fof1771,110,cd525fe8724509f5
fof1775,25,205c8b1a6152d6de
fof1777,25,33242688816d5691
fof1780,221,139ac0e4745a41c1
fof1785,25,311c80d3f6a1ffc5
fof1789,25,95972191939fc96a
fof1798,25,a3e45838fc4da1ef
fof1800,253,28a9fa8e913d998f
fof1807,25,46a2d97174ee71ba
fof1809,99,a3ba419d3c2989d5
fof1816,25,361d45bb14c15624
fof1817,25,04bfe1d36af7f705
fof1821,25,bbff572158d78ced
fof1822,67,dcc07ea430b363ce
fof1825,37,ae076a2488605e5b
fof1831,25,456fbe28e6daddba
fof1836,57,fd2b8a2bb751a014
fof1843,25,a7dfce3c63aae278
fof1864,25,0b28c1522a080a61
fof1888,25,9d5db2164103f2df
fof1925,25,627429894115aedd
fof1937,46,4f51f0a9256e6295
fof1956,25,7b83068fa21ddc21
fof1957,32,7028d6ce771d9c68
fof1960,25,7f6a35a643d77ce0
fof1968,25,c1cb01e31625e549
fof1970,25,10ea15473bd63982
fof1975,25,91df2d37d9ea8c7a
fof1977,25,49c0a50baa54cfff
fof1979,25,93ad44a9cc9bec22
fof198,246,221f078d0c177089
fof1980,38,f0c8465d11ea8ac9
fof1981,25,2b9cefe184b88788
fof1982,25,114290d190e71577
fof1984,25,1f885d0051a76b40
fof1985,25,e087084e861b8eef
fof1987,29,6287410b995c7b31
fof1989,25,866b92ec836a85f2
fof1992,25,435db722ca16549d
fof1994,313,c9b9fb8f3fde5da0
fof2000,135,42d605e5aa45796b
fof201,101,f0488a07129877b4
fof2027,25,8a170fbc2c9042f0
fof2028,28,d0c0853b631f004c
fof2036,69,ba85088acb7c19a8
fof204,47,d86cdeb1b40e9b2e
fof2042,25,c53b97a7d5f882dd
fof2047,25,baebae2637682ca3
fof2048,25,18cfb19c92fe2317
fof2059,102,34a0965facc419d3
fof2068,136,4a6155bbb0391444
fof2094,169,635f6d38628a35db
fof2100,129,fede92bb9c0d196e
fof2106,121,8b6ae88dd34fc050
fof2113,25,bd79e0a70dcddb72
fof2117,697,93430b57645135c7
fof2123,85,c73ac443c212cb4c
fof2134,25,869fb978dea23574
fof2139,346,049e5f84bdb6b74e
fof2149,25,7657c9097c7b7101
fof2172,68,424db9db8a25ce09
fof2178,44,be60360e40a585ba
fof2179,95,e53dd7dcd4c90279
fof2198,106,b48820d1977b11d1
fof2210,114,5275033a6401c913
fof2216,188,8990b3d3d653d91a
fof2219,96,3e1616e1da3d6764
fof2220,217,a0bdc122359db6e6
fof2221,182,f80d53849be3b95d
fof2238,175,f88e3993e30af689
fof2253,97,53ea485be2134ac1
fof2270,280,371184315dd089a7
fof2287,70,964fb6c0de3f9bab
fof2290,103,eec84e366248613f
fof2309,62,bd22c26d04ba363e
fof2312,75,2b2f935f91f68524
fof2339,112,ca57d04e7ef8d386
fof2383,462,f40e731e05f8fc1d
fof2424,153,594e08f9cd7d6a63
fof2439,450,f9dc93ea7216bac8
fof273,152,d5c1c10902841607
fof282,133,2c25a8e32143feba
fof288,144,519158f44d49e671
fof313,139,9d559342e1092d95
fof321,326,d524096dc1a84363
fof341,25,88ff4063dc0d0dca
fof344,240,3e13828a0c222541
fof368,25,fb8e011c5c1701eb
fof373,134,f13e4e4594848b6c
fof403,187,7115e40795990bba
fof434,209,ebce401cc0dace79
fof436,178,8913dfbdaac086b0
fof5,245,5df0bb06bcf859c7
fof503,39,6151e204076d94b6
fof506,180,1da0d4e24a179aae
fof589,117,91f613bb425a8b1e
fof597,238,f7e1f731a0123c64
fof613,123,aac8bda992e086ca
fof658,133,c8b81b1a9841d109
fof665,76,6ff30b634a6a9f73
fof672,25,7d508a843f8e068f
fof676,94,985821e49ee76bbe
fof699,25,0d856e86d889b513
fof780,25,a6ac0f9c47f338e3
fof782,59,3dc98e8be7dea456
fof826,25,a86b27ca643a103f
fof861,147,9e4b0ff57a06a02e
fof866,201,e235d636f9bc7834
fof876,65,2ea7b3e035ca9c6e
fof888,25,67522bd8e92bc543
fof905,25,03aabf09a055a315
fof909,25,195ac442f393c218
fof921,25,cf24990385435844
fof925,25,e7f4fe980ccbd8ee
fof942,25,11551b6155e5ffd5
fof947,148,4bed116b69e8b3ca
fof967,25,6fb3d0f295a2d229
french4,26,2afceb9abf68a8a3
froebrich145,25,45b0f1352e630a39
frolov1,25,cca4a99db848a81c
fsr0001,25,c285d833bf1aa960
fsr0002,25,eb4f6a185a269667
fsr0009,25,bb39fc0d317899e3
fsr0010,25,c849c5e998483832
fsr0014,25,a34632d842fd4f3e
fsr0018,25,03194282d3a2760a
fsr0019,25,ae110f105febaf2b
fsr0022,25,1ed905835552a974
fsr0023,25,424b807abe8f500a
fsr0025,37,0df2afaef7c1af30
fsr0027,25,442995b10f47a442
fsr0031,136,07eadb6b19a600b0
fsr0033,25,ee7fb503c7eee9db
fsr0034,25,efae774f7e4aa33c
fsr0035,25,94bc9505ddf2dfc5
fsr0037,25,cc78d9e8aa86d095
fsr0039,25,3139ae35268c1265
fsr0041,29,acf12aaf09f6d768
fsr0042,25,6b5ae35fa3c00d11
fsr0043,25,f087bc9749b14f14
fsr0046,35,ca70265a886dfa90
fsr0047,25,421e8582427b1cd6
fsr0050,44,866195fbd8bbf14b
fsr0051,25,0076c966c1bfdcea
fsr0052,25,1a1f117084f19329
fsr0054,28,0f26aafbafd8e553
fsr0059,25,70130511801a63fc
fsr0060,25,adb2edf10b8946e0
fsr0062,25,95154ff358f18a23
fsr0063,25,566d3fc61f5ab790
fsr0065,25,798c26a93de72178
fsr0067,25,268a09476ef730f6
fsr0068,25,55d541acbc954cf7
fsr0069,25,983853d9d4b8ecf2
fsr0070,25,914e747870ce6bb2
fsr0072,25,83242d47499298c4
fsr0073,25,28dec3620ee08c08
fsr0076,25,1888fef0dda30a9f
fsr0077,30,3b7453cd2cde489b
fsr0078,29,6370e5cde7237871
fsr0079,25,05285f6ac0887129
fsr0080,25,494d6579dbac2072
fsr0083,25,a816bfaadaabb184
fsr0085,25,5a3bc23dde1c6036
fsr0087,133,2fe2c5ca7b964732
fsr0088,613,81f591d41ea19949
fsr0089,25,ff7375b1b9db87f1
fsr0090,25,e0d3f5d655193a89
fsr0091,25,a842f4767075041e
fsr0094,25,5e672d9d0cb05bb7
fsr0095,25,dc78ef32bc839b0b
fsr0096,25,be07756ef606717b
fsr0097,25,bd1e5af678dd13ef
fsr0098,61,abb633cab952be33
fsr0099,25,2dd82cd7ec471acf
fsr0100,25,29a5e1c6fe532d64
fsr0101,133,16a2134418398972
fsr0102,25,1e0046dc464eef4f
fsr0106,25,def01c67ad076367
fsr0107,25,d3ad4b4f60c3fce5
fsr0108,25,56496b084283d63e
fsr0110,27,58c529cb03afccdf
fsr0112,25,5d18905c6b2cb425
fsr0114,25,588f9072f1cba19e
fsr0116,25,350a28ff8ab08d38
fsr0117,25,2309772d0ecd9f9a
fsr0118,25,79caf05a288a536c
fsr0119,25,ff980b023121ae3b
fsr0120,25,ace639f87fba9533
fsr0121,36,301be751591f0707
fsr0123,341,8ec7c17ee4b782cb
fsr0124,282,c570abeda0595060
fsr0125,25,f4cbe1c20cfd91f2
fsr0126,41,bde0a6758cea8bf9
fsr0128,25,bf892e3360c5d476
fsr0129,25,0c69ddee59735416
fsr0131,25,7346f47764f6d7fa
fsr0132,25,d2fe6127ef5f5fd5
fsr0133,615,83c30141aad91725
fsr0134,110,e675ab38c5363372
fsr0136,25,173476308c2c2bd0
fsr0139,32,dcc5a6ba43698f37
fsr0140,25,7b4d14d7d9ced19d
fsr0142,25,708e4d61771ff1e0
fsr0143,25,474d006bc527a91b
fsr0145,25,c8a9187a556e212f
fsr0146,25,af030fcbb61cf781
fsr0148,25,08dfb8defbb19abd
fsr0149,25,cca10305993679ed
fsr0151,26,e30bb827ce20b974
fsr0154,212,f17aab614f3c88de
fsr0158,335,f426e5681e113fb1
fsr0160,25,0b12f088d0069160
fsr0161,25,1a6913448fb45501
fsr0162,25,4c58dea9219dc37c
fsr0163,25,7b2ac7265f51dcb2
fsr0165,135,f0a711822b5b0ec6
fsr0166,558,97932f325a368ffd
fsr0167,881,05f5572338721dae
fsr0170,25,9a6de0e5d3c056c8
fsr0172,161,82afb7b755648df7
fsr0174,78,656fc28a4a565085
fsr0175,25,31b3975715bcf6a9
fsr0178,25,5af953acbae071b5
fsr0182,104,6db851729897983c
fsr0183,25,5a816ba33705a239
fsr0184,25,8e7acf8071c7bce1
fsr0188,158,f706147ea28ebf36
fsr0189,25,f4bf420fd17958fb
fsr0190,25,66721c63af1fa362
fsr0192,25,85dba7f4b99006b1
fsr0193,25,4facd800d5541e90
fsr0195,99,0e22feb2624f09ba
fsr0198,125,32053cf3f2421509
fsr0209,25,4dac98bb0f6e2c1b
fsr0210,25,e5d59c714bcda47a
fsr0213,25,17405691894e1886
fsr0219,140,8de332398b8375f3
fsr0222,140,2556d61b4691c30a
fsr0224,26,0ea79f3e7d2bd622
fsr0225,25,d79c5f896d447f3d
fsr0227,73,01c4a64c7c88160a
fsr0232,25,865c11a352ff47c5
fsr0236,98,00b17af03f47eae5
fsr0237,26,88833fda28a6f3ef
fsr0238,127,617e793866144cb2
fsr0239,57,c5ce6d6fa5462cf8
fsr0241,100,53b8961a689bab33
fsr0246,26,cce3ed58e275308e
fsr0247,26,fcf1a874e8b5b9ce
fsr0248,68,0c550a5b15b8418d
fsr0249,52,7bdaf687fa928591
fsr0250,25,bbc936920bbcb090
fsr0251,44,981733a2a534d335
fsr0253,25,65d9f2ce311b80d2
fsr0254,25,cad8741e69dbea8f
fsr0255,25,a52f92ef2d02d2b3
fsr0258,79,89a8e1d1e9b3f8dd
fsr0259,25,32e33caf0cee6f0f
fsr0260,95,43264078892899da
fsr0261,235,488b4f98c2e65ba6
fsr0264,25,f74060f9aa60c7f9
fsr0265,46,b0e55a7b5001eb2b
fsr0266,25,6fff18332c75f333
fsr0270,272,d5f9aa340fa6411c
fsr0271,25,6444e72562f13f00
fsr0272,25,3a19c93e1206eed2
fsr0273,25,466465e8025e33d0
fsr0274,25,4e86d6163d1f478c
fsr0275,228,a3cf0d1ecfb01ae0
fsr0276,266,18c83f118f54ee94
fsr0277,25,3e10d12d6a1c2a6c
fsr0278,130,2bb6ff50f0792b56
fsr0279,25,fa26774391371c9d
fsr0282,255,64c214878ff67795
fsr0284,66,f287d7d34303a771
fsr0288,25,fe37d10cdb463830
fsr0290,25,9178bac39560adcc
fsr0291,47,2918a52b1c93a24b
fsr0293,25,073102f7083d03ff
fsr0295,58,9496d3e5d610240c
fsr0296,98,90d9d4fb53d30813
fsr0303,25,852cb5eb63e00071
fsr0304,25,04e3a0d3ed4746a1
fsr0305,25,7b974ef4aaef027b
fsr0306,120,7401417b58e3ed5c
fsr0307,25,95b395819972bd07
fsr0310,25,cecf8954ebdc16e1
fsr0312,25,4f31a4b94733938e
fsr0314,25,e007ac8ca47daaae
fsr0316,29,16eb3d51bce44625
fsr0317,25,cd146a3f3be06894
fsr0318,25,ba00a04469dbf9fd
fsr0319,45,dfcde66349047c01
fsr0320,59,6fd8c129b8656af9
fsr0321,79,37556ba4e921be13
fsr0322,25,fcdb96e7d6e68247
fsr0323,25,15419545f573c91b
fsr0324,36,e775beb0118884f1
fsr0325,86,4f12e204dde2971e
fsr0326,25,4930f6413dcdeed9
fsr0328,25,729bb78898d48f65
fsr0330,25,8f51844a8bc23775
fsr0331,25,e903f5674d562b37
fsr0332,42,f05fa384a055fa91
fsr0333,58,a74adc554cb44d68
fsr0334,25,9254af9313b0a330
fsr0336,319,9225274eea6e2025
fsr0338,70,b705d950427637e3
fsr0341,25,a199feb973f1465a
fsr0342,447,8e7d5286bbb9b7cd
fsr0344,144,9465f7191026446a
fsr0346,25,01279d636ee54afd
fsr0347,25,dc2eec3a9cb82803
fsr0351,25,1672ec152e2a0d1a
fsr0354,91,b485214da8d6afd9
fsr0356,25,f93a26c74f2445a3
fsr0357,102,1457828e04f67623
fsr0358,197,78282f052f05fcd0
fsr0362,25,df85d2cc116332ea
fsr0364,25,5081e00c83544300
fsr0365,25,1376dc20131fd2b4
fsr0366,60,2b784e21af99df2c
fsr0368,25,50dd8f15dbbc4b85
fsr0369,57,b7315afe400f7121
fsr0370,25,557865d86c0ad7d7
fsr0371,25,d82469be5fc25213
fsr0377,68,929e5e8090b4d584
fsr0378,25,469b247fb8ce971e
fsr0379,55,01e638b819208da2
fsr0381,53,9434efa9f64f9b1d
fsr0384,72,12e48e976a9b0142
fsr0385,243,392f6fdcd1cfb416
fsr0386,25,2ed8b5578c6bc839
fsr0388,25,66dc54fc5f4f4328
fsr0389,25,3ddbffdfa3befcbb
fsr0390,25,d6fa967add044a4e
fsr0394,182,9ada38f9e1a23f1d
fsr0398,206,8a1c8e625b4834a1
fsr0401,96,e9b24009dbb06669
fsr0403,25,c8783e31a2ee7ffe
fsr0404,100,b7300654e9cca0a7
fsr0405,25,26ed884f1a1f772c
fsr0406,285,d99c6ad8bf55333b
fsr0410,25,5726270c844c803a
fsr0413,25,80b74a38e19c496d
fsr0414,25,2fe7f109c94abea2
fsr0416,121,1887cc4ba21fe6a2
fsr0417,55,1785ce807d7178da
fsr0418,25,2722e9031fd0a82c
fsr0422,25,94fd92e130632ac4
fsr0423,25,4a0c75972c748d26
fsr0425,25,7e9d19f634913186
fsr0426,25,2bc084baaa6daf6c
fsr0427,25,6c963a6ed3cdfb08
fsr0428,25,516589082e9627c4
fsr0429,25,53d0eb62fa44928e
fsr0430,126,58012e69954c98fb
fsr0435,31,1dec83a4acf8d56e
fsr0436,26,0f514e5f77b94d51
fsr0437,40,102156d15cee12c0
fsr0440,25,fbd01ca7aed65247
fsr0441,128,555cb7af87a93384
fsr0442,415,afe7b1baa849901a
fsr0443,33,04f1c7a9dd705f86
fsr0446,70,62cfb3d1423c5b19
fsr0447,25,67184ef81a7e4a09
fsr0448,101,32723a6e751533a0
fsr0449,25,be4762f5d7ae8297
fsr0451,232,00b9dedb4b1d058c
fsr0453,25,bdb31de6cc190e76
fsr0459,25,9912bbb8ebea4090
fsr0460,159,328ffa9c4b7af24c
fsr0463,25,b9ad2a5ea56607e0
fsr0464,25,0123378761cfcb0e
fsr0465,86,c9e7d2642ae7d401
fsr0466,70,6f24ccde2b13e007
fsr0469,25,7a5c032eacf18017
fsr0472,25,ce162036bdc2a3d3
fsr0474,25,6a57150db240efe8
fsr0477,25,f6414872df78b6ed
fsr0479,25,800b164352640242
fsr0480,256,aac1cc72468d8d4e
fsr0481,25,f3f481c45a3f9d58
fsr0483,100,abac54d656e33dec
fsr0486,85,d7145d715027dc69
fsr0492,29,4d9faca8df213766
fsr0494,125,9b4a046c26733681
fsr0496,585,07a70924ca887ad6
fsr0498,234,59090fc109a33790
fsr0503,25,896eb660454bfbc1
fsr0504,25,208f1fbff78b60d7
fsr0505,93,7071db54f301947c
fsr0507,25,f600008b63c8d750
fsr0508,63,2eb406dc0bea4aa1
fsr0511,25,ac087b007ef0977d
fsr0515,25,411e2dbf86cae5f2
fsr0516,25,3d0793cac7619486
fsr0518,46,4138aa74b776fd40
fsr0519,131,c68cfbc2b775f46d
fsr0521,25,73545b87be010f84
fsr0522,48,aa35bc427bdcdada
fsr0524,96,5d9553a969c97732
fsr0530,25,4e35ce53f4d04267
fsr0531,25,57f938f4f2961872
fsr0532,25,5472379709bc8825
fsr0534,100,255dc49faebba58a
fsr0536,135,f578ee6dc251b1e9
fsr0537,57,ec4941d05fd8b7d8
fsr0538,25,14435dbb02af8b51
fsr0539,25,41fe83fc630f2f14
fsr0542,175,834db6932e26f151
fsr0544,25,8cbc1af32ce93946
fsr0546,29,cd1368c932902caa
fsr0547,25,e3229af2eff880e6
fsr0549,25,9f03775c7d1c3cfa
fsr0551,332,1234c331fbd01058
fsr0553,61,74b63a70c675844e
fsr0555,25,a669b0a3afaca7d5
fsr0558,153,6b49e39d942564ce
fsr0560,25,6cc6c0a5f5c059a8
fsr0561,25,1a9de16f4e68b68c
fsr0566,57,ea9a3303c53fc9cb
fsr0568,25,f85d207c624ad9bf
fsr0569,318,222196b3f4e9735a
fsr0575,26,6241e42a2eb1521f
fsr0576,124,97b5aa1947b443a4
fsr0578,79,eb57384cacd72a1a
fsr0579,25,2f1696cf1971ba11
fsr0581,26,412cb8851b4b2d25
fsr0584,25,f8cf6a0296928ffe
fsr0591,44,f30e62f7f3bcb159
fsr0596,68,17a73b957e85d430
fsr0604,70,ab02ad2ac1714594
fsr0606,25,901a3271ac6225ce
fsr0611,25,be9f07e596c698bf
fsr0612,25,1d561d2d1571199e
fsr0614,25,27a904202d725258
fsr0616,25,cb5fffaaea84ffb0
fsr0617,25,02c29874945129fe
fsr0620,34,6318a46a746123ca
fsr0626,25,9edd8ff7fddab132
fsr0627,25,48b236cd016d2e4d
fsr0628,25,d17e93438a1036be
fsr0630,25,7b1b589469975801
fsr0631,25,b5c41d20b5ee8270
fsr0632,25,70838a6769a0a1a9
fsr0634,129,d9a4f7c87fe70885
fsr0642,25,626b9c6c628321da
fsr0643,41,cb332985a50196d2
fsr0647,82,263e814032dca41d
fsr0653,25,f72b865873134c7e
fsr0654,25,2b7677c7cd4f909e
fsr0655,25,d6da2453af76ff40
fsr0656,35,3b07d3791d41a76a
fsr0660,25,9beb0c5cab2e4dbd
fsr0661,25,6f2034bd69739c64
fsr0662,25,398f57afeee99870
fsr0663,25,70bd41a797e5c1df
fsr0665,116,1f102dfc057a9c9c
fsr0667,82,3807bc66c7fd1587
fsr0670,25,1a0ecbad260dd224
fsr0671,25,542b15e70511cc1f
fsr0674,72,1ef529183a69449c
fsr0675,44,7e7074a04ea52f9a
fsr0682,25,0de5afdacce449c9
fsr0683,56,554c8c5911d61da6
fsr0684,25,795c344442bbca4a
fsr0685,25,911503cab3814c79
fsr0686,152,113256c83057484d
fsr0687,128,0e86ea59b47ca162
fsr0689,25,a0f4da4d67382004
fsr0690,25,cd714340b7e5f42b
fsr0691,54,4dd8e0545d9118ce
fsr0692,25,4d02c1577d2950e7
fsr0693,25,8b0484e426b0eae6
fsr0695,25,61117a6d2e67cf24
fsr0696,25,32a8219329ed4df2
fsr0697,25,58b867e84b96976a
fsr0698,25,8dcc77a0a8db57a9
fsr0699,36,cc03fa0dedcef349
fsr0700,25,a22889d05de46300
fsr0701,25,da35a45dbe20a2b8
fsr0702,72,abc5bf01647e870a
fsr0706,25,ef2f670bc7bdf2af
fsr0707,25,dedd797c02139ad5
fsr0708,25,f7f5df16ca1def03
fsr0709,28,f58f6f82d8fb9db3
fsr0712,25,6126f345e22618e5
fsr0714,25,04004ebd1e57daeb
fsr0716,233,e700333f806a731c
fsr0717,92,85ed4c5e3b908066
fsr0719,25,6f3e48f7815df91c
fsr0721,25,3f8d4333a7cc8ac7
fsr0722,25,7742bb8d0a4705c2
fsr0723,54,cf0dc77dc5109f6d
fsr0724,56,be960982e3f7e103
fsr0725,45,1fb3c35e24f04786
fsr0728,109,a8ea178c67c1ccbf
fsr0732,60,cb37559fde8b1ab8
fsr0733,25,e359dd922e10d879
fsr0734,106,e494bdece9f9b029
fsr0735,72,31060c245d18bad8
fsr0736,25,aa790029f459434d
fsr0737,25,233968d7d611258a
fsr0738,25,e14a7ca82e8698a2
fsr0740,25,c23064ea607c082c
fsr0741,25,171fe4338a45003d
fsr0742,25,7a6b391996e9044a
fsr0744,30,95dc6c0fe8d8d54f
fsr0749,25,56bed215035f128f
fsr0750,25,aad45ae5f29cedfa
fsr0753,25,b95333ad448fa128
fsr0754,25,7ab937ae85133385
fsr0756,25,9c009d52ce8faadd
fsr0757,33,bb431626909d3704
fsr0759,25,d904f60ad80bf266
fsr0761,101,65f8472113f4e50c
fsr0762,25,e0e405feddeb8729
fsr0763,25,a38402cb96cc261d
fsr0764,25,a9ff60c2040b2a5e
fsr0767,25,b6d2ba52f942ae75
fsr0768,25,6c1db42931b7c15b
fsr0771,67,6d67abb04fc5fdb0
fsr0773,41,82f2d167d42f99a9
fsr0775,25,bddc11b7134dff1b
fsr0776,59,1d644a6816f96316
fsr0777,71,a1bb72b470b44468
fsr0790,200,53e4fedc41963781
fsr0796,25,00dc67359db6a0d5
fsr0798,25,cf962810a71dbaaf
fsr0799,25,b087db231c405bef
fsr0801,25,dc3e4144d53a9d70
fsr0804,25,499b8945ebb098e8
fsr0805,25,553214e96a33777d
fsr0807,25,c9cf26ed68bdcf1c
fsr0809,25,0130347eecfd7b11
fsr0811,47,7e1a90069d7c2350
fsr0812,38,758461a3f18afb40
fsr0815,25,1878081e06d6c8d3
fsr0816,25,a94d69c7f5f5e629
fsr0817,133,15964738bf0eb342
fsr0820,25,6d911d6593b3ec00
fsr0821,25,030128bbd41286df
fsr0823,25,22c3bbb562562cc1
fsr0826,75,f342d08229f3d565
fsr0831,25,35dceca1eabcad12
fsr0833,60,a6619764e4ada13f
fsr0835,25,2e7f14140f79532f
fsr0839,67,ee9fc43470cacb58
fsr0840,25,e7706510704f7d96
fsr0841,47,a5e43686c7238d7d
fsr0842,25,694e725ecd47c968
fsr0843,25,0f4b220f907cf545
fsr0844,39,ab1a3f660664f734
fsr0846,25,1c471a5635f5eedd
fsr0848,25,788969482c5309af
fsr0849,25,8c7fdeb0fdbae47f
fsr0850,218,6cbc16cdfbac2abf
fsr0851,25,d5cd8b02b77887bb
fsr0852,96,2e94de33adac4cb4
fsr0855,25,29979e8cecc19e4f
fsr0857,25,5d8dd85c9e7bb80c
fsr0858,30,b183633845d8e74c
fsr0859,25,d152bdfcf1598691
fsr0860,25,3ee813db4bfe9cd2
fsr0861,25,c86931624f6e6058
fsr0864,25,37b594feadddf9fc
fsr0866,242,ba80977201e3b222
fsr0868,25,37d48e1b32b3621c
fsr0873,25,e9296c0350f5a52b
fsr0874,41,7fd12a4b58cd8f3a
fsr0876,25,4862ff9c820fa380
fsr0878,25,86766fedb058fc27
fsr0880,25,9ddf1e9a82819c15
fsr0882,33,199ed609503cc61f
fsr0883,188,5b20709297ee9a9e
fsr0884,25,d70c2dcea9f19f81
fsr0886,25,3bc068f93c15d1de
fsr0888,25,c3a2a800340e69ce
fsr0890,25,7f51f5ff5cfc6947
fsr0891,25,3aa3ea939f9819e9
fsr0892,25,a1def5a3b687430d
fsr0893,214,53f3e1c228f75204
fsr0894,25,319dec615019efd0
fsr0900,25,aff79913d6492f27
fsr0902,84,897047f475998c77
fsr0903,47,f07487472a1018d8
fsr0904,97,5f3eb91fe49cb423
fsr0905,188,baf5f6719d7d856d
fsr0906,25,dfb9961588f4a353
fsr0907,25,cc4d76521315c99d
fsr0913,25,2064815d2cb8dd5e
fsr0914,25,a62616f34c246ec2
fsr0920,25,85527a0985953fbf
fsr0921,133,21bbb8972150c457
fsr0923,88,63401be2e8de4f56
fsr0924,30,3c61911b6049146d
fsr0925,25,028670d2064297a7
fsr0927,25,c797ab56f728bec1
fsr0928,25,6c91c6b98784a941
fsr0929,82,8f27bf4ef9ef743e
fsr0930,26,ac1b8fe17a0a7bb2
fsr0931,134,6f70736aa4ed349d
fsr0932,38,797c7c567a4d6dca
fsr0933,25,2aeecc0ac6e5b4c2
fsr0934,25,63be508673633a06
fsr0935,72,855f104bb47190c9
fsr0936,25,abb5d62b892cc272
fsr0937,87,7ecd680e55dbf5fc
fsr0939,35,67d4b78427006293
fsr0940,25,063afc68db75fb31
fsr0941,104,f88dbdcf9d275a9f
fsr0942,222,b082ead01bc27cc2
fsr0944,25,180f7aae44d72cd3
fsr0946,61,75ac13fbc28b7ee4
fsr0948,110,d0aca04600d6c591
fsr0951,259,19221d9d54017283
fsr0953,177,a7e4446837498f60
fsr0955,25,97bc9e1ad1362446
fsr0956,25,4c7173b78e8f5af0
fsr0957,25,7cfb4db206b07352
fsr0960,25,2b2907d6d83f8fcc
fsr0962,27,cc12fadacb56a4f7
fsr0964,25,e03bb710a130740c
fsr0966,25,09bde6386c0e93d6
fsr0967,25,eaf5a8fd798a1ece
fsr0968,129,e92d31af532af8d9
fsr0974,106,99a8445ca6566260
fsr0975,75,a221e19f26377a68
fsr0977,149,558d3dfaa5c70564
fsr0978,25,b3997068c53a81de
fsr0979,130,551d146b8d17984c
fsr0980,25,56d78dc3482dfd58
fsr0983,25,1f5faeb41571608c
fsr0984,25,7f11a192d3e2bbad
fsr0985,68,5aeead153e40ae2e
fsr0988,25,9f1ea762b4576183
fsr0991,25,0e200828443ee08f
fsr0992,64,fe704dff005adbb1
fsr0998,25,5c3f0ac43d06136f
fsr0999,25,1869956398024a9a
fsr1000,25,e04aa1823f4f418b
fsr1017,25,ca95ae68476499e3
fsr1018,26,ffb59e28e65ff02d
fsr1025,35,9234bb5958e755d8
fsr1027,25,5060e01d486bbe04
fsr1029,25,1cf4b77404837a70
fsr1031,25,43fc30d1a9bccfb3
fsr1032,52,51bee93152348f9b
fsr1033,58,501f4f25cc7d0678
fsr1039,25,1c26681752d2dfdd
fsr1044,25,194830e9f879bbf1
fsr1050,25,04434161693b3bef
fsr1051,75,9c1fbbae448fd8be
fsr1053,25,9797691b3cb26618
fsr1056,25,27cf636b030dc889
fsr1057,25,e906b40ddfcb0802
fsr1063,86,73703870ce60ef5e
fsr1064,25,fc86ddbf3ebce2c3
fsr1065,25,0a4097787468df35
fsr1066,25,3792c8e4b8692269
fsr1072,25,a295bd00aed25119
fsr1076,25,87aa61f042d501b6
fsr1077,66,dcfc5bf61f99c02b
fsr1078,25,c0b47b148514a117
fsr1082,25,6123d8d680e55073
fsr1083,182,65dc12b36b617491
fsr1084,25,0ea8422892f311a1
fsr1085,125,7ac7b5459e596a94
fsr1087,25,2c0e42a5c55012db
fsr1088,101,25efd01f6e3b2bcf
fsr1091,25,d85309950881fba8
fsr1092,25,969c1b72a67bfe54
fsr1094,25,b711e707e95aa815
fsr1099,25,28b7d72a4f914c63
fsr1100,25,0164a3628e63fe17
fsr1102,25,a189a6fb01d89442
fsr1105,72,529ceade5fdef72d
fsr1106,25,11b6209fc577fa76
fsr1107,25,d144e4ab6e7e42ba
fsr1109,26,e3a987582e56630c
fsr1110,25,c6024b51e1b48fcb
fsr1111,25,6e8f7c89c3a60d64
fsr1113,55,639177fa3fdb12ff
fsr1115,27,0babf79254563518
fsr1116,25,3bea409cae79fac2
fsr1117,72,9fe571818ae1303d
fsr1118,25,d4a314f391383cb1
fsr1120,25,d6470232685dc2fb
fsr1125,104,d40f1f722bed3d66
fsr1126,25,d83117020a92b5e3
fsr1129,33,e42c28d1e1be37d9
fsr1130,25,b0dab5355361db93
fsr1131,25,36bc087b16668142
fsr1132,25,73cdb99a3a74c136
fsr1133,25,0a1e35a8ab1d2d33
fsr1136,25,9a6347b003076dc7
fsr1139,25,1848be28a5f6149a
fsr1140,25,b9a736b7a696003f
fsr1142,25,6fc62a60951c77c9
fsr1144,116,efe99d4622770c9a
fsr1145,25,12e1fdca5abf85d5
fsr1147,25,979c46fe8dd1086e
fsr1149,34,b71cf692df860ca7
fsr1150,86,436f62afb0be95c5
fsr1151,25,9430db1c2dfdd356
fsr1152,25,7e1f01ab08bb36fd
fsr1153,73,088e1ec76c4575a6
fsr1157,25,c7d4c2457e090951
fsr1158,25,3d46e3c34f798ce7
fsr1159,25,95154da8a702eed6
fsr1160,25,974f3634cb785036
fsr1163,68,bcf7cb8f5d8e904b
fsr1164,25,5370f78c019f3cc8
fsr1167,25,6e9c10b6fe50e6e6
fsr1169,25,38263aded5fc4390
fsr1170,84,e1d022411bc6977f
fsr1171,167,e51013bb15c51d5c
fsr1172,60,365a982d5d7955c2
fsr1173,122,7fd791668dd6f610
fsr1176,25,cd07cae94b2db960
fsr1178,85,49ef142b8f95f48a
fsr1180,389,88bfc0ab1e62c5b5
fsr1183,77,3d44c7dc945fa0fb
fsr1185,30,4ec040406016c5d7
fsr1187,25,43c0c3194ae7581a
fsr1190,28,b7c3476f03de1cff
fsr1191,25,97fe25818b61920c
fsr1192,25,cb1b0d0ed68a2a4c
fsr1194,25,3c3b89508f9616d4
fsr1195,25,7fb1cdca32a75720
fsr1197,97,217222ee7a67e30c
fsr1199,25,f15ab383dcc2c221
fsr1200,25,e93827046f839474
fsr1202,25,6b90a6d4c949e7dd
fsr1203,25,5e78cc05622ca59d
fsr1204,25,b63ef84d898618b7
fsr1205,25,c02e207eefa04f25
fsr1207,84,f3a3bb0e89889f73
fsr1209,100,2f4774656764819a
fsr1210,25,338b8c3e34bbf306
fsr1211,155,d1da5c8cfe478c11
fsr1212,78,241d32b0b5397be3
fsr1219,25,705ec587d917157b
fsr1220,25,54fff379a58267ec
fsr1221,25,86ce4ca58cad0476
fsr1223,25,4454c2ea328a5c9c
fsr1226,25,6ce57acf105818ed
fsr1227,25,d0c17b4b4b6e4d36
fsr1228,29,16105015a3ef4be8
fsr1234,46,e89957f7a4085577
fsr1235,25,f1212f1f25d02b59
fsr1243,25,7ded56a870074716
fsr1245,25,1c8c6bc2b1ed2d9e
fsr1249,87,098b54e3b24dcf80
fsr1251,25,bbf5ed822920d6c3
fsr1252,210,9a19ce59f26eed37
fsr1253,218,f37769eea629a260
fsr1255,25,eda7fbcb48593b77
fsr1258,25,8028e5eba9304d23
fsr1260,104,eb55002c9452566f
fsr1264,25,251e1a85be076541
fsr1268,25,282341aea8f01e3c
fsr1270,25,f91ef45f992eda97
fsr1275,30,eddbf9fea6dbdd62
fsr1277,25,de0708f642513e99
fsr1279,25,f18a0d6bb2244e9c
fsr1280,25,90c5f3fe55a4dee3
fsr1281,25,ccd425e33d966f60
fsr1283,25,47031dbfeecd7837
fsr1284,68,c8a064dcff34ad93
fsr1285,25,d7e52857937c73dd
fsr1289,25,95b21c47f0da79d7
fsr1293,25,1b672e49853fc008
fsr1294,25,80e423bd35ac506d
fsr1295,25,6053854b0898605a
fsr1297,88,d6d5a0aad37de5ce
fsr1298,25,3319a4bfbc81573a
fsr1302,25,2dc64b72810d1e5c
fsr1303,25,a0f393c1ad5298eb
fsr1304,31,5918a372ef352294
fsr1306,25,c7dd56148a9e7709
fsr1307,25,b0f351149dc23977
fsr1312,25,8d17411c4745afbb
fsr1315,94,6ae08d98278a2f72
fsr1317,25,5aad304a4bf1475f
fsr1320,25,c319c728520d7aa4
fsr1326,25,f696150d63f7b90a
fsr1327,25,f8b34102018fd40e
fsr1332,25,f0bcec77d82d24ca
fsr1335,40,6ad2ce32b638684f
fsr1336,25,1e4f353c11c6b2ad
fsr1339,25,6ed86c62aa8a2aa8
fsr1342,160,de0649e43882ae5e
fsr1345,25,820402c275cb1f8c
fsr1346,25,7c25adb6b5e76b57
fsr1347,193,832bb7e1322b30a6
fsr1350,32,7d38003e0aa0b9e1
fsr1352,171,4985843428d8b889
fsr1355,25,e8b7f2ea2464cde8
fsr1357,25,9a76304304a5c65c
fsr1360,75,a7a360cfb98fcbc3
fsr1361,423,1b5f3a71d4842d66
fsr1363,101,ccf9b9e37f6954aa
fsr1365,25,bd7fe08e23bf4ab9
fsr1366,25,a039ac412ad390bd
fsr1367,25,db7633f4eb5c85b9
fsr1371,25,11cb9833f708d89e
fsr1376,25,a2c3d37b873a4e08
fsr1377,25,9a228c734bd31018
fsr1378,427,b28aac8e242645b2
fsr1379,25,5f350a30af258842
fsr1380,100,9e03ad31c8d6382b
fsr1381,25,940906471ea13859
fsr1382,66,110ebed590e41148
fsr1383,25,5ea29c2c5038aae4
fsr1387,25,20427c595d59d8e1
fsr1389,33,6889b27a5c034aef
fsr1390,27,5388b9343eb36a5a
fsr1391,25,5a55dd253e662f47
fsr1397,25,7355c2d48d086b89
fsr1399,67,049f4a5cc2cae912
fsr1400,25,989bc5bc7e918d58
fsr1401,25,615a1f40d829119f
fsr1402,115,4c9689c26773b618
fsr1405,25,33fa063c7d7699a0
fsr1406,194,ef1ec07fcf14cbb6
fsr1407,188,8c4c568bb2ae67d6
fsr1411,25,b249870a87e546bb
fsr1412,25,6ef4023aa6b6387c
fsr1413,25,265536201089c33c
fsr1415,25,e6673508d5d70f82
fsr1416,25,30a7543d988e0dde
fsr1417,25,545c64229790f76d
fsr1419,196,df22e8e757771f27
fsr1421,72,a3e719f795170404
fsr1424,203,27ed58f96affc9b8
fsr1429,25,ed746bba72c34d61
fsr1430,132,c27e4523e6f694a5
fsr1431,25,369cca4392e3a57f
fsr1432,25,039a380b739b8305
fsr1434,28,88c9a4b26e58311e
fsr1435,70,adc17bfd5ff772fe
fsr1440,25,28f8d497d83dd4a8
fsr1441,67,1bf9f5b91d18625a
fsr1442,25,62a9a0bf2c3ebf75
fsr1443,42,f8f5a9859af7e72b
fsr1446,25,81ead136ce02598f
fsr1447,25,1a8d9eefb8da6ee0
fsr1449,67,f06b3036fecd1638
fsr1450,52,e3effc580f500675
fsr1451,25,0c33f79ce75c15b7
fsr1452,301,532e48102f70bef4
fsr1454,69,b394fa2aaa522e07
fsr1459,26,a181949564a49b33
fsr1460,140,e191e539796ba998
fsr1464,34,3ee474030163ae97
fsr1465,25,94bb5778161a0651
fsr1467,25,5ba4b7ee2dc0bca5
fsr1468,65,d87c7dd0a08166f1
fsr1470,25,633a279e49daa191
fsr1471,25,40e90507e983ff39
fsr1474,25,8e43f54001e3f91b
fsr1475,25,4ffa89c78779f938
fsr1478,25,d6e4d8f62c3a6d97
fsr1479,25,c76a6ac06333cd7e
fsr1481,25,e1df8cd620a6e1f6
fsr1484,78,c19f1971ed25b66f
fsr1485,25,8d3a20c6a065847e
fsr1489,98,36b404b636b31ce5
fsr1491,37,086c471cfc325b66
fsr1496,58,993133075cf649a9
fsr1498,25,60dc011af346aa0b
fsr1500,36,b23d9aaddea4d246
fsr1507,47,209af3746cda7078
fsr1509,36,68bfee1df30619a7
fsr1510,25,f92acbfb01740626
fsr1511,25,61cfdc266ce74048
fsr1513,25,e9047dac091a275f
fsr1514,25,bb95f0ca0a6598ba
fsr1517,25,0a83c43b9777aacb
fsr1518,25,2367a37b8b1d971a
fsr1521,300,dcaafa3a2505e161
fsr1524,25,48baec24eb5b265e
fsr1527,72,da3398d6d4015c56
fsr1530,48,e55ceff31753017a
fsr1531,25,8819e501d04e663b
fsr1535,25,539fe7f0f8f03077
fsr1536,25,f2e8af8648845590
fsr1541,39,ed626e3874de463d
fsr1543,25,8fd420c97a9c32be
fsr1554,25,fa5ccaeea0087f46
fsr1555,316,089a1272740d6fc5
fsr1556,25,5a3de5fd6c93f983
fsr1560,25,c65fa72b457060f8
fsr1561,25,8645b0b713ea1008
fsr1566,25,c27adaff1dd70feb
fsr1568,25,4020d2074cef4a81
fsr1569,25,38ccc5b811c18dba
fsr1572,25,74ca831f09b6a113
fsr1573,25,ddc0e99e7ebd8a2e
fsr1574,26,9fd8f8c777925286
fsr1577,25,4a3155b91a8ec679
fsr1579,25,729bed3e84161f27
fsr1580,25,b21326f36c73e3fc
fsr1583,25,f7ed45f3c1712b93
fsr1584,25,14a05eb2fcc9af9b
fsr1585,25,2977ba4b307316ed
fsr1586,191,9ba9c3203df62d44
fsr1591,35,fb143b3773a7a2a1
fsr1593,25,7af82564c12fb3ff
fsr1594,25,6a3f967fb8f43a6a
fsr1595,87,e371dcd9982e1fda
fsr1597,25,847677c3a6d094d5
fsr1598,25,6f4c25c46e629f38
fsr1602,25,930320e1b7f603a4
fsr1604,25,8aea275f04e05a0c
fsr1605,25,6051472010620b4f
fsr1607,25,d5a982e68ca6f9ce
fsr1608,25,27b5bac7d6f4ccb0
fsr1609,25,06af7d8a0a22d97f
fsr1610,25,2428eb4dc8e76807
fsr1613,25,102c8a50ef909c95
fsr1616,25,8e377af6b47510b3
fsr1617,25,20553db12b40024b
fsr1620,25,c9b944548288a431
fsr1621,25,1427aa34b3249fd7
fsr1622,25,c85645442e645472
fsr1623,25,c0e76f3e62e64e24
fsr1625,25,734284139ad9407d
fsr1626,25,06152a9b60f7e4d6
fsr1629,25,a1a91c055ce4aca2
fsr1630,25,ae6ed048943877c3
fsr1631,25,4b68c9b20444111f
fsr1634,25,0a8e3a94ddfa21b6
fsr1635,25,73a59de9e3896a7b
fsr1638,25,9564bd42ef02e12f
fsr1639,25,536bbc76117a4fe6
fsr1640,25,4eb42389a9f53aea
fsr1641,25,32d525eb695723b2
fsr1642,25,3939f2a2f1a1ca8a
fsr1645,25,4fed84494a4b8b46
fsr1646,25,43a70bd98888ad55
fsr1647,25,01a42217459c63e6
fsr1648,25,6adfbc61b5d8d683
fsr1649,25,1637ad415a81ca19
fsr1650,25,ad98b44dbac67be9
fsr1651,25,f2485f8d3e3f7c9a
fsr1652,25,51d316d570e463ee
fsr1653,25,8e122c1adc2522ff
fsr1654,25,60fc1a26c76fcf21
fsr1656,25,bbcb3d6be2d372d3
fsr1657,25,c560c4eb4cf76f3a
fsr1658,25,0ee8f9c882cca2c8
fsr1659,25,d8ae7c08f69ba701
fsr1661,25,40b697319a07a6ce
fsr1663,121,01e0c54871682817
fsr1666,58,9707caf61497e86d
fsr1667,25,f4f185df9374a9fb
fsr1668,48,e74cbed2635fffaa
fsr1669,25,b34602f47474c594
fsr1672,25,a0c154edd41230b7
fsr1673,25,65deccce8c90dccc
fsr1674,25,27aecae4e5bf319e
fsr1675,25,1639e0ebc3e95ee1
fsr1676,25,6cf56ce124fb0a17
fsr1677,25,4327874cd2487ca0
fsr1678,32,f43830dabc6cf576
fsr1680,25,bd5f1cdaca62cd32
fsr1682,25,7626bbedf058dee9
fsr1683,58,181de01bba5d15ee
fsr1684,25,d4d5e2bc6644e565
fsr1685,25,d427adeea2dcd63b
fsr1688,25,27f7687740397d65
fsr1689,43,56ef647e730cbbec
fsr1690,25,4142bc5e604ba494
fsr1692,25,d2e4b4494b516947
fsr1693,25,85de242e3722cbb0
fsr1694,52,bcc051808c42f39b
fsr1695,31,faee518e100c1ee2
fsr1696,25,c3b655308760bf59
fsr1697,25,865ce3ab58dae2e5
fsr1698,55,9f6c55351e6f5e71
fsr1699,25,59a68146603b19df
fsr1700,93,22911342b230ed4b
fsr1701,25,de34170d9c7623ce
fsr1703,91,54101f023f04697e
fsr1705,25,fa32b16bd34f2bc3
fsr1709,25,30fdf3f35a5e1746
fsr1713,25,8bc6868a1dd9b558
fsr1714,25,e7642f17a4f17fa1
fsr1715,25,9cea38852343c60e
fsr1718,25,88c16fad023e04b0
fsr1719,25,c116cd2d09f72f46
fsr1720,25,f02cab6a66d7eebe
fsr1721,25,dec99212526b1462
fsr1725,53,5649c90349d75869
fsr1727,25,2a47b074ab01e603
fsr1728,25,3b337c02de9c4ed2
fsr1729,25,1407ad4060b3d0f3
fsr1732,25,883bb6c2749c3fa5
fsr1734,26,aff1c2980633ce94
fsr1735,114,11cad4c538af9443
fsr1736,25,ea9da1e38545b61c
fsr1737,25,25f80417b430d441
fsr1739,25,e053a0ebbd7ca2f7
fsr1740,25,837d3eeafd045fc4
fsr1744,67,7b772254e7fe1a5a
fsr1746,49,f71a0dfd5cc54f3f
fsr1748,25,c868be273c283325
fsr1749,25,f6e5bec4091ade74
fsr1750,199,1f2128e9b520381f
fsr1751,25,3cc984917288765b
fsr1754,25,ab8ca77d5bb2a4e5
fsr1755,85,3f7e195526f174cd
fsr1756,25,485d0205447878e6
fsr1757,25,cb5172281af0f93f
fsr1761,25,647d3bf8ce2b4c0c
fsr1763,25,33b1f4b534d3ef6a
fsr1766,25,0351b8b94216d943
fsr1767,25,618cbb040783fb94
fsr1769,25,9520cfefa3e5bdeb
fsr1772,97,f548037af34beed8
fsr1773,25,5768c4260694b9a3
fsr1774,25,3931e8f130eef12c
fsr1775,25,6a5d2857f66740c7
fsr1776,25,be4696458266015f
fsr1778,25,aa4a2507b6704838
fsr1782,25,b27fec01830ff351
fsr1785,101,3264baa718ec615b
fsr1786,25,fcefa6500b424897
g333602,25,e48b5d884747bb0d
g3cc10,25,84fb39ec5fc04ae3
g3cc11,50,b5bb98e69cf73c99
g3cc12,25,4a465f05f0a954cc
g3cc13,68,85800ab5ccb846ae
g3cc14,25,b3a527e05b6e5fc7
g3cc15,25,8b66deed7b7df8dc
g3cc16,25,fcca43b1b5205f9a
g3cc17,25,8c421fe0164299de
g3cc18,25,3e66395a5a17a3a2
g3cc19,25,a0b00250801e6216
g3cc20,25,c059814ef8ebe4b2
g3cc21,25,3e13c58c92508a18
g3cc22,25,f5b5b06ee02c11cf
g3cc23,25,2aeb69860114d926
g3cc24,25,4c3d9c7f25ddae81
g3cc25,25,0cadbe62cb855f1a
g3cc26,25,cea8950b55dacc20
g3cc27,25,01d2cddaff10b30d
g3cc28,25,5d62592271be83dd
g3cc29,25,3394b50cc22b2586
g3cc30,25,1b5b9b44871bab72
g3cc31,25,8f2b7f5c45908f3e
g3cc32,25,d7a2a94c57c55385
g3cc33,25,c5f4d1febf898041
g3cc34,62,cf494f6643da40c0
g3cc35,25,27bad449e297dd8f
g3cc36,25,43a3fadc119a16d6
g3cc37,25,5fb8ce2a8a6a8606
g3cc38,25,9727afb0db7950c3
g3cc39,25,baf64ad18a19faf6
g3cc40,25,e6997ecd46fd1902
g3cc41,46,b419e82884cdbb86
g3cc42,25,c1f4dcee93d46efc
g3cc43,33,7b5a143b241e3bef
g3cc44,25,0597587ae309409d
g3cc45,25,13293e2b31ecf4a8
g3cc46,25,5f44ca7cb0afb827
g3cc47,149,a466d8cc869569b2
g3cc48,25,44b78f0320c7a859
g3cc49,26,80e3207d95a0ce5a
g3cc5,25,fb8246dae24e7f0b
g3cc50,25,0a6cecebb85c253c
g3cc51,25,5e7ce390a1b7c466
g3cc52,25,f066fb24cb3f2ace
g3cc53,25,027ef93f676d9fae
g3cc54,25,53c3aa0b3d7afcb7
g3cc55,25,a0bef94d37c2f6d9
g3cc56,25,52dfeeb2bdfbc1d2
g3cc57,25,05e856f37f3221e2
g3cc58,142,712411a71fbd70be
g3cc59,25,b0ffaf5b744971d3
g3cc6,25,a06d0ef49a3a08af
g3cc60,25,03f8c7f84219dc1a
g3cc61,25,65dd6270b8a35fb9
g3cc62,70,c1073aea3701948f
g3cc63,93,c8f4119f33889c4c
g3cc64,25,bf4409ec3b87f772
g3cc65,25,434c67b03420b5af
g3cc66,25,d322966ff9947606
g3cc67,25,69948ddbc2db8bfc
g3cc68,25,cb60815b646aa9fc
g3cc69,87,3c28a19433b5a44b
g3cc7,25,a63f0627ae543881
g3cc70,25,665d42064d76d24f
g3cc71,35,c0430ae2b4edbc8b
g3cc72,25,a509ba1bc41f1895
g3cc73,25,5c98c80306e67948
g3cc8,25,5a9a102a6e1f1476
g3cc9,25,b0a1ff663b4a6a1d
g4545p006,45,aa86f3e5dcf99931
g76203,40,9b37c1bfd8c8b87f
g8035p072ircl,25,c45f881b8601eeaf
gaia1,843,f9ecec1dac02e22c
gaia2,76,5a89d7c48f282a3f
gaia5,50,db520daa83ce1744
gaia6,230,201b841dbea9d7ef
gaia7,31,9ccb809945dc9c78
gaia8,133,6d295214b3f2b5d7
geml,38,052fdc6e06185024
ggd17,52,48b461c1c285450a
ggd27,25,7504c3b792a4fd3b
ggd4,25,f21a5e577fd8b6e3
glimpse70,50,cf6815bd55b0a9f1
glimpse83,25,c62834ce9ba46f30
glimpsec01,25,de258bc54d8500c5
graham1,25,b42aa00dedae0748
grasdalen1,198,28fe3405cdc68439
gulliver10,117,7a489b9fc3931ae5
gulliver11,71,f2d81909182d2b62
gulliver12,107,399df9c68f4bce46
gulliver13,100,2f645dd5dcace003
gulliver14,65,6a7ba8a7fa76577c
gulliver15,228,c20bfb000168e535
gulliver16,100,dc70aaf952ace443
gulliver17,173,b2f1aca5580783bf
gulliver19,172,1b2de57ea19ed8a1
gulliver2,170,a10a38fe9c60a846
gulliver20,86,7208c5986d15f672
gulliver21,260,b7ac1c1cd7b8fc3f
gulliver22,103,0dc81a2a4dd6550f
gulliver23,375,a5444b6522d4c2a0
gulliver24,129,35771d8e45bc97e7
gulliver25,65,c8d425cd1b2b8ceb
gulliver26,92,88b99ca0a4931db5
gulliver28,71,f2afe6ca4ccfd590
gulliver29,282,5722ccc5830ad716
gulliver3,78,727860b0cfede066
gulliver30,70,0b324a72687f3a3c
gulliver31,104,7d248ce111a6b14d
gulliver32,66,5bccf8d2563d5d02
gulliver33,92,7a2500076c02b059
gulliver34,60,2f4f5d8158eee88a
gulliver35,77,c5d826e5081b5a94
gulliver36,141,c931500f30107146
gulliver37,102,493dafc158a9d2bf
gulliver38,146,8463518faa0ca3dc
gulliver39,101,9b7273d2a2be0361
gulliver4,128,b6cf67e2c9be8f5c
gulliver40,35,3f8166db0386d216
gulliver41,81,5f1f34a9f64fcef7
gulliver42,114,72683026006ebd06
gulliver43,140,de74d9a2d4206b1d
gulliver44,165,f819538481bebe01
gulliver45,86,2aaf1c0bff1899e2
gulliver47,91,944d1b17018f61f1
gulliver48,93,8a8b39f1810a64e5
gulliver49,244,5fc4505b8f25dc32
gulliver5,68,4323056b5a4327f3
gulliver50,76,4dcab17992e17ebd
gulliver51,73,6bfc508e8500b567
gulliver52,85,b4522c6029866399
gulliver53,64,afce6671d27e7d4b
gulliver54,60,09da4ccff8304ec7
gulliver55,69,28ad3837df4e3877
gulliver56,128,738728e6f9d99593
gulliver57,241,09f2ba09db5b7515
gulliver58,436,1db8c9221339cd08
gulliver59,91,36b57f381efdd367
gulliver60,367,5d84796b8c59421a
gulliver7,205,0e86e230f6b46ab0
gulliver9,287,940bccd788cb5537
gum25,100,9f99f592e76f96fc
gy117,25,c3ff9d33a8efa013
gy27,49,9587d81486b90d52
haffner10,449,caad09efb52dea17
haffner11,353,568ec42b261f6bd7
haffner13,484,90ab76b638897a71
haffner14,273,7755cf32e03bd418
haffner15,355,e8647d802cc4d619
haffner16,164,41834c0b87fefddc
haffner17,337,7d94bc52aaa0b225
haffner18,93,ddf2d7d46fc82608
haffner19,94,df8ff397ddec20ce
haffner20,130,e9f8811a4d39f031
haffner21,95,1237f1e6bbbb2abb
haffner22,492,01a2277bbbbe02a7
haffner23,125,fd95f18136c6e566
haffner24,25,c158128c568cf430
haffner25,25,7d6b043005bc5f7f
haffner26,140,69a8dec921479422
haffner3,219,36c7a909f7e89367
haffner4,143,dd6c055e15818317
haffner5,461,a4fe510bfd929fc9
haffner6,386,d42283eaa14d3fb6
haffner7,106,1b2e4b7089e5831d
haffner8,288,1445bc625ccd3619
haffner9,229,3ce86dfa2761d338
harvard10,286,1a96e288622a4dbf
harvard13,358,70fd516940031d16
harvard9,25,eae29365cd80a344
havlenmoffat1,84,743d3ee4d8895d7b
hd183300group,25,ebd41c1fc3008a61
hd226540group,42,40a74161ec16d298
hd277262group,25,af2abc439d6a4f2a
hd55709group,25,7937c51ef81322c3
hd88174group,27,8bc8d99be8be4793
herbig1,25,bd68c427e97e28fe
herschel1,189,0b0b0d38a818a271
hogg1,44,f5a6945a98ea5f31
hogg10,45,c979232462c2a7d8
hogg11,25,c77a9d8aa7c17bdb
hogg12,28,97b11f5de6653b7a
hogg13,25,ec7decefbe76fe5f
hogg14,25,fc3fce62901e6f8a
hogg16,25,ff287d16c8d22b52
hogg17,80,3fd0fe902fabb12b
hogg19,58,846f1841d683dc21
hogg2,25,8e908ef190b764f9
hogg20,25,812e9a56014a6cca
hogg21,133,797ced27f9a0203f
hogg22,71,a35fe2124239bd35
hogg23,25,b9acffd6e70cc90d
hogg3,25,f0d7d28d1705137c
hogg4,639,599a84e9a78f724f
hogg5,39,efcd79b06704755a
hogg6,25,5083f81ec17265ab
hogg7,25,965687747e4dd292
hogg8,31,d53ada7903e44bbb
hogg9,25,df4d28f0b92b5576
hsc10,25,a1e816e0e24cc47b
hsc100,52,694e4d66fb9b43e1
hsc1000,26,ae4a60a813c83138
hsc1001,37,2f8f74c81ff53fe6
hsc1002,25,0fce8b865afa4d51
hsc1003,45,171807ca13eb00e9
hsc1004,25,c2fb06f62257a16c
hsc1005,34,f7725dd846ed1cb8
hsc1006,25,ed8cf380d16caab9
hsc1007,26,3c2c21ba5762fd0b
hsc1008,25,3bb918bf93da485e
hsc101,25,d5387a935eb269dd
hsc1010,25,6a4e7439892cdf22
hsc1011,34,8e624c16044a125f
hsc1012,31,4694542398dc7edb
hsc1013,25,5505e85dea0cb910
hsc1014,44,f4b9bf11cb690d04
hsc1015,51,aebcd3f424dbcb3e
hsc1016,25,68a817d3b1f27fa1
hsc1018,25,f395964d27b9d4c8
hsc1019,53,9d71749ff6e81289
hsc1020,25,688f01e46763bfaf
hsc1021,36,d133dacdaf6cb550
hsc1022,25,9666ec70e6c14e9f
hsc1025,25,0158125d974b8d42
hsc1026,47,dabc16c7cd24295d
hsc1027,25,6416473df81aca42
hsc1028,25,409e5efb9f2c1fb7
hsc1029,25,f8bcc21bd29975ae
hsc103,25,a5f0d45c99a437f0
hsc1031,41,e7a73c5396d18641
hsc1032,25,676956b91c0d4687
hsc1034,25,3e80a701d5b33226
hsc1036,28,8d5003efbb801e1c
hsc1037,25,8386003bba0a12b1
hsc1039,25,7dc036e7c2375d9b
hsc1040,25,c474b987ef5a2bd6
hsc1041,25,aadebd5094431fa2
hsc1042,37,a62ce4960ae451ed
hsc1043,48,7f54b686555cd9f3
hsc1049,25,a2254030b9663fc3
hsc105,25,92f426f22bbda321
hsc1052,27,bada60bdd405c046
hsc1053,38,943c7222257abdce
hsc1054,25,c0e4522c362a69eb
hsc1055,49,48d3e5503b1f72a1
hsc1056,25,6c53c0827c0fd85a
hsc1057,54,dbe65202c1418315
hsc1059,25,5c10b0d1fc2b1271
hsc106,25,9965685bbc4f32ef
hsc1060,42,db1afc4a300c2b39
hsc1061,25,3a2ab6d16d411a5d
hsc1062,25,22dfe6256ea89f1d
hsc1063,28,b130da5703b95d62
hsc1064,28,e647ff6951bef8bd
hsc1065,40,5130d811bc05d216
hsc1066,69,a10ba5033742980f
hsc1067,25,5ebf00d54ae377e6
hsc1068,25,f68f872a504aecc7
hsc1069,57,2bfae172627f13c3
hsc1070,25,f323106be5b524bc
hsc1071,25,0f15f590f49acf7d
hsc1072,25,77483f6c00764233
hsc1073,25,534b1e42fc26b6ab
hsc1074,25,cc812dec77b2e08b
hsc1076,25,5c12e56552960f75
hsc1077,26,89c0d3a4d5117c86
hsc1078,25,af78d264d67c8db9
hsc1080,25,95f44731313b9896
hsc1081,25,3c57dc44dacede2d
hsc1082,46,53b05f1663e5d49c
hsc1083,37,6e8988c4551726c3
hsc1084,34,2c7ef44ac5c313fa
hsc1085,25,4000bc7f22ca8a8c
hsc1086,25,235e1ce16fcd9b78
hsc109,25,903f245a484b3ce4
hsc1090,25,19a9ab60d79dcf34
hsc1092,25,009df8a2c2f017ed
hsc1093,25,a4272c38254a175c
hsc1094,25,cf6e1032ac37d17a
hsc1097,91,e459ae325cd4ffab
hsc1099,60,7200b69ce2d5b570
hsc11,25,f08af72390db4146
hsc110,25,1766617bc60e0d12
hsc1101,64,43ce236312bedc46
hsc1102,25,036c23ef86d9750e
hsc1103,25,a7b3ee8babb99e8a
hsc1104,33,fd2f7daca66a06ef
hsc1105,25,c6ba2838e66aa9e8
hsc1106,43,8c52d449e930fb61
hsc1107,25,55b2f983aacf1766
hsc1108,25,df9ec5c00b9be714
hsc1109,32,1eefbf9dff9da30e
hsc1112,25,b6a7e5de34a81206
hsc1113,25,e4d7daced097ba9d
hsc1115,25,49f69a8d79ec9283
hsc1116,25,0d4e38a9024e5277
hsc1117,49,8b61fc22c5afea20
hsc1118,27,78b94e28ff3967ff
hsc1120,26,ab184a3dda0a4b98
hsc1122,25,933560af80e5d44e
hsc1125,25,48168d7c57dda5a6
hsc1127,25,3cf30bbfc729cf83
hsc1128,61,8c91dd27628f6edb
hsc113,25,b63012048fad8ad9
hsc1130,25,39446054caa4e064
hsc1131,46,f6152f07b4c479ed
hsc1133,25,7d9da3c77deb04d3
hsc1134,27,acb781d30f2fa65c
hsc1136,35,3a14fdefce3618ae
hsc1137,49,bbe966bdfa2edf54
hsc1139,25,abc6d47fd9f2810d
hsc1140,25,62ac3908b35f0de9
hsc1146,25,49bbbb1f76488a38
hsc1147,25,21d12747d3af4cb6
hsc1149,27,650011e2db10aa90
hsc115,25,ddde155e1e8e7903
hsc1150,25,2401aa74566c3981
hsc1152,25,9ec9a7f5af44f391
hsc1153,25,2ff2396356cd563f
hsc1155,46,7213f34e070a4e98
hsc1162,29,a783cc2537aa84d5
hsc1163,25,fbf52d7eebb44a0c
hsc1165,45,3382c562ddb34e2f
hsc1166,25,6c4fbe792a180e4d
hsc1168,25,25aa565909c27cd8
hsc1169,25,f7b55c95bd524477
hsc1170,25,4ee4c90efb0a4875
hsc1173,25,96a304ab73278172
hsc1175,25,6d61862a4a6974dd
hsc1176,25,2d4cde5a5d3de5c1
hsc1177,25,0436ad8ccf782f8b
hsc1178,45,fef8add4f107f7b5
hsc1179,25,869f7c661d739fa8
hsc118,34,8444899c4cbdfabd
hsc1180,25,6203e8dc7801856a
hsc1181,25,987e4f965c06679f
hsc1184,25,ee4e1830171dd1bb
hsc1185,25,0fdf2fc8a9ce626d
hsc1186,25,51e566f17c67710b
hsc1188,25,3dba0b59f8141def
hsc1189,25,149c72a6d08249c2
hsc1190,25,55ab87ead5782af0
hsc1192,25,5457989fcdd096cc
hsc1194,25,f3122295df00795e
hsc1195,25,b890ce2a0b11364b
hsc1196,25,dfbfcce4c7ba324d
hsc1197,25,d11144caededb77a
hsc1198,26,4edcbde940fac729
hsc12,25,bbf99520876cd64a
hsc120,25,6288576121bdee71
hsc1201,25,b39a991fe460b211
hsc1202,25,5bc26dd5de8ded01
hsc1203,25,9a0692a872dde8af
hsc1204,25,196fe39c5a231640
hsc1206,26,5b1e8c346f926799
hsc1210,25,2aaba0c8d118420c
hsc1213,56,01ab52dbe23c466e
hsc1217,28,15968754605cd8e8
hsc1219,52,4c68284bcbbaf5a9
hsc1220,25,8391f6e722087569
hsc1222,25,892e4e82236f7fe8
hsc1223,25,7f2ca620882625d5
hsc1225,26,a4b30118ab6f26a6
hsc1226,25,312cda5b2a360996
hsc1228,25,eba9ecc50a9b011e
hsc1229,39,dba1db9d142edb40
hsc1230,25,9fd91085ddb555c1
hsc1231,25,2c5af4112c536210
hsc1232,28,3e74fdbe4e414434
hsc1233,25,48844e6c08bb77c2
hsc1234,25,e518ee52b81a086a
hsc1235,25,621532985890f880
hsc1238,25,49f3e7f7fa5478ae
hsc1239,25,65247a51e9aac260
hsc1240,25,9bf538d70da14cd5
hsc1242,96,355d3024879b5c2a
hsc1243,25,b1047bbeaddda1ed
hsc1245,25,64ac502086bd0bf4
hsc1246,57,a207b7d99a9b2080
hsc1248,35,d60cf5ed4556c6e6
hsc1249,25,ddd324053dd43411
hsc125,25,3d2f82982e6039df
hsc1252,25,d5de367233e54bd6
hsc1253,25,e4a456de2bc3939b
hsc1254,25,8f7587883f0562ad
hsc1255,25,e4fc599853e0243d
hsc1256,25,36d2bb5239efee3f
hsc1257,25,041fd7fddcd6020c
hsc1258,31,d91e27e277faed9e
hsc1259,25,13fccb32982fb5dc
hsc1260,27,be12dbd72e1c5a52
hsc1266,25,37b31867d3ddedcc
hsc1268,25,3eaa57267f7f3fce
hsc127,25,d05c747d656d5509
hsc1270,25,1b2eaae373dac7f7
hsc1271,25,7cfc145e0093805a
hsc1272,26,7b58005ffa6be91e
hsc1273,25,99c6a512d1d2cb2f
hsc1274,42,903c623036815640
hsc1279,25,e78918e9c3373b9a
hsc1282,50,be397614ed5136a5
hsc1283,25,48fff952afa601b8
hsc1286,77,dd0405cbf3e27b38
hsc1289,31,d3c01532c0b4b508
hsc129,31,d7ed51ab337b1a28
hsc1291,25,8017556897d8b012
hsc1292,25,fe117c1530977a37
hsc1294,25,3b5d9a9e6e7e1c90
hsc1297,42,a3bcc916bedb4fa4
hsc1298,25,2fb9a5dbbaa8b791
hsc1299,36,59f9ab0123b24ce7
hsc13,27,ae72e0158ad1d36f
hsc1300,69,1821fa206dd9bf5f
hsc1304,25,d567888c0efd7f05
hsc1306,63,c3ab9163d17cdb64
hsc1308,25,42ef2f7d4fb90751
hsc131,38,5484fa4a5fc283c9
hsc1311,25,4bac040c7f20fdfb
hsc1312,26,4be8ddbc8459fa5e
hsc1313,26,b1a5892fc736d5dc
hsc1315,25,873487a2d316d434
hsc1320,25,85678943feb76ed2
hsc1321,25,3c82112b6db686bb
hsc1322,42,194b9fbc10078063
hsc1323,25,0e1368fc9f8f4e24
hsc1324,25,6dc2e1a9275e2666
hsc1328,25,d88ae745f2d4554c
hsc1329,117,b2cf84204acc2ecd
hsc133,25,9820497f3461f085
hsc1330,25,690ab0fa233d2459
hsc1331,25,f4feb08137340151
hsc1332,25,b018275915c97ac3
hsc1333,25,278ffa774eaab2c3
hsc1334,28,cfb9c29b8ccca19a
hsc1341,25,2bed51b8936956ba
hsc1342,41,e0c8fbeb347ecaf3
hsc1343,25,a2f7eb43e99e5ea4
hsc1344,25,140cd0d0b5e609b0
hsc1346,25,153af4aa8f7de510
hsc1347,25,70ec32d7715efab7
hsc1348,25,8840ea5ba7b4a698
hsc135,68,13b90659766cd081
hsc1350,25,4cb7b0b3531bc840
hsc1353,25,68195f7de1c5624a
hsc1355,25,71a64d7f09a1d565
hsc1359,35,580e7ac4380d3f62
hsc1360,78,165756e3eec224c4
hsc1361,25,471fca6ee9c15f39
hsc1362,55,a97c3bdcfcd98729
hsc1364,25,e4f2e18d798287d2
hsc1365,25,f25029204a8b4495
hsc1366,25,3db7fb7e80f57edc
hsc1367,25,fdff9b06562d5cad
hsc1369,25,acaa37e0f577aa90
hsc137,25,27b6d12640587542
hsc1370,25,b0a7199a592abca9
hsc1375,25,885938ceb9cecd5a
hsc1377,26,28c9a526b34b8353
hsc1378,33,77287d45ff64a452
hsc138,25,4cf9211bf1d241c7
hsc1380,45,8218681bfb8445f6
hsc1381,25,16cb1e6847dc9950
hsc1385,25,1f232765272fce3e
hsc1386,51,9d4be02a6a94f3d1
hsc1387,25,d7a23fa4cb5cc94d
hsc1388,33,3e8605be25e4c41d
hsc1389,26,c8f92a7c47b842ed
hsc139,25,618649224da13255
hsc1390,25,e22626a1a3846ede
hsc1392,25,6d9cb347f489b428
hsc1394,25,dc0e5eea011bd182
hsc1395,25,4a85aa187673f89c
hsc1398,25,2cc35a285909d1bd
hsc1399,25,f4960430fcf39856
hsc14,42,400d7e3a6d7cee0f
hsc140,25,84a0839e4f2c1e30
hsc1400,25,ef48929b4aca75c1
hsc1401,25,dfcb21f3a3ae8d26
hsc1402,25,fa54171c554549e0
hsc1404,25,406ac17f656b7454
hsc1407,25,958858ce4f3750d2
hsc1408,45,bed01750060993b7
hsc1409,25,7977d301a247b00a
hsc1410,25,c119bd8f6437d084
hsc1411,25,d24a3b990a00d0fb
hsc1413,47,a1611b33cf956f16
hsc1414,28,0d9cab2658e6125e
hsc1416,31,a6af823f88797477
hsc1417,25,c84e626802e4becd
hsc1418,25,398048579a9a125e
hsc1419,27,b6071ca50ebe0382
hsc142,25,20d2ead8a1733752
hsc1421,25,bfc46059d0cb0776
hsc1425,83,00d7b83d9a767260
hsc1427,25,c0c03ae7d4a27720
hsc143,39,6e2ddb8eaf42b4ac
hsc1430,25,2128e851bb7815e9
hsc1431,25,b621e5052420d70a
hsc1432,25,939832642b407208
hsc1433,25,066c5508d2f96b56
hsc1435,42,1622c8ab87fb7694
hsc1436,25,67f385059e997bef
hsc1437,25,8517ad857560be8d
hsc1439,25,92073f1c9a5a5e62
hsc144,25,dcd96e87c3985697
hsc1440,25,12b99559908f7ec8
hsc1441,25,014896da3316e25f
hsc1442,50,73191e5b1f4252fc
hsc1443,25,f3b4984a877ddc4a
hsc1446,26,bcb6ff707be11d27
hsc1449,25,682abe6ea93d7e34
hsc145,28,6aa2cecf11d87ead
hsc1450,53,e9a67bb3bd6b766b
hsc1453,25,c86fd0e08ed62451
hsc1455,25,33c49cecc5e8e24f
hsc1456,25,3963f9a87654b781
hsc1457,25,f39c73c06e7ed926
hsc1458,25,1d8eff57898cf0b9
hsc1459,25,8332b9d3bfbe0e40
hsc1460,25,c4f28205847dfa98
hsc1462,25,6b75e49b8fa70777
hsc1463,35,43d8bf8aec0bec4f
hsc1465,25,3f5b476ff66bf79b
hsc1466,25,f27a0668c0b1a9e1
hsc1467,25,f490cab3f14679a7
hsc1468,25,dd4d9c5bedf91be8
hsc1469,26,4d0560689d8d54eb
hsc147,25,3f0f359dbd462eb0
hsc1470,25,60b1a38ebc1ee5be
hsc1471,34,05e8b2a3003836c4
hsc1472,25,ecde8dddefbef422
hsc1473,25,08b9f4df087d9643
hsc1476,37,ec129547fdfea8e6
hsc1477,32,e3fa48b6855db701
hsc1479,25,2541e22cff7a291f
hsc1480,40,74a7d001dc149093
hsc1481,26,e02e33c8b3fe6ba9
hsc1482,50,564723779b9a212a
hsc1486,33,0263ff611c6f0e48
hsc1487,26,fa036d86d8d83be6
hsc1489,25,d95156bdb0a882de
hsc1490,25,ebf6edcb5b83f323
hsc1492,25,2e2f5f8cc413943c
hsc1493,25,8bec93e9841c5788
hsc1495,28,9d786811928a300c
hsc1496,25,af991c47e72fc14e
hsc15,25,db320b72c3e0f08f
hsc1500,25,2a93d907fba7fff2
hsc1503,28,4a08c9fc93c6df92
hsc1507,25,4465b56558971aed
hsc1509,25,26bf000ad0185c05
hsc151,25,d601f96ad883a756
hsc1511,25,ee761d4167c6b544
hsc1512,25,f7d4a29fd245f68b
hsc1513,37,aa66441e1ccff714
hsc1515,25,b43a5e42052e81c6
hsc1516,25,928fd93a03031120
hsc1517,25,05aad73997933059
hsc1518,25,e47acf367a8c4c46
hsc152,31,6010c73054bcd369
hsc1520,42,34b31e9c6bd05f4e
hsc1521,25,08771e2eb5846251
hsc1522,25,86f9f47474d4c7f1
hsc1523,25,04f3fa8f7cc98d85
hsc1524,25,0a357da06cabe965
hsc1527,25,1f204e12432845a1
hsc1528,25,9b18acacb24303f8
hsc153,25,1fc0eaae63b4556c
hsc1530,25,5b40f6c018224e1a
hsc1531,25,6537c6446cc61333
hsc1532,41,e3fae168e1569ee5
hsc1534,25,2ad6dbd5abfc5839
hsc1535,25,7190aee01ef89049
hsc1536,25,368766de3dec76b5
hsc1537,25,7a745634a9390e58
hsc1538,34,fd5c64d133a8d4b3
hsc1539,34,d01569da3cfb3647
hsc1540,44,ed196e1fa47bdf4d
hsc1542,25,90ef866d5459c5bb
hsc1544,26,640a879370b0aa64
hsc1545,25,3a9ce9144c5d4aa7
hsc1546,25,f4f9a18d486ef58f
hsc1548,45,f6ca8224a2e798ef
hsc155,25,7107564b7bf92382
hsc1550,25,26c193fb8ab28f4a
hsc1551,25,d16c36f887087bee
hsc1552,35,200c4b586f6b6bb2
hsc1555,73,7f8e87aad6683c39
hsc1556,25,07968d733817c564
hsc1557,25,d16bdcea93205af3
hsc1559,27,d650684511869a7e
hsc156,31,57bff954fc94a732
hsc1560,25,a0a6c5e3f9838b00
hsc1561,26,32052d116a5fcf9c
hsc1564,25,6507dd4ae7ff098c
hsc1565,25,54980eed9b418c2d
hsc1566,25,eeb5ca22297d1bfe
hsc1567,25,723fbdab5cb4a1c0
hsc157,25,d3537dde06408b38
hsc1570,25,bd57f7c0c6fa5e7e
hsc1571,35,dcad5b27af3eb60b
hsc1572,25,a2a6d1b1f61332a7
hsc1573,27,88d47f8cb7ba73ab
hsc1575,25,d03810ecb3e46dd7
hsc1576,25,5e8293bc3fa26679
hsc1577,25,db59ffbd46274fe0
hsc1579,25,0940ac42c9d773ae
hsc158,36,3bff498c7f4fb5f4
hsc1580,25,d3b50110127ef9ca
hsc1581,25,8facf976b400aef8
hsc1582,25,41ec5b12551c1fa0
hsc1583,65,85c19defa8657a1f
hsc1585,25,18d330c60e255e01
hsc1587,25,7f87688448fe70ec
hsc1588,25,1009c57d688116e8
hsc159,25,e75650065b5d7bdd
hsc1590,25,8dda84ef3dbe4d03
hsc1594,25,844ab3ba04f995a4
hsc1595,25,3507cecba71df1fc
hsc1598,53,94b677b80d5784a7
hsc1599,25,7f5d359df796ba82
hsc16,25,10c4fa19e0425939
hsc160,25,7cc76ba0c428623f
hsc1600,25,5713699ce1758e43
hsc1601,25,3e3fea69f874f697
hsc1603,25,8ad3d2e7f979f117
hsc1605,25,716a6f7955a36df3
hsc1608,25,d5ab664cbcc5988a
hsc1610,25,1e489a86a4e6b62a
hsc1611,25,b7c5c7fbbfb4a41f
hsc1612,25,0c57bcbee879ce71
hsc1613,31,f6944e3bf895fe2d
hsc1614,25,15473f78d2fcb946
hsc1615,25,663f5088fc4f57bf
hsc1618,25,898aac22d393d6f7
hsc1619,25,91a9d0b63f9ae4d5
hsc162,25,fd7179aa70af9198
hsc1622,25,147952e6347a3321
hsc1623,47,2bdb0eddf37078d6
hsc1624,25,b36a6ab52c50282b
hsc1625,27,d6fe5fa3a3969c3f
hsc1627,25,c051cdf295be5778
hsc1630,95,b93730d4fb10061a
hsc1631,25,e95b928b03b3956a
hsc1634,30,c75c9dfd5d5af82d
hsc1635,52,b426dcd121b276fb
hsc1636,25,590649931f71c3d5
hsc1637,50,870edf34c5fb6a25
hsc164,25,9680923a7b122929
hsc1640,27,97e715c6133670a4
hsc1641,25,38e934952ab283f2
hsc1643,53,f38bcdfdaf119f4e
hsc1644,26,b75df2135a127e5a
hsc1645,25,e29d73cedf545ea7
hsc1647,25,a2c8ac4033028b12
hsc1649,25,cece5629306ee4f9
hsc1651,25,548043ce71c26553
hsc1652,49,907a809252e42370
hsc1653,30,1b7fd9fc50621200
hsc1654,45,075878ddbac42271
hsc1655,25,89606f134672beac
hsc1656,25,b0a59a1ee48f25f8
hsc1657,25,8b72b6a6cd19fdfd
hsc1658,25,d6e014d0c69fdbef
hsc166,25,a339fba87dcaef5e
hsc1660,26,05fd56e04ae5e456
hsc1663,25,c2d3197046785334
hsc1664,25,2f117d05e6cc2098
hsc1665,142,0fbe525dca343baa
hsc1666,41,73d16323818db388
hsc1667,25,728d95dc4706811e
hsc1668,43,6e8adb846ed9737b
hsc1670,26,4758b6a48212b9ae
hsc1671,32,6f63e5183cbc8208
hsc1672,25,8afb48a7af34d59a
hsc1673,25,81990090a9479662
hsc1674,25,ed7b058ea4e68542
hsc1675,25,d1ce7921153cab1e
hsc1676,25,80ec8c83eadd79d6
hsc1677,26,fc76d59de62c35f1
hsc1678,26,ef3d013389c4f27e
hsc1679,25,e4fcc8df5df6f199
hsc1680,30,90bfa24dcf1efcc4
hsc1681,25,8997aac645d85a80
hsc1683,25,bee1ac0433e51753
hsc1684,25,362ee528a1477ce7
hsc1685,25,71baad0023ec0850
hsc1686,25,20081308ef9d4207
hsc1687,25,4702dc7ebc2f36cd
hsc1688,25,98b57445aa516af7
hsc1689,25,ff4aa1029e55c38f
hsc1690,57,7c631c5a1cacf162
hsc1691,40,1d1ba5dcca0d93b1
hsc1692,26,dde26118c0e45790
hsc1693,27,64c32859851003c1
hsc1697,30,7bdafca9c89ffb83
hsc1698,25,73d543aacc90b913
hsc1699,25,f3e23f3d8b15651d
hsc17,25,69dddc7c5aa0cc38
hsc170,25,c341624ae73f88d4
hsc1700,26,b29e1036877bbc1c
hsc1701,25,e05c236705d7faee
hsc1704,40,05666bc7e14be409
hsc1706,49,c8f7661a06d40394
hsc1707,25,3ead3c2dde85528a
hsc1708,25,e381baa6bd29b0b6
hsc1709,25,d5b3b61dbd3bf3b3
hsc171,27,3f8e849e3b0c8386
hsc1710,25,2674ca4a6c69fdde
hsc1714,51,88beac35276dbefa
hsc1715,26,1343cf08fc9bd45b
hsc1716,25,da8f04feca25e63c
hsc1719,26,fc4139bdaf71ca12
hsc172,25,c8799ed28c05e853
hsc1720,25,74186db77255a714
hsc1721,25,38eb117fe7723a57
hsc1722,45,af907a7446d3190a
hsc1724,25,d636d4e6fd19600e
hsc1725,61,b6acca89a9d30f8e
hsc1726,43,0c0ed5e14590bc5d
hsc1727,25,6287de5ad66e29f9
hsc1728,72,5d62346c61e56a0c
hsc1729,25,008ad2aeac0d7976
hsc1730,25,559a0b3cf316012f
hsc1731,62,5bbf08d659bc4f54
hsc1732,29,39ae89ef84086980
hsc1734,25,4e3f61cb31752a5c
hsc1735,25,d561f904c6142186
hsc1738,25,705213fb74188e36
hsc1739,25,d0725c8aa4c39019
hsc174,27,bb6df4577061028a
hsc1742,29,25a3c790fbdb3889
hsc1744,25,1488b4476dd8d628
hsc1745,62,811de15196433994
hsc1747,25,4353e975cada29e4
hsc1749,27,956308fa808a08cf
hsc175,165,526b6349d0108348
hsc1750,59,45c933c30f854a64
hsc1751,26,ae81cae9ecb767c4
hsc1753,28,344d2a8d6a221fd4
hsc1754,48,6883b67bb1759f9b
hsc1755,25,0ca12bcfb82796f7
hsc1756,25,17e43eaefcffaf0b
hsc1759,25,e825182a00a18163
hsc176,25,3afc5a2060a19c4b
hsc1760,25,f2d0038bf44de942
hsc1761,44,c0eeac68c9bde905
hsc1762,25,873e6fe877f72189
hsc1764,25,d7987a81a82e5d6b
hsc1765,38,ed75b8a9252e7666
hsc1766,25,52bd5c08385ac46b
hsc1769,25,d6fba600c5f80b62
hsc177,25,f0f19d09b3565bce
hsc1770,71,8262c136738bb952
hsc1771,32,03669e57025d10b4
hsc1772,47,8df0c439ba602aec
hsc1773,25,d66ef57f420f13d2
hsc1774,25,a748e1eca820117e
hsc1775,25,754241f6dd3f588e
hsc1776,25,3c22c1103b03cfd3
hsc1782,25,3a4c4408c89cae28
hsc1783,39,833cafddd27287c1
hsc1785,25,ec7dc11637706158
hsc1786,42,494040a56bb05759
hsc1788,25,00da3b138d324d1f
hsc1789,41,87c5a04e03d9b2c3
hsc179,25,f7b13c1f9fdf7c39
hsc1790,25,033ab014d04fc438
hsc1791,25,c35b2c2707fd5842
hsc1793,46,8b84ff86f62a004e
hsc1794,25,e5533d1ceb385f80
hsc1797,25,bb78590600d8ea2b
hsc1798,25,d9d2905cf7707ee1
hsc1799,25,0e88473c8fcc4832
hsc18,25,d365c713e7e3c315
hsc180,25,63e36e68e142585b
hsc1806,25,4b07ba756f70d812
hsc1807,25,cd672c9732c8e899
hsc1808,25,3aec7d592be7ff25
hsc1809,25,777d9d0297be99e9
hsc181,37,e9b2475a2946f5bc
hsc1810,25,dcfd9d386ab10ac3
hsc1812,25,33397c184dcda59f
hsc1814,25,e843a5aebb49bcb8
hsc1816,25,a3fee344c899f6f8
hsc1817,25,7f866e7900150940
hsc1818,25,6f621df1faf2f485
hsc1820,25,33511d08bdcfff33
hsc1822,25,e32b5847586249ac
hsc1823,25,c77c104ca75738a6
hsc1824,41,0bcf2ac4c5687073
hsc1825,42,559713f1ec842697
hsc1826,41,233e0857e08982b9
hsc1827,25,8b706e44f747d0a8
hsc1828,25,da45d07ee8d5a7d9
hsc183,27,42ee05f809008799
hsc1830,25,acb393a499a01001
hsc1831,26,37da64352cd1d37a
hsc1832,25,3f29202732b237e0
hsc1833,25,5299fe038765602b
hsc1834,25,b2d31a67f4276e44
hsc1835,36,7313430ab0ab3e0c
hsc1836,25,c126d0b3125872ef
hsc1838,58,e9f3a4a7865afe71
hsc1839,25,82d63ee2f4fffb9b
hsc184,25,390955838bde61f7
hsc1840,25,0fc37e29f12d549e
hsc1841,25,0c5731d4db855c74
hsc1842,25,d0b269dd5ea83a31
hsc1843,44,02f87da7e08604b6
hsc1844,25,0c594353e7b58aba
hsc1845,27,880688c170d8659c
hsc1846,25,e2e69e04e2d4ee93
hsc1847,25,b6eefb63537ae4a1
hsc1849,26,8f08e7cb7a6929a0
hsc1850,47,e05d383915aff58d
hsc1851,27,2a046253d76b1204
hsc1852,41,aba063d295bb160b
hsc1853,26,d25bb4b713637ed9
hsc1854,25,718b54a97ec0ae8a
hsc1855,25,3ff2179794a6c695
hsc1856,34,4de5b5ef2de57568
hsc1857,25,ef5bdad89bc2a518
hsc1858,30,8b8f4ff63e0ae881
hsc1859,25,da479a92e533ffa3
hsc186,42,c410304f401018ab
hsc1860,71,c91a7a766d906174
hsc1861,25,5177d59e9424b529
hsc1863,25,7c7515e4484fe3af
hsc1864,25,85dd27e1a80e6139
hsc1866,25,0cabd3bcb205499a
hsc1867,25,af9541a24ba4f535
hsc1869,25,79ad05846f6a0f65
hsc187,31,c9adf0975e45e523
hsc1870,28,b963a91c1751687e
hsc1871,28,be9ed06b4ae4bc8f
hsc1872,43,083e55954a6142c6
hsc1874,25,fa49f99c476c84d8
hsc1875,25,812c47bd9b84443e
hsc1877,25,36656c41f869372a
hsc188,26,23bbfcaecd7eef0b
hsc1880,59,481092bec44fed4b
hsc1881,25,f522b2fe5ffd194d
hsc1884,26,6ddaf110d777f4a8
hsc1886,43,fea8bffd546f5258
hsc1887,40,1e97daa722545696
hsc1889,30,05fed0427d81884b
hsc189,25,16cdacba968069f5
hsc1892,33,d1e1ce86403f09e0
hsc1893,27,69a3ac6dc43f73e0
hsc1894,39,cb88e93369ab1ab4
hsc1897,64,29fb3dbafc05c447
hsc19,25,2f2e86967394237c
hsc190,25,9a440a4c45272ec4
hsc1900,30,7dccf3e68f13944b
hsc1902,50,8ef9146d61ed7978
hsc1903,25,5a1ae7771279892f
hsc1904,25,acd4b4ad9199d62b
hsc1905,25,d823ca7e324344aa
hsc1906,26,7f845fbcae3351cf
hsc1907,25,964ab1693e752f9f
hsc1908,25,fd434ccf2ef6cd1c
hsc191,25,145d50fd2ff5e79f
hsc1910,33,3ebab9a495bf3c27
hsc1911,25,d3d81f1a3cdc85ed
hsc1912,25,e82be11814b4c5a8
hsc1914,25,5076010da55e4a93
hsc1915,25,e7059ef675432299
hsc1916,66,da72e0e62826212a
hsc1917,25,af69b0844bfcec3b
hsc1918,25,01db180fa62c4c77
hsc1919,25,32a43a96ef1e8810
hsc192,25,a3e585a79ca05bef
hsc1921,26,e6475a0d78ddac64
hsc1922,29,3ee84a3809998661
hsc1924,25,775f5274465786e3
hsc1925,25,cadeaddffef3656c
hsc1926,43,f983b342b66acda6
hsc1927,26,136bf46215e45703
hsc193,25,04f1ae7b80e54269
hsc1931,42,ff5823930e3371c0
hsc1932,25,b96162ae74eb356f
hsc1933,28,2de4e1812324a1a2
hsc1934,25,568f3a9b32fff3d3
hsc1935,49,4a64faaea73cfa8f
hsc1936,25,d7f9ee00e77c838d
hsc1937,25,f566b6ea987ab63f
hsc1938,25,2135d83298d01f51
hsc194,25,9d588214b64fe4e5
hsc1941,26,b096595a98a77369
hsc1942,25,e70a099ef8beccf1
hsc1943,36,bc9f2866e197cafe
hsc1945,25,32d0afd3506009ae
hsc1946,25,e87b3a2dfec5e3d2
hsc1947,25,36e081293ea54bf1
hsc1949,25,895e59d8dbb913a8
hsc195,25,e7ab178fcd3ffe22
hsc1950,25,525769e19507e545
hsc1952,25,5e22a06228fc921f
hsc1954,27,4871ded019439c42
hsc1957,33,c70b814081b49a60
hsc1958,26,7382460a34112cc0
hsc196,25,0d057c514312775b
hsc1960,25,3d8a95995c123198
hsc1961,67,8ffa1a2406056c9e
hsc1962,29,039cfae1e2cbdb3b
hsc1963,56,28061c0532df62c4
hsc1965,26,ef8eb6eb9b863f01
hsc1967,25,83dbe2426a3ca34d
hsc1969,42,721dd230bf7af7fb
hsc197,25,beb021ab33496578
hsc1970,25,59887618ded37a84
hsc1971,25,89d63441e67d8389
hsc1973,25,5ee3505b3be9e7f2
hsc1974,25,c5bdce5bc6cb2476
hsc1975,25,46ff720531391690
hsc1976,25,a2e69a40df85bdd7
hsc1977,25,92d0a01402337cb9
hsc1979,25,16e54cbe5e26cc43
hsc198,93,b6ffe7e4ea3478b0
hsc1980,25,fada0c21abe6c0e5
hsc1983,31,c3214d64e8aeaa3a
hsc1984,25,2b924f48234bfa22
hsc1985,25,e2f6dc3978daa0ce
hsc1987,25,ec2ff2e329aab2f2
hsc1988,25,e755b3280b5941f1
hsc1989,25,31daf3dd2971ea78
hsc1990,30,59cee0760deb1a8f
hsc1991,25,b43a1f04a8d3f275
hsc1993,25,f5dad3e660eb68c0
hsc1994,25,64eac2b0d8435e1b
hsc1997,25,1dd3e0124271827e
hsc1998,31,eea67ab7bad8b4a7
hsc1999,55,6424f8388aecf87f
hsc2,25,2c0c72080caabf5f
hsc20,25,b57dd4af34602a71
hsc200,25,ddae6815f6f81156
hsc2001,25,476046ba5ceade71
hsc2002,25,f19c6a76307e45eb
hsc2003,25,872004aadc91a175
hsc2005,25,897f978670502ef8
hsc2007,25,c08d4f813cf6638f
hsc2009,25,81260c2b85c56ab5
hsc201,25,7f094140be2b11f9
hsc2010,25,5751652793b793d9
hsc2011,25,907d0c7a38d120e4
hsc2012,30,47202d373ee34315
hsc2013,26,0df6da0431b07c30
hsc2014,25,5e37ab1dc757c668
hsc2015,38,2e0e685972e12b78
hsc2016,39,cac1a3b8713a4cab
hsc2017,46,ba9dc0e7c3af2960
hsc2018,31,2b4741596a8026fb
hsc2019,46,c1e4993bb3f22c77
hsc202,25,8cef2de11d121895
hsc2020,27,f20c1b3e714a4409
hsc2021,25,f45f9cf7af69b367
hsc2022,25,ff91d74f653ebd23
hsc2023,25,a57b097e8af2139e
hsc2025,25,c2ae9ea136df3e6e
hsc2026,25,bd2f2c685a30310b
hsc2027,47,4f95d3dec6bb3e73
hsc2028,25,0eba407823c7cc6d
hsc2030,25,21dfda5f6bb521cd
hsc2031,39,9072ee85401ba52c
hsc2032,26,7d2d1e3b5cb0acfa
hsc2033,25,fbc86227e5cc74ca
hsc2034,25,7bfae87fdfe833b8
hsc2037,25,3dd3b8d4d5a9c9a1
hsc2038,25,4d889893f8995bc4
hsc2039,25,a8b10b0ba512837a
hsc204,25,62bcfe20b9daebba
hsc2040,31,5e01f3147e09259d
hsc2041,39,7997520fb47cad55
hsc2042,36,e32ba9cefee2bedd
hsc2045,25,93f86b7e7e2f4f4d
hsc2046,35,8ee9859b22fa3104
hsc205,25,4ea1ee15960ea70e
hsc2050,25,0bab68262bc8b573
hsc2052,25,7e474446f6a40b0b
hsc2053,26,e841ebb0d60c668c
hsc2054,25,0fc1f8f4e4f143c4
hsc2055,25,b10b6065f49c5f2a
hsc2056,49,ff51b1a91e71d41b
hsc2057,25,3ab8730eee7bc0f1
hsc2058,25,539d69a06ed4a4b3
hsc2059,25,574d3fc9ae4f0a94
hsc2060,26,43ae575efd0955a0
hsc2061,25,f2bfe0d34eb58289
hsc2063,25,17bf85457be5e750
hsc2064,25,93d6d5063171a157
hsc2066,25,25d218636d034a47
hsc2068,25,00eb0e91c1648727
hsc207,25,8752faf0edaa31eb
hsc2071,25,ca61ecf065e5e0d7
hsc2072,41,fd98cfda9692ef68
hsc2073,48,ee0a188cdad6345a
hsc2075,40,d2ae2442f1ee4c02
hsc2076,26,3838b4fe76d35dc7
hsc2077,25,b79b9b7db6a2ec0c
hsc2078,25,d7695eb6d8a8d567
hsc208,25,6f4d4fdc88b96efa
hsc2080,25,9b8179d9a97815eb
hsc2081,28,31ea2d05ec502352
hsc2082,69,f9b2d94fa8235c2f
hsc2083,30,4246285314f2782e
hsc2084,91,6ddc055276ab53f3
hsc2085,29,950fb8aaa2ef7850
hsc2086,25,e4aa693374b8840b
hsc2089,36,6de8057498c679ff
hsc2090,25,18e16d9e764eb276
hsc2091,34,6bda8e93c11ec9b4
hsc2092,25,d8756ace244c9811
hsc2093,25,6863f9e009139d99
hsc2094,43,a2f43924396e4dbf
hsc2095,25,50aa7e60ab18941d
hsc2096,25,4bcb4dbb6055cb9b
hsc2097,47,89f250ec1bab6b2a
hsc2099,25,34cf18871e501627
hsc2100,25,7acdac58b84e87e2
hsc2102,39,6980ef64e2b2119a
hsc2103,25,ab22899321c20114
hsc2104,25,4ede9d056bfa6ce7
hsc2105,25,4562ea5312269103
hsc2107,25,0f4f57292b1ca23b
hsc2110,126,c3b662f90f703b04
hsc2112,59,3de3ac11f27e5df3
hsc2113,25,061d187e0dab711a
hsc2114,25,489412b50b2c8d78
hsc2115,60,9c4def364a6b8932
hsc2116,55,5f164c487500bfd5
hsc2118,25,5d5fd48c9b5be2d6
hsc2119,27,803571447da6aeab
hsc212,25,e64221b16a15f7cb
hsc2120,25,59dc121855af067c
hsc2123,25,e32a0424ee8b9287
hsc2125,25,bb6eff7a419d314a
hsc2126,26,0a1eb5c72a16c07e
hsc2127,25,dcab228dfdf4a81f
hsc2128,36,bd5688b4619bb09a
hsc2129,25,e346d01b3dfdcfb9
hsc213,25,eb15fadab65f1cae
hsc2130,26,b5f1c8828dab248d
hsc2132,25,abbfd1b79cdf4ffe
hsc2133,25,dc65671daed7c671
hsc2134,25,46d8f36083c62e60
hsc2135,43,273bec21d5489ca9
hsc2136,25,6e6995c0ab10ceb4
hsc2137,25,e83108e17270b17f
hsc2139,54,8bfe90cf09cf5f50
hsc214,25,6863fedcb0281f1f
hsc2140,25,177585e6b3698091
hsc2141,106,8b7169188b62e710
hsc2142,25,b6d87ec74c3cbae8
hsc2143,25,c3d857bc6cbb73f1
hsc2144,37,211efa4d2ef432d6
hsc2145,25,71011bba84f0f648
hsc2147,25,6b46fb02b2e52153
hsc2148,25,058261f8ae5d84c2
hsc2149,25,4469a301426cba6e
hsc215,25,9dc518fa800575b8
hsc2150,25,6b8fcf65c9ee6d93
hsc2151,25,add056394a1ead01
hsc2153,46,e2e9bf4b59000a3a
hsc2154,25,c4ddf98704ac78e3
hsc2155,25,f844eec976d51d66
hsc2156,31,84044eb98a0b9326
hsc2157,55,514c2796973a1ff4
hsc2158,25,124deb2d0b612fd2
hsc2159,28,ffa11c93726c7826
hsc2160,25,c324b555e3d1fe09
hsc2161,41,b1e845d266f47707
hsc2163,32,8dc20e37967261ba
hsc2165,25,432cdc75fe2d01d7
hsc2166,25,e4438b07c516f4bd
hsc2167,25,e5dd789a1a0c0050
hsc2168,25,55bbd58f8f374b21
hsc2170,28,7466719c8bf2f887
hsc2173,62,6095c45892d56363
hsc2174,25,052cda9db371c21a
hsc2175,44,d365b28bb984ca82
hsc2176,26,047d134a69894098
hsc2177,36,2455524555382521
hsc2178,25,016f2f6e974b3af3
hsc2179,25,25dd42d48bcd8a86
hsc2180,29,5a0c505b2d93703b
hsc2181,33,4d367afd388e0594
hsc2183,25,08669b5252f9cd21
hsc2184,26,f5a01752fa901dfa
hsc2187,25,e0c3a8bd55462aaa
hsc2189,42,11c86a54b08e8eef
hsc219,42,8ab2804df92b5c93
hsc2192,38,ee6c9b7ed1a89628
hsc2193,26,9d0e09b28c79e76f
hsc2194,25,dd27989826accb74
hsc2195,38,1c1b5d5546764c52
hsc2198,25,5d4e7a587de168b0
hsc2199,25,0d98d325e26e73fd
hsc220,25,691396ebc3f96ddf
hsc2202,25,840bb2a10e5d5db3
hsc2203,55,c1b81c2c9a14bc02
hsc2204,25,1c99cda8e7a7af08
hsc2206,25,01625c01e2f49126
hsc221,41,4b5668215e5b9013
hsc2210,25,a105fd88edcbcbf1
hsc2211,25,e6eb2a9abfb25f58
hsc2213,25,4245abcaa461d15b
hsc2214,25,3e3844c0b5071783
hsc2215,68,8faf8ffc9e8ab567
hsc2216,25,4ff3a233f73bb0cf
hsc2217,25,2a98cc34e51ce845
hsc2218,27,4ec905d1d14b173a
hsc222,25,26d0418f763e0f31
hsc2220,25,d041a76447776d27
hsc2221,28,0fa4f54dc90ddcf5
hsc2223,25,cde341f272e293d4
hsc2224,25,185fc4f44ecf3a6c
hsc2225,25,506671fcd5235d13
hsc2226,25,136e2a84a110cc30
hsc2227,25,e1c3d59f31e701e7
hsc2229,25,ab819e185fd2a18a
hsc223,25,f63b6e88edda965a
hsc2230,25,210d121611552963
hsc2231,25,ec9acd85320ce81b
hsc2232,25,c15662b77f675af6
hsc2233,25,d5d3cce0b0b791c9
hsc2234,25,655983cfba2bc9dd
hsc2235,25,58d9816586a5b999
hsc2236,25,c0bc4ff94c8b1fd7
hsc2237,25,b7fab514f3d38c27
hsc2239,41,59bdaa0d9b6b436e
hsc224,37,81094dbfc600a774
hsc2241,25,4b6a85787562696f
hsc2244,25,e046aeb97847ab9c
hsc2246,25,1e2899e06cd14a3e
hsc2247,26,5964e33c79b29b2d
hsc2248,25,17ef42eea3518724
hsc2249,26,3e0a166acdfcd956
hsc225,25,af747817eabf4f28
hsc2251,29,dd2ed797f4248cf6
hsc2253,26,f6d94c9f8eeb7ca6
hsc2256,25,45a2632b85feb5bd
hsc2257,25,ea99d97e38d70cca
hsc226,51,ed9adf2db20ec0e9
hsc2260,50,0470331a25f4f96f
hsc2261,35,598c09876d2dfaf8
hsc2263,25,637750da3dd0844f
hsc2266,25,2da9a3011d77a319
hsc2268,25,9327bd1243a74643
hsc227,25,ae5a0719a0a1ae66
hsc2270,25,c45204bda5a6fcac
hsc2271,25,951ab427386bb902
hsc2272,25,44b557375f63bf1e
hsc2273,25,da481bf6a765d601
hsc2274,136,464aa9da3d56f550
hsc2275,25,b37345416dec2957
hsc2278,26,1560bed7c4071958
hsc2280,25,7fc123961eef4be3
hsc2282,51,563a6d9b8ddcd02c
hsc2283,25,60c30538e21d4e26
hsc2284,28,e9874e23e889ce06
hsc2286,25,84ea922e5c945c31
hsc2287,29,ad1896a9392f4557
hsc2288,25,3350a29b97cc3760
hsc2289,27,2a1c3b97807d06a0
hsc229,25,2e010bc17bfd447f
hsc2290,25,48d8d9b346c20e42
hsc2296,40,3ae448235ebd200f
hsc2297,46,ec7c398c1371b389
hsc2298,46,022abc18540e5de9
hsc23,25,f82aaa807a2f199c
hsc2302,25,605591f6e60db602
hsc2303,65,b9d749e888d779a7
hsc2305,25,5bffda49a6508869
hsc2306,30,8131bedf996ea71c
hsc2307,25,b607eb8cd4c21d96
hsc2308,25,e4cef1b7e16bd73d
hsc2309,42,d9ab5c30711d680f
hsc231,25,13e74ffae7578f7b
hsc2311,25,b235c172f9035eba
hsc2312,25,e68cf432b608d456
hsc2314,25,abdd67bf0f93f93b
hsc2315,67,5371db2d93742924
hsc2319,25,41dc88b28f9d599f
hsc232,26,07e4d08e2671f6d8
hsc2320,36,568de2ecd617ceda
hsc2321,25,67aca32bc664d937
hsc2322,25,c2e2d1ae0658fdc3
hsc2324,25,5ca34f1cb6cdcdb3
hsc2325,49,6fafea58f3555ebf
hsc2326,25,901c7c994fb2c348
hsc2327,26,f48941feebad870f
hsc2329,48,868df4140ad58784
hsc233,25,664a5eb199867801
hsc2331,27,c477b01cd1b13875
hsc2332,59,bccb1fb3aba4c9a9
hsc2333,25,88df74f6373ba13b
hsc2334,26,bc5803b8161d82d8
hsc2335,26,bc1d1ca010e8ac59
hsc2336,25,bc28430d01322ebe
hsc2337,25,f03dc5e5764cbdb1
hsc2338,25,fad76cfe875142a7
hsc234,25,598d01ed7b0c4262
hsc2340,25,e83bd7d05e47755c
hsc2341,25,2b1bc0b1febfda51
hsc2342,26,08e86128fa387fb2
hsc2343,41,51cb34e86b8e4847
hsc2344,25,1af64991ffeee156
hsc2348,32,1c98555c84c38a2c
hsc235,55,d1c565b8f9627c76
hsc2350,65,858c8d695d1712bc
hsc2351,34,d9cfaa1d3d2ae71a
hsc2352,25,cd0d9af81ff123c4
hsc2353,25,af9c204aa3971676
hsc2354,33,180843c52d6466a8
hsc2355,25,4414c8f8aa378fa0
hsc2358,25,1ea8bff5ccd8ea71
hsc2359,74,d4826c6ca8a8129e
hsc236,25,c9804fa2171c6cac
hsc2361,25,6e0a0c03a6734ae2
hsc2362,31,47c91b4d05f48a76
hsc2364,29,02762cd44ae1ca8e
hsc2367,25,73947b68451faef8
hsc2368,25,c4e6ac39fcccc253
hsc2369,25,ec019fe273f66057
hsc2370,29,5e6baf8ea0dbe7d5
hsc2372,25,12f2342d7a812db8
hsc2374,25,e6e65dba933c75ce
hsc2375,25,078f4a5e9262f16b
hsc2376,25,19794aaf16bd4fb5
hsc2377,44,aa60d4041f8ddaae
hsc2378,25,d686f5abfc00c016
hsc238,25,3d201645b5d634f2
hsc2380,25,8b5403f122d22fb4
hsc2381,25,3335ff86377d2053
hsc2382,59,3190733d35d7bbb3
hsc2386,64,a7a49b702502114c
hsc2388,25,8d5c422e21dceca8
hsc2389,83,e2f8318cb8989c85
hsc239,33,abeb6fac25e4beea
hsc2392,25,1ebaed5e268c5bdf
hsc2393,25,0247e47d3d0f5f32
hsc2394,25,1932f13af3678f0e
hsc2395,69,63273037c7b61d6a
hsc2396,25,d0264a12bdafd755
hsc2397,25,6982b95b26e990a7
hsc2398,35,ea0a05ffd9faea4f
hsc2399,26,a9d5c76a1d3c39ed
hsc240,25,4252ca23ee0ae884
hsc2401,34,e211e4f7e559bcd0
hsc2402,25,983cfdbc1fca3fb8
hsc2403,42,5839c362c613cd4d
hsc2404,72,e9c862b77e26d6bb
hsc2405,25,f86ebab202ef8f5e
hsc2406,25,8a359d3bf2685cbb
hsc2409,25,7e47c2094dd9d850
hsc2411,25,46650020d5bb0d6b
hsc2412,25,24418ebd526f350d
hsc2416,37,32563ca996664790
hsc2417,25,799bfa01376de568
hsc2418,25,47b949325ee69f20
hsc2419,37,5261cc727823b5cd
hsc242,25,8fc56e4da5228c2f
hsc2423,25,ec7a77797fbd7e8a
hsc2424,34,44bca07b83447bc7
hsc2425,25,84cf6707bc1b024f
hsc2427,25,c7f78f34c14b5daa
hsc2428,28,de43fc815d7d53e4
hsc2429,38,0f650f8e58980081
hsc2430,25,ddfdfa4e07df6346
hsc2431,42,d62a5072c9b28d9b
hsc2432,25,770fcc7841fc9f88
hsc2433,35,d1f42e4962fc2eb0
hsc2434,25,a042fa2aa02b7ee0
hsc2435,40,a5e076a7ea1ffcd4
hsc2437,25,b1d1710061cf2a3a
hsc2438,25,cabe32eb34aae56a
hsc2443,25,cf9310815bbb2f52
hsc2446,25,3bf4dd84574e19ee
hsc2447,25,0f2b0cb40bc60bf8
hsc2449,26,a2548c06f42fa8ee
hsc2452,49,97118c4dc1e3cb41
hsc2454,25,36c7bccdcd8c7340
hsc2458,25,94a4abba11c2aca7
hsc2459,25,ccc629d25cca6a5b
hsc2460,45,06d92225d05b1a6a
hsc2461,26,64b304cfbbc016c9
hsc2462,50,7f01cd4868902041
hsc2464,25,d301c5a19ceab061
hsc2469,25,234aa09d82b480dc
hsc2470,25,6d8a051fc2c31e6c
hsc2471,25,b6197b8b7c86ebe0
hsc2474,25,f1b4b00544260f55
hsc2477,25,c41a09e24e6573d4
hsc2478,33,4345f6ea9b718cea
hsc248,25,cf8981b690fe90e7
hsc2481,25,4412af9df0e9e22e
hsc2482,25,4702093e9f228a32
hsc2484,25,d8328002a636633e
hsc2486,25,06f9f17a2120f24b
hsc2489,25,81a95030ae9316f7
hsc249,44,a22bc7254a3737ab
hsc2490,36,28086e49d6d473ef
hsc2494,25,0712d77b77ec0062
hsc2495,25,d6b4e1d61311d03a
hsc2498,25,9aff38bff4f2b9a1
hsc2499,25,194c9341229bb200
hsc25,25,6c878cf4eb4d150d
hsc250,27,9408ccff564b23eb
hsc2502,26,b344bf31423d664e
hsc2503,25,b9c266f8f0339d42
hsc2504,25,476b35c7d36440bf
hsc2506,49,9524a27395f25266
hsc2507,25,cb8fdc0672c5e169
hsc251,86,765866ad8950bc50
hsc2511,25,419754b889318c00
hsc2512,62,c4328fbf5b96abe4
hsc2514,38,44a144e570aa71f8
hsc2518,25,88a01401cff5fb83
hsc2519,25,02717b95e48a7b02
hsc252,44,e0c2c64727e68a6d
hsc2520,68,47477f4c7132b147
hsc2521,25,ba3368e37f2ed6f6
hsc2523,25,259c0bb0e19318fd
hsc2525,25,69139c182681c867
hsc2526,25,f3d25fb4bc8d660c
hsc2527,37,2b6ec9fd3fec31a8
hsc2529,25,b920a3905510a7a1
hsc253,25,faffbdcb964601a7
hsc2531,25,a7b02326fc0743af
hsc2532,25,5b43930d63ec9158
hsc2533,25,c50cc3fd4ef72fc1
hsc2534,25,e81cb42fb9eec5b5
hsc2536,25,dac9a1814a2028ed
hsc2538,25,1275f33a65b26176
hsc2539,191,0467a7a5d93f6f81
hsc254,25,7ea1adca602a780d
hsc2540,40,1455625b0f95efdb
hsc2546,60,ace2bb10e506dcad
hsc2549,25,7f12879d02f91387
hsc255,25,a935648df75f4050
hsc2550,25,89ed668e012e4cd9
hsc2551,25,b180868ccea233e5
hsc2552,42,5bf83a0b381dbffd
hsc2553,25,f7fcc74f4389f18c
hsc2554,25,0626f11bdea1b5e5
hsc2555,25,2005cbab3cf0cf69
hsc2556,25,035b1094bf5e33ac
hsc2557,66,a08fd3d109807d74
hsc2558,25,30796da3efb105be
hsc2559,48,65e87e47bbdd8980
hsc2562,25,f0e571292f6658d7
hsc2564,26,3bb1721d78e645be
hsc2565,25,1a7ba4e6df018223
hsc2567,25,da3cabfec3cf6bfc
hsc2568,25,247355d597385089
hsc2569,26,b1b5c8eaa4748c1e
hsc257,25,6aec88e02fa37965
hsc2570,25,ef56f7bd59736266
hsc2571,25,3177a313c6a849cc
hsc2575,55,9dcc20af2e006043
hsc2578,25,2a18927671420b43
hsc2579,48,08f1648598b1e4bd
hsc2580,25,d4e9e8d310325a61
hsc2581,41,9c3254e5fc73c117
hsc2582,25,99de6930174da5b6
hsc2583,25,36b3ad66e34128e2
hsc2584,38,940d82250d0e7268
hsc2585,26,da5f87eb64401b30
hsc2586,25,a19edda0e362140e
hsc2587,25,8b7b667b4c35a083
hsc2590,25,c33de80944c8e030
hsc2592,69,41b324feeabe16f5
hsc2594,25,e5383c7b015d3c00
hsc2595,55,80014a038cc6c4b4
hsc2596,25,5d87dd26917afdda
hsc2598,29,b20e9abd1d991b06
hsc2599,91,6a835d54fff6ce26
hsc26,38,4a9fee3ac138bb49
hsc2600,25,312648a37e845e0a
hsc2601,25,c895925446cb3811
hsc2602,38,0f2ba4d223abef36
hsc2603,25,c7103eb545a60bbf
hsc2604,28,1a6dc15925c0411e
hsc2605,25,8033763843fc5a13
hsc2607,68,cc8e68cdf850957c
hsc2609,25,8c13df3453eea8ff
hsc261,51,440c54de1996b9e0
hsc2610,25,ed4a6fc63cdbd26a
hsc2611,38,cb3777d984cfcefe
hsc2615,25,ffb452c68a5f3c78
hsc2616,25,871b082bac1ab246
hsc2617,25,e08cf33fa3743795
hsc2618,25,2c6fe31dc779cd03
hsc2619,25,ba4563f5cebf8023
hsc262,51,9c6ca4d1c90a14f1
hsc2620,44,e435bbdea3d58c4c
hsc2621,25,b7297aea731dd435
hsc2622,25,01ed84787c382e5f
hsc2625,25,e5df89d60e36bfdf
hsc2626,25,bb28d591d2041a15
hsc263,25,194b97d182617ce5
hsc2630,26,e085b616fae96c5f
hsc2631,25,a987b2824ba52829
hsc2632,25,ed40eeebfb7e706b
hsc2634,30,5221c3719c96382f
hsc2635,47,0ca8ff02e07ece89
hsc2637,25,1183e7ab8aa75ef2
hsc2638,25,c54eae936e11c159
hsc264,25,a5ee7eeaa51c6255
hsc2641,25,188332a06c95f098
hsc2642,88,87d658ccd8cae2e1
hsc2643,25,a784b12dd0cb33dc
hsc2644,25,4f3ff005fb791414
hsc2645,25,7502d05d2e43d7c2
hsc2646,32,05481f1506019365
hsc2649,25,7055bd0bf298f137
hsc265,62,f0f48797d660d3f4
hsc2651,25,8e8848f64c1a7d00
hsc2653,25,22c3081a85e4cd96
hsc2654,25,89d0808b11a6f809
hsc2655,43,b11ed18670720b4f
hsc2656,25,155424b6df5a6b6b
hsc2657,59,22315abf9283d77f
hsc2658,25,ff42cfaa629934ad
hsc2659,25,1914e09bfaee1485
hsc266,72,6220768dfa0c97cc
hsc2660,25,379fc32cb7847c53
hsc2661,79,396f183f9b50db49
hsc2662,25,aae95afcda5a92c1
hsc2664,25,430821105f4384ba
hsc2666,25,bf4a39eef1d84041
hsc2667,25,baa18bf7a13ad2bc
hsc2668,25,047d3a24f310f2f8
hsc2669,25,e318bade80a408b1
hsc267,44,ca2b881cc61dad77
hsc2672,25,d574a593be8f54ef
hsc2673,25,647f994cace90734
hsc2674,25,bcf032e4b9ef5a50
hsc2675,25,751678a412c9da95
hsc2676,25,7115db6c2b86844a
hsc2678,25,6d22692d34053ad8
hsc268,40,7bb77be818f14847
hsc2681,25,8bccf8987b42bd40
hsc2682,45,43d8369a7364edeb
hsc2683,25,e9947e57eda2cfa4
hsc2684,25,f2b3ccac95b235f7
hsc2686,25,1bbc2ded293ac810
hsc2687,26,234ca260e235790c
hsc2688,25,5e39bcbbe5c31510
hsc2689,25,f54090de8388e325
hsc269,25,5afa3dc1dc01df63
hsc2690,25,a4d2d1253fdb2018
hsc2691,29,20b8915efe06fe33
hsc2692,25,3ea75842e2261f0c
hsc2693,25,6dce83605fa3e047
hsc2695,25,5d6954f84995ba58
hsc2696,25,12a19155242f74d8
hsc2698,32,5714217a35c9805c
hsc27,25,292fa0c7f8a5b12c
hsc2701,65,c81e53a139c061ca
hsc2702,25,6639c8e55da17df1
hsc2703,91,ba32780303136855
hsc2704,25,41e46c2da77c8806
hsc2705,25,71ec45d29149e72a
hsc2706,25,ed35c6a42d063b6a
hsc2708,25,ad4da435c8788ef5
hsc2709,25,c369c4246c4f7abd
hsc271,56,3cb69504170c9594
hsc2710,25,37d54cb169db41a5
hsc2711,25,05c424fd0f7a467d
hsc2712,25,7d144ccce117714e
hsc2713,25,2f419951e6051326
hsc2714,25,53462697df225c51
hsc2715,25,47fc51a43b8c8ba1
hsc2716,25,39301042cc247f43
hsc2718,73,7864c0ea315c39f4
hsc2719,25,e239b0f7365decd4
hsc272,74,51e2e8b752bda947
hsc2720,25,dfdcc38cddcd0fe7
hsc2721,25,e55caec4fee693f8
hsc2722,25,d6450f0b1bbb0740
hsc2723,25,991cca6e86cd610d
hsc2724,27,7a7cf7789ed16762
hsc2725,25,482c395f10035596
hsc2726,25,bcb36b242b5afb5d
hsc2727,25,9caeac346ef6bef1
hsc2729,25,81f071467a06f47a
hsc273,25,946da8af44da0782
hsc2730,25,56e8410b7bcef7e2
hsc2731,102,37bc4d306990117c
hsc2732,40,9a4d2e55fc2f5d8b
hsc2737,41,22a7fd40455cd9f6
hsc2739,38,a5ec5df329113ba5
hsc2740,50,b77def7f6c37baaa
hsc2741,25,037d6f99d3b751bf
hsc2743,25,a27bb3fdeb19f2d4
hsc2744,25,cd0f94d9082dae28
hsc2745,25,0b8feea9d4cf426a
hsc2746,31,c8356769a6377fbe
hsc2747,25,fc536876fa680e33
hsc2748,63,b20b33e30b015730
hsc2749,25,ed867539ac2feace
hsc2750,25,3343dea60082a54a
hsc2751,25,8ed0daaeb58a85a9
hsc2752,25,be22f03b16d9813c
hsc2754,25,133cdaf74bc2727b
hsc2759,25,c5a6150b44ccbf0e
hsc276,52,84fb0b87cca8eddb
hsc2760,38,2b6c38e7a3ccaec3
hsc2761,140,de31ffaf8ff09080
hsc2762,25,c018b45b38dd0449
hsc2763,25,e1c3329ee9839701
hsc2764,57,989b45ab6922ccbc
hsc2765,50,aadf613f76ee5dea
hsc2767,25,0007eef581a8d6da
hsc2768,25,acc6656e43f211e7
hsc2769,28,cf2663e0a8bde02d
hsc277,25,dd6d65616f51ef9c
hsc2770,25,fdd3404860608a60
hsc2771,25,2eae54b4307c000c
hsc2773,25,feef12ef04c50fd9
hsc2774,25,d161380780eb1e5b
hsc2776,64,2335779a19d8dcf8
hsc2777,25,9db6a375ff25f308
hsc2778,25,fc2cc4939e0cb885
hsc2779,27,aff70f5cbcf7faf1
hsc278,25,5a849182412753e8
hsc2780,25,bc58388a3c102a31
hsc2781,25,68f16888c1e09af2
hsc2782,25,c1509cc007d62b37
hsc2784,30,e7e8a9eb9d1208a0
hsc2785,221,b125b3a730ef9cc7
hsc2787,25,1ed007e8c9e5567d
hsc2788,25,1b39f5313993c141
hsc2789,25,71a1466bde7cb049
hsc279,33,2d423a0bc025fcfd
hsc2790,25,6c7eb521c5699f18
hsc2791,25,dc561b99e843f21f
hsc2792,25,8b15eafb7f36e33e
hsc2794,44,684c76e946381e27
hsc2795,25,56655089fa37fe2b
hsc2796,42,b13d663b4cd0b3fc
hsc2798,42,92a9f2b3e40417ed
hsc2799,25,3bb307a77e745349
hsc2800,25,b17428952112a54a
hsc2802,25,2f7e4fa57d4fc1db
hsc2808,25,12e9145699abed28
hsc281,57,18a30aa5f25d8d69
hsc2810,25,6e958c3c6356bbfc
hsc2813,33,f1ff3812abb4340a
hsc2814,28,cc60e7cac1fe9472
hsc2815,25,88d256feafb6003f
hsc2817,25,8368745c7b0f8f79
hsc2818,25,ce06d6424a93cab3
hsc2819,31,f44e4dbd95697560
hsc282,25,593e409289b23caf
hsc2820,25,9db1e59509538e3e
hsc2821,25,713b1abc67d58c18
hsc2823,25,59017a564ed8b1f3
hsc2824,43,eee77501619f78a1
hsc2825,25,ab6876dc8209ea21
hsc2826,25,a2a3167aac12b8a3
hsc2827,27,75993aa15895024b
hsc2829,40,93012c8073f2dc3c
hsc283,25,722db1dbe17435bc
hsc2830,28,f191b604b6f3e988
hsc2831,25,f553558b86b37e19
hsc2836,25,838e71cd376589d0
hsc2837,25,e69dd52b19827dcd
hsc284,46,113a925a33edce22
hsc2842,33,20dbe1420b7a2e60
hsc2847,25,dd8d25cb70d975f9
hsc2849,25,0b8bf8509b029bb8
hsc285,45,d523b5bcb7f2b3f3
hsc2850,30,10977afb78763207
hsc2851,25,7a4b1f5eb4a32af8
hsc2853,25,b4bcdff8c20d3851
hsc2854,25,f55c9d550f7cde59
hsc2855,25,569546a03e8a5de4
hsc2856,25,53681add9a095cbf
hsc2858,25,064c85c1a7ecfcc6
hsc2860,35,f9d278b68ae02fea
hsc2861,25,bda3a1899ba8ef7a
hsc2863,25,0af30c95276a11f8
hsc2864,104,285a1acc1c761dd9
hsc2865,39,2d78921021d11499
hsc2866,129,70f009b7d81ea8e8
hsc2867,25,7f40a0b718fc5295
hsc2868,37,34023b410fd1943b
hsc2869,45,b81b4ac6fe72b31b
hsc287,25,771840bc0b26fa9d
hsc2870,25,e7e63cc6ad36def2
hsc2871,25,02fbd1d9e7b68001
hsc2872,25,a6e46d7aedf08553
hsc2874,29,ef3eaed9fd593b51
hsc2876,48,77686d296433fb56
hsc2877,27,75e92f0cc98f4032
hsc2878,25,17b1a278ac671908
hsc2879,25,99c11f89f9718ad7
hsc2880,25,e5272d964b813a06
hsc2881,25,69ac31f492d4e996
hsc2882,25,58ef63406cb09105
hsc2885,25,d32d7b954693acd1
hsc2886,26,568700cd36ad9be2
hsc2889,25,1adeff8aee2b8ccc
hsc289,25,49d23d405c039ae4
hsc2893,25,1b021e3109596e76
hsc2894,35,2d7f96375df435b3
hsc2895,25,ce0163b9bedc0702
hsc2898,25,44dd8ca4cd7f8a25
hsc2899,78,ab5c1560d4f46dcf
hsc290,83,44b75b2ec7fe25d7
hsc2900,25,d32430eef93c171a
hsc2901,25,5a04f4cd5c82a2bb
hsc2902,41,88df21b760150700
hsc2903,25,df7580f38c291548
hsc2904,25,49d4c50b2ac21ec9
hsc2905,25,e28f220a0589784e
hsc2906,25,abe104e34fe94224
hsc2908,25,e73c69203514597b
hsc2909,25,cdcb24025db78cc2
hsc291,46,9684afe5e950cad8
hsc2912,25,1ee3f6c466049b24
hsc2913,88,c4ba26f65c3c5fc2
hsc2914,31,4e370bf4ac87badf
hsc2915,25,b4e0bbdde4345535
hsc2916,25,5669a5af0c7c036d
hsc2917,25,e5040bf07cbc9ba6
hsc2918,25,c31d2173f7a30278
hsc2920,26,e81167d4c1545fec
hsc2921,25,edda25d5998e9a67
hsc2924,25,07a42adb7d888622
hsc2925,25,832601630a5cd793
hsc2926,25,2eff1fe4b51f61b6
hsc2928,25,4f41515e25d6509d
hsc2929,28,c6c849d4dc2802d9
hsc2930,35,dc05f18a72668cc1
hsc2931,29,2876ffc821ad6c61
hsc2932,25,033d1db0bd6d3059
hsc2934,91,2cfd8df884b1cd24
hsc2935,25,0e5db0ff97f28fc6
hsc2936,25,f808be659f349ae1
hsc2938,25,9a3c82fbccecd07d
hsc2939,25,0a3300d2bdc2728d
hsc294,29,39c49d7f88b490d0
hsc2943,25,bacdbd713bd75ab9
hsc2944,25,e2f2c658a9efcf06
hsc2945,51,26e539dbd11c27f0
hsc2946,31,dcabd0194396ce0d
hsc2947,25,fd6a967abf2b8208
hsc295,31,045af95f20ed598d
hsc2951,25,f6c70b4c07a787eb
hsc2952,25,ae538fe753252e37
hsc2956,25,562eea791a7a0804
hsc2957,25,f0ee112bd85fa3a8
hsc2958,25,5933de83f0b41b2d
hsc2959,25,66e9b3eabe241756
hsc296,25,990349c0708086f4
hsc2960,25,f46c29fc32c23653
hsc2961,45,07b869cbabb3d604
hsc2962,25,5dcc91e4dd9148be
hsc2963,34,0454a137668968b8
hsc2964,25,3fd7be407c55fc3c
hsc2966,131,2aaccf865168f655
hsc2967,25,5f396af2378711c8
hsc297,25,83db7a6bc516552f
hsc2971,40,a4bea6f5c48b22c6
hsc2972,29,5809edeb24b3d1c2
hsc2974,25,8a33f5621da94bbb
hsc2976,26,ebbca85c9739bd80
hsc2977,44,c4026c6ca7e6586d
hsc2978,46,4c0091492fc228dd
hsc2979,25,3fcefd4cde6aad1b
hsc298,25,9428f611b392edb6
hsc2980,25,4933fb439927647e
hsc2981,25,dc503b4ab697d05e
hsc2982,27,cd2f460875daf4d8
hsc2983,25,cbffbbb7c6fa52a5
hsc2984,25,a4aaea72ba42ddb3
hsc2985,40,0f5b22178125646f
hsc299,25,1dce178dfc62b985
hsc3,25,4e934cd1757ba478
hsc300,25,fae765a6fd5a1ca9
hsc301,25,81aba73980274f84
hsc302,67,27b15a8019d89095
hsc304,75,880d26522fca3599
hsc307,25,eb5222119ccab8b0
hsc308,25,4f4424ee0656791e
hsc31,25,7141382410317430
hsc310,29,658cdecffc46cea7
hsc313,25,168e53b9ce2a90cf
hsc315,61,f5c42a373e238b97
hsc316,25,ba241b11f7807951
hsc318,25,c6f33f68253e9c32
hsc32,25,d022e769bc7ce2d7
hsc320,51,da35d31495cea3af
hsc321,39,06b9a92e02e5e877
hsc322,25,78e6ad81a48e92e6
hsc323,35,d8826c6efa2a107c
hsc324,25,949859dc0d5058e1
hsc325,25,44d6344471992778
hsc327,25,008b108eb9e1a3c6
hsc328,25,d9569aa070dbfaf3
hsc329,25,a68531fd4ebefd95
hsc330,26,40589e8e207add72
hsc332,25,906034c2a0be893c
hsc333,25,fa012a3c483f3ada
hsc334,25,0a37517f6d367ee1
hsc336,25,857c657a17065e49
hsc337,25,9eabd65213343df6
hsc338,25,cb2d9a8d8e5b6016
hsc339,25,549654c3eb89c93a
hsc34,25,a50f31e64059ac41
hsc340,25,bd6bd1813362def1
hsc343,25,eaa75a4c7fadab4d
hsc345,25,cd62229b44bb050a
hsc346,25,ab241ac54ff4c62b
hsc347,25,f5777fdcf4e358fa
hsc348,25,661217edb57ff155
hsc349,25,0ebd7cd3c53f374a
hsc35,35,6e24fb75c727faa2
hsc350,33,6fbe8e53b98021b9
hsc351,25,4426a8ccb55ee57d
hsc353,25,82d36c4303b3db48
hsc354,25,ace27a7fa78cd5b7
hsc355,25,6132816b4daa1803
hsc356,25,b6e0e5f510c42bfb
hsc358,25,c126660e18ddbf04
hsc359,36,710f371a69c3660c
hsc36,47,45dd9506979481fa
hsc361,36,466b06710509eb1b
hsc363,25,b2514acf061a9ade
hsc365,25,357ce59a482fd3a8
hsc366,25,d19a1beae3e211ad
hsc368,25,a2dad2b8295cafbe
hsc369,25,8d3784b24d2afb12
hsc37,30,805a0fbfa80c0ff5
hsc370,63,2cea4c8de9c31123
hsc371,25,a6dd1b4febfed155
hsc373,25,0d9367d11cdc63fe
hsc374,25,2c9ebcd1d90a20ae
hsc375,25,226b2ba085ab828b
hsc376,25,795121f55fe6d40e
hsc379,25,b6c02f0c6f6ea4f5
hsc38,92,45147eac23c70fce
hsc380,25,8dd9c1031055c37e
hsc381,50,b22b345098002320
hsc382,25,deb8636c20b44f15
hsc384,25,ba8188762eb95c9f
hsc385,25,368acf971d1b23dc
hsc386,56,80bfcc74936673d0
hsc387,33,8fcf9bbe6088649d
hsc388,25,4ff3ab7a5a105fc8
hsc389,25,fe0c6554cfee63bb
hsc39,25,1d2da8b82ebca020
hsc390,25,210c3bf9893bc38f
hsc391,26,f6b5ae4810f2214c
hsc392,25,cbf77da379b736d6
hsc393,35,66b194b8774e483c
hsc394,25,a02288074739da98
hsc396,26,29652626d2fd402e
hsc397,45,201164578ac725bf
hsc398,38,1375b22fc044e4a9
hsc399,25,bf30c54e1b79b2e4
hsc4,25,cd3f3a30b5d7cb6f
hsc40,68,d3255c84599637cd
hsc401,25,94b30819f30d9412
hsc402,25,e19d4d3f9f26dd65
hsc403,28,50fdc9fd33842070
hsc404,25,d4d434ab9ccb9f6f
hsc405,35,fd896b5da64ee473
hsc408,44,6f4abfc719a0e2aa
hsc409,25,0c1ff3be6490cd50
hsc410,25,c01b10c79770f43d
hsc411,64,48ac73a43c29b4e9
hsc412,31,ae01fbce327e4986
hsc413,35,9ea42eaf3efeb25a
hsc416,25,dbcb3d6cae85f042
hsc419,39,4fcb5d7dcc31e40b
hsc421,25,36cf0a6f3c5b1f33
hsc422,26,d8f353b88d8a7c33
hsc425,25,6b4cafb6ceca3801
hsc426,31,42584ae3536c6d5b
hsc427,49,53aeb77922f85783
hsc428,25,d9a37a81e7e8c040
hsc429,25,d70a77ea0331ccee
hsc430,25,9a107027394722e4
hsc431,25,535b20cef1383298
hsc432,25,4deaf08ef1561c29
hsc433,26,7e7009ea65f0cfda
hsc434,25,0a920633ab81911b
hsc435,25,229951ee3c853ee6
hsc436,88,79342b8113554356
hsc437,25,f97a884ff9f9e661
hsc438,45,e502e45d7439c5b0
hsc44,25,2f5fb3db147ff2e1
hsc440,25,6d13fed689df8a17
hsc441,32,37ffd625922b30e1
hsc443,35,c49c6436587437d9
hsc444,27,9adf7f0698ac32eb
hsc445,25,5a971ec5bb2f44fd
hsc446,25,419b97c7677a8aa8
hsc447,25,4a6d2201dd93edcc
hsc448,25,2bd433dbefc1318d
hsc449,62,31d712b752083675
hsc450,25,91e1addb5f6a4633
hsc451,25,4562e61a9e5d363c
hsc452,25,51e66450f4f37e4e
hsc454,25,a91dbfb13fc3cc35
hsc455,26,17182df2bb1a20e4
hsc456,25,c4027462b65ed8b4
hsc457,35,1377e82d74251720
hsc458,25,0acb78656ee0fc1e
hsc46,25,12dff76e83af4dba
hsc460,25,4f220ae5d736397c
hsc461,25,0fe55272aa5d114a
hsc462,25,59c8b05e78cd4522
hsc463,25,ebf3c5a9b122c53e
hsc464,25,3c8d449ecaab3637
hsc465,25,535f5306505da75e
hsc466,25,2665db9e49a1c0ae
hsc467,25,de1bf4338cca97cd
hsc469,25,a6f490320cf8d7da
hsc470,25,aeb0a1f27a6e4154
hsc471,25,5c42fd7f519825b6
hsc473,25,4a5a3013d88bdc7f
hsc475,25,5502c859e763c2ad
hsc476,25,4008f7e523eaa3f1
hsc477,25,6a016e0953d2f615
hsc478,25,f3ab1b4a9779f1ab
hsc479,26,4735e2096f3564af
hsc480,42,ddb8a9ca08100edd
hsc482,25,d07e2633610abf2c
hsc483,25,cb6d96d6ad031dd1
hsc485,25,fc1ed02977c82125
hsc487,25,a80317911adce7fd
hsc488,25,5600c7a5bc08f7b5
hsc489,25,6780cf0f7ec27ce3
hsc490,25,c39e9c20bba4c223
hsc491,25,f364580a2292f75a
hsc492,30,d4754616f54198f6
hsc493,25,986a4b375bbfd3fb
hsc494,25,e9c0b1034771effc
hsc496,25,25da0cb7f692c00f
hsc497,25,ddcb91f90332916f
hsc498,25,4251d05a1328798a
hsc499,25,d25e12dbcea3a2ff
hsc5,25,dbf8a7db4d83f643
hsc501,25,f00e8cd22e843ff1
hsc504,25,61278859427ab3f2
hsc505,25,424e3719cc7b11fd
hsc506,25,d4fd3a54366c954a
hsc507,25,3dacd7f3593a4390
hsc510,25,f9f750673ada0a82
hsc511,25,776b3382723533fd
hsc512,25,4a9616354ad38344
hsc513,25,d48f78715b36e63a
hsc514,25,985f27408100be78
hsc515,25,7223fc27cba751cc
hsc516,25,522ef3d4f55a8fd2
hsc517,25,f8dce967454b2d2a
hsc519,41,41f2b686e99a8f52
hsc52,25,5dad955f36492654
hsc521,39,7e2254b1b90e1526
hsc522,25,c8568b33051091f3
hsc523,25,f45cd6418109f45c
hsc524,25,804d665a9e12c8c5
hsc525,25,645d61d7deae7536
hsc527,84,c16dd1c8bee5133b
hsc528,27,1e028ec2b7964c0f
hsc529,25,4ba94c36fa8aeb9c
hsc530,25,14678681551172df
hsc531,71,20d6a3f753724fba
hsc532,25,4d569a6a240a9b33
hsc533,45,6c94af2db7d8c35b
hsc534,25,83b46a0e38f07c0d
hsc535,26,04a0e9452a137bf5
hsc536,25,7d2efba7d0022ec5
hsc537,25,92c22dc344780fb4
hsc538,26,3b17593264820568
hsc539,25,0440e903d255c4f9
hsc540,25,ec40930c592aceac
hsc541,25,82af1033b3cfb7b2
hsc543,40,da30b4f1747bf441
hsc544,25,e80b8b05f4321e37
hsc546,25,78af4e71abe80a48
hsc548,25,b6fbd3e496174a56
hsc549,25,c6c0616826f56728
hsc55,25,217d530cb9efa1c8
hsc550,25,9c17ef59e3e137dc
hsc551,25,c278b3a27014a3da
hsc552,25,692aff0fc0e21107
hsc553,40,83c3a92e92fd4731
hsc554,89,9f04fdca1e904d06
hsc557,25,aa02c5d17c4f01a1
hsc558,25,517c5ffb5b4514ee
hsc56,64,c4db6a3a5fbf6a2c
hsc560,25,9648fdf08234db0b
hsc561,25,ec729dac89c411e2
hsc562,30,b7868c04bdf7c069
hsc563,25,757890a0dfd991cd
hsc564,25,8360bcb3e7e763b9
hsc566,27,1535351ae73b715e
hsc567,56,6efbafa7a65ba7ef
hsc569,25,54557f6a763a292d
hsc570,25,16a29e979a52e776
hsc571,85,eac4e24d8f871fc5
hsc572,25,1d058594a0f7a932
hsc573,62,783eb665bd2e8d8f
hsc574,25,472159442e150033
hsc575,27,6bddb76980ad1b02
hsc576,25,a712519b619ff0e9
hsc579,25,a5748ada4983a4c0
hsc580,71,32dc62b076c9aa96
hsc581,25,a04816426ba5a6c4
hsc582,28,53e953b93b4945b3
hsc583,51,7749efcf65e5bbad
hsc584,25,6a1f9543682ebaff
hsc585,38,33562e8c5d73c38a
hsc586,25,e1f2d69acd752038
hsc588,25,842088faa2f798f0
hsc589,27,f66857e25ee55f1b
hsc59,25,971aa2a92ee1de05
hsc590,25,801e5695f032a82c
hsc591,27,c21c6809da0a012d
hsc592,25,f75d4760484a45d9
hsc593,25,040576dadcc2563c
hsc594,25,4653919bbfb0c833
hsc595,68,4f4e6c16bf321573
hsc599,25,9d2b108d369a75c3
hsc6,25,5fada38255aeb8ae
hsc600,25,2717846b8c4b6d72
hsc601,69,b7fb3c252a037648
hsc602,25,a56507fd40b44bba
hsc603,40,2fa48d7db3004189
hsc604,25,ca0f4e5d43a0c0ef
hsc606,27,67deb0e4b482cb38
hsc607,25,77643e5b98d67ca6
hsc609,25,6e2b430fb9cd8fde
hsc612,25,ad02da8f5a8134cf
hsc613,25,ef264e808fcfe468
hsc614,25,e3e181bdec8bcd75
hsc615,27,10f876dd6ddb779d
hsc616,25,be74197eab546bed
hsc617,25,0fdf399794268320
hsc618,25,ce11a82882ab6832
hsc619,93,5070f8c225961ba8
hsc62,25,5a15d747e8917de0
hsc620,25,91656f1bced4e101
hsc622,42,0ae4b1b41c1fa466
hsc623,25,ad22e40b7803c634
hsc624,48,bfb62b0303c475ad
hsc625,28,10a8e1576b2b85b9
hsc626,25,7f3e2cb6e2b1bd90
hsc627,27,c2b2d9d624284063
hsc628,26,e64b70f10aeaa051
hsc629,25,b87c9a2efe3a7ec1
hsc63,25,5415c2215db6ec69
hsc630,25,b9956e371b631b91
hsc631,25,9b28573652c3e7e7
hsc632,41,16576071909a55a5
hsc635,25,fde164a7587a6d5f
hsc636,25,ef327820e374a2bf
hsc637,25,b8b396561cdbcc67
hsc638,32,7a291705a59ff67b
hsc639,25,4585d32df9ffd83d
hsc64,25,d8f004ba506f21fb
hsc641,25,6e8e6df90b430189
hsc643,32,f34815716d389a3f
hsc644,34,3370bbafc1172be5
hsc645,25,f2807c1a8397dbd8
hsc647,25,6838b7368520b7f4
hsc648,25,08e1db8d772262e0
hsc649,37,cc0f1d0246fb05c6
hsc65,25,581bec5088f3d993
hsc650,25,f8adec4fee802e6e
hsc651,25,5769f94f7009c323
hsc652,25,d38d912f4e28fed6
hsc653,25,6e0fd8218657a294
hsc654,122,c2f6f4d27ff83b00
hsc655,25,421e25fc437ea2a1
hsc656,25,813ffb0bf9dee972
hsc657,41,1ea19e9bedbe1472
hsc658,25,7b3283122d0a35f0
hsc659,25,f70d305909908568
hsc66,25,655ed40c40257515
hsc660,40,2f3bc7e974f4a1a8
hsc661,25,3ba92a76204da144
hsc662,25,0783f93aa1a4c46d
hsc663,25,a5ab673caca48c21
hsc665,39,e37a0078b1eed9ac
hsc667,25,da4d3b0ec807a2c6
hsc669,25,bef6a72611e7dbab
hsc67,25,abfeba2e1f9e9478
hsc672,25,79343d31237a9af0
hsc673,55,e254baf0e0b907db
hsc675,25,561852cd1df80149
hsc677,25,29c165d18915609c
hsc679,33,e25f1c3a65e8cf9c
hsc680,25,67b36b49f7857534
hsc681,27,d48eaf782c5d78e4
hsc682,64,9938723be1877f96
hsc684,25,95ab27d5f0946df4
hsc686,25,162766fec3475fde
hsc687,25,41c574924058f12a
hsc689,25,fd7a0f3cffa8ca15
hsc691,25,8c2dbabb1d81f73b
hsc692,25,142999eb6e47289d
hsc693,26,265eb77c3bc68597
hsc694,35,bb17754610606d9b
hsc696,32,32d966acd26cde82
hsc697,25,72319e1e5f0a90c6
hsc698,25,e70f89b1bb705488
hsc699,25,da55c6c3077f36ff
hsc7,25,dd8e08cd362d4eb9
hsc70,25,b4c46b123fcf3c0c
hsc700,25,523ce605f982d787
hsc702,25,ab9fe32b6ca13e37
hsc703,44,4016a26735d5777b
hsc704,25,334e4636a5ac129b
hsc705,41,28f7b6804509a1e7
hsc706,26,483e3d80a8644381
hsc707,26,36c8351b08c278f9
hsc708,28,9f02538dc73ec383
hsc709,25,26d9f15431ccd650
hsc710,124,7d7565917cecb330
hsc711,25,c3b6c1d0731e3f66
hsc712,25,703a505025d6374e
hsc713,25,89f7486de2ee24d4
hsc714,25,a7b042980e843f6c
hsc715,25,690d8d93b64cffaf
hsc717,26,a6fa4553ec380326
hsc718,38,59b0529c6ba502b4
hsc719,25,2be80b13ed0a5042
hsc72,97,d4cc7f6f3e686c1f
hsc720,25,809132acfb453376
hsc721,38,dec029284407f0c9
hsc723,25,02abce154b237ced
hsc724,25,7eed2a669d1511fd
hsc725,25,6dba03a6523cbc31
hsc726,25,8e088043931e12e6
hsc727,25,e9e04497b068f307
hsc728,25,59a9a61e70bc7b24
hsc729,25,47918f9c9cde4bac
hsc73,74,38407d2662855005
hsc730,25,047dd01966aa4ac6
hsc731,25,1c5090c93e838def
hsc732,25,1d5c3090ffd89a82
hsc734,97,1e87e7e051586778
hsc735,25,1eaf45371aa120f4
hsc736,25,07939f64ef749c4b
hsc737,25,1101e5ef0cab3ae0
hsc738,25,7299be3f03808a77
hsc739,51,b9ab950ab1fdcce7
hsc74,25,0c82204b81320543
hsc740,25,8d82779c95296be5
hsc741,26,f5d24d34f8dde463
hsc742,25,9931dd249690219d
hsc743,25,95a338766fc8e408
hsc744,25,df138c4a4a36d1bc
hsc745,25,990ad1b0378e325e
hsc746,25,727486e457d83a88
hsc747,25,f9165bd34e9a0908
hsc748,25,3d12447c2f1aa6cb
hsc75,25,a11e8d71a292bb97
hsc750,25,3c6af6a5a5896b7e
hsc751,28,616b0f9a843d6eca
hsc752,43,67971f058b7c3bc6
hsc754,25,4d32b0d0d2c62120
hsc757,25,c5d0c916dee68ae3
hsc758,25,f1d3941a1dfb4279
hsc759,142,a260a20df4796548
hsc76,25,8e6a6a96f87ec6a4
hsc760,25,e428c2bfd9c57004
hsc761,25,7139422eb5f7dec2
hsc762,25,647df13a49de0ac6
hsc763,27,ae110dc567ace1ca
hsc764,25,357085e8f22f111d
hsc765,43,502514324b277745
hsc766,26,e74340fcae7a18a9
hsc767,25,33b21d332d33286c
hsc768,25,db30b06c4a1f185a
hsc769,30,bd8cae2a27378a08
hsc770,25,866d7ccd1a55963c
hsc771,25,0bf41599e3f75b84
hsc772,25,e9670a9eab215356
hsc773,72,be52930a94c729eb
hsc774,25,cb89ad8b2385ae75
hsc777,48,ca7a514bd0f405bf
hsc778,25,717d17dc96b8f3b8
hsc779,25,c1bb9ba70a2f5525
hsc784,25,d958144ec0030a04
hsc785,38,705ca396aeb052cf
hsc786,25,d7bc4a867ce3873d
hsc787,25,6f0049e016f58731
hsc788,25,4e2f51585c35cb96
hsc789,25,afe5942816319659
hsc79,25,2ad37968c77924c2
hsc790,25,fefb85637daada3e
hsc791,25,03d8e1485ac9ddb7
hsc792,30,bee1780eebb22bbc
hsc793,54,f2e5d418fcb37275
hsc794,32,a34c6b10bd4681be
hsc795,27,2fa5f069b36e3bd6
hsc797,48,9e304bb49ec14898
hsc798,25,aaa673b764954211
hsc8,48,9a2bc976335696dd
hsc80,25,b99a006ed37eaa7c
hsc800,25,4dff745fce17368d
hsc801,25,424cf5c701b90e85
hsc803,25,7f2b2ca8aa0f8220
hsc804,28,5c4c589990a3c3ea
hsc805,25,acb732460c89bc43
hsc806,25,4b694df9600ec2ff
hsc807,54,b7c0863b2629067d
hsc808,25,5acdf6a334ee6381
hsc809,25,affe526d38d5001d
hsc810,25,3d2a8e8b77539439
hsc812,25,6cac441ed14e70a8
hsc813,25,545e4917d19dabfd
hsc814,25,301874778221d3bb
hsc815,25,a71acb5bc36866b6
hsc816,25,0f1554fad2e13176
hsc817,25,391e202b04b95dc4
hsc818,68,d1f40cd76f504f80
hsc821,26,d5c29bbf8399519b
hsc823,25,ee2e428fa00d4bb5
hsc824,25,88d93b60c14a10ee
hsc825,25,c0b061424028c585
hsc826,29,0543da296b542c3a
hsc828,25,b612c61df0216f23
hsc829,25,24730c4f4a470969
hsc830,25,3af29e0c843ea974
hsc831,25,966cf86ae8648b2d
hsc832,51,1621dac965dd7473
hsc833,44,bb675de54002993d
hsc835,25,260c0449eba64d70
hsc836,45,229be12403c4707f
hsc837,45,fabf5687147086be
hsc838,43,fe2b973f07e00764
hsc839,33,7af68a27d00e3cec
hsc841,25,4141ffd1cee4b1b3
hsc842,25,8159cef32867ebe8
hsc844,26,9aefe95d049372b7
hsc845,25,2ad21f51164dbf59
hsc846,25,aa609623ce7d4226
hsc848,26,f6c5aab9085937e9
hsc849,40,2cf0b999d2b4dd96
hsc852,37,488a5432db179b3d
hsc853,73,977b459897f52f55
hsc854,25,54074bdc27fdfd10
hsc855,25,4d19ff0ec0e52acb
hsc856,25,4478fddf65d59481
hsc857,81,f3512a2196cba9ed
hsc858,25,4aa8d17f1732d951
hsc859,25,d22337145eab3b30
hsc860,25,163113fdae4ae297
hsc861,25,d8e43de68610e76d
hsc862,25,9958f181b69f922d
hsc863,35,68f2da49856481c8
hsc864,25,76f71d3d76bb8dc6
hsc865,25,4da56ba0b35ab575
hsc866,25,da0822ff48a53bc5
hsc869,25,2915d305cce6af56
hsc87,41,8c95c0ec63992f52
hsc872,25,c25b948e076a08f7
hsc873,25,568619a51d15e14f
hsc875,25,6d55b5f717f2f149
hsc876,25,438f2ef03427f439
hsc877,28,d26fc07f4b8e4f7f
hsc878,25,3b1f3d9fa102dc2a
hsc879,38,6a801c88354a3a8b
hsc880,25,963c86a36a992690
hsc881,25,6d7699b55726804d
hsc882,25,8176d9cc374ca904
hsc883,25,5ba5cd7c0a89d506
hsc884,45,fd8fa55446bbbdef
hsc885,28,8118679d2102d6f3
hsc886,26,2ba8fc5291932937
hsc887,40,a9b5188b87a7fd1e
hsc888,25,1e9c434f8f97721e
hsc889,25,79f85edf334cb4c9
hsc89,25,d8b21e6dbd522616
hsc890,25,d6c1f8fc40547325
hsc891,26,5bc2b091aceda243
hsc892,25,fe49a244063b041d
hsc893,32,3b04c0e8bb1bfb35
hsc894,25,15f615fe83f3092a
hsc896,49,c6e58732b18593e2
hsc898,25,268255d94c5c7c98
hsc899,25,44e62c404b17b2df
hsc9,25,79b4d94ca815d843
hsc900,25,ea16332d0981ba7d
hsc901,60,1f790bd478e03e3b
hsc903,25,05735dcdefdbbc90
hsc905,25,574842bef884b1c6
hsc906,25,1828609ad3ff29ee
hsc907,29,89e4ca28e1cdcfd7
hsc911,25,de7011e63338a8b9
hsc912,25,95a3e897e1bb4e98
hsc913,25,b231be28613af246
hsc914,31,d073c503b33f39bb
hsc915,25,49cc2e06a1369d07
hsc916,25,4164e9e255905a28
hsc917,25,df71f8c00df80c9d
hsc919,51,aac8a85621975cf5
hsc920,25,a4e7d93ef79d592d
hsc921,73,980097e0e8ca895a
hsc922,25,5df795b533eac348
hsc923,25,b2382bbad7a2ea29
hsc924,25,715ea127afe54d4d
hsc925,57,007fe19973fdd1fd
hsc926,25,8bdc911c8706fb43
hsc927,25,b6456dd35de9362c
hsc929,25,59da92906066efe3
hsc93,25,5fad0a9f73217e9c
hsc930,25,2c6584f46ee54d50
hsc931,47,3839bdb2ee02e281
hsc932,25,53473044e28b3df7
hsc935,25,5f1ba0c9837d5104
hsc936,104,8a79e83e41c02eef
hsc937,87,33d3f2cb8d75b63c
hsc938,38,18366dedaed20f63
hsc94,32,fa4e5a50824647cd
hsc940,25,8dfcfd1266b84a8a
hsc941,32,74fa5ead7df4a530
hsc942,25,4e2eab5c60f5f23e
hsc943,25,609e1500b5cb2484
hsc944,25,21810a87919068a6
hsc945,25,b34a4cdd7046510e
hsc946,25,336d35999ffd996e
hsc948,75,10fafdc18dbe1305
hsc949,25,477e4428434943b3
hsc950,25,b9e0b2445276d3a5
hsc951,25,59d67614c21f95df
hsc952,25,4daf3bd09526e1ba
hsc954,47,a170b4d65e8d7b99
hsc955,25,dc502c6a7e7a857a
hsc956,25,2d23f584f8f1795f
hsc957,25,3ca9970ad28bc4f5
hsc959,30,d4c724aa4b6a0894
hsc960,27,56b2d35ba4a75ccb
hsc961,25,9ab7ccc12fba6eed
hsc962,25,98dde4547760a286
hsc964,25,83111e6fc053daaf
hsc965,25,4b7bc5782fc9db69
hsc966,25,3c9d1bd1ed41509a
hsc969,25,13cda7fbf407961d
hsc970,25,fff40d1d56baa60f
hsc973,31,9ac8b847a7b4c3bf
hsc974,40,8ea59fc4a5e17da0
hsc975,25,af7467e2b0503a74
hsc976,61,7bacbe8c85f47ba2
hsc977,25,cb75c1316591475c
hsc978,25,f6e504b3b3a4d605
hsc98,25,6993c8719005e77e
hsc980,42,b0f87ea2ae59b731
hsc981,25,b0b556371b4c90af
hsc983,25,85390b81e938ab16
hsc985,25,cf7999d01382e68d
hsc986,25,9a08cf3d15322437
hsc988,25,6f00af7db35dda60
hsc99,25,59e6accea623cc0e
hsc990,43,0770b59a409b89ec
hsc991,31,e0bd37fe60826db9
hsc992,74,854bdeac99c387a3
hsc993,26,0aa17d19744f5823
hsc994,43,c4814478accb627b
hsc995,25,ff152c89315e9e75
hsc996,25,601bbbc55040569c
hsc997,25,71bac16bc459cbc9
hsc998,25,c3985f40e6b3d84b
hsc999,25,3e4d0e56d458dc79
hscdbsb6,33,c968f3b990fd1b2a
hscfof1624,52,7cbc2ecae6eaa65e
hscrup117,25,267ff549091379a4
hscubc10a,27,b24893d2fd327511
hscvdbh205,25,af99128871f12b64
huluwa1,25,92bd20348c5a68db
huluwa4,25,5df9e96b71a2d419
hxhwl1,91,a10de78500bac1ff
hxhwl10,75,e102c77c7c583278
hxhwl11,27,0b13e6f671fd9e6c
hxhwl12,57,5814cc77e40e412f
hxhwl13,87,2ce9846a1b772505
hxhwl14,66,826441c71e388096
hxhwl15,67,99660e2c0646b1c5
hxhwl16,119,8bae7db926daebd3
hxhwl17,50,1630ed2fb47e9350
hxhwl18,32,e1701911dc1a17c0
hxhwl19,59,df008aa5aa6bd7da
hxhwl2,59,b2138da8ba4df601
hxhwl20,73,b14f8f8d8adc6204
hxhwl21,47,7ebd1f023a45234c
hxhwl22,73,348e06e35da49a3e
hxhwl23,74,fd1cf7ef74816c44
hxhwl24,68,718650f47224499d
hxhwl26,235,0dff0fd95c9ba071
hxhwl27,40,beefbd62770c27c1
hxhwl28,82,66af8f0d7bfafa37
hxhwl29,89,d8258866e59ce27a
hxhwl30,58,3603f4c60764699f
hxhwl31,42,fd336a785a565002
hxhwl32,66,0457c4edb430d46d
hxhwl34,53,ea5c784734edace5
hxhwl35,32,7875cb266b288661
hxhwl36,25,4deb585e95903442
hxhwl37,28,e7781002a1b5392c
hxhwl38,32,51d19db3f155401f
hxhwl39,25,9be5e3a3005d4cca
hxhwl4,34,83ad77b58bf013ea
hxhwl41,25,cb615287c2fc9843
hxhwl42,77,2710e884b564eb42
hxhwl43,68,1ac34b05c41fedd9
hxhwl44,25,0259aa97a5691a3e
hxhwl45,61,39de7b94f3eb5a00
hxhwl46,57,ea56a7213d9e572d
hxhwl47,34,28171c8072352591
hxhwl48,39,b7f1b04af9ea9aa7
hxhwl49,42,77c48a73d7d8b6b6
hxhwl5,30,865691d61b61f348
hxhwl51,64,d78c1687526e2f10
hxhwl52,41,6d8d1ef15d8d1f95
hxhwl53,33,7fd95e517d563bce
hxhwl55,43,91b6e8fc2861cb39
hxhwl56,33,5c0c29da5641b2bd
hxhwl58,25,eddffaf4bfd282aa
hxhwl59,35,f4cc2ec60ed0039f
hxhwl6,71,7d27c42ef7dc518e
hxhwl60,72,8ddeadffff61c0ec
hxhwl61,106,ef3502843f0da802
hxhwl62,55,4c9d554613502ab8
hxhwl63,31,f19d533ab4780189
hxhwl64,57,c729f30824c0c387
hxhwl65,35,99b77a4fe50cc713
hxhwl66,34,11246006f39f0c60
hxhwl67,44,78a5f4168494064e
hxhwl68,46,4f50fa07012785b7
hxhwl69,65,fad704ff0760c486
hxhwl7,68,455609fc92d0c454
hxhwl70,31,b88c4bebd36d7d2d
hxhwl71,42,94be76b191964a40
hxhwl72,25,28fd0a7bfb66a899
hxhwl73,47,16e80c56675df367
hxhwl74,56,aa84c02792567a31
hxhwl8,70,18a85540fba343ba
hxhwl9,46,55d3a17695160876
hxwhb1,25,41d6e42c6d9ac24d
hxwhb10,70,44bcec6d15af8778
hxwhb11,25,16c5f64b267d09ad
hxwhb12,25,9daae69ada13eb84
hxwhb13,25,5a2703c7eacec47a
hxwhb14,78,7eea64e588d90f93
hxwhb16,25,ffd6afe894ada499
hxwhb2,25,811a6b675f3e3a85
hxwhb3,25,ea863c411b5a2d84
hxwhb4,25,8a49a7f68cfd67af
hxwhb6,25,4635db285fb5baf9
hxwhb7,25,e39e4b781a118e69
hxwhb9,25,9ced49c8960bf843
hyades,560,54c5091223e2376f
ic1023,25,90f0868c710514d3
ic1311,979,55c128726be5c58b
ic1363,38,e249035a69ef69ce
ic1369,459,b6c1068a7d82a9ab
ic1396,712,5fb59caabda89fe3
ic1434,666,9537be722115dbf3
ic1442,110,bfec575a9804792b
ic166,1850,e9b3ed03d5cffed7
ic17951,31,40901f06ece68ce7
ic17952,25,7498ccf2cd10dafa
ic1805,209,c8c9debd79de7443
ic1805w,25,5084f20c13403ad0
ic1805west,25,e35101b2c0733639
ic1848,226,90db0ededb6b41a4
ic1871,39,75a3065592185b70
ic2156,32,8e6146e55e967849
ic2157,98,620fecb39e2d205f
ic2162,89,1801073442f56254
ic2391,342,762972a2fc933d09
ic2395,517,2f69dff212b90a78
ic2488,575,a3afc2e226cbee30
ic2581,149,116c31fd10a143da
ic2602,643,0f7cd210a17bdc74
ic2714,1345,e27bee299fae02b7
ic2944,178,0c4c4617699ff48c
ic2948,84,044066addbb0cb5a
ic348,426,ec5e4de4ab36f59d
ic361,1051,f6d48c2a59717afd
ic4291,435,73eb655a07ef99f9
ic446,42,88e5d4ca7e924626
ic4651,929,80c7fd2b28b67568
ic466,25,50a81cd78d4e7524
ic4665,348,d94a42dd58e51743
ic4725,487,5d4166a1a7fa521b
ic4756,643,3b13b9ce268a17bd
ic4768,25,bea2c4b78f2f49b3
ic4955,25,8baf440410eb8d37
ic4996,163,74f3f51a3f734cfb
ic5146,125,15c81fc5f38f7c90
iras00013p6817,25,2a2d374c7c5a1286
iras01546p6319,25,87149d85bb935aee
iras02044p6031,25,d57b53da29ceceec
iras02054p6011,25,b2d5fc30a55cd913
iras02130p5509,25,4f4147128bd2c87e
iras02175p5845,25,9aca776ebb19db70
iras02232p6138,91,a7afec7c1ae95e97
iras02327p6019,25,23c0f866866c6335
iras02407p6047,31,8a7c39ca9d78f67d
iras02461p6147,25,f3a16a8dbc7c95b0
iras02484p6022,227,a5a7ab40bf73ef5c
iras02497p6217,25,ae3916978134108e
iras02541p6208,25,eaf370008abc9e9d
iras02570p6028,26,80a7ff1e664d24f5
iras03064p5638,57,7ced16f846e8b644
iras04324p5106,25,4ef735dc264404b5
iras05197p3355,26,1f3cbfe641c72024
iras054011002,25,55318c3755eefe6a
iras054040839,25,90bbd82fca13c07a
iras054040946,25,26ca32ae4edd4692
iras05439p3035,25,57b8fc60182a69c7
iras060460603,25,f62b29c04f6d6146
iras061552319,25,29cada3cf41d28ce
iras065620337,25,c5fbede6bf787695
iras065620337cl,25,314e5c33cd6201ca
iras072552012,25,cba51af7d532099d
iras154115352,25,ba0b3bfd70a927ec
iras163534636,25,914ce5a052d47595
iras173012917,25,e093a65041afcf60
iras183060500,61,d5b4e1f32afc1101
iras19110p1045,25,3c3ee05b09f58ca1
iras20050p2720a,25,63743199c37d0f44
iras20050p2720b,25,11e63af6c47b1590
iras20050p2720c,80,4b298c01e2018354
iras20188p3928,25,91843102d6f85b31
iras20286p4105,25,8f9aa3803edd658a
iras23151p5912,27,885cb34850120c9a
iskudarian1,25,aac916f67a78d7a4
ivanov2,25,63d97b7c1d0f505d
ivanov4,30,7272a1a71c56364f
ivanov7,25,3a1ddfd07f445d9e
ivanov8,115,41b2fa0ad09faa94
ivanov9,25,d6171fc2cfddde95
johansson1,25,65d0f77204cdd301
juchert1,134,64137c33686d743f
juchert10,240,cf26439aa84c79c1
juchert11,94,d1afd94f1373a656
juchert12,25,88a9a4221f758091
juchert13,381,c5eb6c9cb5ae693a
juchert14,25,d759d22098e42a06
juchert15,25,f8705b9458b92f12
juchert16,100,db20f9659f3a29f1
juchert18,25,b005be1e343412d8
juchert19,117,730df9769ee2d1db
juchert2,32,3336bb4b15821cfc
juchert20,137,e172a860f1d65b70
juchert21,103,0a4fe7e702753163
juchert22,25,b99b9db142d61534
juchert23,247,929988293a613408
juchert3,56,bb28c5afe1b60339
juchert4,25,b0dc6c1b154ef340
juchert5,25,4b91d7bcb8803269
juchert6,25,ee1453025486a455
juchert7,247,c74ec9f320bf7bd8
juchert9,66,c73b541d9605971d
juchertj01034p5631,25,3046d7c36a8e6149
juchertj04306p5402,65,5abbec299898ed07
juchertj06031p3102,62,d83e73a3efdac8c0
juchertj064480925,53,12909976213fa3c0
juchertj06494p1202,92,b4aaff6a45ddeccb
juchertj150665459,25,ed7e733ed565d25e
juchertj154164622,25,f5e686583ed63270
juchertj173851659,25,33f57ffe0a17b0c9
juchertj19044p1124,25,7d7ebd82ecdeb256
juchertj19082p1102,25,15bf6c41cac3b466
juchertj19143p1331,31,2a4035f4abd046f9
juchertj19194p1453,57,ab32b55c92c6ac46
juchertsaloran1,104,45f4ae43ca8a7d82
k350b,25,cd99e08d7606c946
karhula17,25,42a3ea29d673b795
karhula3,27,67e6a0dd98c93215
kernya10,25,5d1fbb5574d74714
kes29,43,ee6a7ca9c438dcb8
kharchenko1,39,bca495de8321637d
kharchenko2,32,3b729a6fb8546901
kharchenko3,45,47d40ee14f59fd19
king1,1020,007fd9627e95ab0f
king10,467,a1c846b524d59779
king11,1192,288870a1be6c9f2d
king12,62,7bb576c530214307
king13,669,8c508c5188b1dc1c
king14,249,d17e1b36a198d258
king15,120,6ff87fee4a38bc67
king16,126,a5233f5f2985f9ba
king17,94,7d238d6f12749725
king18,172,201d70747320a7b1
king19,331,755ba0a5b2702fdd
king2,476,15a28ff2911cc6d1
king20,184,4b835f475bf1d592
king21,184,5eed4299dc646bc1
king23,142,4e2b5b660abc1277
king25,311,ac5f9137df5f9540
king26,102,e7629f5d83484eb3
king4,177,241d8214ff1ff1e9
king5,476,4e00f36610a0b1a4
king6,475,8b6b7ccf93987c0c
king7,711,816113565f906b0b
king8,215,136f6c5f4c588891
king9,253,605adc6d0a4ad36a
kms35,25,70d213821a56bb41
koposov10,79,d431ba2e77116550
koposov12,251,a4524a51e45e3d17
koposov27,106,da41d64e1e56a022
koposov36,134,9723a679bc1bacfa
koposov43,113,596cd6f5642780f1
koposov53,78,7544e0e04cdd0f02
koposov62,25,2e92ef5c5302ec29
koposov63,79,d0032eb0ab8b2d12
koposov77,25,96fa2b45c0d9221d
kronberger1,70,354b2ab42c9cda29
kronberger117,26,4788452bad65a1f7
kronberger12,45,37ae23d9b6bd8f61
kronberger121,25,7dc2b71ea8a84f9f
kronberger13,63,0d9c95477c76ccc6
kronberger14,25,3b1c631040202661
kronberger18,30,2e6d30e27ed466e7
kronberger2,25,7ce9489e31178a1a
kronberger25,49,c64fcd2d9554a5f7
kronberger27,25,11ef0b59ceb7d8fb
kronberger28,25,04c68b38af565dae
kronberger29,56,cdf6bc8e4505c85d
kronberger3,25,7aba94d477856f0b
kronberger31,125,a953331835539527
kronberger33,82,ef092cc9223fb429
kronberger36,134,9861d5224fa7de5e
kronberger39,50,014e715ddcc8d11c
kronberger4,90,2399ac2f57cb229b
kronberger49,25,5d9097f5a4e7ec2a
kronberger5,25,5f5849ea496a195c
kronberger50,25,e253e172530a728f
kronberger51,25,934678659b33996f
kronberger52,194,f16162df7a4a4671
kronberger53,276,6275edde957154f9
kronberger54,74,9f5ac10fa6075966
kronberger55,35,1ced92eca64e6062
kronberger56,25,da31492d1b7e144c
kronberger57,66,f0b30ce9c7c6bf74
kronberger58,25,bba9f414c6bd79aa
kronberger59,25,02bac567d0358c63
kronberger6,116,2b3650be9c27efae
kronberger61,25,13efe3a017d43223
kronberger62,25,ecec93cdee071024
kronberger63,34,ef9deda344bfecdb
kronberger65,25,cb9e6a83029283b1
kronberger66,25,45cabd47c0d22a20
kronberger67,25,9aa0180ecd504aa4
kronberger68,25,003862db747086a5
kronberger69,56,19c18fd275dddec7
kronberger70,25,5f649d5971e18fb5
kronberger72,25,58e640317ed814cc
kronberger73,103,799960343068a903
kronberger74,25,2ccc1ab29248d08d
kronberger76,25,de3dadd44eeb9d10
kronberger78,25,b67f4fed05171ae4
kronberger79,80,b5be9e52fc82711b
kronberger8,36,6c320fbf184dfaf1
kronberger80,84,1718fcd5a120dc7b
kronberger81,114,081b1730da17d319
kronberger82,25,e4454298e83bfa2d
kronberger83,91,acd19073e037e880
kronberger84,60,61bd410146068689
kronberger85,96,97367fcf26eeef4c
kronberger86,25,0b54eb40dccc320d
kronberger87,25,1fd0fb891c4bbdec
kronberger92,27,bc522baec75c2480
kronberger93,25,c3a25abf63c23268
kronberger94,25,23ea4444211131f5
kronberger95,25,74f200eb874532cb
kronberger96,25,c5bd2b24f2cfa674
kronberger98,25,f8513aaf22da7451
kumar21,25,875f0391cfce5bbb
l1641n,25,da5d2b75e2acaa56
l1641s,207,ca42ecdf8044447e
l988e,138,20fc1609fa1339ee
latham1,12,b44cb6092ec81d36
latysev1,25,7847a02e03da3a7a
latysev2,25,aabe5c45fb08a81a
ldn1206,25,d2eb16f6acc7203b
ldn1211,25,72ad47ecc613ebfa
ldn1228,25,8d3a9ef138a585ce
ldn1495w,25,7ba014e499db7bc8
ldn1641c,26,9e18736086e55dc1
ldn988e,183,4958ae81508a902c
lederman1,25,f38efaec2eae9985
lisc0192,29,c0226f89cf486b15
lisc0327,25,746da8ebd8afe2c3
lisc0537,35,9cd550803c3a7492
lisc0538,25,8f6c3952c43021f8
lisc0832,25,e00936f238052f96
lisc0901,212,592a7c4d375cf525
lisc1103,38,5fc46ef86bcc7166
lisc1132,25,080acde80539076f
lisc1139,42,dca2b8a575458d64
lisc1141,25,c8781a8858886eb0
lisc1152,105,3cc3f420b85317ae
lisc1273,25,f6ca48118f5ac50f
lisc1274,76,c1b6279e108f8815
lisc1314,130,08eeccf7188ded5d
lisc1351,70,42360f1e9d03286c
lisc1363,25,1daa79d38c51673a
lisc1369,25,8bcf262f7d29b773
lisc1445,25,7827273a8d76509b
lisc1449,34,45f294768f322d5e
lisc1473,25,06b419c9de6a8e42
lisc1556,25,1f4c6296d429353f
lisc1908,25,47d7122ba3820854
lisc1909,25,16beecbbae7e0f9f
lisc1942,25,1a7ce16abc087835
lisc2014,36,a8f9971fddbb2f22
lisc2019,63,57f74f0542818abd
lisc2967,93,991d4be8489953d9
lisc3164,92,40490ab341c297ec
lisc3392,178,db66f42a8d9c863f
lisc3420,65,fb44a31474410683
lisc3483,68,32f6a200f15a40d4
lisc3534,357,a3cad50c9c0a0d8a
lisc3630,25,e253c2a6f4cb449c
lisc3632,25,7dff5f3619ff9d83
lisc3634,25,1d7eec05e38c1538
lisc3635,25,1b7659f81e987e6f
lisc3642,25,c4bac60dc6413df6
lisc3643,25,1814dda374aa8ea6
lisc3647,25,f914ce83996c7183
lisc3649,25,3beb0bc0d7ae8b7e
lisc3650,25,5b58b259e007b3b7
lisc3651,25,1c4cac4d9d95bc36
lisc3652,25,ddb5ab44f51d58d8
lisc3653,25,093c42699c3125ec
lisc3655,25,a829d09148798f3e
lisc3657,25,18ec4e340b7a4f2c
lisc3660,25,05c0f3bfa81e0d06
lisc3661,25,6f4f6fa4902efc29
lisc3663,25,86a223bab3604681
lisc3674,25,6f96310b9955ced7
lisc3675,25,a91857dac24701e4
lisc3676,25,fd578284d9cd8acc
lisc3677,25,d28425ffab72a3dd
lisc3678,25,a016c13b9a93b3cc
lisc3681,25,9c78072fdb9a995b
lisc3682,25,59c55572fa562474
lisc3683,25,68fed9286f98fe95
lisc3684,25,d7e41d70a731d648
lisc3689,25,0750bc8d4862d9e7
lisc3690,25,1b362d5a64c3658c
lisc3692,25,fe4174e6d7000bc6
lisc3694,25,759d9ece65aa3d7f
lisc3696,25,0e982b94fe1776d9
lisc3697,25,626a3634df708949
lisc3701,25,d6063115ca87140b
lisc3702,25,bed3d858c3b1ad8e
lisc3704,25,5c0e11dd4208a75a
lisciii1031,25,2b6490fddd1b201c
lisciii1036,25,b6f5a1fb074dbd9f
lisciii1038,25,ac05ee9c619791f3
lisciii1046,25,05370b444893e1a7
lisciii1177,25,cfc28a6261285cc6
lisciii1178,25,8cb448346d615c17
lisciii1179,25,ce9a64110364fca4
lisciii1182,25,c17d020a595adb37
lisciii1191,25,63027757dba4acb9
lisciii1196,25,a112f6b011031ae7
lisciii1197,25,63709a8425766711
lisciii1293,25,76671f8254c0e758
lisciii1299,33,b99c9013efa8d0dc
lisciii1301,25,901def7bbbad0670
lisciii1314,25,f9c883f13c4ecc1d
lisciii1316,25,e821e7831890733b
lisciii1319,25,a66634242986ec18
lisciii1320,25,b5e988c208ef4c08
lisciii1442,84,42079948d134d6ab
lisciii1762,25,af182a004a9b2c07
lisciii1764,25,93138aac8382a7c7
lisciii1789,35,ca5efcde7e504000
lisciii1790,25,0bc4228aeb924d9b
lisciii1837,25,d654bb83e68d4a0b
lisciii1911,25,38b171dae670e2de
lisciii1989,25,317bc6285f16c7d6
lisciii2071,26,6da616e7a61ae2ef
lisciii2171,25,55e8bd9c42424089
lisciii2226,25,0b20671181791eb0
lisciii2234,25,a4f1b6dae2efc06b
lisciii2394,25,9f5c642a323ec94c
lisciii2396,25,241721efa39de7cf
lisciii2473,26,def501502b263386
lisciii2474,25,a96b05a76c676bfc
lisciii2595,25,dba4171033a73b1c
lisciii2601,25,2f28d321152680b1
lisciii2824,25,19667d8a3a6e3abc
lisciii2920,25,ce445bb597b53bbf
lisciii2980,25,d93b045699ad9fcc
lisciii2983,25,333211755d57667f
lisciii3286,25,babf1e993cd46490
lisciii3312,26,40b7044e81d85e4e
lisciii3345,25,513fa015023ab6e8
lisciii3372,65,576de4f912f66505
lisciii3373,25,40ae7162427e5df7
lisciii3411,25,fd123e6c588ccf72
lisciii3431,27,4b84091c39855336
lisciii3434,25,876d65f4a3234fc1
lisciii3492,25,75c3ba949ff0e01c
lisciii3503,25,899a9564f8aebfc5
lisciii3629,25,6c0ce938b36e34a6
lisciii3630,25,6bb583d4f828aace
lisciii3649,25,43a220a834a5081e
lisciii3661,25,4f92de2183975008
lisciii3664,25,87856da4a4bec2bb
lisciii3668,85,40e173df247c996b
lisciii3673,25,37430743111d6613
lisciii3682,71,02f3b3fbf3461bf0
lisciii3715,25,ae31105dfb8d622e
lisciii3728,25,4b3eb05a6059ed97
lisciii3732,25,e947d8a060018ac1
lisciii3737,25,51bfa10837dea92f
lisciii3749,25,6d8d61adc194fd3f
lisciii3759,25,9a3d99182137576a
lisciii3785,25,79e781ab1bcbd742
lisciii931,25,3c006ce059850d50
lisciii932,25,a98c7e1ef5abd8db
lisciii933,29,1518a03a3b20d09e
lisciii934,25,16764f1143cad030
lk1,71,01f6eb473813bcf0
lk10,213,17b93b7953df18c7
lk3,25,6043237511eaa797
loden1,25,8e71f1d356fa16ba
loden1002,42,ab73c271032004b5
loden1010,25,bfc4962053bf161d
loden1095,25,73e5d82ba0d4f1db
loden1101,25,8d86c330269bee57
loden112,40,e47b16cc37b577a9
loden1152,25,7a7d7e663060143d
loden1171,25,e4b18199a69a21a2
loden1177,25,2f5c546a58f93d20
loden1194,71,6cbe90b807820341
loden1202,25,93d2859b8cb86aa9
loden1225,25,5f441cff270dda8d
loden1256,103,222710df386cfb88
loden1282,25,b13a0db3a11c7335
loden1289,25,016b3e4bbf321653
loden1339,25,3f0a98e05170e63e
loden1373,25,fbd98cefe609ced4
loden1375,25,6b7a95f2ba276499
loden1378,25,afc7285af3601926
loden1409,25,faf876b527aa4707
loden143,25,46f8b47975fd5e14
loden153,25,8cf8477c9023fc9d
loden165,25,30cec7c8a852e0ad
loden172,25,41e2ee445223a11e
loden189,25,ba391c998ca4f957
loden2045,25,773438c115f98e55
loden2115,25,2458f421f436ff04
loden213,25,ea8abf69ea943c3e
loden2158,25,615166721c024856
loden2159,25,3fdbcc74656c4ee8
loden2313,73,6651d0063a1210c1
loden2326,25,8800910de16a3cd6
loden27,49,1ec75f17d8a0f008
loden28,44,549c37a9bd099d65
loden280,25,25927bbaa4693696
loden282,25,6178f51ba5cf5430
loden306,25,eabb59bdeb89573e
loden309,39,30d3f29108ff3894
loden336,25,5b47d8b6fae935c7
loden372,103,99500811487aee5f
loden402,25,53e7fdc55b44649e
loden46,46,7e71aab71039be1f
loden466,25,ef55fdcda93a77d7
loden467,25,d56beba398714290
loden480,41,32a168012d80cb77
loden481,25,c99b2446d991c8dc
loden565,25,a6c6381269e61323
loden59,25,aacaaa8fbedf9c7b
loden615,25,986f68d4de9c9fdc
loden624,97,8abc4bd7e1f7d3a7
loden682,25,5550b93a72730b43
loden694,25,81b78968cc5b89c4
loden757,36,b5edb1d5d310b4b5
loden807,30,3e79608fb759af20
loden821,25,eceae5a625dd943f
loden848,25,520d6f341b6f5125
loden89,25,5b85ad7a0c9811ac
loden894,25,98f9792fa29fd326
loden915,40,5a745fc1d53df59b
loden991,25,b2211087fac46b9c
loden995,28,895fb11a8f641455
loiano1,25,baec96ea1abda5c2
lp01,25,95de8e2b6c308b01
lp02,59,616228d5ad42e005
lp04,25,3f65a9cfee0225aa
lp05,25,7a37d5f915cef69b
lp06,51,329cbeb094047391
lp07,25,a62e49717a264b4c
lp08,25,0e7a100ac11d5a07
lp11,41,05da813cc2708b78
lp12,42,3dd82754845f174d
lp14,25,c646189e22f9a236
lp16,25,655d8d2cf859d1d5
lp17,25,509a5f488bc78b65
lp18,25,eaf7510ec6fcc414
lp19,25,4625668321080219
lp20,25,cf5dbe6ac6cd595e
lp21,25,feb545564b5ea48e
lp22,25,39b7498be07f788d
lp23,25,f1961e4139c77886
lp2388,25,261b9d41750d859c
lp24,31,c9cf2a05976e715e
lp2429,25,f0572dd0e019e36d
lp2441,25,a55e6a33021fe7b6
lp25,25,fc7448237c7eee04
lp26,25,c02c232056f1a6cd
lp27,25,643eb1dba4054c9d
lp28,25,d2ce803767f14d8f
lp29,25,6e48baf9ba3acc83
lp30,83,285eed9a56159043
lp31,25,d307087f0eb8333a
lp33,25,6d5d65162fc3c1ec
lp34,68,32280907dc773bba
lp35,25,a147d7d094f0049d
lp36,25,922ad722ff74a7de
lp37,25,c63432760c0c6e2e
lp38,25,eebfc7b1bf54cca5
lp40,25,be9fa3fc77cd76be
lp41,25,8dca72572adcf3ab
lp42,25,85b6970497263913
lp43,25,12358c927ef3f545
lp45,25,58ad3ee567ffbaa7
lp46,25,4d747a67f76f1f8e
lp47,25,7d85e5f9222f7db7
lp48,25,10bfd455458a549b
lp49,63,480ec8d4cb7db1b4
lp50a,34,a41e509c349f6af3
lp51a,28,3eaffaa033e36b8d
lp52a,25,4bcfbfea62c355eb
lp53a,25,08760bd843371a3f
lp54a,25,697148620784f599
lp55a,25,6906938eebe53f37
ls114,25,bd6b95e85b8c4200
ls12,25,d158e95927693d87
ls139,25,ce56a9ccd4288957
ls145,25,788484c563aa81e1
ls16,25,bc12744e3acf0969
ls169,25,8f3ed81ccd186a11
ls177,25,9585a8887257fab3
ls217,25,faa4a91163f8a040
ls229,65,23b7d47656b01217
ls230,25,19f082cda4b2389b
ls237,33,4104b41951032422
ls251,25,9fe0a980806e831d
ls274,25,2cac13c7ce590948
ls276,25,f959955459e128a6
ls279,25,3c025dba31723af6
ls280,25,ecdbe7e7e5118f8b
ls313,27,05c32794659e297f
ls343,178,ea232b0fde40cf3d
ls358,25,8aec28e8e3c3ed5f
ls360,25,79105e3c8d2b1e96
ls377,53,bb85a754abf062f1
ls378,25,98bdb670aae9ad41
ls403,25,c3e69e2fe73b3600
ls457,25,f47e0207bbf98300
ls460,25,f288d3ded1a5e6e0
ls468,25,8a76863831286dce
ls477,25,90b2385a3fdcd27d
ls52,25,4bfc49dc5733c9cf
ls94,25,f78987e60c0fefce
ls98,25,b5aa63ec9f073df1
lynga1,48,cf71ab138a30c709
lynga11,25,34ac4390c70f8b34
lynga12,25,296d851a5dfb7f3b
lynga13,25,1e441819b6584ef6
lynga14,91,e8267567028efad7
lynga15,53,f05e7240934ad328
lynga2,191,bb5fbce5eee1736d
lynga3,47,937010d955fe35b5
lynga4,101,4805bf8ad0aaeea5
lynga5,315,8225a8572817a025
lynga6,438,51f1fccd515307a8
lynga7,25,36a4a57f03c1bc86
lynga8,25,c54e07d51b1a367c
lynga9,609,d035e13b6019123e
majaess1,25,c8a2c9a3f4f28486
majaess101,25,24b7452957e29ff6
majaess104,25,f5992cd582f8f1e4
majaess114,16,31f498073c938a07
majaess135,25,c91e22825292190c
majaess160,25,8c700a72c65f3af3
majaess166,25,557bf19175326a21
majaess170,25,c6a2cd27817fa263
majaess184,25,169cecbc7a52906c
majaess19,25,c7e9163baae5282b
majaess190,25,80e031e6dba57de1
majaess20,25,9c17064ee5f99ae6
majaess207,25,a28efdff8a0cd349
majaess209,25,eca5d9bb16edda57
majaess211,25,3ee48dbec729a6f8
majaess215,25,9eb78f34df4ac7bb
majaess225,54,1896782c7be39186
majaess227,25,6153b3823a849265
majaess26,49,d749911c3ec05340
majaess29,25,f493232b13f82a75
majaess41,25,dd671d7fd0ea311a
majaess50,25,7daae208a8c42c00
majaess58,25,17a703c566499c85
majaess61,25,3e6c91940b5442eb
majaess65,93,053189909d61a80d
majaess68,25,90dc96247a15d03a
majaess69,25,5cecae06af6062e3
majaess70,25,2f2307876ba1d75d
majaess79,25,9152c2cdaa548a27
majaess8,25,f889c7b6f84906df
majaess82,16,2759e5df2f9680d6
majaess86,25,ca1c8da7fd8e4869
majaess89,25,638754699ece10bf
majaess9,25,4e4292f295b68015
majaess90,43,6eb54cffc534b7ba
majaess95,25,3a0de51b922a237d
mamajek1,45,e12f95693929d1a9
mamajek13,25,0f22c188a0d6f934
mamajek1625,29,dc171c220a04ddc8
mamajek1652,25,97a74ff6dff87d1a
mamajek1732,25,9903379c5ea0dc7b
mamajek1844,25,27807a0d8b786dd3
mamajek2,110,ad68252cb80a44ea
mamajek3,41,ec1dd0cc6a792645
mamajek4,197,5383c6706de83e1d
mandushev1,25,85d181a902e4113b
markarian38,45,9dc44515418558be
markarian50,54,2aa9fd734612b494
masgomas1,25,155567a32d4a982a
mayer1,86,334d2f7788000cb3
mayer2,25,c37f73e3384d0458
mayer3,65,c30bba6f77408ec9
mcm1,25,2f743f47b38ecaec
mcm10,25,4b7c66664c428b4d
mcm11,25,a401cb58a16e36eb
mcm12,25,cf3c2ea09a810782
mcm13,25,2b1e8d3eb7f7db25
mcm14,26,c26b62099e210291
mcm15,25,aa671c37e6e002ce
mcm16,25,7fe0384a65636b76
mcm17,25,14a78d79bdc150c0
mcm18,25,edf9ee271e59463b
mcm2,25,46968c0cf822dcbd
mcm20,27,5a5fd7d62033315b
mcm21,25,14176c5952f6b0d0
mcm22,25,0aaec20fbe7cc099
mcm24,25,8e2ad65f372eaddc
mcm25,50,86865260712b1998
mcm26,25,bc065edad03ecae0
mcm27,85,3bdb4be707b05cd9
mcm28,25,60c2cb2a218319c8
mcm29,25,7ed67f51601c127a
mcm3,25,2896e19a937e2ed4
mcm30,25,55ee0145bc496ace
mcm31,25,c23cd3bc4a303fac
mcm32,37,46edcbc14104e155
mcm33,25,61a6d839ca0c12d5
mcm34,25,c7de38965fdeec3d
mcm35,25,8d910928b128b120
mcm36,25,002dae1808313c67
mcm37,25,467b470a3d2a3111
mcm38,25,ac0eee8fb558ba50
mcm39,25,a800cb76d0b9f0e9
mcm4,39,072b39c0de840e40
mcm40,25,80ec94fb2c70300c
mcm41,56,d029faa8c9bef44d
mcm42,25,b9da8925e0dac5e7
mcm43,25,7d38f573d684b3e4
mcm44,25,4a278e2f07aeba77
mcm45,25,36889e65efab0178
mcm46,33,60d368f01d9d4eaa
mcm47,25,d47d4e26f858589f
mcm48,53,7f07b60be9619a2b
mcm49,25,a84445b89cbcadef
mcm51,25,b6618ff132adeebe
mcm52,25,85561f2a45a027a8
mcm54,25,b8c866691a267115
mcm55,25,db8601f52489fb4d
mcm56,25,50edb8364d5ea733
mcm57,25,0b30f84dae2f7628
mcm58,274,b46e86be7b154638
mcm59,25,6f0e18f24e4e824d
mcm6,25,7de7eb8737657127
mcm60,25,79c804a629ef3ecf
mcm61,25,5e1f1676c2bc7cd5
mcm63,25,482c2bf1d8bd31fa
mcm64,248,455c7bfaeaa9b2f3
mcm65,25,8c09712a0b3c7062
mcm66,25,2e5e63d0ccae957b
mcm67,25,eda1e58cb19efc23
mcm68,25,70baf3dd2d36a4b2
mcm69,25,4bb11ec7268d4833
mcm7,25,7b948c784490473c
mcm70,62,f65313ca01504678
mcm71,25,6f4ff3f3724090f6
mcm72,25,2a0b1c397cbd5883
mcm73,25,7420d68c992d9bab
mcm74,25,eee5c281e8de72e0
mcm75,25,f393ffed382c77da
mcm76,25,efa57cba02ec9be2
mcm77,25,8728bb9b175e6da4
mcm78,25,2a1e1bddc8279f1c
mcm79,25,bcad08c5d9f8fb84
mcm8,25,d57d96243f7a9745
mcm80,25,446bac22ea192ee4
mcm81,25,e57a58d0298f342f
mcm82,25,eed02c2ce743e33c
mcm83,25,039cfe4e60ff28ab
mcm84,25,fb36e12034118b06
mcm86,25,b94ce41dbbb8152e
mcm87,25,f8982c368965336d
mcm88,45,79bb035f54bf29c4
mcm89,25,f15563afd8ba76d5
mcm9,25,5df1dd077524c9c7
mcm90,25,15ca429a02c7ccd3
mcm91,25,74f0bb0bb28ad7c0
mcm92,25,dd59bba18c4eae65
melotte101,629,55e5d1d7472228f5
melotte105,788,364e0a17271d5705
melotte111,151,fcc945ca13361f4f
melotte186,197,3d8ceec82d77a9d5
melotte20,803,d1b686f23e4bf8d1
melotte227,26,74a5cc7fcfb27d21
melotte31,25,fc7c5278ede41917
melotte66,1800,8e320497ef350d1b
melotte71,1474,0979fedc94d82136
melotte72,443,656637011da3714f
mf1,25,71580bcfd1d37a42
miller1,54,f1a1648e7b9fa8c7
minni18,25,6f0280f9f4d6a220
mkn1,25,bdde23c23bac3fce
moffat1,76,8dc35336ed768e32
moffat2,25,eeb476bc09601026
moitinho1,55,16f9ea97bcb11346
mol103,25,1928a0ef2edc7a91
mol109,25,8f82dbe5ef2b4d75
mol110,25,d516abaede8a9ecb
mol45,96,f3cc503c3ee3a031
mol50,107,cd07b29ddbd6b4e3
mol75,25,50704252f7ebaf31
mol82,25,b988a86e21f2b47d
mol84,29,4e11ecc326452b42
mol99,37,3ceb0f72e5057874
monob1d,407,2b4a7763cd3ef0bb
monr2,257,ba785d409f20675a
morgan8,98,a9e6aa3208a8117f
muzzio1,65,e9f06af067eb8926
mvm2011g3751046,27,b8e84202a1b7156b
mwc137,49,fee6e5f0db7ddad8
mwc297,25,4fc242697de2d944
mwsc1458,25,2241caf54c86261a
mwsc2044,25,f287db69055e15a4
mwsc4005,28,c7bb9a64b440ed24
mwsc4114,25,a7d1b28d43ee58ea
mwsc4116,25,bc532b11213d17b8
mwsc4119,25,47e95dc0d61794e7
mwsc4131,27,df835349dd31f8df
mwsc4137,26,e9c5243761382149
mwsc4138,25,b0225d0f4ce23b8d
mwsc4140,45,641c20689db24ad3
mwsc4146,25,0b74720c87b0a5d8
mwsc4158,25,cd6ed791114e045b
mwsc4170,25,b51ad02e9702bf5e
mwsc4176,25,b110c34e70224907
mwsc4178,25,98d895c99199fb6a
mwsc4194,25,152db41210468361
mwsc4210,25,dc05b66a842d41ea
mwsc4211,25,41a3c682c67d02c6
mwsc4212,25,385ef2ae611a7951
mwsc4218,31,6a5fb45be5b7ccf8
mwsc4219,25,f4090db7ddef3533
mwsc4225,25,0e8b0747b20a7e12
mwsc4228,25,0d99679d4f3dd896
mwsc4229,25,75524d166cdf3c59
mwsc4248,25,a6d0da80a3a21e4f
mwsc4265,41,868c3950a1c3c0c8
mwsc4267,25,1044fe5dfd762695
mwsc4286,25,a860ef22fac846d0
mwsc4287,25,195aed1a745ecbcc
mwsc4288,25,ffc340ab2c7e3e31
mwsc4289,25,b47b69e5f0108517
mwsc4290,44,bf7b450ff0eeb5ac
mwsc4301,46,10bedbf75fa68864
mwsc4312,25,c392aadfad0a7d0f
mwsc4316,25,6545b10a85b709a2
mwsc4317,25,9b5489abcfbfe6fe
mwsc4330,25,4e3f1ec0053821e0
mwsc4349,25,7c578ca6235ebf41
mwsc4355,25,46275072d85694af
mwsc4375,41,b6b459f6e87be657
mwsc4383,46,3937a25d1770ce1b
mwsc4408,25,6c6de8252f4cd4f3
mwsc4409,25,92c7297c45d6bad0
mwsc4410,25,9267a7dbb5de79fe
mwsc4429,25,53d832f9a2a6e3c9
mwsc4463,25,8de7f74d2190dcf0
mwsc4475,25,4a01997d672fe13a
mwsc4483,27,fd6caca7ca049111
mwsc4484,25,80401184db24251c
mwsc4486,25,343f1dd4be62444a
mwsc4498,25,a6f1d54262f9b0f9
mwsc4500,25,f5d0e95959bf52b3
mwsc4511,25,13425feddb8e18a8
mwsc4545,27,c79dc29e422c8b26
mwsc4547,25,db754ad92db78fb0
mwsc4555,25,ecfa15691218d6f4
mwsc4561,25,f08558d9cfd723c0
mwsc4572,68,6ed5113ba99de9fb
mwsc4602,25,77326cb13b3884d0
mwsc4606,25,1b6319a6c7f0d47b
mwsc4622,26,d5de729fd41c640f
mwsc4668,27,485ca00f7ecd1f9a
mwsc4674,25,825f5ba60c8277a3
mwsc4682,25,952f4d7192312476
mwsc4688,25,a9573eb538704035
mwsc5004,31,c839d57f3541b4f6
mwsc5010,25,7b81e6f79d6c2a7c
mwsc5011,25,a26a7d8f0983928a
mwsc5012,25,b02045c0bd4a9334
mwsc5016,25,39b2212aa95b3507
mwsc5018,25,63aa8ca1cc3dadf2
mwsc5019,25,667e2421d2497600
mwsc5022,25,486df433d0dd52e3
mwsc5029,25,c31b14ab1dcf96da
mwsc5033,28,217bca3435ba0098
mwsc5038,25,0c7b03a9bfca4d9e
mwsc5042,25,5859e89583313e97
mwsc5044,25,532c61cb1883b379
mwsc5051,25,cb1a48e5794c1b83
mwsc5058,26,dccdd4aa8f828f15
mwsc5060,25,44f433c292fe772f
mwsc5062,25,89df0e7d3fd17ef6
mwsc5071,39,794b0de37d195c88
mwsc5076,25,acbb4eeb0c5cc004
mwsc5083,26,911f16552497b0ee
mwsc5088,25,c78357d19324bd11
mwsc5116,25,712a5a4c9018c436
mwsc5117,25,8d2513f37e29d326
mwsc5122,26,d9f3b46b39ece6bc
mwsc5149,25,2357649196838263
mwsc5154,11,5be0e3deaed1f545
mwsc5186,25,d98493bfdb11c018
mwsc5191,25,4a8881e1032e3043
mwsc5215,59,b6d78f0179a3d1fe
mwsc5224,25,d7e464b6092ee886
mwsc5231,25,b080643e5b9fb1a4
mwsc5273,25,2ec29f5178642ecc
mwsc5279,25,c69b54eaa8994362
mwsc5289,25,ebc1012a42b44b81
mwsc5292,25,a60b6ac02997147e
mwsc5293,65,eb9930487f5d1de4
mwsc5295,25,d475e1351e13a793
mwsc5299,25,a88c47f8c30549b4
mwsc5300,25,c93d17b90a8bb24e
mwsc5301,25,da4009591a35e910
mwsc5309,25,e364574c246752d7
mwsc5311,25,e7bdeaf819ab31c4
mwsc5312,25,31f0bc66f22d7c02
mwsc5316,25,e049fccc6cbd95a6
mwsc5318,25,d65c8e82f1eac16f
mwsc5319,25,8802ce77aa97b0a1
mwsc5321,25,493404e256b1f151
mwsc5323,25,96c1c6f6f58fe0e6
mwsc5326,25,eb77894f4d1e2498
mwsc5329,25,be972d01f63f7d78
mwsc5333,25,9ce51c3b0d671588
mwsc5337,25,dc29d17465d27a2e
mwsc5338,25,3215bf23a44d4fd0
mwsc5340,25,f3256c10de825393
mwsc5343,25,16d932e1dd6b2205
mwsc5344,25,9bab04716a80ae24
mwsc5346,25,fcb10fa7cdbd1821
mwsc5348,26,5be5498daff63aa0
mwsc5350,51,e222f124ac8ed747
mwsc5351,25,d15f0db9ab964a99
mwsc5354,25,40704580a1ba3951
mwsc5356,25,1fabe1243722dd23
mwsc5358,25,d3f8710334ab557f
mwsc5359,25,9fd33ecc5c0459b1
mwsc5365,27,f4bbb40e61ad5871
mwsc5366,25,11b8a159fa5066cb
mwsc5367,25,1c405d42f3c3d87b
mwsc5368,35,beb438aff18ad389
mwsc5370,25,2266e36a75262c55
mwsc5371,25,fb89abc5411d0b8b
mwsc5373,25,2812cb4d4d03d701
mwsc5374,25,4bd1027576cc42b3
mwsc5377,25,ebcbfe713ef28582
mwsc5533,25,b5d7574bab4fad1e
mwsc5558,25,2d14b860b498340c
mwsc5571,25,4b9273df82d578fd
mwsc5572,28,f5f06466523d1571
mwsc5575,25,d8a1998a4821f1b5
mwsc5602,25,8a671d07c5a5430e
mwsc5604,26,e29ea31048e92dae
mwsc5621,25,16321ae08c6aaa46
mwsc5623,25,e2eef5099933bf63
mwsc5627,25,f50dc5c7dd53bfab
mwsc5633,25,38c09d77662d360f
mwsc5634,25,30e5cf5a735a5af3
mwsc5645,25,0981e6b498d2c308
mwsc5651,25,8b17cb1300e40f10
mwsc5656,25,2f0b0253149fd660
mwsc5665,25,c54548a243cf8735
mwsc5667,25,6551499684cfa0f5
mwsc5668,25,060468a674bd27b9
mwsc5670,25,5f90e7712d9b8a93
mwsc5671,63,e02bc78c1862f09d
mwsc5672,25,10002a47836d3976
mwsc5674,25,bed66cbd0a145794
mwsc5676,25,6bff5cb96506fa68
mwsc5679,25,bdd328dbcb6f31c9
mwsc5680,25,d4552bc39e0632cf
mwsc5681,25,d51323bc8a26058c
mwsc5684,25,e77af0cdbb62f530
mwsc5685,25,6283accf0918e93b
mwsc5688,27,8515aab4ea04f04b
mwsc5691,25,5de7d97b2a22b08d
mwsc5692,25,0ba597b8a3ec781e
mwsc5694,25,fd380476355f43db
mwsc5696,25,e7bfbcf3cb245103
mwsc5697,27,ec234d4f441a2ca9
mwsc5698,26,a122131d9e4c7810
mwsc5701,25,79a3cd80a83383aa
mwsc5704,30,46462de42b0a0c6e
mwsc5705,25,5d11e1c05af359f3
mwsc5706,25,37e55d96a2da55bc
mwsc5708,25,7ae6e70b40674902
mwsc5712,25,5e9742653f285d11
mwsc5713,25,e6c52f6c926d3d75
mwsc5715,25,54b6ba3eefc9809a
mwsc5717,53,0aca752b67bec2f7
mwsc5720,25,1cbd45b2b1689a3e
mwsc5723,25,3692ff19b557159d
mwsc5726,25,cc85731d215fc7fc
mwsc5731,25,3de1fd4c5d97daea
mwsc5732,25,887540344a73dd67
mwsc5735,25,7c0ce5329a808572
mwsc5737,25,823c05381ee48be8
mwsc5740,25,62ab3814696a45d2
mwsc5744,25,e7a304f4b8abc77b
mwsc5745,25,a2fe9833b8e33ebc
mwsc5748,25,efab24751237cbe0
mwsc5749,43,48e49dcbe7c9a7f8
mwsc5751,25,7327d97d19ca70ea
mwsc5764,25,2bb7380fafb7eb0c
mwsc5779,26,a0004dfb1d5582fd
mwsc5782,25,e9ecdd1db94b9954
mwsc5800,25,b43e8da043c78ee0
mwsc5804,49,297c9bcbd07a1d6f
mwsc5811,26,3f201a9723814de2
mwsc5828,25,aeafc8b6b9ef7224
mwsc5901,25,538c589406c0a04c
mwsc5963,28,9168a1ac5637bf6c
negueruela1,81,fc12290595653c38
ngc1027,634,ad83b96ac943b914
ngc103,343,347889095c8d22f3
ngc1039,1126,fa64fe1384e788da
ngc110,25,4207987793ce9451
ngc1146,25,2c7da6da0a1be5db
ngc1193,599,0fb0d620ea4809db
ngc1220,74,2718a3c89da82af2
ngc1245,1163,af1004eabae344b7
ngc1252,25,b09bef4588592515
ngc129,504,2f36bdde3141d29e
ngc133,54,70b34ad0ff16bff4
ngc1333,74,51f10e67624970e0
ngc1342,799,47190aae5fb1376f
ngc1348,97,b9c9236c5c5ed0b2
ngc136,156,7aa0c74fefe5e435
ngc1444,121,d86c9b7d1795613b
ngc146,89,79114f5debf4be26
ngc1496,118,2e32ab92b7b75919
ngc1498,25,3d57db68d33bf4a5
ngc1502,392,1b5b260a70b28536
ngc1513,552,9bb1fd210cf1ad39
ngc1520,25,366c84c87e43822b
ngc1528,419,8f690a0ac4159511
ngc1545,336,9dcfe9b40c717627
ngc1548,25,07ce5aaf1b198274
ngc1557,27,7b3b1c76075b3be1
ngc1579,197,1fac63eea63b0c20
ngc1582,142,fef483c72f36c585
ngc1605,193,319fb168f88044ca
ngc1624,44,e49d846c2718541e
ngc1641,25,f3f39072e52b0e99
ngc1647,1131,6d4fc8589b89ec11
ngc1662,455,5262c6ac491f1812
ngc1663,25,890a209936d248c7
ngc1664,634,6323bbb334a6ab2e
ngc1708,172,243430d41557d7eb
ngc1724,25,cd0f325fe9372131
ngc1746,25,44a45093d5ff9459
ngc1750,594,1654ad7caad9f7e1
ngc1758,329,5b247c374ff57ecf
ngc1778,282,7e50c2761c48a955
ngc1785,25,55ecbd8fb3dfea92
ngc1790,25,2573d37b52ea259e
ngc1798,497,f1e252536d98ef7e
ngc1802,25,9c144974797dc470
ngc1807,25,af946b6c791d7ab6
ngc1817,657,871ceca942bdc2a7
ngc1857,290,c430e97d5a85640d
ngc188,1337,2b454a79dbe5911b
ngc1883,256,9f0825b742f65a1d
ngc189,167,a45fdabe69187474
ngc1891,25,b33c0aead3709d8c
ngc1893,232,d97070cb7e691f6f
ngc1896,43,c35eb51915d0fc46
ngc1901,116,68db1e6e8e0c85aa
ngc1907,500,ead03ed6e4c918a4
ngc1912,1157,b858900184aa54e0
ngc1931,85,6958481f2b7f013e
ngc1960,419,baf403f880e3d686
ngc1963,25,d255aec272a45357
ngc1977,96,fe7534a9210702a8
ngc1980,284,55ed148e57f74363
ngc1981,69,87388a88bb0cd03b
ngc1985,45,8483560f8ad4f4df
ngc1996,25,addd48800bcc92b8
ngc2013,25,a034fdf0a90f77e0
ngc2017,25,5db30237b9c16600
ngc2023,28,0dd48f0ae12a3df8
ngc2024,25,680f09b7f59c14fa
ngc2026,26,cae3a7c5f9c48131
ngc2039,25,ae2bea55ce008ecc
ngc2061,25,88ea83a74d7896d2
ngc2063,25,bcd13ef8acf6ba61
ngc2068,50,215430c65c1378ff
ngc2071,50,1f56af29b6225863
ngc2099,2002,acbcffa6e00ec63a
ngc2112,1259,870b42e2cd107058
ngc2126,232,58657be512cd8280
ngc2129,93,0fd4bbdc849e4b63
ngc2132,25,676ba0a0d923d63d
ngc2141,1357,8d1401541a199f24
ngc2143,25,e5a29d7caf8265aa
ngc2158,2029,90e207f9829b32f3
ngc2165,25,b1e48c3aebe6960d
ngc2168,1763,44cd09f0079fedd5
ngc2169,149,a917eccead5f5ea1
ngc2175,130,0655237f64736b6c
ngc2180,25,e1375eecc2361e2f
ngc2183,130,93d7381ace817a47
ngc2184,32,6f4330a4f8fe13be
ngc2186,174,20a9bb907ae7fcdc
ngc2189,25,ed6af24c0cf600de
ngc2192,337,a6c587f4e32a5974
ngc2194,1299,7440de3a557c257f
ngc2202,41,012ebc85c11fe4d2
ngc2204,1095,0f1dc4df8f3f5895
ngc2215,176,85bcd01fdbe7359b
ngc2219,25,63657d9cdd991311
ngc2220,31,1a28359ebf3e9cbd
ngc2224,25,9223baa6e4916534
ngc2225,130,7af5112a46f5c2ff
ngc2232,314,f6e5df5f77c5ecf4
ngc2234,25,8d2df4090f3be4d2
ngc2236,641,52ec2fa43ffd15c0
ngc2239,47,aa9d4cd563a6816f
ngc2240,25,a4dee978e296efa1
ngc2243,1336,5c0cfac25b045fcd
ngc2244,410,f3b0af42da52251b
ngc2248,25,cb385e37de50b99b
ngc225,121,abd180c90600ab46
ngc2250,25,fec9142e32dc18dd
ngc2251,171,621911548f6ed9be
ngc2252,25,c5e13c9f7bfa503f
ngc2254,240,6d8a066569ef4386
ngc2259,161,d1ef267669b6cdf6
ngc2260,25,f289095c1382f428
ngc2262,326,e434563d8799943d
ngc2264,281,642bbc49c2572af6
ngc2265,25,2cda5bbb2705a4c9
ngc2266,398,d392852571748fe7
ngc2269,107,f080ff6186fc8aa9
ngc2270,25,4286617948da3bc8
ngc2281,821,e337b3ea00c4bb88
ngc2282,105,5162201c70e366f3
ngc2286,327,cebe287e94a7dd6f
ngc2287,1023,e33df21d2f67ea83
ngc2299,37,69b7dce73e4199b1
ngc2301,891,ffccbdc2f11899ea
ngc2302,145,8d41384fd144e8d0
ngc2304,187,0ea0b2b08925f07e
ngc2306,25,ef112e45dd35a494
ngc2309,435,2d3edb5a66298ecc
ngc2311,118,8fdd30c223cc91ab
ngc2312,29,551ee0e5d8f8a5a2
ngc2314a,25,d36872a3398b7b45
ngc2316,59,6bd464ee56d137b4
ngc2318,176,bcc187c2eb930c54
ngc2319,25,1b4bf6f559c06939
ngc2323,781,08ddca5ac008a77a
ngc2324,684,d46845a62339ca7e
ngc2327,666,3016c6487d49e563
ngc2331,25,6752e7392f3734ca
ngc2335,263,7c104a553f64d1ed
ngc2338,25,ad7463e7583d32ed
ngc2343,321,62f261310ccbb230
ngc2345,645,8516baba3320e68e
ngc2348,25,525389fdd459ddcf
ngc2349,25,c27e2162fabbfdfe
ngc2351,25,0f88883cab5745ac
ngc2352,25,93b01919da9278db
ngc2353,281,185cf9c7536e60d3
ngc2354,435,1850b6118552aba5
ngc2355,580,c3278c27a72ae275
ngc2358,144,0d401933044fcd1e
ngc2360,1227,90fb0e5ea62a766b
ngc2362,354,6c31d7ed24acd2ed
ngc2364,25,0221e8e327499dbc
ngc2367,62,3a1ecb1ecfd44926
ngc2368,25,5dcfe14573adc07b
ngc2374,146,e920be84ef033da8
ngc2383,417,1c54f19fd968c803
ngc2384,52,578b5503aecbad60
ngc2394,25,bbe66fc9a5951bd4
ngc2395,25,10a748fc5698969e
ngc2396,236,97ac76025fa59107
ngc2401,127,c57141034ebd68b8
ngc2408,26,73a58fa0e8162314
ngc2413,25,206a0b26495b3d5f
ngc2414,201,c4b619f452e73287
ngc2420,821,261fd6ce76c21448
ngc2421,688,93dc96df7417d1c2
ngc2422,1239,3b61328c0972b7e3
ngc2423,613,e3c9c4ef3a38c7b8
ngc2425,600,0f7f1a08370bc08a
ngc2428,191,9bb320b04d7c0777
ngc2430,25,dad7c4c793ba6400
ngc2432,312,480afdf65c09ab7e
ngc2437,2014,21b5c783f45940b0
ngc2439,635,e51528aa8705448b
ngc2447,1077,2f1d2291b30b53f6
ngc2448,173,82d6eff9fc955c4d
ngc2451,492,976d222cc67e4f78
ngc2451b,485,e12e49bb819aabc0
ngc2453,251,d5308d935e3706b4
ngc2455,270,573fda97e87355d0
ngc2459,25,936b9566401a0e04
ngc2467,25,e0c7a94f4cc688e8
ngc2477,3687,7a58c9d024a3577a
ngc2479,192,845e6720bc75ff38
ngc2482,157,42c98aa76fa0461b
ngc2483,43,b0ae0d0cb1cb6c57
ngc2489,475,eb1486b2ff315275
ngc2506,2044,df0fe00d5ecdcb67
ngc2509,442,2502ec3012bc34e5
ngc2516,3560,1dc7319bca50804b
ngc2527,449,36b2b0f9ca5bf310
ngc2533,288,9568253fb94d73ae
ngc2539,743,6c8fb52db0d6476a
ngc2546,345,00528754ea61a447
ngc2547,541,b554331163ddd27e
ngc2548,592,f22b92f4e13989b8
ngc2567,294,a27e646bab11879c
ngc2568,200,e546e355111cd51f
ngc2571,270,1c3578a378f8f9f9
ngc2579,32,69e826276343b3a9
ngc2580,110,a0fa81d22cc1b5c1
ngc2587,202,4ff7865270a58069
ngc2588,110,b86f7df0fb8ff305
ngc2609,25,da90a692ba4c2036
ngc2627,553,799c4eef1aaf942c
ngc2632,1204,3fceac4e429a993f
ngc2635,200,764df91a8e52ee28
ngc2645,191,62b224c1d6cf40e7
ngc2658,726,871f71fc649528fe
ngc2659,137,753b22a20c2fb70b
ngc2660,1072,e93f97857319104c
ngc2664,25,c9d0fc4ab2556665
ngc2666,26,a3d0f0a2fbd01798
ngc2666a,25,d5ca8d0d844f0b53
ngc2669,386,47d0b24cffa34a89
ngc2670,320,62b7b3ba4ff035d1
ngc2671,751,4ba9101e23857cf2
ngc2682,1650,dca14b389d4e5151
ngc272,70,c12f2a5b150e4842
ngc281,233,39fa19c74d9081b8
ngc2818,449,86096e118bd16b6a
ngc281east,46,f25586b07f410466
ngc2849,409,7e4423d7344b6bc8
ngc2866,134,d9d5b0074ec4a71c
ngc2910,404,62bb20b41d741797
ngc2925,275,eb3add75e35fdda2
ngc2932,25,321ce971c44bede1
ngc2972,289,011eb022ff7f4af2
ngc2982,25,eef751512a6a6f2d
ngc2995,41,b344384a88208a0e
ngc3033,161,c0dd5b46a63d9394
ngc3036,25,d1af85176f429550
ngc305,25,129b203f308a0e17
ngc3105,149,8912edc9f4e815fe
ngc3114,1319,ad53dae97562dfc0
ngc3228,267,b6911e2f7699ee46
ngc3231,25,c1252edf20903a2a
ngc3247,186,4502c4e138ceb29f
ngc3255,210,8832ab53235b6cf2
ngc3293,489,0d337680b67cd4c6
ngc3324,119,4018439d440605e1
ngc3330,139,0f2b62a0e09e82a1
ngc3446,25,a78117fca0649bcc
ngc3496,551,e7fc5551ee3ed542
ngc3519,224,6056db4f68340136
ngc3520,26,f22c6ef6536200b6
ngc3532,3670,115d8475dfe956d8
ngc3572,77,f42a6618d08973e4
ngc3576,48,4438cb0579edaeef
ngc358,33,32ffd48393903f39
ngc3590,173,1d7edc43e21511d0
ngc3603,344,0d5cc2b86b4a050c
ngc366,163,846b638fe1d9f84f
ngc3680,93,73723f5aa50a731e
ngc3766,762,6118913931ea7078
ngc381,334,3cc8dcd3c6581b22
ngc3909,25,36145bd83cf9d367
ngc3960,543,3e0ecff6d65b5e86
ngc4052,257,b29d1bce4ea5693e
ngc4103,338,4174af266058dc46
ngc4184,65,459b3ef71a498623
ngc4230,25,5e98d89e16901830
ngc433,296,c1d4b871792d4044
ngc4337,436,1331d41bbf2d0f17
ngc4349,944,4843ee69ab829c70
ngc436,267,3203dd7ca01ce06e
ngc4439,84,f8b68b45bcca0e9e
ngc4463,219,9f00d9987b11248c
ngc457,751,65e9f016ab7d36ec
ngc4609,394,70ed78b986d4449f
ngc4755,813,45756f579bd2071a
ngc4815,859,b5568329f43b12dd
ngc4852,253,adf840470279c366
ngc5043,25,fc57280bda88cf68
ngc5045,48,5664ef49346bc07b
ngc5138,197,10ca2d0ec051460c
ngc5155,25,ce9995fca0208282
ngc5168,315,3c57f868e5cb738c
ngc5269,218,2751c49e50145218
ngc5281,294,1f33fbae043f3431
ngc5284,25,62013e6b90b31f6b
ngc5288,212,307566c94f628c29
ngc5299,25,d49ebe68142fc9a6
ngc5316,431,20ef15a676bab471
ngc5359,25,f2b379cea563fff5
ngc5381,697,7c4a10ea39df1725
ngc5385,25,74621b4121e331dc
ngc5460,250,9c66843987b4f8f9
ngc559,1037,3f9b26f22e92d958
ngc5593,161,71b28c6e8eab0795
ngc5606,117,568d15cec3f44950
ngc5617,492,9954839aceacbdae
ngc5662,447,ec10d5d91299e5dc
ngc5715,276,0931643ddbf0f1d7
ngc5749,112,ce89ce81aca81f32
ngc5764,144,04ee482a49aedec1
ngc5800,25,77c7211188a90a70
ngc581,208,9b6c6d25a80783ae
ngc5822,749,e35739687d25e09a
ngc5823,580,1092156a292a113f
ngc5925,568,a29cae85397d0858
ngc5998,25,b20a3b48687f6067
ngc5999,495,56c8f699d3614c29
ngc6005,540,7800d9d429d16e19
ngc6025,386,b5316aa23a156261
ngc6031,114,8c568c9b8b9f8068
ngc6067,1131,d3ef10a4c8f3b94e
ngc6087,278,df8c9a2076f670a4
ngc609,733,4950e5e3c3a91599
ngc6124,1504,88d4ad671c43eaa1
ngc6134,1184,a6a63a6af270ed50
ngc6152,267,564d98f77a69d2d9
ngc6167,1861,eac09d4db4acd15a
ngc6169,25,88751b0636592690
ngc6178,126,a4858f0b4994d1b0
ngc6192,835,6830a43d89f441ea
ngc6193,582,87bd8d2797aa417c
ngc6200,67,fcf254e932c82daf
ngc6204,401,9ed9edadf46d1ca9
ngc6208,330,1541f872cdf03011
ngc6216,348,ffd314ee42d10294
ngc6222,45,64838bb07f1c7672
ngc6231,674,d985fc2f39467bde
ngc6242,791,62c58098d11817df
ngc6249,146,5b474311978b2322
ngc6250,139,2df79ae13dbcc912
ngc6253,911,e91cf1681782c16e
ngc6259,1891,3b67fc3c6438a802
ngc6268,287,b140383c93f1b6a8
ngc6281,606,c0b6d289e0977c8d
ngc6318,268,62ae7efe56e927e2
ngc6322,64,2480a2232ac73f0c
ngc6334,62,c6c0519f9f5c35b5
ngc6334e,25,fdc4c736c1bfcd41
ngc6334i,25,46945352ff6ab4a4
ngc6334ii,25,214b0043d813b2d5
ngc6334v,81,bce4c2bca63a7da4
ngc6357,136,a16a71f286436756
ngc6360,25,50e8118da6d8f744
ngc637,124,86cb10c1dda597c4
ngc6374,25,ea00df90fd84662b
ngc6383,396,675d8b3e34ce49dc
ngc6396,126,ee4627809baead20
ngc6400,222,54cd99dc26749a9d
ngc6404,716,b80c7d2a3537d60d
ngc6405,761,fc449fd710ba160f
ngc6415,25,f32b5fbf32d7a229
ngc6416,282,144ac102ae5d9f8b
ngc6421,25,cb44fe226f330671
ngc6425,293,61826ad67361182a
ngc6437,25,d95de2e16a95d113
ngc6444,207,1f2254f11d291b7d
ngc6451,489,37d8a41e3b1f9dc7
ngc6455,25,b57bd81f50a7e264
ngc6469,68,06f8cbd17df3335a
ngc6475,964,0ba71b27da952fbf
ngc6476,25,fdac21643d6432f5
ngc6480,25,93323025241aa17c
ngc6481,25,22270c8bf049e02b
ngc6494,822,02833c838bbc34ff
ngc6506,217,251ef248167a8240
ngc6507,25,0eaa12650d727b5b
ngc6519,25,927411c8cb4aaa3c
ngc6520,275,fc2d8e9f03f709dd
ngc6525,25,db505d748416febd
ngc6529,25,112492251e170d5c
ngc6530,616,8d5968060d1ea755
ngc6531,205,eee7333e7378ecdc
ngc654,512,6f4c0700c1dd722b
ngc6546,25,9ecbc88594495a39
ngc6554,27,45513eefce93d1af
ngc6561,100,099edb130e50b406
ngc6568,195,cf7e46ffce25fff1
ngc657,25,2a9462047efe75ee
ngc6573,25,c942d017329218e3
ngc6583,348,8a2d21e830a15182
ngc6588,25,b7e109a9a21fc3ab
ngc659,221,ea6f4824f639220f
ngc6595,25,97f076a8b8e05564
ngc6596,25,6f37172e0a772bd7
ngc6603,829,b45f0928befd5802
ngc6604,69,62925a0f28e62cb1
ngc6605,25,de27b5bf1592214b
ngc6611,623,14513380f8f6917c
ngc6613,126,dd35853902c249ed
ngc6618,40,9b4f3508033be71d
ngc6625,25,e544894b64eb67f8
ngc663,1037,1e0ecc42f500a494
ngc6631,210,2f1381d6d9220d9a
ngc6633,423,b065e4bccdde8375
ngc6639,25,c87b191bdd2389bf
ngc6645,471,714c9f4d564f3829
ngc6647,25,708b7852778da82e
ngc6649,797,8d2ce893d4fd1bd4
ngc6659,25,488f607a60857070
ngc6664,522,fafbed928cf0a5ab
ngc6682,25,b108cea78624db0d
ngc6683,102,7d11eced409b04f4
ngc6694,332,d28a1204a5c95ef1
ngc6698,25,f10748f82fed9efa
ngc6704,232,c25a10c8796ab1da
ngc6705,1899,0030acc030531d75
ngc6709,426,ee7b40c9b0c6350e
ngc6716,190,3d67f566fe2fe9ac
ngc6724,25,9554f5a7fc300bf9
ngc6728,316,8b4ac8cd76b041e7
ngc6735,267,4e2fec3f236e4e14
ngc6737,26,01fc52c08a42c6b8
ngc6738,25,b32af70348ddae69
ngc6743,25,c47184911d614353
ngc6755,315,eaf3dcc4ad45c630
ngc6756,424,dc4207bb1615376a
ngc6773,25,6b78b38f56049261
ngc6774,273,49a5df18bdc3498e
ngc6775,25,4edde16e563d32c7
ngc6791,4657,f109219a839f230e
ngc6793,439,8af54eb67554ce30
ngc6795,25,c1610b83a306a614
ngc6800,93,6175b99a132d0a10
ngc6802,562,8bfa7696c6127311
ngc6811,450,7b1e4da35ab0f4f5
ngc6815,25,20cb57d37f50f431
ngc6819,2007,e19d16c49d095743
ngc6823,226,9bbbcddffae83c60
ngc6827,141,483645272fcd5447
ngc6828,25,8d6936c0709aecad
ngc6830,289,98c2099e7697ecc5
ngc6832,95,cd0e4261304b8d40
ngc6834,447,f66a74666a24689a
ngc6837,25,530d40c254d37fec
ngc6839,25,0b6ef891f0577b77
ngc6840,25,9eb701c886be5a4d
ngc6843,25,0cad2a983864593a
ngc6846,138,ff26ab0c19c2ae33
ngc6847,25,2ff44b3d05b97448
ngc6856,25,07998d7974b34e30
ngc6857,25,a3ddef689551cab9
ngc6858,93,93dcff8bde5d0a37
ngc6859,25,e6ea7a2bde6f51a6
ngc6863,25,eef69b6b8f194c0b
ngc6866,343,575865f66a27a744
ngc6871,273,11f1bff9ba924053
ngc6873,25,23288e8df99ef45d
ngc6874,25,62f96bc0c9e810dc
ngc6882,46,4bf1bffbb5e3c591
ngc6883,45,5c0a23cfd4269b94
ngc6885,271,014f9474637cd8f1
ngc6895,25,18e646220904cf06
ngc6904,25,6aac52600c1d3711
ngc6910,282,d3480f45bb9d264f
ngc6913,120,21fa95d01e1b31d6
ngc6938,25,a707d8bf1678657b
ngc6939,1143,ce7b648dfe73bbe6
ngc6940,808,be63cbaa53bd9b35
ngc6950,25,8b2950d1e6956172
ngc6980,25,6ea5c1e53254fb10
ngc6989,25,89c7ba94ce777b23
ngc6991,361,bbb39d2eedf8f292
ngc6994,25,b39e24644980415b
ngc6996,526,90192ea39df6f1db
ngc7005,25,ac224bc00c084e57
ngc7011,25,8ee9f2db560e61dd
ngc7023,65,e4375e37eff35718
ngc7024,81,f788590296749ff4
ngc7031,211,6b0ad687574edbc1
ngc7036,25,d470f47b3d63ff2a
ngc7037,25,16ce6091f71fb091
ngc7039,247,cfbb2f9c54752971
ngc7044,1438,35ed0e12b34e9054
ngc7050,25,7b1161ecf4c64c4d
ngc7055,25,2c3f26f71deb5762
ngc7058,454,1d08692d82a2e7da
ngc7062,226,43738c0cea0af75a
ngc7063,187,d6025fa740178769
ngc7067,134,5f361888bb60de7e
ngc7071,25,bc1bf0745029190e
ngc7082,496,92995de51e2b25cb
ngc7084,26,947e1a712d09c45f
ngc7086,890,ab2d48bc86f24cca
ngc7086a,25,2c2b7ab18ea4f157
ngc7086b,25,77e35d4ccfd4871a
ngc7092,313,48a37bdcc642e071
ngc7093,25,f68de2e2e85a1fa6
ngc7127,25,07e5288300ea82c5
ngc7128,325,269c96f7be2940eb
ngc7129,79,a0ff483a3850cc80
ngc7134,25,d7bac8c762a7aa65
ngc7142,498,5a95ff246a4931f4
ngc7160,231,d6689820e6f77596
ngc7175,25,232425131a6dc9d4
ngc7193,26,3161ea751748e37e
ngc7209,395,24db66f7bfcce13b
ngc7226,85,ceda9a25e0dd37c1
ngc7235,219,7a81974c65b77b2b
ngc7243,510,2454e714c4374294
ngc7245,389,6cdf0b6f0f1ad3be
ngc7261,168,509fb75e8a972bb9
ngc7281,72,0708209f281d3865
ngc7296,237,4702ce464c8d4eb5
ngc7352,25,2e0d3cab07c317b5
ngc7380,149,b9c893cdde5ddde1
ngc7394,25,ef30d1a0927ceb4c
ngc7419,680,048425d8eab9da78
ngc7423,234,577519f9e0170b40
ngc7429,170,a45e9ec101a8dc8b
ngc743,134,94fcafe69b155db4
ngc7438,25,1458261ebdba54e8
ngc744,261,a3ff670db3d877c4
ngc7510,491,44bae60c4a79908d
ngc752,358,53be5dc3fd2bd2ce
ngc7538,25,a2f3595fa3ca92d1
ngc7654,1216,03d4c475f5c1ca01
ngc7686,25,af661ac2aa879503
ngc7708,42,81e80f76e1a6b955
ngc7762,798,307e6bd3fdae2930
ngc7762a,25,3acea6877563ddf3
ngc7772,27,e071c7ff9c2c7ab9
ngc7788,163,cdc26045ecb05975
ngc7789,4204,a9e7d6b25d4a4e43
ngc7790,273,ce83db4d6c2e96d4
ngc7795,25,42c5ea2d80b3c3da
ngc7801,25,1a1806b63aa97168
ngc7826,25,9833b95d790ead6c
ngc7833,26,9a602a1a39c25841
ngc869,678,110739961a109515
ngc884,321,8e39bb545c822d68
ngc886,298,76bcbdc747a862e9
ngc956,25,e9b23cef90b7ae0d
ngc957,221,d31240cff92ec04d
nkd2004g49203,25,6d00f3505b8ae6ba
ns14,25,46e8085b5ee3445a
nuclearstar,53,a3df1ac1660aebf1
nuclearyoung,59,9c97fb397f581c78
oc0003,25,1dddb6b5bc283bac
oc0004,25,8d29c6175d0a6127
oc0007,36,99a63347525e8514
oc0008,25,9ce36ba8cf910b99
oc0009,25,76524a455210f954
oc0011,726,6ad3a1cc6b1059a3
oc0013,25,250d8197335e60dc
oc0015,29,daeae151b540feed
oc0017,50,1139e3d1d95c486e
oc0018,25,8b7be5c893e47150
oc0019,80,ada0ec39eaa1ecea
oc0020,25,b86535c3b1649571
oc0021,55,ec21e7393cf237ef
oc0022,25,639ed472fe804844
oc0023,109,8c070df53cc4c733
oc0024,66,b7d242c588d69cd5
oc0025,47,051c1fd36b736e45
oc0026,25,819cb99f1d2e71f5
oc0028,96,74ea3e46082bef29
oc0030,28,ab0d4d96bbbf9948
oc0031,106,d41b87f4309328fa
oc0034,25,12f7cc7e3d2258ee
oc0035,121,6815cb73d4d369d3
oc0036,63,c8095738667a15e6
oc0037,37,229dbbd543a5f3ec
oc0038,30,20925f51e80d6130
oc0040,25,f1645fac6f55b5d2
oc0041,99,5a7e3771ca652177
oc0043,25,199bb09d73ee3d1c
oc0044,73,3d6e373fddd64f11
oc0056,67,5c6284a54f5f8d1c
oc0057,93,6c64fb5f61015884
oc0058,25,0882802156b2b117
oc0061,40,523ea4d044e0dd2f
oc0063,27,7c1761e02e09c4b0
oc0065,97,a3cbfb3c7835f1e1
oc0069,26,ec50382289e9fca9
oc0073,25,eac0e6583ee95362
oc0075,25,e9767f1aacd42945
oc0077,43,91dd65004924fae8
oc0078,32,a08999ff18090cac
oc0081,50,76c4b31d4b7c7faf
oc0086,25,2e13b2eb7fb560c5
oc0094,25,241bd8a1b8b53f4a
oc0095,60,caffdb3788ed129f
oc0104,32,467b2006c6ec7f1e
oc0105,25,29af3b0f1a8e9d3d
oc0106,67,f7b3ee6219c23f22
oc0107,30,7427659dbf11da36
oc0108,27,1610ca4c2f1b2483
oc0109,25,b764946477e27a11
oc0113,76,2c0f975fa66f5c5b
oc0114,25,c481470a676c1969
oc0115,52,cdc7e6e191dc44a5
oc0119,25,4cbdf42a1439c8bc
oc0120,67,1afef1549d1b5fa4
oc0124,49,fe85c3680f82a62d
oc0125,49,0e57b81805441af0
oc0126,25,9a496f9100307789
oc0127,64,bc17adb75ef7bf96
oc0128,403,ac6a057c05a3405a
oc0130,54,4f64f13be563d70b
oc0136,25,b70030cdb1c95e89
oc0137,25,826a7c52595068ff
oc0139,57,043a35079d5e8655
oc0140,25,cb6e95a9dd1d3d21
oc0142,25,e58ee217fcea1f83
oc0143,25,f0b6c4f3482cabe4
oc0144,82,cb8607c176ca9480
oc0145,48,d2f21a7a0057d055
oc0146,83,5d708d359842cce9
oc0149,49,e69729b1e39a06b1
oc0151,25,a2f5b19d81a62590
oc0153,48,6b76bc07766b757d
oc0154,74,2f1ef8d48615bd88
oc0155,43,ca2b6aa5b4cba9da
oc0156,25,3e4fe658c453c3d6
oc0159,25,4580163126a1af92
oc0160,49,9989a23e8a4b26b8
oc0161,25,204248830e4ae532
oc0164,37,ac2a0f03a9088ed7
oc0165,204,154cf2b392ad55d0
oc0168,85,1035b9d00b460365
oc0169,25,d6b4a68d563cac63
oc0170,74,05ddffe87c705a7f
oc0179,45,6c37df8471dcc23e
oc0180,91,c776e8d07cdd5112
oc0181,25,02eec91bc344cc5c
oc0184,35,a39838b1da4cf513
oc0185,102,b5d8677c840fdc8d
oc0186,71,541aceaec61fad18
oc0187,25,5cb9f65f164b6c00
oc0189,25,c3b9a7d2c945b17b
oc0190,25,c5bf25991fc988cf
oc0192,25,546e03a46f79a024
oc0193,25,774fad298eb0fd92
oc0194,54,d65be9b56b1febd3
oc0196,76,c3154b83403fdf0f
oc0198,25,bccf2b87f2c0e232
oc0200,25,c34aa9da58782635
oc0203,35,d174c1fe4402fbb8
oc0206,43,2ee09e187b0cb928
oc0207,56,9513330485182fe9
oc0208,25,d82eb0256fc9ab15
oc0211,25,da3dbc8c18ca0ed8
oc0214,25,cdd30b0ba2dad5b9
oc0227,25,dae5e1b526827545
oc0231,25,87559c53c1a4428f
oc0232,25,0a614a32367ef145
oc0233,45,3d07702b93809421
oc0234,88,7f85e3c8a5f2a791
oc0237,77,9b2613420709d97f
oc0243,32,ce665c7a9d884704
oc0244,25,cfad966dcea8fede
oc0246,34,9ea7ef94db17e7eb
oc0247,25,ab9ec3a464478bf9
oc0250,25,d5433d56984f0ef2
oc0251,25,27efc5c8d27002f9
oc0257,25,54d0d511374b890b
oc0258,25,fbeb257fffbec61a
oc0262,125,adccfad78e1d311d
oc0263,25,f3cc3c7b99e3716b
oc0266,73,9caf9cf2342e526e
oc0267,25,4f7afaf3fae578f7
oc0273,25,b35d427f552e9282
oc0279,116,00ee24dd5dcdd000
oc0281,50,483b1c5c9842758f
oc0282,29,57a55fb0bac48949
oc0287,25,f78360e894e9575e
oc0289,85,ab830622c10bf7a9
oc0290,25,23a1479db3910b5e
oc0292,61,d18de3adbe1072e5
oc0297,45,5aa1f3cf91f8ec5d
oc0298,27,723acfa9e2a8c926
oc0300,25,abbb85b5424bf5e0
oc0302,28,8e0eaf2088eefa5a
oc0303,71,541dce90d8a03ce6
oc0307,37,cb33ab1d91e0ba6f
oc0308,27,516ff3907c36ed8a
oc0309,29,389f870f09e523d2
oc0310,25,f40614725e18458b
oc0311,25,6a7c7788f5fc4054
oc0312,34,f465f861c4e8f36b
oc0314,38,3af5fff572b8a9ba
oc0315,31,48eda4896677f92d
oc0316,25,126ac7840f332a31
oc0320,83,af9280d0e2d83cc9
oc0321,25,becddbb132447f42
oc0322,50,ed1d001b92d0e4ee
oc0325,61,b697665f273c7d08
oc0330,43,30ae8f6e88d37e23
oc0332,25,0a9009f67141fc19
oc0339,27,9e5beba1e3a02ef8
oc0340,311,8fb62b545cd6f343
oc0342,68,115f65a1fff2376a
oc0343,99,21a501ab3ff99850
oc0346,65,5bcac0a66b5f2642
oc0351,25,16d4ff5a3dfccfe6
oc0352,50,249d2abe842f57c8
oc0353,25,80b6f38d2856b5f3
oc0354,61,2809291f5690c9c1
oc0358,37,09812d00bf83be57
oc0359,53,e44d2050d8e744dd
oc0364,51,2f82f25699a3ffb4
oc0366,45,8e45acf8ddf7137c
oc0367,52,b931ce4f28e63458
oc0368,25,3881f87c6aae031f
oc0369,25,45c1c5831484d19b
oc0373,44,ae6576cf6714c7ac
oc0374,25,882f0007b23c5340
oc0375,34,1caca95049e199ba
oc0376,25,a489fc580d999b10
oc0380,25,c4e4b8f53126b146
oc0381,41,4e96168ff302ae01
oc0383,25,ad4d5ff25fe1d58f
oc0390,25,5553daa75e0945df
oc0392,25,67d824400ec13c20
oc0398,58,3f36c328ddd7ebaa
oc0401,55,785d57e1259b3133
oc0403,70,3778abd9a11f46f4
oc0406,25,9432a8181c3ce2c8
oc0407,71,97840bf10b540d4e
oc0410,25,7b509ec274cb2b0e
oc0411,25,87eae6cd5a706cc0
oc0412,71,d141379b76f4bbe9
oc0414,30,8a0d5fa3dedace5f
oc0416,25,fb977ff60296bda4
oc0419,25,7b04a117b7fc3e2e
oc0432,31,abe7376c8e1d389e
oc0437,25,160afffa98307a86
oc0440,55,5bcb741334ac6547
oc0442,48,4aaef79e7672bb65
oc0444,53,702e405b9031ac80
oc0446,44,52de744fa959a665
oc0448,94,ad2bbf814c5f7c81
oc0450,252,60f65e5ffbc53595
oc0451,98,add1926c332628a6
oc0453,42,bb886c22c9136e4a
oc0454,25,d46ec94d96237f1d
oc0457,25,1401cfd685085d23
oc0459,27,1d27ebd2eb6b9da7
oc0464,26,688bbe777adcad3a
oc0465,66,4efb102e96b45265
oc0470,501,5d91497e792a824b
oc0471,25,565300f3e5e4d1fc
oc0472,34,88bb583f40704345
oc0473,81,0210e8eeb7f186d1
oc0476,25,20c5653231d340ea
oc0477,25,435397ad4971ee72
oc0479,258,89be67882f3b3cd3
oc0480,71,5f208c24818ce092
oc0482,25,fa5b9f9fe3a57154
oc0483,50,13df0f4745a0140d
oc0485,25,61925e9d732aeba4
oc0486,25,f33c3827cb16b674
oc0490,54,3b95634797aa5866
oc0491,29,1baa54c049532d49
oc0492,43,8a8f3a0f808e3bb9
oc0493,99,df518e7dbcb4fec0
oc0494,51,cb6268094497fb7c
oc0496,93,78da790fca70e32e
oc0497,42,130c194d67614913
oc0499,25,55debe7acd082606
oc0500,29,38071529ec1b6df7
oc0501,54,1f034ee7b1e8d2ee
oc0505,42,bceed685dd2b5bc5
oc0506,25,a1fd07b937adcadc
oc0507,25,04ca459dfd8c89e4
oc0508,73,1f45d9cd0e69e45c
oc0510,25,1a5c92b68a797fac
oc0513,25,a84f7f3bc76741ae
oc0514,25,27913f5cbfbedec4
oc0515,25,8311f4ec03062ae6
oc0517,25,a74ae99a0f3657c4
oc0518,25,0144aca169bb99e9
oc0521,38,f4fd82ec4a8e843a
oc0522,25,55cc0167d4594c0a
oc0523,94,2ae4292c801456e0
oc0531,25,840cc68a96d6f364
oc0533,25,a81cd2fab7c75473
oc0536,25,020b96281c344ceb
oc0537,49,c21bffd594841ee1
oc0542,25,ac36fe21d1a522ec
oc0548,77,74d88f72b2360c5b
oc0549,63,58f127560713ae7c
oc0551,27,e2ce57e66b48b9a9
oc0557,25,3510a9fce94f9b2d
oc0558,25,ca4d71e3a645b566
oc0560,25,2c5b345882a4179c
oc0562,120,3ae3e9a82875c9d0
oc0566,27,45843dbd86ec7c78
oc0567,25,e072f7effd3d4de1
oc0568,25,23be4278d6fe211b
oc0570,25,6055f05f4a74704b
oc0571,54,de49584ec5aa425b
oc0587,80,bd2b33d9e7cba344
oc0588,257,f1d646092216d27c
oc0589,67,f527b528a10cfd0f
oc0591,76,25605bd8e3448935
oc0592,40,f4b09ef9436d6c4a
oc0594,47,9d69d24beb826dfb
oc0595,25,555dde208ea87406
oc0596,32,8225fbb8bb690d43
oc0597,25,5e79aed56e32c31b
oc0598,25,fc9570183dc810c9
oc0600,69,9ba75722ad48466e
oc0601,49,5bb61fed033983f7
oc0602,33,5c27261c241bdd5a
oc0604,30,2e1cedcb7b8ac99e
oc0606,25,a564a0c9992a1c90
oc0607,117,8398031de4d17e14
oc0613,31,545e5ab73397360f
oc0621,27,175e7eb616f44513
oc0622,73,d99986fab05fdee6
oc0623,48,ed0390ebd3f19cdf
oc0625,56,9eaf036b53324d7b
oc0626,106,4f7fa9496adb79b4
oc0627,25,1d03b6c1913742df
oc0628,112,cdc1b22f406507da
oc0629,48,dda4cc950e2e2944
oc0630,26,2ba42a36f2e3f246
oc0631,36,c48450e7801abd47
oc0634,170,997f9ad04ae3bf99
oc0637,37,b1a5b894358b8b4d
oc0649,25,44b9bebdc6d40559
oc0650,90,b52472c6565afce6
oc0652,68,ae7cb6463e4da8ff
oc0659,31,9548f4d13064a81e
oc0660,25,151dc6efd1462a10
oc0663,25,31e48073d1e50aaf
oc0664,65,9463760715952fe5
oc0666,101,fc436020b03625d0
oc0673,25,6b9fa119390465f7
oc0675,64,476f5a0e3e78a866
oc0676,98,d04a69baa406fcd4
oc0677,94,5745fad3cca1be2b
oc0680,71,a4f9654023e34731
oc0695,25,291540d54636719c
oc0699,60,c6f8c3d1b1a032a9
oc0702,25,30bbb96398f73abd
ocsn10,59,4ecfd11e97d81257
ocsn100,152,ecdfb24f2b6456a9
ocsn101,46,a9d08e984ad04646
ocsn11,25,6d23aec74e4fbe8f
ocsn112,25,3c5395afe1d39018
ocsn12,25,7e6266a8a98933de
ocsn15,25,83db6070abc68bf0
ocsn167,142,ec7d010ae0648574
ocsn176,74,1f460479b56d269b
ocsn178,53,3a5bc640e2bbae8c
ocsn18,25,80a300f67c7c1d6c
ocsn19,102,5a85004f012990f5
ocsn197,89,151a38131af658cc
ocsn198,29,5f428a71548c0e21
ocsn21,26,9e3ac196a5f79d09
ocsn22,25,5c7b25c1159b2778
ocsn237,111,bfc4d051e5e12cef
ocsn24,98,8a94c4547421c9d7
ocsn246,357,743b8c12fe5e50b7
ocsn25,44,639f6c115118f66d
ocsn27,92,79b8f757c696b99a
ocsn271,25,e6c8bfcbe1538374
ocsn272,25,1210586b6a00f32e
ocsn28,238,c04420bbbd545e04
ocsn3,201,5ddeabcf5fcc5f29
ocsn317,236,360f981e55f2efd8
ocsn32,60,23ba31ddf327eaae
ocsn320,112,91f43f7e5e3af5b7
ocsn36,26,3e6dedc7a1cbd12c
ocsn40,79,63d5984e9dab1125
ocsn41,102,121daca66c6f99b5
ocsn42,25,510b468c0dde58ff
ocsn44,25,18f7abb186f0be8d
ocsn45,25,0667eea72d0825a4
ocsn47,34,bc6a92bf618d3940
ocsn48,34,2debadb6278e893d
ocsn50,33,e31f1a4d08425475
ocsn51,26,7a2478612addb3b1
ocsn54,65,f987a64356b971dc
ocsn59,59,b043c9442c9c0d49
ocsn6,60,2d4d015b156d0dbb
ocsn60,34,c969fc5b2ea9e998
ocsn63,61,023095c4ca55f5a2
ocsn64,28,e29e554acf30cfe2
ocsn65,255,5d72f067df6d0b5d
ocsn66,46,f5a2af26064db7dc
ocsn67,91,9552107ccc1d1d7c
ocsn68,108,451e38736979d2b3
ocsn69,93,304f41d4eb61d251
ocsn71,26,91911e9eaf992f58
ocsn72,26,a33a382c66b9e1bf
ocsn74,25,5f3e77c7bc1cdf38
ocsn76,96,b7089af038fce67b
ocsn78,59,2f2aa4fe1198ef15
ocsn79,33,fe5b51a6534a35b5
ocsn8,25,699a42c3806d8700
ocsn85,25,b3b0d88d73254753
ocsn86,51,aef1e1d0c405b682
ocsn87,31,0a180f96f609fff2
ocsn88,66,419db5df10865784
ocsn9,28,cf81d9ab71166765
ocsn91,25,526edda351808a37
ocsn92,74,929ea2286767e897
ocsn93,25,14878bb9837a87db
ocsn94,42,56ae32143f48119d
ocsn95,93,cb93b179b48790ce
ocsn96,304,a195752b77dc8814
ocsn98,115,9c3e80261133ad51
ocsn99,99,fc6f0618c78e84a9
omc2,25,f2a1bc4f3312178b
oneal9,26,129c8581339b8254
orionnebulacluster,57,5409ca051ef8ee5a
pannstars1,25,50bb2eb1508a8223
patchick100,25,53ee337de3428bef
patchick101,25,d31cbf3302fbe526
patchick103,25,07a245ec90a78efb
patchick105,25,a7eaff5ad748b645
patchick106,25,2c4aeac0a07e489f
patchick108,73,b59e0cd34c74032c
patchick109,62,042b204714cef634
patchick110,25,e43020ffd9729fca
patchick111,25,856d3ec0226b9828
patchick13,25,193cb1606f3a3ccd
patchick3,151,51b1eb933b01e57f
patchick31,25,de2cd31269cf91f2
patchick42,25,5c0d5350eb7e5abb
patchick48,25,61c5ab951e04281d
patchick52,25,f8638ec1506fa255
patchick63,25,43363591898d2c63
patchick64,25,b11d223b33159a74
patchick65,25,837299f0858ad42c
patchick67,25,0e3dd1ddbf4d6aa2
patchick70,25,3da07575ab8cb600
patchick71,64,59a8b8381183fad7
patchick72,25,00f87ff4229abffe
patchick73,25,983e542ca3b80471
patchick75,54,c8f3076af5c5ac86
patchick76,25,cd548ff1358c9b7f
patchick77,25,9c315f64a3a0c6d1
patchick78,25,77587826a71b29b0
patchick79,73,a7aac96aca739521
patchick83,25,d208ff6ded03d380
patchick85,54,cb708049273211d3
patchick86,25,c6eeb6c04ff9815c
patchick88,25,be9ca016be2ddc9a
patchick89,96,a2e817ff2b0351ac
patchick90,68,ac7bc0b84615f1ca
patchick91,25,0f8c212021af7331
patchick93,25,173cbca9a5eb9b64
patchick94,25,45d670ccf3da97de
patchick96,25,2a4aafc1d502dc9d
patchick97,25,be7ec5897c4ca604
perob2,25,286616387b7e543e
pfleiderer1,50,86fa2582065964c6
pfleiderer3,118,60e3f94787ab2262
pfleiderer4,109,e90bd6b365349856
phoc1,39,013b6bc9d6d4a194
phoc10,38,71e5fbc59fbfdbd3
phoc11,125,a6464273a6117add
phoc12,71,d0919cd6c88c84c7
phoc13,69,02aed09fac8091e3
phoc14,39,c04410c421e361ba
phoc15,45,1e0dbf5853a7e696
phoc16,147,e59e500bddd6e8de
phoc17,109,5b7354dea151eebd
phoc18,96,5c31af013945e920
phoc19,196,23c7a2ca31e0513b
phoc2,86,920b218d324d6bf4
phoc20,54,6346995d4cf34f0b
phoc21,25,844ed8cc8243e3ea
phoc22,59,a9eda27a4609ecdd
phoc23,26,a54449e39fd1fd6f
phoc24,77,180c8a5d4bbb05b6
phoc25,25,b6c1e8ef5f5628ce
phoc26,61,663d03b136f6d456
phoc27,81,013e7390c5849dce
phoc29,61,543f173624026bae
phoc3,33,6974810ebea7fdaa
phoc30,57,9831b177da2fb268
phoc31,63,51d59c8c26de73ca
phoc32,25,9b37eab72975c393
phoc33,28,53931ffd3b8a6927
phoc34,29,bf1f9df3348c2170
phoc35,60,c25dd979b889c7fa
phoc36,43,11345fa0abad6e1f
phoc37,26,ea1242105ac1a1fb
phoc38,45,d8f503f60b7923bf
phoc4,82,fef846d7c28c008b
phoc40,47,06f72738ca484b9e
phoc5,52,5feedae4421da210
phoc6,53,9405a8b9b90534f6
phoc7,25,bedf8ce098c411ce
phoc8,78,59b6421c690ad7cd
phoc9,153,7147592c1a7a7ed2
pickard101,25,a8f741ae5181a30a
pickard102,25,e6d4f18ba06d7fa8
pickard119,25,297dc905943b1a89
pickard153,25,2bd55a7b6f618768
pickard157,33,3f2296d34426fc7e
pickard182,29,3edeba9098adfaa8
pickard211,30,fda3e272923a1dd5
pickard221,25,b19c6b15441aca3c
pickard226,25,871395ac9a689ade
pickard244,26,7025b52a25bccf5c
pickard246,25,83a8f79227cbd6dc
pickard247,25,9234cbca1d109be5
pickard259,25,74dda30d9850b658
pickard260,25,cf3e77272ea67faf
pickard52,25,18ef7c2c798f97c5
pickard78,25,bd0cb2553380d331
pickard80,25,91478cb45c7bd36d
pickard86,25,23fb0d4a15878178
pickard97,25,f9d770c89b40d783
pickard98,25,0bd92d047d8f2f51
pismis10,65,44827921e9a389c9
pismis11,216,d44e4a495ad2434a
pismis12,456,ef0dc9ea42724df3
pismis14,25,692779fc2a514b29
pismis15,263,29f464c08145389d
pismis16,77,63d0e2356b4f7d13
pismis17,62,858a64cb9f41bb3a
pismis19,314,f3fdc1af1e84aa19
pismis2,897,ec0d5f74a474dfdb
pismis20,219,9d7e7a773239c50a
pismis21,126,3258955aae8ae012
pismis22,107,e8af9e02bbef3505
pismis23,103,e18a7f8c9f616500
pismis24,201,6dd54eb6487d8f8f
pismis27,112,0e44fc6f9a33c576
pismis3,2080,3798710bacbf4810
pismis4,200,e1440f39589c628d
pismis5,231,73038efead34323f
pismis7,166,3f604fcc0fe532a5
pismis8,98,9d84220514c9ec90
pismismoreno1,133,e8d6db24a74ca729
platais1,25,d66bf904d67665c9
platais10,79,18dd291631f89c27
platais11,25,13b2c021bacc0fc5
platais12,257,5c29a7f213d9c7c5
platais2,26,1811d7a2b2b1d727
platais3,102,2b8774ccd318ab26
platais4,25,a64f5e1579edff66
platais5,30,cffc244284aa30df
platais6,25,81efe08fb91aa047
platais8,346,b2e3dc3d46194180
platais9,172,20f38c921569e68d
pleiades,1678,678b21c4394a5d14
poolej1855p108,25,e16dc1be46cad9da
poolej1856p108,25,d1aa91428c81111b
pothier17,25,852a84c3addbbdac
pozzo1,574,bb8a5912fe64e7d0
ptb2,25,67e07034dc6180c5
ptb3,25,f864d7c7e9606291
ptb4,25,32f55d9930250b43
ptb6,61,cd671dee21d4747c
ptb7,29,ff4ffc890ab50142
pupob3,25,b269f981702adc9b
quartet,25,7f88dafe228cc196
quintuplet,25,e59ae79c5d891296
rcra,25,bef418bbedf76ff9
rcw108,25,7f89a044117ab67d
rcw36,42,065495d45fa11bdf
rcw87,25,0e01fd1f9cf6fd79
reiland1,25,7714a2b9077246e1
renou15,28,08827cc860ecae29
renou20,25,e15ae6ea2b64ccb3
renou22,95,f2b3cbe48da14c64
renou26,25,60b30e6cabd82e12
renou27,25,82fb875678026671
renou4,25,4a408ea9fe99964b
renou5,25,c1eb1177ea693039
riddle11,25,02c111d44d064e24
riddle14,54,c97d017403e3fd2c
riddle15,25,e8a828fe3feacf1d
riddle4,60,94e80d1c1d593a0c
riddle5,25,86ed16f7369a9448
riddle6,77,e2c4712ff156430d
riddle7,25,0a17de555ddce078
rmc1,25,dfe05e175f486fc4
rmc2,85,30875287a53215cd
rmc4a,25,c49fdc48bde84f7d
rmc4b,30,88cbb8607075a4dd
rmc5,55,20e47fbc9a11276b
rmc7,90,0ffc0db8d8e2cfad
rno73,25,2694e3277df5caa0
roslund1,41,b89a6f4402028369
roslund2,183,1919550177968520
roslund3,184,d7924885567c20d6
roslund4,129,09004f0e0e170b9b
roslund5,303,27880736e268d679
roslund6,412,8a42bfdbd2f60914
roslund7,108,ab1e9b989042b583
rsg1,297,9eace2da3adaf799
rsg2,100,b17b097836f83137
rsg3,29,3890a51d8507df19
rsg4,205,44fd6b1ab2e89ac4
rsg5,251,b8da5ab29e579eba
rsg7,79,81172f1ae2e0e27f
rsg8,237,41f29f144a63e82f
rsg9y,47,eefb0eb8716c6ff9
rsgc3,25,83a3dbf07308b8e3
ruprecht1,159,bd3b7a9d42b2016c
ruprecht10,67,a07d79d724ebc2a0
ruprecht100,146,11c34b0c65b55e70
ruprecht101,430,a6fbbe76091ff760
ruprecht103,25,9eb3ea61cbc6ebc2
ruprecht104,25,3fa7ac6ecf284de5
ruprecht105,62,122d27168dcb0b9b
ruprecht107,129,4968563d92d7ce3a
ruprecht108,64,9feab1f508a90e89
ruprecht11,25,92d09a1e63102854
ruprecht110,25,3924e5084f5c3ed9
ruprecht111,335,d8fcf3c36f29b470
ruprecht112,653,92e770db7ae5e4c0
ruprecht113,25,faba7ce48b23cae0
ruprecht114,25,7e5dd4e2339df5e5
ruprecht115,130,385181face310838
ruprecht116,25,5fc5efc8e73d25e5
ruprecht117,130,3540f79f1522ad9a
ruprecht118,42,4e25666a36245ca2
ruprecht119,108,3060fa9a307f7a3d
ruprecht12,25,c957f865a0aef4ae
ruprecht120,85,bb21e111622c4254
ruprecht121,730,d5b243a010a3a4eb
ruprecht122,476,5cf681dcfb1bade3
ruprecht123,50,366ef511650808e3
ruprecht124,25,71254561b356dbe3
ruprecht125,25,259ae19cb2e1605f
ruprecht126,232,5e84ee2b628c2e6d
ruprecht127,126,1862af509b9a6c4d
ruprecht128,284,0d6d40cd6b29d7cb
ruprecht129,25,8bde4143dd7ae924
ruprecht13,25,1ca5e0de994b18b1
ruprecht130,128,11cfece9a253ffeb
ruprecht131,25,d70b2b5fad999369
ruprecht133,25,63f3c3d94047d177
ruprecht134,256,9693c7b53e039873
ruprecht135,118,fec6b937472124f6
ruprecht136,25,bab9c56d37c8fde4
ruprecht137,25,a3cbba28cf09fdc1
ruprecht139,133,e95cd3af2c67fe01
ruprecht14,25,65951a2ba54e943a
ruprecht140,25,be3268fa1c1a54b8
ruprecht141,25,bfd8f9dfc7290c54
ruprecht142,25,45e9dcadc483b8df
ruprecht143,242,fec7fb2fbafef422
ruprecht144,103,4b18eff6cbc9ba72
ruprecht145,321,5177659ab8e7bda1
ruprecht146,25,79aba345aee4a3a9
ruprecht148,139,7997fef74fd04f3e
ruprecht149,25,add24b95c5ea48ea
ruprecht15,25,b9390529acb2b453
ruprecht150,25,64cc895c9de72337
ruprecht151,44,ed9cae650b03775e
ruprecht152,101,fb3a8c812f314e8b
ruprecht153,25,79a949a783d54805
ruprecht154,49,59c48c1116ddc854
ruprecht155,25,8770fd057d6c9f6e
ruprecht156,25,cc2015626834237c
ruprecht157,25,422cc396119cdf64
ruprecht158,25,ecd705aff6f9a8e7
ruprecht159,25,daa269ffa891b59c
ruprecht16,75,42a24d86dd510aa4
ruprecht160,25,ac31f6e15effef61
ruprecht161,87,fed7d48b3014ee2c
ruprecht162,25,78cff5d9c4bbdd60
ruprecht163,25,ba5fa28efa54c1e9
ruprecht164,190,491faf6eaa46151d
ruprecht165,25,3412c19c84edcd90
ruprecht166,26,d4ff9d6c59ed0aef
ruprecht167,97,9b5e25c96fe180f7
ruprecht168,25,a433ccfaf35c1475
ruprecht169,31,fb148ccc93b3dd74
ruprecht17,41,6067c7dd48ea5c41
ruprecht170,90,2094adab5e59ded3
ruprecht171,1132,b16d1f972f216881
ruprecht172,119,a97496326bfe6bd8
ruprecht173,25,5623abdabcc70c11
ruprecht174,157,7e1f9e852a3b32f2
ruprecht175,25,831bf129f1e98ccf
ruprecht176,295,2c5b9c256f9d821c
ruprecht18,386,17bc5cfaf426da18
ruprecht19,71,7ae9471f9dd89e25
ruprecht2,25,9f9eb746a710c2d1
ruprecht20,25,d66582a2fa72503b
ruprecht21,25,5c920d416e3f1ebb
ruprecht22,25,2f3e2449ebc83a87
ruprecht23,240,b8ad0b2995305bbd
ruprecht24,45,f0badc82016dbd6c
ruprecht25,62,70bcf9c549307e92
ruprecht26,134,12c0256e8ef14376
ruprecht27,141,c13234f23214764f
ruprecht28,316,66951a6f759a88af
ruprecht29,63,ffbe29419445937a
ruprecht3,25,3509cd46b92cbb66
ruprecht30,25,a12a94c3713202fe
ruprecht31,45,6373dd20b3609466
ruprecht32,27,e366ea894259a813
ruprecht33,126,5ba06c17a6905064
ruprecht34,100,80442234dd550306
ruprecht35,89,3e9986d9ea01b935
ruprecht36,126,9546dfd696f26df7
ruprecht37,295,432cf9b7cf48ca17
ruprecht38,25,ae968914044d6f69
ruprecht39,25,e8a13bda7f7b18c2
ruprecht4,210,b236af6d410ff820
ruprecht40,25,23d13567b9113562
ruprecht41,122,1393ff7462838879
ruprecht42,111,b17a1f36cf8858a9
ruprecht43,66,548679307dfc0593
ruprecht44,166,f4d52d96b4b37f69
ruprecht45,257,805ff54ca5622ea5
ruprecht46,25,2693eec9be3664d3
ruprecht47,121,e2486efe2279c8e1
ruprecht48,197,471a943f00fd6be5
ruprecht49,56,e71d1ec23833a9f9
ruprecht5,25,8fbfc1388e1aeb54
ruprecht50,82,7b7053850e6458da
ruprecht51,25,35582d9f071eb9a1
ruprecht52,25,2952f5d2044a0dc0
ruprecht53,57,a241ad27611bf4f8
ruprecht54,171,605b94992181b3a6
ruprecht55,54,96679a026361d831
ruprecht56,25,43fe662487220265
ruprecht57,25,41052dea8d5e2cec
ruprecht58,236,ebbc469f72a253e6
ruprecht59,32,9048df567be2f86a
ruprecht6,25,e4c4eff689c7138e
ruprecht60,286,be2b477fa27b0482
ruprecht61,229,f9a17b51f82e9a07
ruprecht62,25,76a7be8105c6d8f4
ruprecht63,257,4afd2b145452b5c7
ruprecht64,25,3608d57f2e38ffb1
ruprecht65,103,6b3c139ca8746b71
ruprecht66,321,afc8a08fc9baec52
ruprecht67,120,21d4cc7b4aa3b2bd
ruprecht68,604,ce52575f347ffa26
ruprecht69,25,b98ae60a64ab293d
ruprecht7,241,0b2297784f70e113
ruprecht70,25,e3b4f64c02d538fb
ruprecht71,96,8e636f667582231a
ruprecht72,25,a1cb6527095c4c61
ruprecht73,25,fff382afdc09351e
ruprecht74,25,f6ee5a56482293ba
ruprecht75,237,39165944a89d67a0
ruprecht76,86,d62ee56ea1b166c1
ruprecht77,55,619f9fb4fdd9069a
ruprecht77a,25,617fc6cd3ccfa093
ruprecht78,191,dd1d2f8182586c82
ruprecht79,312,d13e7425f38c88aa
ruprecht8,97,3a73021a7bb7b6c9
ruprecht81,44,b49d250b7890ce69
ruprecht82,155,e15eee4fb6794730
ruprecht83,267,eb4086d4a62cf29c
ruprecht84,172,aaf417cb3192b5de
ruprecht85,373,84964e602d962fd2
ruprecht86,32,0da33e0246a54264
ruprecht87,25,8163e382ca2a22ac
ruprecht88,25,04792d64e1eb83df
ruprecht89,25,a2c87412ec98a5d0
ruprecht9,25,20bbcb90b306b568
ruprecht90,25,f5a3a119ce49e77d
ruprecht91,323,3eb47a88e2249212
ruprecht92,25,4297ab3a1a5dba73
ruprecht94,96,9cbf7247d3766f25
ruprecht95,25,d018d4ac8a66ad38
ruprecht96,190,6cc49edbf67b3e96
ruprecht97,121,4a015d5e85e5b2ed
ruprecht98,129,88026dc7688ab5b0
ruprecht99,25,5ede09f266fa5d75
ryu085,25,fdb3d7c09dcc7ddb
ryu087,25,8520da60fd415f0c
ryu088,25,e8308434c92aa488
ryu089,200,f6d8e84f463ae5cb
ryu090,70,d41ede4f9f3929cf
ryu093,25,3662e14f0fbc88e3
ryu095,25,c0729321c7b67364
ryu096,25,f5cbdb36eedb4af7
ryu098,38,65c4729b2114da6c
ryu099,25,d207056b838a58ed
ryu1,25,de4dcdce2e64af83
ryu101,42,f8f371641fd8c082
ryu102,25,6c580623b251dd49
ryu103,25,9fafe426d709af50
ryu105,25,6eef14388639f653
ryu106,25,7b54114198e89559
ryu107,25,0959942df7bc4e29
ryu108,25,0166ad9648e610ec
ryu109,25,540f0f3f7ca881be
ryu11,25,f9d86565bd306660
ryu110,25,a376000ab377c52f
ryu111,25,0c7319a00ab6bc3f
ryu112,48,1a9815f2816708f1
ryu113,25,2fe6bc3ce6c63162
ryu114,35,c28cd7396d36c625
ryu115,25,f912325a4d44f3e3
ryu116,25,71ef438f685863fb
ryu117,25,a2bc575cfeba4e76
ryu118,25,46b07cedacfa81dc
ryu119,25,413c31f31cebe63a
ryu12,25,e8603fde60e1c45b
ryu120,25,7f39a9ebc47651b9
ryu121,25,bd24a709381c73ca
ryu122,25,d56d5635dee54f86
ryu123,25,3238a510d4665d6a
ryu124,25,92512c1686ceb8dc
ryu125,25,edf21d484458f92f
ryu126,25,7ff5cd558fbdff6d
ryu127,25,5570473107f52ed6
ryu129,37,090a4ca285fff6b2
ryu13,25,5b7527194276b653
ryu130,25,4183c49d9b6ef0e9
ryu131,32,34415c9bec69d3c6
ryu133,25,74fe81c867eccb72
ryu134,25,1e966645707ee237
ryu136,25,4e0c2e7918d2667e
ryu138,25,0bc901d436076c33
ryu139,25,cbb0ece91a21f92e
ryu14,25,e87b23897d9f9984
ryu140,25,f48c47dc0758361a
ryu143,25,b7213c88dd4062b7
ryu144,25,3af38f7835d1bd65
ryu145,25,371257fba6078411
ryu146,25,4d720e102eeac340
ryu147,25,d763b3ff09b84700
ryu148,25,76ce3b9d68d02c49
ryu149,25,f179a9d9508a22a5
ryu15,25,7debc79e3e90e7ae
ryu150,25,d50b98c95fb56075
ryu151,25,811b1c590eb75b15
ryu152,25,0c0ce091200f9438
ryu153,25,b4d3b81a8a85bc83
ryu154,25,2bbd65b7d7ca6590
ryu155,37,73a0132ce3061066
ryu156,25,460e9d36751089fd
ryu157,25,c578380b8370a877
ryu158,25,c516e4fae1f28a2a
ryu159,25,5aeb1b4cf6c1bf93
ryu16,25,fcb8a1217c0bb357
ryu160,25,4d617e3399afae59
ryu161,25,08651b6ed353c814
ryu162,25,14a6aefbc38b3093
ryu163,25,a530b9f7832df4e3
ryu164,25,35673a3e29e9b8a4
ryu165,25,630cf472d30ad624
ryu166,25,d69773bf879742ea
ryu167,45,6898b30d882ff1a8
ryu169,25,ba6dccbba1a32b0d
ryu17,25,ebdbeb399a18c426
ryu170,25,d12b95a7143e7bdd
ryu171,25,e34a0e8cc6e8a69d
ryu172,25,81249122229f2ac3
ryu173,25,1fb45e0406651c5d
ryu174,25,0a8bec978f366448
ryu176,25,97505496d4c79345
ryu177,25,dea5effcd5146525
ryu178,25,a77963e4a428c95d
ryu179,35,4e9b6194a815b5e9
ryu18,25,a51d57642155d5d2
ryu180,25,ab8ed4acdcb80515
ryu181,25,8ae77d8f618b593f
ryu182,25,aeed5e3cead840c9
ryu183,25,a824a207134e2e54
ryu184,25,8dad34063313385c
ryu186,25,0608db095fde6fd5
ryu187,25,3eeb7ea237e62eea
ryu188,25,16863f23f4007ce1
ryu189,25,5e3c5a90493acb35
ryu19,25,1371312cb5cc9540
ryu191,25,8378708213c2cca6
ryu192,25,bd2f812301027821
ryu193,38,9171f56926f92126
ryu194,25,c773d85b991140f5
ryu195,25,2034c5bf74bd773d
ryu196,25,631da594c6c71e2b
ryu197,25,9aa5cd2d75992417
ryu198,25,678e240f954a1f78
ryu199,25,331a00c52b08ea05
ryu2,25,a2da9186373e0c09
ryu20,25,8cc1c5ab79c9b045
ryu200,37,a53d1d3c4acea63d
ryu201,25,4e7396712eca623e
ryu202,25,af499365a5f535bb
ryu204,25,a267813740f608ed
ryu205,25,275cbf9f83f81fa6
ryu206,25,e4284db7fbf970e2
ryu207,25,7aa5993b58106a0a
ryu208,25,fbf4eaffdd2bfba9
ryu209,25,39fa8f7a61357c82
ryu21,25,63b9f102fb650701
ryu210,25,f829a6634dc05acd
ryu211,25,5ae89972df8aa574
ryu212,30,dfc9a06bb270809e
ryu213,25,ababf735a1d34328
ryu214,25,e4a46e9787d32a1d
ryu215,25,813246f7bd5197ba
ryu216,25,48c67d0d588e1e91
ryu217,25,1555930b486fa281
ryu218,25,96b89eb8241512d8
ryu219,25,c9bfb156bed63ff6
ryu22,25,40f4a3aa0e116d70
ryu220,25,e6f502a10b1d2f77
ryu223,25,ad74185996a3850b
ryu224,25,dc8f279b2a7f964c
ryu226,25,2dbaa563a5695e6e
ryu227,25,d4316176173f7491
ryu23,25,2578f01f91170f3f
ryu230,25,aaf401a8b454bc26
ryu231,25,b4ea919751bc5857
ryu232,25,75d8e62a1f06ba5f
ryu233,25,450af2f6140643f1
ryu234,25,b525deb598a17881
ryu235,25,5b903f41ff3c45fb
ryu236,25,160908652981d117
ryu237,25,ea96662799d6769a
ryu238,25,6d6682b17935d0c5
ryu239,25,0d480cf4f0501676
ryu24,25,26bda7ca49a9b708
ryu240,25,75d4adf82f3c64b9
ryu242,25,c86a3afb26d346ed
ryu243,25,3995f367e9aa7996
ryu244,25,a76db161ba6e25db
ryu245,25,88907f275aed558c
ryu246,25,d6306505754233d7
ryu248,25,67244e3b9b193c8d
ryu249,25,7b8fb9750fdbbb3b
ryu250,25,c2ec065994e5cac8
ryu251,25,5cf56f0bdcc381b4
ryu252,25,2500e9e26ded8a73
ryu253,25,3948811a92361119
ryu254,25,02aa79255d1a5845
ryu255,25,6d168ade5ab6c1d5
ryu256,25,bbce736ab7ad74ed
ryu257,25,6d4b904cf8aaea30
ryu258,25,b3945f7aadb0ffd4
ryu259,25,741f1dfd2fb422f2
ryu26,25,7576c5db2dc3aa42
ryu260,25,52c20495b8c352e5
ryu261,25,c7aa128d36e154b5
ryu262,25,20cd8da913f148a2
ryu264,25,d192045c512f1275
ryu269,26,019a4787b60a2b7c
ryu27,25,b467a589b4ffd0a4
ryu276,25,6cdd98a75878ab56
ryu277,25,cef6379ea8ab3449
ryu279,31,d8be95773c75647f
ryu280,25,8587b9e82f09db79
ryu281,25,b623fee409e40473
ryu282,25,6ece0d91516d4934
ryu284,25,da7af96dd92747a5
ryu287,25,79f1e7237ccc854e
ryu288,41,5599f734fb986e4e
ryu289,25,64479ac105f7391b
ryu291,25,776d3244d59e503c
ryu292,25,4a303a8917675755
ryu293,25,ff1a61b47d9989c0
ryu295,25,8dda4590ee7338b5
ryu296,25,3f9728d7bfbf9961
ryu297,25,cf12465d47626da3
ryu3,25,810cd2ea47c96382
ryu30,25,852379a833d711a3
ryu300,25,5ad295476e64511c
ryu301,25,2802471d39c8a3fd
ryu303,26,9fb5084f57d1abc5
ryu304,25,9a204fe7a8b582b9
ryu306,30,0c8c34de8d09293c
ryu307,25,6544c4b1cdac9d8c
ryu308,25,e86183067c22e4b8
ryu309,25,7e5464090addd63d
ryu31,25,4552238b57461b76
ryu310,25,51328e77f1141de5
ryu311,25,a898301dece8bf53
ryu313,25,d5b86e7bbb88bc11
ryu316,25,a0b3aa49414a36c8
ryu319,25,3e4c6ac732f255e5
ryu32,25,5b5c79d15857c516
ryu321,25,2955719067a8ffbd
ryu322,25,915e3408ff874795
ryu324,25,fc276ed8fd466678
ryu325,25,5e84ccf4e3c82fc5
ryu326,25,0f902888c733d21d
ryu328,25,7bc0e206c844af87
ryu329,25,585d1bf83364b375
ryu33,25,2b25c0c3b91132b0
ryu330,25,2503c57b21fb1122
ryu331,25,00e47622eb140267
ryu333,25,0ab76429b1cf8d9f
ryu334,25,3e65aaa92ebf9065
ryu335,25,2d13ec7685395d0d
ryu336,25,92038c065ab8edc8
ryu337,25,d28bdd65d3e0a9f7
ryu338,25,41494a56b9424967
ryu339,25,b2f86f0fee293651
ryu340,25,e7b9c960e978f984
ryu341,25,e469777f574493e9
ryu342,25,b9d7d5f9f30ef986
ryu343,25,f7690dc6a99ba93f
ryu346,25,851ce65fe81241e3
ryu347,25,016ca485617b8867
ryu348,25,76c2ae91a931f2b6
ryu350,25,e8745bc8c56f2676
ryu352,25,2c53d3b33e489aa8
ryu353,25,0d22a06550441aa7
ryu354,25,2eceefd80da6fec0
ryu356,25,46337e082eefb84f
ryu357,35,edf38e74c1e05e02
ryu358,25,7c39b701fa390689
ryu359,25,7f499b452169ca0c
ryu36,25,428c5c81d5558f2b
ryu360,25,d733d14459bbfe92
ryu362,25,4c6fdac929529cbd
ryu363,25,0b5d7162d9c8aaf7
ryu364,25,aab90155feda347b
ryu365,25,515a3df7aa823c63
ryu366,25,ed81112143596033
ryu367,25,7459a3388dce7b64
ryu368,25,27a2e6f4d28e43a8
ryu369,25,e3bfecf7dea46076
ryu37,25,8b2467535a77da91
ryu370,25,ae16a6e8f71c3f4a
ryu371,25,48e8cafa084200c6
ryu373,25,bc2c88f786960f0b
ryu374,25,6c4a8378044273d2
ryu376,25,5914061c30634d49
ryu377,25,c2cf5e11d2ff2783
ryu379,25,646d67bc1008c0d7
ryu380,26,74cc08406921c703
ryu381,25,1e999be88fe179d2
ryu382,25,3bf80168d4bb13a2
ryu383,25,4b853934a168a1b3
ryu385,25,ba0b0e433534725a
ryu386,25,d3572593d861916c
ryu387,25,a6568f01332b8a50
ryu388,43,a45b2af40ba0d738
ryu389,25,147b9c3a16878b0c
ryu39,28,b7bae5ced500cf98
ryu390,25,cd1d7be35fa60118
ryu391,37,6caecfb66c2fd562
ryu392,47,93b47f1c7402f3f6
ryu393,25,c8dc93e92cf2d22b
ryu394,25,15da3226da35022b
ryu396,25,877dd0a9ee26d6de
ryu397,25,bcfcd45e170d7721
ryu398,25,999940246be037ed
ryu399,25,285ffc2053525038
ryu40,25,7cd8a0e3ff32dddc
ryu400,25,32f26e0d9f5c38f5
ryu401,25,2572faa4d2b8175a
ryu403,25,61ef9ded6c97ea33
ryu404,25,ea0f2ffa46f271ff
ryu405,25,161d9eb4ab434a83
ryu406,25,d5a685694768968d
ryu408,25,4610699f9d2436a1
ryu409,25,74a46795e03df60d
ryu41,25,bc4e87b1885e792a
ryu410,25,32bfd5d7a1e4df1d
ryu411,25,7a070bf1be57e0d2
ryu412,25,35893e7b7ecc10aa
ryu413,25,2368d61001d56935
ryu414,25,8abfd3e82c6dcc8a
ryu415,25,563ddd9df33c9b4f
ryu416,25,4ae55c04b349ffb8
ryu417,25,56afe9f31565110d
ryu418,25,4edd48b0c016f93f
ryu419,25,86ea580ee81da397
ryu42,25,48a1aab9212e7b21
ryu420,25,2ac6c8963dae4326
ryu421,25,fdeca82f13d7224a
ryu423,25,f4858cdab41efeac
ryu424,25,0a85f36ce24a5f22
ryu425,25,998774b5a59bcd77
ryu427,25,159c95bd781b59d2
ryu428,25,e12ab55f8f5b7ba2
ryu43,50,7a8c9353be964589
ryu432,25,5e22bc111d136e93
ryu433,25,49c87ee0b0f81fbd
ryu436,25,97c9d63398422c2a
ryu437,25,cd31805f0f346949
ryu439,25,061946b06238a45e
ryu44,25,fde40dda7fd8e4ce
ryu441,25,1d4062062006552a
ryu445,25,375feede99d495ae
ryu448,25,bd50e28ddb7e4002
ryu449,30,defefd4ac18c6933
ryu45,25,642eeb0cb5f871dd
ryu452,25,2d50c8d5d532ff5a
ryu454,25,a2f1d9866bf25746
ryu455,25,de049c9d1e9b744d
ryu456,25,19b5bad3aec9fbe9
ryu458,25,5f3cfd9bb70e8814
ryu459,25,c2d5ef93d1899cd7
ryu46,25,7c607f6d5c7522bd
ryu460,25,c040f3c5bdb05840
ryu463,48,e33a3aca2d3fc79c
ryu468,25,787308ff369297e0
ryu47,25,0ca62ea9d73ca3d4
ryu470,25,3931e223c80becf2
ryu473,25,1ae8c04df452c2e3
ryu474,28,53379f5bd1d113c5
ryu475,25,efa835461a271860
ryu477,25,00f2a3be011819d7
ryu478,25,db87403c42a04e02
ryu479,25,b2a30d60bbd9219f
ryu48,25,cb9ff556c7456f0a
ryu482,25,5d8cc5fe8f6d353c
ryu483,26,67696fb06e882edb
ryu484,25,4b20fb64c8a17a37
ryu485,25,294c15e82ac47201
ryu486,25,c3a420434c22474d
ryu487,28,f4401cef032d73e7
ryu488,25,536438213dd86619
ryu489,28,3d893ce1c5268e78
ryu490,25,f2923f9d89290645
ryu492,25,ff444d68dca0b7c1
ryu493,25,6ad2064dfadca5a4
ryu495,25,1041207546818971
ryu496,25,0db8ef61533bd795
ryu497,25,c0f521d656ceffbf
ryu498,25,e998f9e254ab7adf
ryu5,25,84c4cc708ae589f6
ryu50,34,e082bc1563313873
ryu500,25,998b8ad364c78942
ryu501,25,4be7d4fff887e505
ryu502,25,2a0b3386af851160
ryu503,25,b6ec183e294fd55e
ryu504,30,4e1854f45d0ec873
ryu505,25,f1b9e9c216f2c909
ryu506,35,b5a89f7f2d414200
ryu507,25,42262a744c5bdab9
ryu508,32,27df42800df66540
ryu509,25,9751335ca2453e2c
ryu51,25,a08ca6e9b486cb16
ryu510,25,36ff1741597e1db1
ryu511,25,4d14c9b1d7a440cd
ryu512,25,45b51f0c5952f63c
ryu513,48,b6db6da0fba6349b
ryu515,25,7b496aab890c95e0
ryu516,25,46ca5df8bbae1f53
ryu517,25,3cbb30e270885be2
ryu518,25,118cf31f43630441
ryu519,25,0a9256d2492968b4
ryu52,25,82823d853fcee40d
ryu520,25,978064ec8c4c24eb
ryu521,25,f0d638276c5da9fe
ryu522,25,ac5e414f5726f549
ryu523,25,1bee697d4e2b6935
ryu524,40,6a83fbdd74eb749a
ryu525,25,5e76a09d4717f7ab
ryu526,25,6d8b1143ca9ca4d1
ryu527,25,d9dd50aeb63e9e19
ryu528,25,d79e8fdaa9c06ea4
ryu529,25,f4040fa9f6921eab
ryu53,25,011a0df3ee2c0c07
ryu530,25,0d8c6d0124b9b5ee
ryu531,25,770f0f0e8358bce6
ryu533,25,95f2c3876d5530d9
ryu534,25,0b9c23cbb0b773da
ryu535,25,ecc28c55f39247b3
ryu537,25,119e7f75a6d98c3a
ryu538,25,cc8202419926612b
ryu539,25,290ee30fccfa1407
ryu54,26,4538c41c2249ebe6
ryu540,25,2ce27b2cf29875ec
ryu541,25,9a726cd8464d6cc4
ryu544,25,04c40a5c3364f19a
ryu545,25,ee2b941c768031db
ryu546,25,22e9f4b3ba35df32
ryu547,27,3867a672d570f38f
ryu548,25,16fc4d88833a952e
ryu549,25,bf561a7008e9bacf
ryu55,25,4215f10eba7ee434
ryu550,25,a9ffa2e556e1aa65
ryu551,25,37d8105c42088dd1
ryu552,25,d1d36f43032b15af
ryu553,25,25e61667aad6dbcc
ryu554,25,51539e86f47c07b3
ryu555,25,50267a78620265fd
ryu556,25,494f631bb1f11058
ryu557,25,f7cb981a2e6dd90f
ryu558,25,751e23f96d5546cf
ryu559,25,5d162e2d5f462a4e
ryu560,25,28b8068a5b192733
ryu561,25,c278ba5307d37bcc
ryu562,25,41f8f26fb06853f1
ryu564,25,23e70fb86862d5b6
ryu565,25,8d2e26a4675019c4
ryu566,25,d2172a7bbc2a6137
ryu567,25,4f7cd9f1b5e1b49b
ryu568,25,1ee8079f90e6e039
ryu569,25,ddec77844f5d2f61
ryu57,25,1f44c635075894b1
ryu570,25,5317e1333ec720dc
ryu571,25,38473bcc187ee998
ryu572,25,895eb71fe62faf72
ryu573,25,a13b08d062dd56ff
ryu574,25,9c07851fc28a9058
ryu575,25,7a6c8bf954320435
ryu576,25,2c2e55202cf103ca
ryu577,94,1a0042fbb551b377
ryu578,25,0c95992912bcbd7d
ryu579,25,5883c58f061cf9ac
ryu58,25,29e3ac42038f0a22
ryu580,25,8879eaeee8e30341
ryu581,25,702081288af6548f
ryu582,25,182cbe6edae329d4
ryu583,25,6154357b37739f05
ryu584,25,26c6be2216dc6c77
ryu585,25,fdc31d4fd9013e53
ryu586,25,58a486fec57b11ef
ryu587,25,8c69d6821b78efad
ryu588,25,6426872c4afc323a
ryu589,25,6c9120e7bcbe22a7
ryu590,25,03a199815bdff81c
ryu591,25,f357a7d50dba4f34
ryu592,26,5ef2d8ca8fa8e94d
ryu593,25,9d5e974fc2e6d6db
ryu594,25,37209d19a8c73480
ryu595,34,422ac12e7fb03610
ryu596,25,8e7a73b1da3bb6dc
ryu599,25,83069e4904135ac2
ryu60,25,1ec6105fec8f84d6
ryu601,25,b1f29a617768a62e
ryu602,25,2cd1f168c0e6f69e
ryu603,25,0ea4565f6503233a
ryu604,25,9da22e3da390137e
ryu605,43,b5511bf8107adc17
ryu606,25,6d3109248bbcdbfd
ryu607,25,c6a02f7bfe017317
ryu609,25,5038e566b782c70f
ryu610,25,5c51dde14f692e29
ryu611,25,49d3549f3352cf84
ryu612,25,33139347d2998382
ryu613,25,3d82f6f62d28bc7c
ryu614,36,4c7c93e5c9c936f6
ryu615,25,8d71bc6cc7a88811
ryu616,25,fd995b3d5bba247c
ryu617,25,c6ccd76ebeb20f7d
ryu618,25,f6866208c4be0977
ryu619,25,ddb16011c5f0c8a9
ryu62,25,6c6a822a16eafff8
ryu620,25,1dc6d72d97ab2721
ryu621,40,1c17061137a3cfec
ryu623,25,a12386535c940fd4
ryu624,25,a69e0804b4849204
ryu625,40,cd51a02271f23a94
ryu626,25,4dec59bf3ffcbac5
ryu627,25,5b3550ef1ed9ae52
ryu629,25,5c30b0729c2185cd
ryu63,25,980a0979f79c45b9
ryu631,25,0866cdb8eddaacba
ryu633,25,3c1859a740e05bcb
ryu634,25,66d562b640fbcdf3
ryu635,25,ae393fd52524807a
ryu637,25,c8472c78129e90bb
ryu638,25,73f97fc37b8d27fa
ryu639,25,4a65264ad9c68f26
ryu64,25,970387deea74d1fc
ryu640,25,d66cca5a6a8fc7f2
ryu641,25,8fc3f63b1ab1c41d
ryu642,25,9f51ece4416c9740
ryu643,25,b210d08fa2617036
ryu644,25,a2dfcba3ec9f921e
ryu645,25,dbc0aa728c95bad3
ryu646,25,42657dd351b68deb
ryu647,25,562fbdeff485d219
ryu648,25,b9cdcd15736ba875
ryu649,25,c04500c9e258f11b
ryu65,25,7d783b6fd57606e8
ryu650,25,66c83b6ce6f0bc72
ryu651,25,1dc3fbabd23fb008
ryu652,25,10fdb62a146edcfa
ryu653,25,8a2acec116b17726
ryu654,25,759668c09f639b5d
ryu658,25,3b45539920f95e40
ryu659,25,0527366e74be2b8b
ryu66,25,b65a6c12e1081a4f
ryu660,25,e7e4372b8f685a26
ryu661,25,4f4ac40f84e5d7e0
ryu662,25,8846817d911d1fb7
ryu663,25,5e229aecde96bd9a
ryu665,25,048448fe8b5acb2f
ryu666,25,6b42c97940260f25
ryu667,25,b80062aa3aefc732
ryu668,25,44a6bdcb7d1c5d64
ryu669,25,d61f1e3402065adb
ryu67,25,dc45b28537f24036
ryu670,25,9ef4c2ae86533841
ryu672,25,648569917dd5f422
ryu673,25,b2dfe4a91be25d79
ryu674,25,bc68cc3442dc7ab1
ryu676,47,0cf939a00efd4d62
ryu677,25,c1d2ae78079ee340
ryu679,25,2d7d5e1fd34f0879
ryu68,25,216b83d0194d09c0
ryu680,25,fb70e968e5eee247
ryu681,25,3f574bbe06b091de
ryu682,25,3ce07b1d85cc1305
ryu683,25,77d6ad37c788afee
ryu684,25,4692f6b0431cbeec
ryu685,25,f5bf92e7a900f927
ryu686,25,58a82489014fdffb
ryu688,25,1b58097bca1a77f2
ryu689,33,48a56cfc49cdb8ee
ryu69,25,5f97ce09a01fedd9
ryu690,25,3e144078277e80f3
ryu691,25,8a89f5abd471e96c
ryu695,25,e8bfe7e439460ea5
ryu697,40,25eeb2514b026a1b
ryu698,25,9a36ceb30971783a
ryu699,25,a05866d87affe631
ryu70,25,ee486a52e7c862ee
ryu700,25,3cfe7649675d0370
ryu701,25,d55f794ecbb9a7aa
ryu702,25,2070978cc40175e9
ryu703,25,38057777fbe9503d
ryu704,25,030147bf94d30093
ryu705,25,d9b853a601a31928
ryu706,25,ed36dc7267438536
ryu707,25,64bd06d86bdc338c
ryu708,25,e6c63cedf946046e
ryu709,25,625b52f978e81e72
ryu71,33,87cbde015aaaccb0
ryu710,25,e33516eee69ac026
ryu713,25,afa8b583eab6e0a2
ryu714,25,07c61de6789e0efc
ryu717,25,9bc27ce0ba431bd1
ryu719,25,34c26a8ea3706ae1
ryu72,31,b6e45fecb49a4c85
ryu724,25,794afbf538db9d49
ryu725,25,6c6ece4d5a772b4e
ryu726,25,319a7daf4c10ee6d
ryu727,25,7d24bc682b879928
ryu728,25,ab2e5a3662ce8eaf
ryu729,25,ffc2552dd5bd05a2
ryu73,25,b3ecc9e7d1f1ebd5
ryu730,25,baaef184e6a0f24f
ryu731,25,4d92beabab514a23
ryu732,25,062982ae1c5c1978
ryu733,25,a814bc0bd3008f44
ryu734,25,81c781815c4416e8
ryu735,25,2e636fe2453450d6
ryu738,25,3ce4afe366e6e683
ryu739,25,4f18a06a093bbd30
ryu74,25,1e9c48f27449bb56
ryu740,25,1a0d255df81c438f
ryu741,25,23e53c66bea5d8cc
ryu744,25,23670e02af7045b2
ryu747,25,64148465e6da62e6
ryu748,25,bd5400dd17cbde2c
ryu75,25,c7889c988fe16592
ryu750,25,367c3c071969223c
ryu751,25,348a107c2613f783
ryu752,25,637ffd273d2ec526
ryu753,25,0fa1ae48435e2baf
ryu754,25,68da13ce1110558e
ryu755,25,cbe5f79b7836bde5
ryu756,25,c69444acdc0648e6
ryu757,25,3439e6218a504c6d
ryu758,25,8704d89f5c1c1f5a
ryu759,25,ddc668f2df47e62c
ryu76,25,935ca9dff6b4d2ee
ryu760,25,c9f64c2e3f93d7e3
ryu761,25,2aa569b3a092102e
ryu762,25,39b76be76e26fe93
ryu763,25,53521546e0caac03
ryu764,25,f46dcee552ce46ae
ryu770,46,cea110fdc3adf88d
ryu771,25,6530f17c79f2822f
ryu773,25,11220086cc9ad894
ryu775,25,c64dbe032246ee65
ryu776,25,1fc4fc7e21945d41
ryu778,25,c0818e353e511a29
ryu78,25,1621cde1bdb1afac
ryu780,25,2ccf1d37615a326b
ryu781,25,cd1b46103ca9e253
ryu782,25,7e415ff1c92ef2a5
ryu785,25,12a4e0c580eb1880
ryu787,25,65fa7e7d35a42d78
ryu789,25,da28a371d61b30aa
ryu79,25,e700bdd9a45a8a0c
ryu790,25,6966af84f58cf479
ryu791,25,b81e50c432187914
ryu792,25,aff8d4eee46b4c54
ryu793,25,de4f8ef4e4125aa3
ryu794,25,8b50fff0255c5332
ryu797,25,335a0c36d858ab6c
ryu798,25,7bc968d761d44360
ryu799,25,9a1b4367840559bf
ryu800,25,57b16f8b938257e2
ryu801,25,6537998815476d3d
ryu802,25,4d0715842c83e8bf
ryu803,29,ba7fc6cac71245a8
ryu804,25,0c093a1d9a8be484
ryu805,25,a63e1b9ec1ac2110
ryu807,25,771131e01a827058
ryu808,25,28934c389b21038d
ryu809,25,f8cec3701fe3ed7e
ryu81,25,836239ada62a1d08
ryu810,25,09171246a1800018
ryu813,25,886ef881336dfb0a
ryu814,25,3c33031db4ba1091
ryu815,25,ca55ba5243665329
ryu816,25,84bcc15bdba91263
ryu817,29,c6a746d7cfd3be86
ryu818,25,27d3d62f0a96563d
ryu819,25,9ffc85fe04ced662
ryu82,25,18456716d2a7985a
ryu821,25,6e30be5b79a41b30
ryu822,25,3d04a67643f42c51
ryu823,25,8d347dec2f8ec48e
ryu825,25,9792b2f15e3da8ed
ryu826,25,4fa650d167075a7e
ryu827,25,d3a6f2766190e94f
ryu83,25,cd7342f39ff6b3ef
ryu833,49,bb336527c880c6a6
ryu834,25,8f1e2dd9e5963e97
ryu835,25,6cda4b5ea614fdae
ryu837,25,68b40a4695d2b02d
ryu838,25,1d91f7eaf332b6a2
ryu839,25,36aa9dbed4eb86f3
ryu84,25,77a19eb9dc27d7f0
ryu840,32,f7fb8db224d7ed47
ryu842,25,0cb32c92176a7954
ryu843,25,de2e850d60f3aa1c
ryu844,25,c5f16793b8cb463c
ryu845,25,5e3363e57e9adb27
ryu846,25,3ce11ffc0565b580
ryu847,25,ad073a258f53d759
ryu850,25,6b1d17da3cf384aa
ryu851,25,5adfd47a9bf24f20
ryu853,25,4b632326c01f7e31
ryu855,25,31a7826567d38d18
ryu856,25,87933b1bfbeb8d59
ryu859,25,94348b6cdefe2a3e
ryu860,25,4913239e6a379c45
ryu861,39,49d6daa79b804b0c
ryu862,25,4e354c8e37ae3393
ryu864,25,7a4a5d5cdedc54ec
ryu865,25,8f4c9806ae424fc4
ryu866,25,71ac1f9b17dfabef
ryu868,25,ff009caec1b9b431
ryu869,25,c3ad20020b2851b5
ryu870,25,74ade9a9c9dc6ec4
ryu876,25,911ba2935fdec380
ryu878,25,8c7e9fcba366f6a5
ryu880,25,7a6d2edc9ef1a95a
ryu881,25,b80894f3fcdad958
ryu882,27,108ee22debc29385
ryu884,25,02d66dc3a8067bd5
ryu885,25,b9a7357a3fbc429d
ryu887,25,afabdad02a03e881
ryu888,25,aaf4f8bf1b020516
ryu889,25,b24726d879381398
ryu890,28,bc1bd6c9ac521bc8
ryu891,25,cbd2968d334d33e8
ryu893,25,26feb6c862636c2d
ryu895,53,7d358839e4d37833
ryu896,25,8cc0a70dcdea959b
ryu898,25,bc3163d455fb7061
ryu899,25,2fd14d2b5c97bd4f
ryu9,25,4cc9735f41951b54
ryu900,25,cf97003038374977
ryu904,25,55aef88b055dcc2c
ryu905,25,d5958a47e10dcbb7
ryu906,25,16a725c2c0e89eed
ryu907,25,8331acc5ba027047
ryu908,25,05e0ddbe731cf352
ryu909,33,84049378201e6747
ryu910,25,8623efefbc59d4b5
ryu911,25,61455740009e5289
ryu912,26,7b7406dca7fe0eff
ryu917,25,7fc40faa12b0ae64
ryu918,25,43a59ac2ec38ffd1
ryu921,25,04fc4a46215d753c
ryu922,25,61e1f72cbde18598
ryu97,25,b2279655c53bcdbf
s1,25,178a8e615beae7ca
s106,25,3f13a455f5283211
s269,25,1788d2ca0c0e4448
s284,25,007117efb8a309b0
s285,25,64f40db858df547a
s287c,25,19c8fa4f8eea3317
s289,25,28ad93626b77b09d
s87e,89,5c03fdc11fbcdcd6
s88b,25,51e065e8e45c6e2f
sai1,25,defaa48b5b0fbcf4
sai10,25,de9ca65807e0ab9e
sai104,35,71b10caa7bacec8f
sai105,39,cbcb705463de5fb1
sai106,186,50bb82865281ff44
sai108,44,0bba1d61aae9c0ac
sai109,201,6ca946a481e27d7f
sai112,25,d13b8d685ca51818
sai113,73,d2f828b52b63d9fe
sai116,189,26bfbb4105895fd6
sai118,216,734778ffc3436db0
sai12,25,aca8bcb72b42a9aa
sai120,134,58034422e9fc9085
sai122,224,609b8f9470588cc6
sai123,240,06b3bf14ab72aeb1
sai126,25,9321152d29d68d00
sai132,248,60fd0da5d8ef767c
sai135,25,4a6f920f86c071a8
sai137,25,c1ed1fe151e8272d
sai14,126,7a648a6ea17c838e
sai141,78,544ad9622506749f
sai143,25,93bb4501d16d6208
sai149,38,7b5ece29e32a114f
sai15,84,56da4ba3b752e491
sai16,117,bedaefbf34e1b24c
sai17,88,6cd7f7380478a267
sai18,25,0c8ded366aa5d71b
sai2,25,c92eae83fe527915
sai21,29,333884d8137ed409
sai22,40,f033b3eaec2a68f2
sai25,89,e54593d5a098bac7
sai26,25,73ba6a0659e43dc7
sai27,25,8e490719225ffc53
sai28,25,93b4bbec6097a0d8
sai30,27,cadfa63acb652296
sai31,25,7aa19a4dcd6e18bc
sai36,25,a0c80bee2228e532
sai4,90,ea6bf68ff01484fb
sai40,129,0a7ee96a69186565
sai41,25,b829711fe8eb4187
sai43,130,b0f834bdf84d41bd
sai46,38,bc8da9cb96926b1c
sai47,53,3856e97e1b2e91a8
sai48,25,b0f556ebcf4b8b9f
sai49,25,b7b581f4079c2848
sai50,41,b817f69ddba2dcff
sai51,35,2fb91c3b83a035fa
sai6,25,9ee35e65e3e581f4
sai69,26,688ac15b3e68d526
sai72,67,b461045940561586
sai81,246,f95b6c4359636c18
sai82,27,6a15cb3d3b49179b
sai83,28,8c8b6f9ccdb539d2
sai86,144,052061c95a172741
sai88,86,ba7f8cab62f36d3d
sai90,25,f391aedfda6ea928
sai91,155,90bff54773480478
sai94,87,22b3fe6674aec2f3
sai99,142,f3693e65870ac438
saloranta10,93,ee9a6748ec46876a
saloranta19,25,ceb1b9b407014727
saloranta21,25,493043b20c8c7760
saloranta3,25,8291dcd40c674ac1
saloranta6,25,5758925166bcfcf4
saloranta7,25,d41fe9529850b9ab
saloranta8,25,49a0e0193a7f4a24
santa42,25,bccff5928c3982b2
saurer1,72,809a98992e2134e7
saurer2,122,2b4d6fd6fc3a2926
saurer3,150,09b07a7a6b747a3a
saurer4,25,89220d60ad6962cb
saurer5,120,50a2f43e829e2081
saurer6,100,571a67a974f69b6e
sbb4,25,857afb8ea60aa558
schmitz1,25,308da0992b9ca06c
schmitzj180863116,25,6786c85dcc6c1763
schmitzj181623004,25,5a61fee86089fb4a
schuster1,25,b84e9bb04566260c
scoob4,25,726d60913e29c8cc
scoob5,67,6ca22540795cc45c
sctob3,67,2a880c38808da377
serpensdeos,83,67783b590e7daea1
serpenssvs2,25,2c9e885e13cd51a2
serpenssvs4,208,8ea8086f013eade6
sgr180620,69,cf350cdf7dee1489
sgr1900p14,25,b3f360f9e8a3f1b2
sgrob6,25,50458d957bdeb4b5
sgrob7,25,6cc788a776b41f9c
sh2106,25,d9ea2f4cd1ff31f0
sh2138,25,18b2f378580b5bda
sh2140north,25,c9441c098251e5ac
sh2228,43,a92d70823923e702
sh2235,25,2c87a3940a4ac0fa
sh2235b,25,a4a18df981c2a0c9
sh2242,25,56e0a281b34105a1
sh2252a,27,4f7e93bcd3e5b16a
sh2269,25,f4087b0443dbe4f4
sh2270,90,d935028b031011a0
sh2287c,25,c9c96c74eb2da1bc
sh2287north,25,5a44a596939351a0
sh264,28,63b7f013501cd5a4
sh288b,33,32824657beafdbe4
sher1,62,00df92ae6d610788
shorlin1,33,36380e883c9bf792
shorlin2,25,bd35b4c6c9494739
sigmaorionis,156,702afee6e3c9c456
skiffj0058p684,570,23130bc1402225de
skiffj0458p430,76,c5844c576bc2c944
skiffj0614p129,119,0ba50e83df305050
skiffj0619p185,67,6a08c1d6eccaeba1
skiffj1942p386,67,33eeaa396b2fae1c
slizhevsky249,34,a08a7ab7268a294c
slizhevsky250,25,c095d4a615bccad2
ssctgroup,25,16e30b12da1fbd70
steine1,25,d877ecf4b780e07a
steine14,25,0ff19fb5b04461f4
steine18,25,36c317e8d0e52c08
steine19,25,17d5c5a3a2790a07
steine20,79,fde6f78f1e2281bd
steine21,25,60add5e528562e2e
steine24,25,2e2a020fe98bc624
steine27,30,e9a27f6ffb8d9c90
steine29,25,a993472507eba32e
steine3,25,f68425ae93670545
steine30,25,5c9d912d45d78417
steine31,25,655bbf92418aeffe
steine32,25,f919fec77ca0989d
steine33,25,acfc0bee434feaa4
steine7,25,4c7b9024961e72ad
steine8,25,c8dded5b66923662
steinej06316p1008,25,36726dbd2f8318d9
steinej06322p1000,25,7047af8054f76b69
steinej075002933,25,7149cd19a4fa2284
steinej18558p1910,25,7e3ec9ab4f81cd6f
steinej18577p1810,25,c706e71e2fd985ca
steinej19036p2010,25,83c30830c681335c
steinej19043p1920,25,ad252cb8061128fb
steinej19058p1942,25,ad8c91e33d97990c
steinej19074p1629,25,93e770862583bbd9
steinej19100p1812,25,90aac366c19a9616
steinej19103p1815,25,da5d1a7f71e22af2
steinej19108p1603,25,bd9f82096cd6c456
steinej19134p1726,25,0cc7ab2d738b06c9
steinej19152p1658,25,48e152aafc7cca1e
steinej19166p1929,25,af1f679a0fe2c849
steinej19224p1939,25,034a43cbe08f7173
steinej19267p1930,25,6ab10c0d7f5b8b3e
steinej19331p1807,28,bc118dd7d8499f00
steinej19447p1657,25,cac6871b3327b047
steinej19474p1816,31,aba853a9aa1876ba
steinej19478p1824,25,b9c648d322002115
steinej19479p1817,25,3b959fa94c9b5ea0
steinej19493p1906,25,7c0287c9755035e6
steinej19496p1919,25,c12be8f1d58ab175
steinej19498p1917,25,bc59f27e26c78a4b
steinej19503p1818,25,337d155cc65dd4c5
steinej19505p1816,25,313e8bde88de6d01
steinej19535p1926,25,e424ae84c5f739e7
steinej20021p3545,25,1e995d51ef23879e
steinej20125p1918,25,0b966d46db3ae3dd
steinej21017p4420,25,6443971761ab038f
steinej21307p4821,25,fb101d3741104da3
stephenson1,438,1b66accaf2c454e0
stephenson2,25,df30a7b4af8cc942
stock1,266,c8e66ef5d4d8f15b
stock10,403,e1788e486a0d0fd7
stock11,25,1a37157a025893ad
stock12,220,545dea460a40d07f
stock13,77,1a3d61392b66797d
stock14,107,c26559631b4b0914
stock15,355,b803b50f93c418b6
stock16,31,ac71a0e46c44f162
stock17,48,da90579896ea2de3
stock18,34,cc3b1b249721863e
stock19,25,8ede990bd49fe766
stock2,2019,9b37de912e45d883
stock20,98,b69d2efc85fa784c
stock21,130,3faefed2e10bf531
stock23,107,fdb14a8bc9ad8638
stock3,26,600e3dcc2eb3f8f7
stock4,129,b5969684ed9f77c8
stock5,178,6f186187de496b18
stock6,25,c550c419375d6a9f
stock7,192,2c488c7f88df86ff
stock8,130,6aaa76757662c929
streicher2,25,d2878d0665047a40
streicher52,95,cad25995402cef49
streicher82,25,9b23b214cbd464cb
streicher9,88,4395bb70dfb277cf
svul,25,9d7ab2f140411b7d
taurus,82,4ffd05ce7f76091b
terzanju20,25,fd381f11f5bade77
teutsch0408p53,25,8f049992531c7fc7
teutsch10,83,2f31fd36ef572f99
teutsch100,25,f39e71863c1a57a5
teutsch101,25,2685289e60133062
teutsch103,70,20d3960be1d66dad
teutsch104,25,781800e616ea3387
teutsch105,153,776a0d5e4d576248
teutsch107,25,2b85fb5d7b756a35
teutsch108,129,0f90a66032cd8872
teutsch109,31,d447b3e6e04818e4
teutsch11,48,dac90b58ffee9ad8
teutsch110,55,66a0ad54b5a87654
teutsch111,25,2f1356dfbabc8365
teutsch112,25,5b8aa41362602882
teutsch113,25,4bcd45b5d620426a
teutsch117,541,141b103fb9afb68d
teutsch119,25,c4b37b154de6bed6
teutsch12,179,f59b5b4eb867aa2f
teutsch120,31,a8f77845b6c8ec0a
teutsch122,25,0d883edb5ff1c4bc
teutsch123,25,9fec4f3f1e850511
teutsch124,37,c0e84cd1add08bf0
teutsch125,27,355323349af87cb7
teutsch126,117,a4ae39c572a0d291
teutsch127,69,3a062c7c4ebc4dba
teutsch128,25,1cafc48ea7dcff05
teutsch129,25,c90276b74abc3c70
teutsch13,68,8983f7e36d7713ef
teutsch130,25,94800c222d8b0e5e
teutsch131,25,df9a1adf03696f8f
teutsch132,33,0da07d92dd4acfd1
teutsch133,39,c0c2f772aa86f88a
teutsch135,25,38b68624155805f2
teutsch136,37,1047be3f94d22355
teutsch137,43,0334376914031965
teutsch138,25,42b15008522f7dcf
teutsch139,63,0e04b64af188dea1
teutsch141,25,e29be66267d51655
teutsch142,25,f7d02193d5540293
teutsch143a,43,0ce42c29d6e11d8e
teutsch143b,178,a0f5e0917bc85833
teutsch144,114,e3d5e6cf7c1f3f09
teutsch145,65,219e12bbd8bb8da7
teutsch146,35,c846cab727b77b77
teutsch147,25,84b63ff10f5ed680
teutsch148,25,62f58548a981c6a8
teutsch149,25,5f4121df397f5adc
teutsch14a,184,da27e130df1313f2
teutsch15,25,46fc0fe56d8983d0
teutsch150,25,4a0758dba3205848
teutsch151,25,686906d400e2c7f8
teutsch153,25,ffe5ca62b7f3922d
teutsch155,25,3fd7b1cf604ff5a8
teutsch156,240,12a928258afc75aa
teutsch157,143,45583de2332af720
teutsch159,25,e258ffec05602086
teutsch16,76,4e31fe88d6cf5abf
teutsch160,25,e48f10a24a5c556e
teutsch162,30,aa0ada192394a528
teutsch168,25,6e2ac7e226d16665
teutsch169,25,aefa7e3891101533
teutsch17,88,a96ba5a011ee1cb1
teutsch170,25,f988a37bb3c5d9bd
teutsch171,25,6e2680c3717873e7
teutsch172,33,09615da2e761c8cf
teutsch173,25,b2e82517b6f070db
teutsch174,33,e96dd3e4db1a6484
teutsch175,69,920f8aa07be796bb
teutsch176,143,ff983d1ac8e961fa
teutsch177,152,4f118c4d104de3c5
teutsch178,25,85ed9c7fdc0a808d
teutsch179,114,c78f2e580d2209ac
teutsch18,42,689184cd95791872
teutsch180,25,8316d9b37c5bc21d
teutsch181,46,835870294908003e
teutsch182,365,6542151b91be638b
teutsch183,41,039c2a1a3f1cd10c
teutsch184,25,a799a6f7ca0a832f
teutsch187,37,aa3b5c1c1aa9977a
teutsch188,41,8c87c06bf6a37fc6
teutsch190,25,51f336887da0d81c
teutsch192,25,3d6f23a69c1079f0
teutsch193,25,1ec5b04a9f0b8bfd
teutsch194,31,c5b369fc41670136
teutsch197,25,772ce57bb50d02bd
teutsch198,41,acf62e141830781d
teutsch199,25,bbb22765973098d4
teutsch2,168,eb5218cdefc82f16
teutsch20,150,bb3443f421dd2f38
teutsch200,25,a706f4b7a6f0ebf1
teutsch201,63,0d2cf3005fc9462b
teutsch202,25,12a05d674c56340c
teutsch203,25,2158947f176f80f9
teutsch205,25,ca2005d427d7bda7
teutsch207,25,b23b14c9e0319d12
teutsch208,25,8342160342256504
teutsch209,25,42fbe21adda7ead3
teutsch210,44,dcea3ea376691351
teutsch211,89,e4a3a445cbb72c6c
teutsch212,25,c70fcaffb3eba358
teutsch213,25,8149599e68fc83d4
teutsch214,25,5167f2743b8525c6
teutsch219,25,7b278e9a2c5fb7c6
teutsch22,234,7cf8b6264e1f16c6
teutsch222,25,3dc73e2215280684
teutsch224,25,28fc1f797608ae35
teutsch226,131,8e26ef52dc7cd133
teutsch227,25,9c3973009876a52b
teutsch229,27,4ea00bbc4ef88351
teutsch23,69,86326ecbf67c64d1
teutsch232,25,1e6c82e130f15301
teutsch233,25,d8c320bf0efae691
teutsch234,25,6dd9581be119bf04
teutsch235,25,8ac175976875ed56
teutsch236,25,c9b6a2594eb5eec3
teutsch237,25,0130638f43e95c2f
teutsch239,25,cdc23ec9f69b5c45
teutsch24,25,a71740b851d3baf2
teutsch240,43,10fb6fe09e7678fd
teutsch241,25,ed3bc02dc32e524d
teutsch242,25,4e0084c27f247620
teutsch243,25,1b6757008ff7b08d
teutsch244,25,32ec51408706b9ea
teutsch245,25,b3b2c62353ce223d
teutsch247,241,4c09fdf311ce9717
teutsch248,25,ef2ac68f5c0bcad8
teutsch249,25,5fcaee21f13f48d9
teutsch25,58,04b49741124948e2
teutsch250,25,8e01020955521f3c
teutsch251,25,136c4e5f19842481
teutsch252,25,691b28e015421536
teutsch253,25,5a07c36af6bf2862
teutsch254,194,4bba776e38b20d35
teutsch255,25,8297782a19da838b
teutsch257,25,ce9ca5ee17e39ea8
teutsch258,25,52ce5472c5e572f3
teutsch26,25,dca76866dacf9e01
teutsch260,25,c987b689618d9fb2
teutsch261,25,dfc67df9cbfd4e3b
teutsch262,31,35c61b92f5e17b89
teutsch263,152,1f6d69c94171e70e
teutsch264,25,204b7c35da1cdd1b
teutsch265,136,5849a187db3d80a5
teutsch266,25,ac3710dc079357a1
teutsch267,72,64f5f186aa31d35c
teutsch268,512,701b7f4bb43ebf1a
teutsch269,25,91f52638737ccd16
teutsch27,33,8034e2859fe23da0
teutsch270,25,f9851af6f98ef7e7
teutsch271,312,f5a86f21659a5af2
teutsch272,25,08da988908e10c9d
teutsch273,25,3d41e3210fee1cf6
teutsch274,25,bd2aeaede6bdb7be
teutsch277,25,6fbb28990244a4d5
teutsch278,25,121b1b60c4896350
teutsch279,25,c243901e01c4b2f7
teutsch28,94,eb7991c494492f40
teutsch280,25,2360684dd53ea102
teutsch282,25,63968d722964a12e
teutsch284,25,0f12b55039caa142
teutsch285,25,8dafb3340d23f141
teutsch287,25,3789f664dd3d9fd3
teutsch288,37,9f0e433b1cd8a515
teutsch289,25,0991263272b74eb5
teutsch290,25,4523d971813ec798
teutsch291,25,b537127a57ab7bb2
teutsch292,54,09d742530acce23d
teutsch295,25,74b89c270b9af1e1
teutsch296,25,4107ecc1759b5264
teutsch297,65,ac843aafcfb22fe9
teutsch298,25,7d75bf3d1d9c7dc8
teutsch299,25,26b0adeaa9927e6c
teutsch2a,25,5151ca1a50dcc0d9
teutsch30,87,f2ab1b0d6fc869b6
teutsch300,25,84db92b4bd20c9f2
teutsch302,25,a20e7a89a440adf0
teutsch303,25,bd9131bfbf43c72c
teutsch304,25,fb63bddafa11dfec
teutsch305,28,7a6ee1d24f40c600
teutsch306,25,3f7554340bb159f0
teutsch307,25,71ab80b76a0aa331
teutsch309,25,04457728b7103605
teutsch31,33,96ffe20de101c41c
teutsch310,25,738c31ff2ed175a2
teutsch311,91,ba9cbfb5b87992f9
teutsch312,93,fc21115bac9a8f22
teutsch313,25,0058722709adc6bb
teutsch314,25,47ae688aa6898330
teutsch315,25,00ddea4ee5d9d74e
teutsch317,25,aa8e8e1d63e5c42b
teutsch318,25,a0bedff5c1694b1b
teutsch319,25,597bd466370afdce
teutsch32,25,34b791a3d811954f
teutsch320,25,779b4df7ee9e4ff5
teutsch321,25,9d6d15a995b8f0fb
teutsch322,25,b1dda154757e793e
teutsch323,25,53b020e65d1a11d4
teutsch324,29,4ae6e150ff93ee1c
teutsch325,25,8e264b1e650988f5
teutsch327,25,10c93a59f452bb37
teutsch330,33,2c33e658c27b19e0
teutsch331,25,5231a0eb67a69b23
teutsch334,25,72c8bd9c81532128
teutsch34,25,859e1ee77e409bc2
teutsch346,25,307e994f71d67da7
teutsch347,25,280df38a4279be5e
teutsch35,317,3d6565b5f6258c46
teutsch38,251,f360ac34ea587893
teutsch39,175,2fd0cc401c500911
teutsch4,112,5e881396c25ab117
teutsch40,25,6706775b0c20d377
teutsch41,25,b2c442e6177b104c
teutsch42,48,9cd50c4d51955c2e
teutsch43,33,472530ac8acb86af
teutsch44,185,bba7569e3028ea79
teutsch45,25,19e2cae2b7cdd8cc
teutsch46,25,7b0226f26ec6a6d7
teutsch47,25,43c5dbb01f941035
teutsch48,25,301391a75939940d
teutsch49,131,c2b3a6999984faf0
teutsch5,118,1896b8a48bd7bbe5
teutsch50,41,edb8d0694761fe53
teutsch51,259,da532af91f06096f
teutsch52,31,6aa0e0a5ed17ff36
teutsch53,35,e8d6adcea6da3f3e
teutsch54,61,e3a23151dc20a70c
teutsch55,46,cc7dc6d935ff684c
teutsch56,119,444de492173f2017
teutsch57,36,debd9f007cbfb7b2
teutsch58,71,818c442f8b0a0c81
teutsch59a,107,765ff3f62374ae83
teutsch60,246,709a6c7c79f17780
teutsch61,59,6425537f009a7e2b
teutsch62,200,a0d7bee321d66e2c
teutsch63,58,d100d878f04f5e92
teutsch64,25,339d663df011f4d9
teutsch65,35,649ae15f1c403d12
teutsch66,69,34256c30e0c844bd
teutsch67,45,6acf6d1d3cfb2484
teutsch68,104,bf319c7436af7f0f
teutsch69,25,6fe65fe50b4878b6
teutsch7,132,24bb631a36f290a0
teutsch70,25,bc50685b45c1066b
teutsch71,25,cb3160303afde457
teutsch72,43,07e750841319fd48
teutsch73,25,46ce7bd511f4609b
teutsch74,224,ac93011809680c15
teutsch75,25,c2614916393129f7
teutsch76,25,6e6e44d2c61ea116
teutsch77,25,e3749b480a4eedbb
teutsch79,74,f8e3aab4e73897ad
teutsch80,166,5ac7c7b321a8ec0b
teutsch81,25,eb873accf7fc73bc
teutsch82,92,bd36c75e2cd2e34e
teutsch83,157,f7768c92ecc4ba1e
teutsch84,375,6dc6319216940357
teutsch85,240,071020437f02d3f6
teutsch86,110,4a747d11ba504c8a
teutsch87,25,f5c0b3836d09ad6d
teutsch89,90,bf12c56bb92c92a5
teutsch90,26,8991f1e0d0424df4
teutsch92,108,6c5d15565e4d851b
teutsch93,78,e15932ba1a1fcfd1
teutsch94,28,9de308157132ea2d
teutsch95,25,9f30892334fb047e
teutsch99,25,4e1c2d09eb389bf9
teutschj00077p5957,25,3d73fe5cb9559906
teutschj00325p4657,25,3137f012c3ca1d15
teutschj00411p6010,25,12a1fbfa0de4b949
teutschj01282p5843,25,7cf9cf2793d9de60
teutschj01327p5919,25,75c62081f8281292
teutschj01510p5944,25,aaa74de05ced63ce
teutschj04022p5235,25,34cda89a663b3b9c
teutschj04232p4935,25,c044af695b435411
teutschj04240p4327,25,136cf005a6bbb99e
teutschj04517p4107,25,e638efd507771e32
teutschj05062p4139,25,bae2c513cd58e88c
teutschj05331p2848,25,f03a6b9391e19a8c
teutschj05382p3234,25,ec43568138acf1d0
teutschj05556p2703,25,6188e96f78e20702
teutschj06288p0708,25,7baa16a02babb330
teutschj06398p0839,25,f8ae2bc90e4fe739
teutschj07079p0435,25,4aa0b95e31ef147f
teutschj071801642,56,91372dd025e9ac8a
teutschj071832118,25,fef95e91ae8006c0
teutschj071881116,25,3412f10aaaf140c1
teutschj071921137,25,3ef1572004feb039
teutschj072551310,25,08bb1fb2cbc525ff
teutschj074112351,26,6c34a914e7a9ff67
teutschj081974510,25,142b5e3aff10b87b
teutschj081984655,25,f00c7d6df2d6bb41
teutschj084364511,27,b91bb4e801ffcd56
teutschj092435313,35,343ce70c9c639d78
teutschj095965313,25,27768934179d735b
teutschj095986040,25,ee89cb63390b1547
teutschj102185802,29,30f99716c8980928
teutschj102665658,25,769d27e20786e366
teutschj103736034,116,e4957005f2e1f779
teutschj103876018,25,6c8179bb3741249e
teutschj105206139,25,268efdca7fba078e
teutschj105976131,71,3252cae975549766
teutschj113035922,25,47c5d4ccbfa7a935
teutschj114156232,25,c011978c04855e66
teutschj131336444,25,d6e1b4249e3c8d07
teutschj135366053,25,3ddd31cac82e5622
teutschj140176411,25,3240d04ecf709139
teutschj141116211,25,7c27fb200795bedd
teutschj144136136,25,dbea10989e94dd0b
teutschj150025453,25,b06f57380f1d3c74
teutschj153135922,25,cf948c3201920a5b
teutschj155593211,25,9f178d4eee7272df
teutschj160765502,25,b64d27086ec556e5
teutschj161775519,26,b3681cf4d14fe04b
teutschj164584423,27,fff06931ce8a2c02
teutschj174453508,25,2b45e6afef760614
teutschj174774055,25,42c3da5f9c07307e
teutschj180543320,25,63f70813a310c30c
teutschj181462814,25,9c3cb4f71f6a4f23
teutschj181522228,25,17eaeb4df785768c
teutschj181742322,25,561c33d3704f342c
teutschj18190p0737,25,45715453c9059e99
teutschj182341447,25,0762a3778e8eb15a
teutschj18242p1441,25,ca3df894f073ebca
teutschj182750626,25,0becc0bbce3ae91c
teutschj183081215,25,40c5cdf1e7c37db5
teutschj183211134,25,8288cb8e3f223936
teutschj183290501,25,bbe9ccd569164603
teutschj183561241,25,15dbe3c861fdb400
teutschj183910459,25,2831b488c6fd700a
teutschj184070853,25,2eb560498d5ebb3a
teutschj18449p0434,25,d599a47e5fbdb8e3
teutschj19163p1826,25,ef592d8a5ad9a4b7
teutschj19166p2120,25,37394368b9c8ae34
teutschj19195p1448,25,d2663ac01c841287
teutschj19291p1903,25,acd90b6ed3a7dc6a
teutschj19315p2257,25,0e80533412d6b963
teutschj19393p2408,25,c6864f49ba77e54f
teutschj19402p3721,25,b74bbb47f7636048
teutschj19415p2007,25,66900a5c43b2fefa
teutschj19420p2947,25,95ec0000b1bbb850
teutschj19422p3806,25,6aef5e316db4908f
teutschj19441p2001,25,865f9050f61af02a
teutschj19502p1938,25,cf5abb10fd839a0d
teutschj19507p2106,25,10a6220de7d804f5
teutschj19528p2602,48,c4a729aa6973813a
teutschj19531p2053,25,52fae650ca7a6650
teutschj19535p2056,25,baf80eb0bad4a1f7
teutschj19541p1852,25,e8d6cf42aabfb490
teutschj19550p3528,25,f1bd119c6071a8c9
teutschj19552p3158,25,d98be48eca86c9c9
teutschj19558p3255,25,66eb72452d03099a
teutschj19576p2945,25,88aa8c891c7c594d
teutschj19576p3330,25,d1f5dbf042a806af
teutschj19586p3309,25,ccc3fbee72655b5e
teutschj20005p3432,79,0b0325570da8384e
teutschj20008p1943,25,25dbd25d42d8d0b9
teutschj20011p3246,31,f9e9478ff752e854
teutschj20036p3114,25,3123eec35d3477a8
teutschj20041p3310,25,2900ce0de7dfe296
teutschj20071p3313,25,e0490dc5cac86540
teutschj20079p3126,25,2a609055b2cfca27
teutschj20130p1701,26,264d77a37b755fd6
teutschj20151p3850,25,34d6e241d58f7ff4
teutschj20155p3931,76,3008c25ba23ab9af
teutschj20163p3715,25,c727cb7aad4fb33b
teutschj20183p3108,25,01ee4d4ff2d049c8
teutschj20556p3712,25,a89620e156103029
teutschj21140p4401,25,e99f6592f7616dd9
teutschj21168p4141,25,2915ca332ac6770a
teutschj21334p4638,25,07e5ceb9a775e28c
teutschj21379p5012,25,151cf9b1104f3819
teutschj21549p5553,25,b09a54d74b6e7cf5
teutschj22182p5348,25,8202765f3044a91c
teutschj23207p4812,25,f5fb2be86fb218f3
teutschj23278p5146,25,59fc18908bc1fa9e
teutschj23429p6754,25,82318203af0bc905
theia100,87,b3e632a5cf6fb4ac
theia1001,103,704001823c10af6c
theia101,49,1d0c55885f82de8e
theia1023,41,09c181f67f5a6737
theia1024,25,1be83642e8f14734
theia1038,25,995f1a2f36436dd6
theia1040,45,6660fe991fe8dbab
theia105,25,d6be642fad56c1ac
theia1062,25,0b486effdd66682a
theia1075,25,4ff31bfb06f41743
theia1079,67,ad465914bf0138f2
theia1082,63,03680f8d59bf071c
theia1083,25,274d29ad26b85248
theia1086,68,6a7943f3aee8d8c4
theia11,151,8e1b84745c088db7
theia110,42,de3d9d25f545ce73
theia1117,25,cc7f3affd446f9d7
theia1140,25,641e53d85e889f85
theia1147,25,fc1109b30f886ef8
theia1156,25,b62c47a7ce04c79c
theia116,245,086a407ec9a099f8
theia1170,37,e1a9a59ce24eaabd
theia1179,57,841488c3aca2d684
theia118,27,b75ece2da875b0fa
theia1188,50,ae7f27cbac7e4fc6
theia12,84,06ade3739b040009
theia1203,74,03c8d64fb4a99cb1
theia1224,25,cc550be06855f50b
theia123,152,d2e8e0524dff9d77
theia1232,25,f3fb56bd7462bc7a
theia1256,25,7beffb4d1bf71ac4
theia128,25,7a6a0c33095fc127
theia1297,43,8788a9d9db76eab9
theia1306,25,fdd5e59e8feda956
theia1315,49,96e04eae5bcc0c09
theia136,42,923205cc84e74514
theia1362,46,9c2d558dd52a7663
theia1366,25,7fffbe9cdd735eb2
theia139,46,e854dcb8c3f9df2b
theia1408,115,92c930b5b2b03006
theia1424,46,0f04bc9049bf293d
theia1432,25,a9a34eb45d5b4ace
theia1450,47,a94aafe6ed4ed1bc
theia1474,44,2de19223e268f936
theia149,47,4d22d61b2974fce1
theia15,79,37eed2b6371e1546
theia1528,25,763d27678ee4b186
theia153,42,a394e18763dccb9b
theia164,25,dd9c97c9d326ff4c
theia1654,54,ab6523d42aa37064
theia1656,25,e2e5946611f647f4
theia1661,25,cda63051c058ec58
theia1666,124,856c8aaa7f38d78f
theia167,25,43cab5875390b1f4
theia1676,56,d0aa08702ef4260f
theia1694,25,125a8c18731164d2
theia171,49,d61532acc1627d6b
theia172,330,a784c4a3f33e3907
theia1742,54,b7f7ee6d644d0a30
theia1749,25,c58814a29d180e13
theia1756,118,c30e2d45921cf440
theia176,25,554550d6b45bcff8
theia1769,25,be1455fe9f516f90
theia177,25,45ce3a03b6948158
theia178,48,af7f1eafac64ed34
theia180,52,616d3ae18f34c99d
theia1802,25,6a658febf48348c7
theia181,37,614bbd5a06801d41
theia1851,25,0ec30bc8b725d5c2
theia1854,25,f4903e5246fde43d
theia1873,42,fcd8c5d805f05237
theia1884,50,b0ab56f46dfd6229
theia1886,40,b0c4a0c9118efcbd
theia189,45,e8bdbaaa3e282460
theia19,25,ebef9ba9a8e96319
theia1920,25,30288bd92f03c3c9
theia1922,25,6096714c2c7ff3fb
theia1927,25,c154fdc801d22a1e
theia1966,25,026de68729974c91
theia1982,25,23c0293ec9762ccd
theia199,67,6815592fd67014d2
theia200,25,348a49834b4afa07
theia2000,39,0dbb1c6b8454b3ee
theia2018,39,0e23e5b3668ffe80
theia202,25,58251a97383cc01d
theia2032,25,9d913da0c49ea30d
theia2045,43,517760a3861e702a
theia2078,27,74eb4706a80c40a3
theia2087,74,fda2ac7a39c8c3cf
theia2103,26,53ff45e49a5abf53
theia2118,41,40099c0ede6d668f
theia2121,25,0512ce7ecbe3b90d
theia213,33,43760c22ba4982db
theia2133,53,b0b1b9392bbdf5e6
theia2135,63,d33dbcce7853ba11
theia2145,25,46c4e5a1aa4eba64
theia2151,25,f34feead91034d17
theia2179,48,758d626e59b1a674
theia222,73,0a9b4d5a32a289eb
theia224,25,18da919bffbc0271
theia227,36,f634f7587dd266ed
theia228,51,ea40cd2d3a1f5226
theia2296,58,61432c335aaac4d9
theia2299,25,ac76729d8ba6d945
theia23,297,bf2d9509899b96d7
theia230,74,5824efca8101bde8
theia232,107,96c4ff51ae051d22
theia2335,25,3b92469a7c48ce5e
theia2351,25,e49452f65e123606
theia236,25,0cb35fe8a5cac3c8
theia2376,25,47c6439e06c0651c
theia2395,43,78cc7034ca210a3e
theia24,38,a1b870009261fc1c
theia240,25,d7c65c040d9f96d2
theia242,39,a33cda75cc56a9ca
theia2436,25,526618e9b8c6fa2c
theia2443,59,ef969583b9b5dfbb
theia246,68,08ed32932650635b
theia2468,66,941c52c3b72e2768
theia248,93,ddf3f09a64275291
theia2482,36,8d765900469de1bc
theia249,26,d35cdd8507c803e3
theia2505,25,8714aee996f4fb60
theia253,78,ec147d630c6066fc
theia2541,30,087059288cf3f6f5
theia256,50,2e5d95445c00bce0
theia26,25,297a9d48fc83df2f
theia260,51,d4da5904e45df3a7
theia2619,25,af38b93fb1075303
theia2651,33,e13b705f0fca2edf
theia267,58,e518418f02ce0807
theia269,25,4c3cd627e1a81d29
theia2727,52,8d64592671658222
theia2730,38,a47ac7a96b74e6f5
theia277,34,62dc2f5a8ff74d39
theia2782,25,d736c0d0770ca24e
theia280,46,b2b813523f9735ae
theia282,25,5c5829ec933477b5
theia283,69,6183fdd8b0030d35
theia2850,26,0c5f6034ac1ae07f
theia286,56,bc6d922df8f81b51
theia29,74,ecd84dc40884adf4
theia290,25,71bfde9470d4b118
theia291,50,214a68322ccbcc94
theia292,25,ccb01cd2f987b08d
theia2924,29,5efeb85d5babbe16
theia2937,25,981f2def7b00cb60
theia295,25,35dc10573233298f
theia2966,25,8f712bd1d85c12ec
theia2999,46,317ccf7d9ff18af4
theia3005,64,d2abcb1977df052c
theia3010,25,fa07aa98a728782c
theia3047,25,1dc7b68ff08efd6e
theia3048,91,1f4931392ddb9bb4
theia3067,25,fd21c1014f1ee81f
theia3097,47,6f46a1cccb5860bb
theia3099,25,e72fe6efd47989de
theia31,88,530b65bfd19805ec
theia311,25,b9d6bfb2a7d94581
theia3127,81,ace088d044b97ae0
theia314,70,26de661ec3649c62
theia3144,25,e86119e1b7f62427
theia3152,49,178fde6a8c35c5e2
theia316,66,75e5b626df5e58dc
theia3167,25,ceb67018067647be
theia319,25,e298573f70d6adfe
theia322,25,c5507c03dc4c94eb
theia323,68,4504233459636426
theia3251,25,e60e195dfe5ab439
theia3260,47,c92fa5afb47578ed
theia3265,37,3e53da693796280d
theia3272,25,6909cf083faf0177
theia3274,58,cb38d8c11a30c84f
theia3286,25,201c33c029f6352a
theia3309,25,00a1ca057463200a
theia3318,37,494d60430cb26cab
theia3319,30,7c725daf4b6010cb
theia332,30,0d3eaea67f9e7416
theia333,40,ed3aa96dfa676c1d
theia3333,25,fa820b0ae7e742ff
theia3381,43,2fafb765b94f81cf
theia339,71,4a35fc6bcf27a585
theia3402,28,bc7b585ed1978839
theia345,25,e009e55a502d512e
theia3457,67,d7f82b1139f48fd0
theia3462,25,bcecf01f2908e325
theia3494,25,4d8378796619f6a0
theia35,107,dc8ee1d3ef09edc3
theia354,25,8b87db0c63a743f9
theia358,25,27ab6591026de557
theia3582,25,0ad0ef9532b133fc
theia3609,41,e5e1a0faa3833508
theia361,136,01ce3249f84b40e9
theia3623,25,a73380be853f4446
theia365,25,8cc91e70c52fa561
theia366,78,822958698a9e6e27
theia3666,25,cf608ce0f229a4ee
theia3686,25,dd757a991a69a68b
theia3715,25,768ac79a5c919d6a
theia3716,32,3e6c74be009d31cd
theia3721,25,794a013f277fab6d
theia373,27,984d8930a47e7a62
theia3784,25,4a1eb409ae1303c0
theia38,165,7fb82ea44f2ed3c0
theia383,54,9f27246d874b81ff
theia3849,49,a8b502a21c67f9da
theia3857,32,7b7161c92b9ee739
theia3862,42,44dc66159586c38f
theia387,105,15cf55c605460c96
theia391,88,4947f52e9bc8b19d
theia3967,25,732c53602524aa30
theia3975,70,782c1c4e641c31bd
theia398,47,fd960eb65cef8c64
theia3980,25,79ac4cd4694b4c72
theia399,25,58169aecad8f3040
theia3995,26,d2d8f5f6d7673cdc
theia4,107,ca30e0cae08f4ae5
theia401,25,4c590d2693d1478b
theia403,25,feca267d56e61e16
theia4069,43,ba8886c6c7426d77
theia411,40,92b14b4aaf5fc5d4
theia415,25,0c8b69ac240614a2
theia420,38,5efa38228784d427
theia4208,80,eda59659e35127b7
theia4244,25,964eef0746041ee9
theia4284,25,f233b55f8151a9dc
theia4356,25,640a93eec0e6042d
theia436,25,6d1d46da2d452aa9
theia4401,66,697429fe1eda72e5
theia4432,25,8fbec4b6d831406b
theia4456,25,5c8c397436b987bf
theia446,33,95b9f4f49e8ae41f
theia447,25,89b0148864db9682
theia453,25,09c6b1bb5a8dea13
theia455,25,d2a3b47cd9f4df76
theia4560,25,0f850233e48277e6
theia458,47,a6b1ae0011033ef1
theia46,25,8a39fbf8e1e0576d
theia47,46,d5a7631549b71aba
theia470,43,db5a058b0a731cf5
theia472,25,77df9ca63fbd4c21
theia48,36,4ff74d1e8a4f9cc8
theia480,25,fe54752e6a2cb069
theia4877,26,d71877578159e325
theia4912,25,70eb3eb1c405c925
theia4930,29,b8a7ad57cc05b38f
theia497,47,49b4e26b1320d8bd
theia5015,25,57b122df3e5793d4
theia502,25,6e1961dfe85b2242
theia5150,25,ac26c4f1f3ab9380
theia521,26,2caeb6368b523059
theia5228,25,708af5f6d6d011e7
theia5280,25,a533fb10931ad99a
theia5347,25,a5eaa09600ea3c49
theia5356,25,018863e15538d602
theia54,25,b16ef4ee60f0c0d9
theia540,68,533660e29a88d52b
theia5426,25,31e81e50fdac8101
theia5431,93,d72c6f76e617be4f
theia545,26,682b517f7e617270
theia546,49,dd3362268443a582
theia5504,44,5cdf4fc15ab8b0f0
theia551,25,f9f076ced5c80b3d
theia553,84,97fd5ad009e8f118
theia558,57,82e4170ef7f64110
theia560,38,c8339cf3635922d5
theia5630,25,22abdbb8a6d4395e
theia569,25,dc2c2662599cdb60
theia5705,25,cc89b38327e775a5
theia5731,25,4b367c511811f914
theia5779,25,20513c39fe02a9bc
theia58,305,64eaebf3bf07f3b3
theia585,40,2db6c9645d77e93c
theia586,30,21c10d4e2c0731cc
theia589,25,cbb05b87ebf72429
theia592,25,465c6703351460f5
theia6,52,7846d3de9dfe85ca
theia614,25,96941475d0c71c79
theia6166,59,e18aff9706aba7e7
theia618,25,09de09408f4aa728
theia6187,25,d0c1150a04eabe35
theia619,42,dc41e8878c5018ef
theia622,25,5c554a66139485e2
theia624,25,30971a71d2320bb1
theia625,62,581256e17ed423db
theia638,45,0199e0ead805041d
theia643,28,629c54c86fffeea7
theia648,25,3a89b379f8bf559f
theia649,44,1e215d94d0d00917
theia65,73,bc16636017e58c76
theia651,25,09f50a5dc09a47af
theia652,25,ea4e106ba752e888
theia659,38,31ccadde3ed394a8
theia66,52,1de9324c7a70145b
theia665,50,52c93ed2d6272360
theia667,44,1097de8f9dff8c07
theia669,25,e7428952c64e780a
theia67,55,8dca5b0d676bca2a
theia68,26,7ce8fa6d3f800a5f
theia684,101,30f494dc4fe3c29b
theia69,33,d4cedf7b50f17748
theia696,47,cf55f385e3033fb5
theia698,48,b03137357e546986
theia6999,25,8e8e92627ace0414
theia7,78,cb7f345a76d34ca2
theia70,54,a2d7d1d1a20e6351
theia701,51,f51aac82aa572f65
theia704,25,f45e4578ef943107
theia7057,25,dd42ed64a2d72a81
theia708,53,f1fd2570d89b2ec4
theia7082,25,f52675a988d6119e
theia71,28,87a85a42633e2220
theia710,26,3b525936b2d6955d
theia711,49,4895acc59fb2db37
theia713,51,247bb4e3e7f64f04
theia72,33,039fb66eae1903d4
theia729,25,6ed9a841be39fa52
theia73,25,1bfc3e063f10cf1c
theia743,96,a3c43581d7ffa724
theia745,25,d8edb91d88755c37
theia746,45,9e7522964cb8adcf
theia7478,26,a80ae9c4aab3af8a
theia7490,27,af35c54685664844
theia752,25,59755e6c2ab49e21
theia759,93,5c2ae6102a894504
theia766,25,7812bb0f2b0abc0a
theia7673,41,f9a365dea0a9b3c3
theia771,60,065731f26a58ca16
theia773,44,d687d0a67959a221
theia775,55,a8754c13078bdf98
theia776,25,f5b42f606120d2c8
theia7778,25,4e8050c9b0a82c66
theia780,44,5df333b7a495bc6a
theia782,26,33918342ebaecb54
theia792,75,098ab24bbd8d56c6
theia8,60,1368802be295fc90
theia80,25,1bb1368335b50b22
theia8014,25,dcdbc67f5bf84241
theia807,81,8973cceb3cb42f5e
theia817,46,7d2c1d3df6ecf5b2
theia818,25,a1512edd434dd76a
theia822,44,93e50722d469bf59
theia824,25,415772985a806a96
theia828,43,5da1818afa803f90
theia833,25,ddff29e5dbbc31e5
theia834,37,35b9572a5c454d24
theia836,72,afbc71235b46f9d2
theia844,50,ff2a795d2937235a
theia85,30,007d170e699a1bb7
theia850,27,eb49ec21a73394e2
theia856,25,8b7deecab11a971a
theia862,67,693141fa8b0fa4d1
theia863,77,f3834bb8c94d0bea
theia865,25,c2ed2941800269f2
theia872,40,1ebedbe22a52c1a7
theia873,25,322b2fa45c9fbede
theia874,45,7798fa35dc3b3ec0
theia882,26,bfc92d2c7b45f2e7
theia888,25,17981fe5f9e64be0
theia89,37,4e0a2aad8e5a2300
theia896,56,4e5d082df0a65d37
theia900,44,ea2f60e8cbd8e75c
theia903,42,972083a5475cd0d3
theia925,25,815224abe0aa2b11
theia93,27,c44903097e05892e
theia933,26,f76d9eb6b70b4d3b
theia953,60,f90dbf0d41e6ba5d
theia954,25,014ee3f913dd1785
theia96,295,92a77da8b5cdd4f5
theia962,25,2d3037102ebb01a5
theia97,53,1b1b678337a3e973
theia974,44,704911fb53423d58
theia978,44,892c2412b37ca377
theia98,48,fafbdfe9eb5faa72
theia980,62,def0692e47461db3
theia984,85,0165ab5c71484137
theia986,47,e8f7c557d5f77019
theia990,41,27158e52ea493c8e
tkm1,25,63fee3649d161a27
toepler1,92,24e5612f532df78e
tombaugh1,692,1dd89971201c12b6
tombaugh2,730,7a98dea63db2ddda
tombaugh4,222,d602177ae975a328
tombaugh5,835,4541ecfccab7de3c
tpk1,25,bf43c285195332bc
trifid,130,88411a3e927f5a8c
trumpler1,219,2aa4e9138f89198c
trumpler10,634,4a4247d920b5dd25
trumpler11,134,4213984d66b16d26
trumpler12,345,f4b1eeb0c55247d3
trumpler13,376,55e56d60aed08541
trumpler14,270,c8a815bf24f92fef
trumpler15,215,7e594fddfe92c20b
trumpler16,332,df4f77bd4658c73a
trumpler17,284,44523221cfc84c98
trumpler18,158,2479119de9ba0a80
trumpler19,1023,fca26b49796278fa
trumpler2,245,27a2fa991cbaed5c
trumpler20,1541,8b76caac846bd268
trumpler21,131,7905d4293a0219e9
trumpler22,215,28f83e6a4cfd3e6c
trumpler23,750,d42ec1da722a0517
trumpler24,57,1e5eb0d505ad7644
trumpler25,1036,774dd653b648aa47
trumpler26,238,52fc0a5197f17947
trumpler27,158,8a983e5b239b74af
trumpler28,197,2583b59fe78c41fa
trumpler28a,128,840f36da7f768e1e
trumpler28b,72,48638e2c4f8cfb00
trumpler29,215,99af194414fb6bf0
trumpler3,784,ac0a498c349f6687
trumpler30,205,ef58039d6b40f3cf
trumpler31,51,456a40a9889ce921
trumpler32,892,49199b42cb9240d9
trumpler33,141,a45a0ca55efec851
trumpler34,69,dbcea85e8775c2e6
trumpler35,265,ccd2c0f378745a8b
trumpler37,89,121d0c9b7a25cd00
trumpler5,4062,53bc0ef3d6af4891
trumpler6,25,d25e84385b5e006e
trumpler7,275,0bdf6e78ab3a846d
trumpler9,242,7fca07caca40aee7
turner1,25,9be6f94c026d4855
turner11,25,29ce8e8b0d97335f
turner12,25,01fc12c8a5bbe1b4
turner13a,25,8d3849a372803ee7
turner2,25,fe7fa01a1b0e5663
turner3,79,f132dfadcfe10bba
turner4,25,f4d8b632d3a0e36e
turner5,48,b5ed533e41638dc8
turner6,141,29e09b61132bbcef
turner7,44,5b18bebb232f21fb
turner8,25,5c287e2a18c405d6
turner9,99,87da1d12545f0788
ubc100,91,3170f81a48fe403c
ubc1001,39,a573052e9f13cb0b
ubc1004,661,b3b00657f2bfadf0
ubc1006,182,4e622f219292fbb1
ubc1007,57,30acdd501d550578
ubc1008,25,9c32efe5fc9a01d5
ubc1009,48,ebe7bb7460ddd926
ubc101,82,875f53715c7a7ad8
ubc1010,74,faa9bfdee41c0d64
ubc1011,292,cf84ddc0f42a0d0e
ubc1012,74,3186b2d75f3e93dc
ubc1014,38,25dc706d49c7dccf
ubc1016,49,62033303a3a9cb50
ubc1017,26,09716168d047e9f1
ubc1018,420,de7482d4ca550516
ubc1019,154,57f8f4ffebb93bd0
ubc102,46,e632ccf89942fdab
ubc1020,289,c416e69905b1fda5
ubc1021,79,895b550bab6c6773
ubc1022,59,f4de4ecd433b5fd2
ubc1024,149,c4b1cd699a617b12
ubc1025,61,dc3250afc85e7c00
ubc1026,111,b88755231ab3a27a
ubc1028,45,51ff82e796e98c12
ubc1029,68,3aaaa06dfb4ddbd6
ubc103,99,3d290500581d9c4c
ubc1030,53,c94adcac603f80ff
ubc1031,120,cef586062c816a21
ubc1032,25,cc2f5f81db78e0d1
ubc1033,30,9d17bbf4678f3222
ubc1036,119,d9826f27aea00033
ubc1037,62,998bba2380f23238
ubc1038,66,1e7cd96d6ae28aac
ubc1039,25,fe8f93f7733d5ede
ubc104,94,b9566e137e718c0f
ubc1040,56,d7dac73b43b553c3
ubc1042,98,b6cc729721ec57ca
ubc1043,51,c8f143f8437493fa
ubc1044,69,2b86f7fc6df261b7
ubc1045,43,e673fc297762eeeb
ubc1046,63,61dcc2080286bd54
ubc1047,25,518d6e3f79511e63
ubc1048,47,582b93923f2f254f
ubc1049,121,6272325f0caac5fc
ubc105,112,493d294d21e4c398
ubc1050,30,6a54d3789fc8fb80
ubc1051,70,a489412c9157b5c0
ubc1052,38,3e47c8457f25b32e
ubc1053,95,a1bfc41dae06668a
ubc1054,32,e02faf8513338c9a
ubc1055,53,48d97260c457e34d
ubc1056,36,e3b7530124fe264b
ubc1058,76,d3f3059dc1cd9051
ubc106,515,800c3087d5623ce9
ubc1060,76,06db4a8565c9fca2
ubc1061,71,c13117d3f446e778
ubc1062,85,7c66ff2064ef8ff6
ubc1063,72,637ab3b40cc90b8f
ubc1064,75,54abaee37eb7612b
ubc1065,25,c0eedee1c0d6075b
ubc1066,65,b7c6e4c6d8e4f5ea
ubc1067,79,b9b8b91ac49d3ea0
ubc1068,32,b01792125b16fdf7
ubc1069,52,1c291271ed99966c
ubc107,169,ddd908e90ac47750
ubc1070,36,d81afed8907f72f1
ubc1071,45,da53e9af4c878e6e
ubc1072,87,18c15d64035debc5
ubc1073,142,ba9b73ae0e70ec89
ubc1074,25,75035f4c4582dc69
ubc1075,65,864ae161b3e1ef4a
ubc1076,36,a0f626923910d7aa
ubc1077,67,7d8e2646f233dae4
ubc1078,58,60fbc359fe16946e
ubc108,112,14259a12fcecc6d5
ubc1080,136,f8b41f4b7e70b70e
ubc1082,48,a6ecbc57f1641a6a
ubc1084,115,7d3e52a3def8b6c5
ubc1085,81,a935d96820bf8d35
ubc1086,29,110b1bdc4af1b370
ubc1087,59,6ceb6d03c0d4cca3
ubc1088,47,c9e63e2a5702ba09
ubc1090,49,09eb0215c012cfe0
ubc1091,25,8b35c27ee190ab1c
ubc1092,64,f43a676c8445d3ba
ubc1094,27,9f5db35806137fe0
ubc1096,38,d97f7e56cf7a4ed5
ubc1097,72,656fdfbd21844a34
ubc1098,29,1fef666ebef1ec8e
ubc1099,63,3d9e3f1285879047
ubc10a,168,887d53bd36b325d4
ubc10b,98,4308fffdc0b72cdf
ubc11,86,b416ce0ea2057e02
ubc110,84,c1b7c7d40e5e3cc3
ubc1103,103,5c4a7be60289651c
ubc1104,67,df231692790c943f
ubc1106,52,c2847f7c4ebf4c1d
ubc1107,25,3f1b0e549970e7dc
ubc1108,99,bba4fb3b8fe609b7
ubc1109,41,2bfa2d000a48c3d1
ubc1111,25,84dfb6f67c160217
ubc1112,49,3037821ab0a3f488
ubc1114,25,55e0a4fca6ecdf63
ubc1115,74,5f9cf9b031f93049
ubc1116,61,e4597b33347ec98c
ubc1117,30,96feabec6c412ebb
ubc1120,25,a1075c3095cb1664
ubc1121,40,ce66f423df576199
ubc1122,26,5e12b0d7318ef4f0
ubc1123,35,65b2d0a5ae42f289
ubc1124,34,6d31cb50871bb817
ubc1125,44,8e372640e150d81e
ubc1127,45,1144f94fc2f6b5f2
ubc1128,35,fa6b4e8dd2ecb5ae
ubc1129,67,d22b559c053a5b9e
ubc113,212,dd4b346abaaf7d19
ubc1130,65,6db3274070f89cfb
ubc1131,151,6432d03e53db9afe
ubc1132,25,88094205cc3d9757
ubc1133,96,87f3b58ec293da3e
ubc1135,99,9b3b7dcb016d9881
ubc1136,46,b76e269a6e23bdb7
ubc1137,25,cf744d5731391e1b
ubc1138,44,9a4eef635f8f1cae
ubc1139,37,e4759b5a00ae9e5b
ubc114,86,92c984545916b00e
ubc1140,51,bb61afaafb8f289a
ubc1141,59,bf1f1ead15280763
ubc1142,59,1ce052e33bb21908
ubc1143,113,cf61517377058dd9
ubc1144,80,551a4ff276004aab
ubc1145,41,626c4079228c2851
ubc1146,66,d773e84168674971
ubc1147,68,e5092e64d71a9676
ubc1148,34,17c98c412b64c8c0
ubc1149,63,c1c46a4269d5ea3c
ubc1150,51,39306208e68b916a
ubc1151,55,f532bd951277cb92
ubc1152,43,0e916b047f778a67
ubc1153,45,8ce8921a8f973fbe
ubc1155,25,aee9e4ad00a1b812
ubc1156,25,65f64d0ae3e955ee
ubc1158,32,689ab642017c07f3
ubc1159,65,69a6f038f757e8b3
ubc1160,46,d828443522dd85cc
ubc1161,58,8e50a6c552162d48
ubc1162,35,9b6c4e1a1be1602e
ubc1163,203,275d622d2c22cfaa
ubc1164,25,9ad01f6a85741865
ubc1165,64,4f684a8ee587be4a
ubc1167,26,083c5ea287a5dff3
ubc1168,32,e0d7746a77991beb
ubc1169,61,fe2080319f131061
ubc1170,25,88a8fbaad6b373d2
ubc1171,25,925740f5c7961b8d
ubc1173,39,945ca6d0f24fba34
ubc1174,25,79ad56490763b102
ubc1176,38,44adadba49214b78
ubc1177,40,7c6e136ca933f7b4
ubc1178,42,6e57e707c2c59d78
ubc1179,25,af4a8faa2be2a1ac
ubc118,129,3eeaae152f21630f
ubc1180,39,6341731314fa4ab8
ubc1181,35,a1dafd72bdface44
ubc1182,102,9658c93009f4264a
ubc1183,34,192e9051949116a6
ubc1184,96,448e5698ec57c403
ubc1185,89,e5145c914c2ac1c0
ubc1186,25,344add3e20f501fa
ubc1189,38,ba86692ebfd0049b
ubc119,103,6b2b5785b0bb4ffb
ubc1191,70,e49717b7f5f3d419
ubc1193,25,f5a8f961cdd46ec4
ubc1194,51,7332e9923256745c
ubc1195,99,de4f900d129e85d4
ubc1196,45,764a93b0020f5eb8
ubc1197,25,07766989ce7c03b3
ubc1198,44,452ba638f482f5c5
ubc1199,44,2cf1f73ab8337e55
ubc120,90,e8069db704767239
ubc1200,43,8093f4c56d39e75e
ubc1202,67,8dcb435942adf2eb
ubc1203,28,63e98a364b3dab2e
ubc1204,57,8a1238049b10ff96
ubc1205,79,b23d4075a36e38c8
ubc1206,25,6c1245fa017cde38
ubc1207,67,51b4e1a043ce5545
ubc121,115,3ed45bcde24a982d
ubc1210,45,c965d539b70dfa51
ubc1211,65,8775b7d2c9c0dbaf
ubc1212,50,553827b333e243db
ubc1213,31,f1a673c3991eec1f
ubc1214,27,8c25947c30ed1203
ubc1215,55,175263103c8a125f
ubc1216,40,c6c70317a26a8411
ubc1217,26,452104aba926ee10
ubc1218,58,09856609aca85f34
ubc1219,51,3090569a13ec3bbe
ubc122,135,1ee6a4b1d9195f5d
ubc1220,25,43bbbb8f3f6f79cd
ubc1221,31,40821aa579b46302
ubc1222,72,aeb11e38153749f2
ubc1223,30,a6a6fb5d1ee217ac
ubc1224,59,4deee29d5a7d6dae
ubc1225,39,65259356528f1718
ubc1226,74,57735b4e16ed066a
ubc1227,30,ba7360d1b38ca879
ubc1228,27,8c4548f0eb6baa5e
ubc1229,41,39cddf2c3958bd33
ubc123,114,70d8cfcc6a80e5b6
ubc1230,26,5cb9c4c8676ede04
ubc1231,33,a331c976a695c29b
ubc1232,41,ad702e6edf71c588
ubc1233,58,48b83b84d8f79696
ubc1234,38,ff5068423bc484d7
ubc1235,85,326ff017f8af7cf0
ubc1237,25,40cf951a3f4a07b3
ubc1238,25,c151b544342e6a18
ubc1239,25,c05f0ae4b4cbaade
ubc124,107,c6754739ed51edb3
ubc1241,62,dc7824cb413ec2bb
ubc1242,84,b678e0726a7bc51a
ubc1243,39,ed96d4f0a2ef4890
ubc1244,55,05fcb84acc700503
ubc1245,34,a1cf565484730532
ubc1246,88,87ebf549650e53b2
ubc1247,38,39b5ecdc2b215a73
ubc1248,88,5612254fa8d50d2d
ubc125,70,e1a98aa734b5fd59
ubc1250,25,efee1e9d21366c29
ubc1251,25,21495985723f6506
ubc1252,46,54f2044975e75ec9
ubc1253,46,69677a4b2d70c924
ubc1254,108,24ab9af623a10090
ubc1255,65,12ac09f71c1f888d
ubc1257,25,7c9bdcf4a670abe1
ubc1258,58,5a4a6286e743c652
ubc1259,40,4339a5806b3b3ef0
ubc126,43,fce016b38b2cb889
ubc1260,25,5e867920223420fd
ubc1261,44,0f6492fe69db2ced
ubc1262,96,594efaf121d932b4
ubc1263,76,cd34e0942e86efad
ubc1264,69,e382dcf1490c058e
ubc1267,32,114afffd51234be1
ubc1268,25,286d425552bd8bcf
ubc1269,28,84c13eb57260ce80
ubc1270,27,8a075cf49dc45564
ubc1271,36,97631ac4f2f291d4
ubc1272,36,5c3d6118d6a8daa5
ubc1273,28,d40d82f43f803d52
ubc1274,42,3afe47c6a0d2d7ec
ubc1275,25,d0c259d47b5c453e
ubc1276,33,a71d8a9eff7173db
ubc1278,48,82d9a19a55e94b49
ubc1279,55,ed667697361064e0
ubc1280,108,2c409454ede581d9
ubc1281,38,3f1f26b3f61ec803
ubc1282,25,4fa37e6931adf626
ubc1284,38,770b957b149f5b34
ubc1285,48,361a44934f7bf026
ubc1286,45,3f530c02fcca9f43
ubc1287,25,cb52fcd6f9eb484a
ubc1289,82,98303b2ba748fed2
ubc129,294,e8a05c870d35a5fd
ubc1290,66,dbf0ac016fd89f34
ubc1291,25,2ff60173089f23f6
ubc1293,31,794ec107aa86dab4
ubc1294,32,a707b21cb53c0c9c
ubc1295,47,854e3b35f96b6954
ubc1296,101,f9de8756476cb62f
ubc1297,77,4a6cffae068964f1
ubc1298,41,a8516355b85c0bbc
ubc1299,52,c2e8ba3b97d66d33
ubc130,126,5fa6b7ac6624a1ea
ubc1300,25,d703e2f18b85217c
ubc1303,73,d299307e8cbb25ae
ubc1304,61,ad264e5867be689f
ubc1305,34,a351707b9aa7e9e2
ubc1306,58,0b80cea1eda1a8bc
ubc1311,34,18ba9e26d3cd8dff
ubc1312,44,ef376d31126870d3
ubc1313,71,00d8ad8d405c11c3
ubc1314,25,c06cd596c142f50e
ubc1315,55,2b36278a2052553a
ubc1316,69,1a835ab18ea7957a
ubc1317,57,0be851ecef2e9595
ubc1318,53,38993c1cccf1eea8
ubc1319,59,072db74b40faebae
ubc132,233,61a4908b252afe1c
ubc1320,30,cd5ec411d912ea05
ubc1321,38,f91f83bb4cb25967
ubc1322,45,bfff5167508e1aca
ubc1323,43,23d9581c28ad8fba
ubc1324,25,14d976d949a81399
ubc1325,68,fbca2e9fb0ae43fd
ubc1326,34,6df0dd448f6f2565
ubc1327,65,048fb5819466ca56
ubc1328,37,9599e686da4eb3c2
ubc1329,46,2e8e2c10c5667fc5
ubc133,122,3fff46dc7cb70cec
ubc1330,92,21cc56d2b77a0be0
ubc1331,64,b665afafb656e913
ubc1332,57,111081a04b8ab159
ubc1333,32,d31b5dabd68b61d6
ubc1334,56,3f30b32a2966daf9
ubc1335,60,d1fde0726e8296aa
ubc1336,44,964053b6b613934b
ubc1338,62,9f0f9d500a46d1e4
ubc134,105,6744967f912dceb4
ubc1340,30,95276a37dcf917a4
ubc1342,50,e2ea95eb4dac5edc
ubc1343,25,4ca37f0663cac5c3
ubc1344,57,90e1646f525e4ea3
ubc1345,44,c8c85c8ccccc0e53
ubc1346,41,fddf504847d4345e
ubc135,144,a71d66432d27afe7
ubc1350,32,26ce381f068d0e06
ubc1351,46,354317fe27d99dfe
ubc1352,54,d6210b614e5282a7
ubc1353,54,d4743f1b19de5278
ubc1355,36,cd696693e41834c1
ubc1356,42,62eee51f8b27f1c3
ubc1359,29,8e75b44cebf2d71b
ubc136,150,e3000e04d87fd453
ubc1360,25,19cd1c218bf38125
ubc1362,38,118344fad83db71e
ubc1364,55,52e8fadc8351abed
ubc1365,68,6e4d2fb9e8da67b8
ubc1366,46,63448fe74ac85378
ubc1367,63,c767ab0d9d50c027
ubc1368,66,8c7cdfae5c3a62f9
ubc1369,41,ef9a922212c9d620
ubc1370,114,4eb1db1920020556
ubc1371,109,ca05c59968104f60
ubc1372,46,d208c4f9daad5fdc
ubc1373,50,e8a1cda5206d3b96
ubc1374,67,ef0bfe3affcb29e0
ubc1375,78,035340d35c7768d8
ubc1376,28,30c814e997150f04
ubc1377,25,08ce9fabcd41b1f8
ubc1378,62,4214973c05d7ddc2
ubc1380,91,380458fd597a6156
ubc1383,56,677c3dc9208602cd
ubc1384,69,ac94f6f83e8751c5
ubc1385,66,2ef7b44cc14d634e
ubc1386,103,6473ed55dcc03eee
ubc1387,51,cd7bccde87701d70
ubc1388,44,7c90ffd7c78f391c
ubc1389,51,8069e056adf067da
ubc139,90,21d903fb38171f63
ubc1390,35,e73a178bc012261a
ubc1391,43,b200a949c51862ea
ubc1392,27,70ceb695fea5431a
ubc1393,42,5df332b2ca638bc3
ubc1394,39,5b792bde9f409e8f
ubc1396,60,2e67f745bce4d0ce
ubc1397,25,1a0489d83d2d493f
ubc1399,29,45cd27cd53cb9682
ubc14,42,1d33037d9842a75a
ubc1400,30,1926ae06ab95af30
ubc1404,43,cd20c3075a479b7b
ubc1405,94,fbed5e957356f998
ubc1406,32,8fbb45216f37e6c5
ubc1408,25,d8137e55631043fe
ubc1409,26,86d91676b5ac971c
ubc141,61,dc7c2d080f1cee80
ubc1410,25,778fc1b7ab97cf47
ubc1411,80,1302e6b0c4dd26a0
ubc1412,30,8aeb0c3b5deb7342
ubc1413,36,4702c3e4b7f193d9
ubc1415,25,332190a797114b2d
ubc1416,51,2ef35894e7e19483
ubc1417,36,54ef9676470946ed
ubc1418,25,dd62c50aefe4f1f2
ubc1419,34,d138ec858e723de2
ubc1420,43,700513e24b711379
ubc1423,48,c08908c085c83bdc
ubc1424,40,d67800423fa59dc9
ubc1425,54,df6ee6d8b54fc303
ubc1426,30,12d388356e2c1e69
ubc1427,57,c0188972c0d4d333
ubc1428,29,e804247cd12350d5
ubc1429,44,d507dc476be2fc29
ubc143,69,7f26c8194488c1a6
ubc1430,31,a322dd9008c94d4a
ubc1431,45,1e784a69b7a5f4bc
ubc1433,45,57ca595f6032faa2
ubc1434,25,613fab16bf5bd8e8
ubc1435,49,dc45f9e99ddada4a
ubc1436,112,88c5b759cb06dbb1
ubc1437,35,b3e07f5d98a4d63c
ubc1439,47,c24d68097f9666a7
ubc1440,97,c7ff81abcfee761e
ubc1442,137,721d6f3d75938491
ubc1443,46,0a35eab1570996d3
ubc1445,31,ec49bff3d29540b2
ubc1446,25,faa8c4d870f17db0
ubc1447,25,ef045281be0107ab
ubc1448,42,ffe26c336258f5ae
ubc1449,54,57bbaf95ad452cc1
ubc1450,48,aa8dad318f5c15a4
ubc1451,104,18ce8daaabb069ff
ubc1453,57,214a56f4b1834ab5
ubc1454,25,09d9501eeac9baa5
ubc1455,82,f1f4e6398540bba5
ubc1456,93,7db56b4f078d2d95
ubc1457,110,aa7bfe963fd6759b
ubc1458,54,41bf61dec345db2c
ubc1459,57,3543b7aa2f8b2e46
ubc146,248,92ae8764b631d0b7
ubc1460,48,6e2f4db34a456b42
ubc1461,57,54f9cccd95cc5760
ubc1462,25,15cae2b9f00cf38a
ubc1463,41,81a055ffb35c4cdd
ubc1464,65,cddbe2ffe1cfb4f1
ubc1465,109,f50efe43353b08ae
ubc1467,114,f698013f1ce3103d
ubc1468,77,43b0ee66b614045e
ubc1469,31,34913305528bd225
ubc147,75,a841bef0f47e7866
ubc1470,43,f0aec936f9b73ff5
ubc1472,68,b20b3c5529468984
ubc1473,93,95029c527cc815b8
ubc1474,96,28b8ecd4e62ba282
ubc1475,32,b5f1fc67fd833653
ubc1476,35,b3d6040a26cb3dd3
ubc1477,30,7e2d90fe9e24ca6c
ubc1478,54,3fa6dc5e6408eaa3
ubc1479,26,77cfd690e11c21b7
ubc148,136,7427cce1f087947d
ubc1480,109,7ee28c6584175e3a
ubc1481,46,cd1e9d2df330017f
ubc1482,62,e8332bfcf29c1b01
ubc1483,110,67eabb1d800e7133
ubc1485,25,e6c6cd415f137b36
ubc1486,95,e1ca46aa0d0be190
ubc1487,27,b8b108ed23779cfb
ubc1488,65,2db2886c45e00689
ubc1489,32,b78e655e93508ccb
ubc149,73,fe964db02335e9db
ubc1490,56,1f2b5b569b102ba2
ubc1491,30,7cb179659e72f0ae
ubc1492,25,f7f55bd58b1c87b1
ubc1493,43,35f50d596777c3b8
ubc1494,32,e6e32ed25ab37e13
ubc1495,25,cfcc8c64c03681c5
ubc1496,25,4f29c0ac98711c45
ubc1497,25,3f8c22d44a48dc7d
ubc1498,25,8ddbc17a8761122d
ubc1499,109,94839721ad9ddacd
ubc150,45,94f03f5491ebf707
ubc1500,42,97763ec90dfb6af8
ubc1501,32,bd688645a1f166d5
ubc1502,69,6e7d9d5c85c1863d
ubc1503,25,8c06bf00f6f03290
ubc1504,25,40939864d9e17ab7
ubc1505,95,e8afb6830c2aa563
ubc1506,86,8ad96d8c03c35621
ubc1507,25,4619600d4853bdbc
ubc1508,25,8277591fd878ffa1
ubc1509,34,846c9e9921460e2a
ubc151,116,bbc8633cf16e5468
ubc1510,35,8d39e57b7cb1c536
ubc1511,87,bdc3bad45ba3f4d3
ubc1513,40,e35027afa81d0356
ubc1514,117,4a204a4369ac75b2
ubc1515,25,c23a8bd403b0ce12
ubc1516,74,036b17132f6ff0cb
ubc1518,40,1ecd77220aca426f
ubc1519,43,dc483fa577a8268d
ubc152,49,cbe35b9bc396b224
ubc1520,66,1e23344a262fef12
ubc1521,58,72b2601fa62f768b
ubc1523,84,eec76bb4b72b3745
ubc1524,89,043e641bfbdcae53
ubc1525,54,1e4df53b38aac788
ubc1527,47,018349325c39b79e
ubc1528,72,2788ea778617755e
ubc1529,65,3ce191f83bd7c878
ubc153,86,d7cf5e6a80594f4e
ubc1530,26,81718aacfadad34a
ubc1531,94,7756919b22431f5e
ubc1533,273,3fa1f0475fa3fd74
ubc1534,62,8ea30261acc27c04
ubc1535,25,17152cc4fce71149
ubc1536,98,779dfdf156f8744e
ubc1537,42,1d341278ee197fa0
ubc1539,57,45dfcd56665fef04
ubc154,49,419519702370d778
ubc1541,25,964d5a99a0108015
ubc1542,54,aad4e451486cb2e3
ubc1545,45,6ce40fe144be33d3
ubc1547,25,dffe4f6a2ee067d6
ubc1548,124,0c589460a450031b
ubc1549,90,7f975b2065e4b745
ubc155,93,92fbe856b9a0891c
ubc1550,117,c8de496259356133
ubc1551,87,33334bdf8a43e109
ubc1552,25,f99c729461f9ac7e
ubc1553,42,928a3ff667873029
ubc1554,53,97f8ff7363f86f72
ubc1555,43,2a8f0aec622b415f
ubc1556,34,d6250d3859d35552
ubc1557,46,61dbbfd308fe677d
ubc1558,46,95c5ff4cdc7c9210
ubc1559,62,4066154560682255
ubc156,62,849e3d55b85e5b7f
ubc1563,106,f3fc723e56b2ccb5
ubc1565,294,50b5392d753d55b1
ubc1566,78,c5b477cdd612c5d3
ubc1568,25,597071dcb6c847c8
ubc1569,66,2692f6c20d1bf392
ubc157,72,b143c52c5e30d71a
ubc1570,43,a2f65e48223c01ce
ubc1571,192,b9cecc07aad5dc4a
ubc1572,25,a27f7260e259d522
ubc1574,60,ddb6268ebba1a321
ubc1575,28,de8ce41067048d60
ubc1576,25,225143e76c064c26
ubc1577,28,ece071e5d8568915
ubc1578,35,0d588a087efc07ac
ubc1580,46,0bd25ecf3c5ef20b
ubc1582,26,a553d2f69443bbd6
ubc1583,69,57f827fd634d5e08
ubc1584,49,a6e348f38b34e7cf
ubc1585,60,7f41e59be87c5b5f
ubc1586,30,b0009cf1d97608a0
ubc1587,57,803672350543242d
ubc1588,30,63991083ca1b91d0
ubc1589,25,abc575de032bb335
ubc1590,56,c1a57779e6836605
ubc1591,45,9a7d7562d94e071b
ubc1592,80,9dffab0bbef2911a
ubc1594,58,6f3256d4c592b261
ubc1595,37,05757913a15110a3
ubc1596,25,933e31d6127a054c
ubc1597,30,6b4c81548f14976d
ubc1598,25,36b973ffb518e983
ubc1599,26,635c391a0f880089
ubc1600,50,861d82a4bedf0461
ubc1601,25,8fdad0167568efda
ubc1602,25,1e638f29f58779e3
ubc1603,29,5022bc84a1ae3c44
ubc1604,29,b4b5bb6d5a8f16a4
ubc1605,27,32011741cef0efac
ubc1606,25,a819fd30a6cb04d4
ubc1607,52,d660e580a97a7ba6
ubc1608,50,d040d74b01a93246
ubc1609,25,c4a5a97a9940e715
ubc1610,44,cf03c6f46c3ec47d
ubc1611,25,79c1e550fdd05e28
ubc1612,25,75ccf70a583ad8dc
ubc1613,25,6e627c26dfe2d4e4
ubc1614,29,ec626d313ea39300
ubc1616,25,01da0c0daa18e39a
ubc1617,35,16cb145e3b637189
ubc1619,34,51aa735d3c41dcd5
ubc162,68,501fcaf903c8ef0d
ubc1620,25,4d3726a7a935afe9
ubc1621,26,5522922f73da99eb
ubc1622,25,ab31905762245c4e
ubc1623,25,052e057c026a9c69
ubc1625,25,7391b9a1372b2d10
ubc1626,25,c0f645075caf01f9
ubc1627,25,beb6044fab28af18
ubc1628,25,90dd21fbe145c015
ubc163,94,9c8508481e30bf14
ubc166,43,b2d9eec77a076a6a
ubc168,142,6944400c6e8499d4
ubc169,47,02f02197cf6eb39a
ubc172,94,7f4bdee497d29e8b
ubc173,192,da6077459e1a033a
ubc174,238,0b2af77ce5618967
ubc175,149,b049e650211184af
ubc177,63,2cc54295a2433c59
ubc178,47,20f3cb3852bcc53b
ubc179,124,77b13e148d48db28
ubc17a,95,3da756cef68f1fcf
ubc17b,307,eec9bf441981b969
ubc180,175,903ba33ac1b18ed2
ubc181,47,c5261007871d98db
ubc182,99,db305a69310bd08d
ubc183,84,751d6cf09ee2de5c
ubc184,81,e3d34146e7538a30
ubc192,160,6fc17198517b2508
ubc194,110,d0e38860cb71e7ec
ubc198,98,f9d4aafa0f9c7952
ubc199,86,5ec49d1986d65223
ubc203,129,9070daa1db90d5be
ubc206,44,c4e51dc76fde0b1b
ubc21,26,1edc1fd65a1a9858
ubc210,95,37443b0381e636fa
ubc214,106,6c536930a4fa753b
ubc217,90,92700b1f9b7802f3
ubc218,25,f85d35acaad1cff7
ubc220,71,f2390bf83da46db9
ubc221,127,6d856e57bf713901
ubc222,60,1583a69c2eb21503
ubc225,49,8b4d5909e6d3941b
ubc228,34,c6f71a4e7c6bffda
ubc229,119,212c59c20802992e
ubc230,228,0592eb6a886cd492
ubc231,68,6f2eec04cdad3cad
ubc232,72,591b56c816d8d581
ubc233,84,6ac6dd6b96e6df43
ubc235,115,6df67b9e1235a52c
ubc236,56,8b378f96228beba4
ubc237,48,0baca94837bfac3a
ubc239,99,214e1f62e353875c
ubc240,75,e69ac912a9845746
ubc241,87,09bef1667a5ccf5d
ubc243,113,fd47b389db062ed8
ubc245,26,dca02a0bbfdc18ea
ubc246,535,650be38041c4c447
ubc247,89,271fb51cac53b166
ubc248,72,06cf7e1f9bc883b8
ubc249,92,0e474143a12dc57a
ubc251,83,34dd882a89818e27
ubc252,232,6a45eb564dcbb63a
ubc253,65,a377fcaf2ac0ce45
ubc254,99,2f5dcd752de42d63
ubc255,84,3a4ba9a915fa9b3c
ubc258,47,71e954e8b38562f1
ubc259,138,9fcfb93d8962c515
ubc26,189,d31f8520fd24c8be
ubc261,26,6ee47a0e81bef6bc
ubc262,48,cdff7b643f7b510f
ubc264,54,d074374fc2008353
ubc268,127,59fa8febd64dc4f0
ubc269,84,cabee3e5713280e3
ubc27,99,24237043186e28d6
ubc270,61,2ae33d316d51ad40
ubc272,94,b20f5232bfa7cc66
ubc273,45,bfa0343f6cb80edf
ubc275,44,d1fe7d8a2cef763e
ubc276,58,6fa7b7de2b40708f
ubc277,161,602cb57cfd28fc7e
ubc279,114,bf6306f2e3e0293a
ubc280,107,d013e52493324175
ubc281,49,c217652009122a7e
ubc282,87,82ef4c413eb32170
ubc283,115,7f9c7209af8aa2a8
ubc284,309,9f1206dda1e322d0
ubc285,130,73b9db78bb42f209
ubc286,102,9854eb1745867bf5
ubc287,109,788a9d1fb09e25e0
ubc289,107,3d71df0195ab3b08
ubc290,282,02f2307db5aa7777
ubc291,111,08de683402df4b34
ubc292,25,709302ef0a535679
ubc293,84,7bb6b759b17de4ef
ubc294,82,13e7ec17d5de335f
ubc295,82,193f6035a7eb5c89
ubc296,84,2b1ea9870f81470b
ubc297,87,c8c13d34252be4ee
ubc298,117,520f47a4f67d37a9
ubc299,115,66c86bbee5b9309f
ubc300,115,c393faf5432b96d8
ubc301,58,52670b6ce74fb986
ubc302,70,26396d811e4247d0
ubc303,107,b0f8647f40e68b69
ubc307,163,478e0d6c1e3d0848
ubc31,108,c691a65487176415
ubc310,223,8e03deb9fef80ea5
ubc312,103,ff71a88a8472ea00
ubc314,137,f7c70cbd84e4cb66
ubc315,106,fd6e385f2f8f5814
ubc316,82,c496998c292daa7b
ubc317,45,76c38d9e3bc38a37
ubc319,136,16029134135a7738
ubc32,214,f21a6363336e2fc7
ubc321,266,e09d4a6ae449f926
ubc322,150,666b3f940be3b406
ubc324,359,caf701625dbf6413
ubc326,94,8c20f5245de9ad3c
ubc33,74,09a69ff82399913c
ubc334,722,2bb7b0dc41582b7e
ubc336,155,e1e80213c4c98ee7
ubc337,224,036144e3f0ff171a
ubc338,173,f2089b4e40df6c29
ubc339,53,d29ecf6141844359
ubc340,172,4da6bba997549beb
ubc343,90,f2a23318ff7a627f
ubc344,67,e38d12fdc549b5fd
ubc345,41,6f304add1cb4e0ba
ubc346,93,4745985f72b2cbfd
ubc347,66,d132357e2a74ebd6
ubc349,193,ed59f9d3674167d0
ubc350,145,2ed660f2d28b73ce
ubc352,42,27b71a6e123e8607
ubc353,78,5dc794b4ec2a34fd
ubc355,112,82fbb344b8b62889
ubc356,83,401a7396517c34f5
ubc357,70,ee5c355916a5cad4
ubc359,65,51044e73d19a24fb
ubc36,40,12d97587138f7dd7
ubc360,65,175238f836906aec
ubc361,69,8a67386d6a3ca94d
ubc363,112,bb0ad85407d806e5
ubc364,60,4e0d0a0fa6d7bd38
ubc365,121,e49794f4f04afd53
ubc366,55,e4c08ea8581b29df
ubc368,43,913c70d47de04a53
ubc370,31,bcbbbb7d27a08c9d
ubc371,44,e99ebeda28f04a1d
ubc373,57,fcf42bd8bccd3ee6
ubc374,88,611c1e11692a3a71
ubc375,48,f7da0b7ae4656eb9
ubc376,56,e1fc7b4733bf0e83
ubc377,25,8c9000ae05e0ee38
ubc378,49,d55e9d5468218106
ubc379,63,75921ff306fb484b
ubc380,69,96a0544976384e05
ubc381,46,f3da8f3a924b0b96
ubc382,71,7a2f34eebe48fcb9
ubc383,68,0a531e9c68ab61af
ubc384,56,4b1400fac7d8e1cd
ubc386,135,54d68e1ec93eec63
ubc387,52,bbec461ce47f1e6f
ubc388,62,c734ab8ab38eaf55
ubc389,71,4c1e1cf50226db16
ubc39,59,adef431ef7ad1478
ubc391,26,345623ec82fc9e8e
ubc393,110,543a21b97acd81c7
ubc395,25,7f3e5d778d0f6f73
ubc396,57,8f23cf613af47ca6
ubc397,71,fc47f2442017ae12
ubc398,190,db6fad9b84702552
ubc4,91,47195d84060e2780
ubc40,33,5197648ef2661aa3
ubc403,30,71ed769db02d9bca
ubc405,65,2bc393d2843464ad
ubc406,39,47d30c97386b57bc
ubc407,40,3bd0cca13393a473
ubc409,35,1a5ef4f5a24dfefb
ubc41,46,e16d592219ace73b
ubc410,52,6085766312c40273
ubc412,39,035ac18125113ca3
ubc413,67,57041eb888290ad5
ubc414,37,e5ecbeeec819ffc9
ubc415,41,59c8bd1a56238b61
ubc416,45,9014baf6ed87388f
ubc417,25,9c258b36e04253ef
ubc418,67,7b1044ab6cd749d2
ubc419,63,f00a98ae78fcb350
ubc420,172,5e54fd80a6a39d7d
ubc421,41,909c375362ebcd9e
ubc422,71,1e9835de0807ddf6
ubc423,32,b33d2883430ec4cd
ubc424,65,ee3813ecc88e2a39
ubc425,25,e6d4e77a8cd236a8
ubc426,78,ac459a74a9e99fb8
ubc427,85,00fb9134aefd9cdc
ubc428,86,19ffce2dbc43a328
ubc429,51,308b7e78dcc0052d
ubc430,25,b5b41be3d617ad59
ubc432,56,c235c66c721c6f7f
ubc433,53,756f1d2e9fe6a479
ubc435,34,93bd3f999cc01683
ubc436,47,0837dccae3b851f7
ubc437,60,cc6c90e5523a6570
ubc439,67,6ac7fe7545de6c17
ubc44,96,dd1d295d2d46ec6f
ubc440,41,c4ced0a0da09c2c1
ubc441,80,8ef2ded9ff2f517d
ubc442,72,e364eb57faccab0d
ubc443,56,b325a31721db09e5
ubc444,87,78742df4f60b9eba
ubc445,65,bbe3bb44fe721fae
ubc447,65,b1b13a6b3fd4fae7
ubc448,55,606cb9256fda1de8
ubc449,47,0f5d96db6e6e2ffe
ubc450,66,136d3ed2499d2e43
ubc451,70,14086e8958ac6d0e
ubc452,33,108d9093f7acc030
ubc453,68,d9da57abb36a1af5
ubc454,70,f21d73462bd168a1
ubc455,71,710575689b8ef592
ubc456,62,f5341e2f03c8a7c8
ubc457,105,f541bcb6142861b6
ubc458,49,4c30273c51d13d6e
ubc459,82,86dbf1f9f465c365
ubc46,25,c526c3b713a26a2c
ubc460,91,399ca8398f9bb714
ubc461,90,8bc5c57a20d49b55
ubc462,25,74d01f1cf6d6a5f1
ubc463,35,e00f2a35fd9cd7b3
ubc466,107,09d5c002ae396227
ubc467,72,bb097623e1ed841e
ubc468,51,d3bc93de558224f3
ubc469,25,0e7f2a676f02800f
ubc47,25,0b866f52847e9041
ubc471,101,6de541032d110f3b
ubc472,42,e45a4aee2dea7bca
ubc473,33,bd7bba5d6f63accd
ubc474,60,0b70e58fffaa9e9e
ubc475,46,851125bffebff159
ubc476,43,83933422e00ad174
ubc478,59,d14d7030cfd5a183
ubc482,115,8300423056262540
ubc483,25,488416e43d10a6d3
ubc484,65,23c12c1ad10e2ce9
ubc485,67,78f652cd854af187
ubc486,101,ac66828d58442020
ubc487,37,3f2c471ac3d55a2d
ubc488,27,d62cd9708c3f1a1f
ubc49,139,59c45a404badc0a4
ubc490,66,e23c43fec0a2ebfd
ubc491,29,24979d6d6ee2ea68
ubc493,32,da43dfeebd6c4419
ubc494,89,c11b1884a52b80a5
ubc495,76,ea7d3b6c48f635a4
ubc496,75,6817300ef8b48d13
ubc498,48,bc28a1865d3c0568
ubc499,38,2ce5365727a43c7c
ubc500,67,207a27c97b7fb25e
ubc502,78,51bb70fbbee049c6
ubc503,59,911ccfb81f79a3e5
ubc504,47,d28484a044397e6a
ubc505,74,f43d6033e5bc675c
ubc506,54,2ef7a6c18f14339e
ubc507,64,5868b97bc7ddbb03
ubc51,123,e005d377821695af
ubc510,53,666651f717ce2055
ubc511,55,1b4ff77891aa9592
ubc512,73,1f0670a7cad745fe
ubc513,32,5534fadabbba089e
ubc514,25,423a9693ea10c163
ubc515,46,c98f28910660c868
ubc516,62,25c80028c89a2bd1
ubc517,89,d1b2da9ba90a6b53
ubc518,42,5619cdb082b8251b
ubc519,38,fddd554a8a0104fa
ubc52,46,228813889270f1f6
ubc520,44,ee326500a54ca0e5
ubc521,95,d7f0e1a66d6a4bb1
ubc522,134,58707555d1075639
ubc523,78,2a5e0c05726b6cf5
ubc524,75,deda0c015ccc0055
ubc525,59,a33ad827e8a4fa23
ubc526,74,2434577c7eb5a36b
ubc527,63,60e4b0bedb7d2e9f
ubc528,54,9b988808a52dabec
ubc529,250,1fdadd4079045369
ubc531,41,964a2c96a111e91a
ubc532,76,37f51957a1c6bc3b
ubc533,81,b1eb4aa00a417184
ubc534,92,d23960275309b9bf
ubc535,43,e3f3b9e83d41e99f
ubc536,46,11c32d9820426708
ubc537,118,70db2e77f19b46a8
ubc538,161,3f295b3aee56b46f
ubc54,324,772747bf4683b05e
ubc542,109,66e3132cb1dc5b9f
ubc545,68,7677bfcfb93f2914
ubc546,132,d7d9f5cddab4d31e
ubc548,47,7291f4d3aeb26496
ubc549,25,2855c65a6eed94b1
ubc550,111,bd008b82917e7d29
ubc552,106,8eeba2fd31f91381
ubc553,51,4cf609998d80c926
ubc554,72,e921415982b8aaba
ubc555,87,a1a99c44a39ebbe2
ubc556,106,c1f465f8451baf9a
ubc557,85,904ef913d0298673
ubc558,212,0a2bbaff4dddba54
ubc559,48,85e6e3dc0a2ecc10
ubc56,212,e70bbde53d35ef2c
ubc560,45,1f7b99a908469e02
ubc561,123,9983018396913474
ubc562,101,2ed5960d92fe0530
ubc563,72,ab428d4d82cf6c6f
ubc564,26,03737a5f2759ec8a
ubc565,233,fe3cec464d2fdea6
ubc566,425,577daba2cf972496
ubc57,56,747d4b6388fbc73e
ubc571,42,37a84f0cc677edc6
ubc572,44,20c83c27204d7fc2
ubc573,40,20085c0123a805b0
ubc575,72,78faa5bbf111b294
ubc576,35,3b03855562f882bd
ubc578,25,80a280a776ecf12f
ubc579,25,c35b13f6c900804a
ubc580,46,c6acc54b077e3037
ubc582,126,03295844f8c867de
ubc583,58,78574c082b1c3cd5
ubc584,101,b597012d063bd9b5
ubc585,46,43c9be3cefce4c40
ubc586,38,bd75b12e509d65b0
ubc587,112,33c2af97d8b315cf
ubc588,38,3f861d2a62785df0
ubc589,89,5325e0247df7db62
ubc59,57,82c34cf87c0b6026
ubc590,25,5a135543e9d8ef2b
ubc592,25,1c881031f391af22
ubc593,25,8a6f82f5e1ffe0b4
ubc594,56,915fd18b1568be80
ubc595,41,af0f1638a1edde87
ubc596,25,55b79502694139ea
ubc597,25,201755cef04beba1
ubc598,38,43cd7cb696121ebf
ubc599,25,59498d2b5509d7fb
ubc600,114,c974a867948001ee
ubc601,25,df5757993e9508c3
ubc602,84,702cc9c2f6a54fd2
ubc603,25,939b1a505cbda367
ubc604,25,73b7dbbd030cb526
ubc605,25,8198929c8830a4be
ubc606,25,784d511e55675bfa
ubc607,126,587e971755f917a1
ubc608,49,159d8e17837605d7
ubc609,25,3ac227be2f0b0124
ubc61,71,7db6a721aa0d5592
ubc610,25,a3f37bf9eb268875
ubc611,25,814b60962baae4be
ubc612,30,dae405c8d74e2d6d
ubc613,58,04215fc6c396c14e
ubc614,46,57074c71c1a301d6
ubc615,25,14927fc0ccac4fb5
ubc616,26,5ed4b403ea8a31c4
ubc617,44,b91daa36f70a1422
ubc618,33,8545181f6e8af14c
ubc619,25,78570c3286618fe4
ubc620,25,28c5d1bb31517b99
ubc622,25,d5887fcfdd7e2355
ubc623,25,1ac4c6e256b1efdb
ubc624,25,2fbc2b3831c0d74a
ubc625,25,1e13c6806abb79ff
ubc626,94,7dbdb61c8109a409
ubc627,25,79b300a675ca7571
ubc628,86,3fa496d04b4737bc
ubc629,25,10e3ec4d0305fa98
ubc63,40,2ab8c60007b5a20d
ubc630,51,1b30ba56eacf5fb9
ubc631,25,6316bb691b10d847
ubc632,25,d3e0b0fac2621c25
ubc634,62,a7978ae2ca2f6428
ubc636,25,b7f515a57c62e850
ubc637,82,dd169d4c0098b435
ubc639,98,07ccff971bf43229
ubc640,39,dfdb9fb8bd781d39
ubc641,25,d10debecf2f47a8b
ubc642,25,14aad7275b765960
ubc643,53,f4d103741a29cfae
ubc644,25,4f9b055b0d7d0dea
ubc645,25,b59728033eb06352
ubc646,25,588b0eda121f251b
ubc647,27,a7a5e5ac08cced04
ubc648,69,3aeb7d48762049d4
ubc649,25,45d18acec573f65d
ubc650,25,dae74c291a074ebe
ubc651,44,f1914bf8196e9635
ubc652,50,6536e5f5aa1a9119
ubc654,30,1b81412247f1f7fd
ubc655,25,83a971f8545a4a22
ubc656,25,74ed4cea40495c72
ubc657,25,f0981c38888c037a
ubc659,25,2fc2227cc34539c9
ubc660,59,ba2d35f53c080bc9
ubc661,39,b3ea1f2a915b0a6b
ubc662,53,b43f3076fa5e0caa
ubc664,35,b2fa8d6bbd89f1f1
ubc665,25,818175b84e10469f
ubc666,25,bad7836e24b2c1fe
ubc668,120,38fc9d7dadf7fee8
ubc669,87,cdbd429856e214ec
ubc670,30,7788d49714af6209
ubc671,132,f9332bfd7046a19f
ubc68,65,a424bb7b5b21ffea
ubc7,236,d60d550381b5432d
ubc72,111,96b46b82fa2302cf
ubc74,101,afeeaac5dd54a2c4
ubc76,48,32d4da8cb5fa8535
ubc77,44,1fd50e88dc14680f
ubc8,245,2b5e5238b1eeb230
ubc80,43,5b2bf32497906ab1
ubc82,50,17f12bdefac3ddd5
ubc83,59,e7a03ee0f7e919ce
ubc84,90,d82df0251be53fbb
ubc85,69,aa50cb6391048504
ubc86,29,d36cb15ff82d1b08
ubc87,55,dd853b976e444617
ubc92,268,45cee80b09023bd5
ubc93,123,af8aaeb802bfe015
ubc94,217,1aa779bbac58bbb3
ubc95,104,735ee7064c1e9608
ubc96,78,7848e40cd219f621
ubc97,91,55390d12471960eb
ufmg1,335,b9a9ac11741920ed
ufmg100,46,b609a14663d42602
ufmg101,25,529d67228cb64824
ufmg103,36,90e4ae91d330826a
ufmg104,25,da5866667c4373e6
ufmg105,25,3dbb0254cad926d5
ufmg106,25,0c3643528118ffdb
ufmg107,25,ff90386ec9f79ca5
ufmg108,26,3286aa4adbd7b12c
ufmg109,25,4b363244fbaa9a00
ufmg11,140,1cbd9aaf3f97a6e0
ufmg110,25,15dd638778448a6b
ufmg111,26,b20cfa882a9ab5bf
ufmg112,25,e0f1558956972ceb
ufmg113,25,0e92277663e3a250
ufmg114,33,c4c61cc27bba8b25
ufmg115,25,1920b492548bdc89
ufmg116,25,d768b0bc0cc95fe8
ufmg117,25,dfbb5b10265b2c0e
ufmg118,25,81db59f95004fa24
ufmg119,25,0703599242d323b9
ufmg120,29,3e4bd470a547b27a
ufmg121,25,781276d76a441f1d
ufmg122,32,e54d3a939994d510
ufmg123,25,7e8d32a4efefbfb8
ufmg124,26,bcfa04e307570dcf
ufmg125,25,c6810475c1da66d5
ufmg126,25,f0816447bb4f3852
ufmg127,25,b53e2f0d5a5a9ff6
ufmg128,25,af18cafe9d8f02cd
ufmg16,25,a184ca0bde15bdef
ufmg2,754,b6a5f26ce9513737
ufmg22,119,5beca7e875273e09
ufmg24,60,9cff04b892f2291e
ufmg29,113,b69cb18c57dda7e0
ufmg3,404,11290195ea749cd1
ufmg30,93,b4f2c3c7af0a4857
ufmg34,203,7617c8d3da2e7e01
ufmg37,82,bd883d86865449b1
ufmg38,364,3c157534285fee06
ufmg39,87,87b381592007ab99
ufmg41,51,f7cc91cbf01b63e1
ufmg42,172,0a33500489f45cf2
ufmg43,121,70b1964ca4b290d8
ufmg44,50,a17f2ab6bdafc7b5
ufmg45,77,b4318c38d04c9cda
ufmg46,28,37c7cf455826e85a
ufmg47,122,5666618784286a50
ufmg48,86,52557efa1f2f2f31
ufmg53,35,da8f305aea5bd565
ufmg54,175,b8f0bc93076fec74
ufmg55,136,ce43d5b28fec4fef
ufmg58,71,0a2d54040604dd5a
ufmg59,59,b8c796c635ffda36
ufmg60,60,c610eeb2fcbcd85a
ufmg61,25,25250d527fafc3d8
ufmg63,51,6a6d38aee6bcb1a3
ufmg64,46,bfe458e2b289cc36
ufmg65,65,94eab1a770e948b2
ufmg66,40,521ba42e41d44969
ufmg67,39,a67e376959d22ed5
ufmg68,44,81be96cc01743c4d
ufmg69,92,3f3e4b49b710b1d7
ufmg70,25,8d13bd3337a214c0
ufmg71,32,1ce859d01bc09ced
ufmg72,68,819233cba567a84b
ufmg73,100,1faa8bed9defd8f0
ufmg74,102,589606e67606ee81
ufmg75,62,ce878d6e273143d5
ufmg77,62,34f826ffa81d15ed
ufmg78,101,7499375412097f2c
ufmg79,28,b0bbbd5e51827501
ufmg80,110,2752c03966d0fd47
ufmg81,89,9f8b14827e742660
ufmg82,74,b908167cf6f1df40
ufmg83,77,87e7c1d9850a1afa
ufmg85,45,082c42b9a0761ab6
ufmg87,106,3a64d8a74ab84ae8
ufmg88,47,d7f9b08ca1dacd1d
ufmg89,92,bf8e4d7880abc877
ufmg90,92,806faaac074922db
ufmg91,118,8cb62afbad638554
ufmg92,106,98a864d960aab831
ufmg93,81,01ea1d90d4ee6277
ufmg94,56,ef7d81c430bd59eb
ufmg95,46,fe81fbba74e7c54c
ufmg96,81,5311a09b56a57e48
ufmg97,30,70fcd6eb25735909
ufmg98,25,2f9d9c6bf1316b8c
ufmg99,25,26a68b533b9386b8
upgren1,7,7e9d2220475a2ebe
upk101,165,fb1ab46d3744f591
upk104,65,49e9087f3023981e
upk109,25,c421c9d400ec5386
upk110,37,e36d646b3566dcec
upk113,68,40e54871a8c3326a
upk116,53,3a8b6d3a144414e9
upk118,25,bd5645d84c2251f6
upk119,72,dbd6ef72dad74b85
upk12,96,bd4aa0eeaa30754a
upk120,48,e18b596dcf80222c
upk121,48,6f5987e933befcc9
upk122,25,d6c5aabed5dd8952
upk126,59,070a1fe6333afe71
upk13,116,ac309586000b839a
upk131,70,63a3e0eae3016ad7
upk136,66,6abf2e3799ff8ac2
upk137,33,50d73bf611cc61ae
upk138,50,ebe63a16335484a8
upk143,96,566de43355a41233
upk144,25,164e09a30c8dba5b
upk147,25,65715e716b92eea2
upk150,43,37775c86eb7b714f
upk152,31,e7dd83f8feabd970
upk155,31,f9b8d72162f890fc
upk156,25,ed1b39942ffa924e
upk16,51,873efadd45ca68c7
upk160,51,cd7b2ff390f12744
upk164,147,b0a61a8c0c650053
upk166,386,09bb7219de9c1314
upk167,124,2a87826c6238435b
upk168,307,a3fc8d68502b362d
upk169,77,7c2c002f74d8973a
upk17,101,663a8ba3255695ed
upk178,59,24b88cbed790cdb2
upk18,41,820f3b0190e8af20
upk180,53,28444862ba3474db
upk185,217,d4e56b1d4652d6e7
upk189,43,59a86613fd52c810
upk191,91,7536f13766f9d2b5
upk194,112,5503861e999cd30a
upk198,39,58873704d4790bb1
upk20,84,9675c9142a6c1c1f
upk201,38,ecc7afc3d64651eb
upk21,81,bc627dea3258a1dc
upk214,45,96f90dd9866a5754
upk219,29,3ae017e8e5dcdfee
upk220,313,abad25b4dc2ce370
upk224,72,c2ccd8946741044f
upk226,76,2cfd029cdb00bf6a
upk23,38,639bb3a081c2d933
upk230,80,af8e55520c6a49a2
upk233,39,1500eefdd23956ed
upk237,163,61423c16f8805a77
upk24,41,08c19e54adfbf114
upk241,26,57cbafc9acb27aca
upk25,25,eb6fd08d60433aba
upk252,25,6ad6b54a5f1616fe
upk26,54,9c46e18435395307
upk260,70,2d9544ec7691138c
upk262,25,7b187b7e453cb9ea
upk265,47,123630413d6b627d
upk27,94,d2ff157091b0b4e3
upk28,69,36b30ac701883c83
upk281,67,66b86b40d11a00cf
upk282,73,23d409866c802471
upk287,25,765cbaf046987acd
upk29,97,e2e408a2e5564039
upk292,36,8d9c8bde5a254efd
upk294,47,fb294faa3be9a894
upk296,56,327e7397734cc9ae
upk300,26,f33dc475c7405cf4
upk303,73,a9e2b069983cc24f
upk305,46,60e6f6059573ab4c
upk307,69,465cd73f18f350c0
upk31,63,c1429e22085f3a00
upk310,25,cfe31fcc321f7d6f
upk312,39,c7dd8f85ca3e1fc9
upk317,25,9ee8cf6113dbe8c9
upk325,36,188cd5dbf26596fb
upk326,25,400b94ae864c32b1
upk33,81,bf24073047d0cc92
upk333,49,c82aabe325d2046e
upk347,25,10c081a9fabd75c1
upk350,74,697aa3ec73e7f91f
upk357,25,38bbf273785f0bd1
upk367,75,752eb70c1836d82f
upk369,25,fe04e5d44459eaf7
upk378,25,12b4693848289493
upk379,39,de75763d3fe018f4
upk38,50,c0c6cb7673c95115
upk381,59,0930a12efb411390
upk385,59,89b60ec04e48205a
upk394,82,713b8dde567b69b4
upk398,83,0274aee60e5c703d
upk4,91,aa5a2e2491483543
upk40,31,21563370f9c2df92
upk402,101,8a8e2d882a490314
upk41,283,ef28f10df163d0e9
upk416,25,72d48aee23a0b8ee
upk418,25,65ccfee4bb96fb2a
upk42,148,4dd7f6664b9dbd63
upk422,236,c5ceb1f65b2ad863
upk429,92,2f1f33e426afe9a9
upk431,69,6cbab0924c3d918b
upk436,99,b32e2ee4922e262c
upk438,26,64e3503b9ad80c5d
upk442,96,c48d1b6a7d7f0f4a
upk445,99,e98ea74eccaaf144
upk447,54,38d2ccef0fa9e2dc
upk448,26,2cdbb89153be31c4
upk45,77,c275bc8a147c775b
upk452,25,5c3e7ef7fd4f1450
upk456,25,ec2c292871861b45
upk457,48,c697496b10664518
upk46,51,3c08ffd82218625b
upk467,140,7fd6f8cbf3284aa0
upk468,29,a2eb6f1137045614
upk470,146,160e2d7408f7876a
upk492,48,24c4fb122e98d530
upk494,25,ab5d88f298af6801
upk495,45,d61e28cdf4433b03
upk499,25,9eaf371fe1741e92
upk5,84,2661dc46ce10a71e
upk50,93,97964222ff8cd0b7
upk502,65,c29a22b188b6438e
upk508,50,233c3bc55fa20174
upk51,96,f00160d67ea8f284
upk52,25,08d8491b44fe77ee
upk524,100,279ab39bffaa2666
upk526,98,fabb951ded2aa786
upk528,73,ce53c0b251670aaf
upk53,196,daf590fc49cc69f4
upk533,100,741558268a21c934
upk535,102,265f16b78622f4d7
upk537,66,f72eb8c8aa20b323
upk54,106,5eebd5253511c4a5
upk540,104,e01ec6775939343e
upk542,26,2dac0a1c830a05fa
upk545,305,f17735b84998e593
upk549,222,a024b6015ea10fd8
upk55,77,667f1350351d61b1
upk552,52,d0dfb5bb0da36f66
upk56,70,42d5a0349716e9cc
upk560,119,8692844018bb224d
upk562,54,f347b854f8eee3b5
upk567,87,28441a058f41b185
upk569,144,665bdd6a3c57fa13
upk57,25,2b7b2ad71f0ce41e
upk578,64,10d16ccf96c67e0c
upk579,91,23792157f319e2d8
upk585,59,80ae71bbff527054
upk587,44,aa93bf818e6c822a
upk594,63,11a52a9011ccb60d
upk595,25,0784a8d611ec672e
upk596,27,e9557fa7365dd5fb
upk599,100,699be602f1aa45fb
upk602,25,41c6e694c59c6742
upk604,32,7d76aabd00d7ac8b
upk605,72,5030c554f13a00ed
upk606,81,646c5a79fed7e163
upk607,54,c8135e9f809f6153
upk612,201,c61f7bfa4408a483
upk613,34,94707e0448b9422e
upk614,51,439aa027157879ee
upk617,89,b499978916db9c54
upk62,50,025a19b8ccd8bdbf
upk621,55,a37508f479de74fe
upk624,59,6066bfa80f32ecc7
upk626,61,a3e43702ab5b08e4
upk627,65,80a90326fec54a05
upk629,49,694ae662a6f5e0a3
upk630,49,aadc5b75de41e3ac
upk639,80,805d47e2e0c82451
upk64,26,30a9796582641561
upk640,755,9b6b60b38ba45531
upk642,42,8a87b2d3747584ef
upk644,81,6750bae5608ef494
upk645,51,9c7089614fa8a62c
upk65,63,829354772548951d
upk654,77,f5ed5e16c3b8fab5
upk655,102,ce91ddd43cfb8851
upk66,82,907cdc06afef2908
upk7,50,595239dfc9372989
upk70,144,167107ab5a62e59f
upk71,63,56136f2b7050e9d5
upk72,94,f93ed6ba9f1979b1
upk73,46,beca57a3582598a3
upk74,29,cb4f297954778e4d
upk77,115,43660efda7aaec43
upk78,40,26129a871332b808
upk79,25,f8efb0b7a3fe0795
upk80,42,1bab71ad63490749
upk82,140,b5447a418d9af91c
upk85,25,39e3b3d7e6400add
upk88,51,f72ccb2fb5129452
upk90,43,ed7ef91124601720
upk91,25,5db9d0a5f6980578
upk93,56,61d18b6c38e1c818
upk94,44,7e0c6c1f6431e4e9
upk99,25,8183f995dcf58060
uppersco,44,e0cfc8e4d5fd2488
vdb1,75,573c0691e8e2fc14
vdb113,105,efaa9dbf4dd129b5
vdb130,137,c400132353ae0e9b
vdb150,25,b47cc203ecbdb8ec
vdb152,53,4e76af294822fea5
vdb80,137,ff09ec1b92790358
vdb83,89,784c8ea82a5ca116
vdbh106,25,89f2c65637464b4b
vdbh11,515,0f5df9e6b4e84c59
vdbh110,60,778e73beb354575b
vdbh111,66,20f8f601f95e015a
vdbh118,199,dc2f97a63cf2c448
vdbh131,256,9f87dd7385abd4c9
vdbh132,97,faeb20757b838d66
vdbh139,165,e82ffd12bd0ac62d
vdbh144,213,b06ef57976ab79e9
vdbh150,111,d9f6a52a4fed1fb2
vdbh151,78,359b717cb5334c30
vdbh155,25,e75b79e9e55fea04
vdbh164,456,5471d3e92772ef86
vdbh166,45,8092c7dca990efef
vdbh19,162,78647697e05d8ef9
vdbh197,25,b808a1ce1fe159b8
vdbh200,162,f3deb6e77f7f3b6b
vdbh205,90,a9ea8b50c802a7fc
vdbh211,164,e5df6a3ea5e48f27
vdbh214,25,68806103d19dbe6e
vdbh217,160,7e8919f94c3ca65d
vdbh220,25,1fa30d11d1d46fb9
vdbh221,286,2793e7d576be63bd
vdbh222,188,743218689ec5c25d
vdbh223,25,c008f09bbed82f46
vdbh23,208,7b509ab8a6e20c43
vdbh231,89,9bbf6a1066f24458
vdbh245,126,bec3f176b9de8aec
vdbh253,343,c8da9606910933b8
vdbh34,25,b2a5c0222e9a8398
vdbh37,178,28463ac22342900e
vdbh4,75,d8926c28bdcc46b9
vdbh54,93,64b00483396550e7
vdbh55,199,d04efaf98395fe2e
vdbh56,314,945d4e048af61224
vdbh58,25,279c3f1308e15d42
vdbh63,79,3c9bfa4011455b24
vdbh66,250,234a54ba42ed2383
vdbh67,225,b645ff299094f2f2
vdbh72,177,ab02626bdbd0395e
vdbh73,185,87d80da32994bf5d
vdbh75,58,fe4379f253ab22c4
vdbh78,88,1be266ac16e8efda
vdbh79,36,1aaa161bade595ea
vdbh84,146,96bf2f08425522f4
vdbh85,240,e394794fa5a0a852
vdbh87,294,0f10014bf17d6bca
vdbh88,37,e1bac3fe424658f7
vdbh90,279,ccf738f3cf65fcc4
vdbh91,25,28f849a718e7202c
vdbh92,93,36b314212eb4b58c
vdbh99,755,62b7085aef279576
vdbhrn26,25,7386bd7f26d33e09
vdbhrn43,25,4156f8775aa7ce71
velob2,25,ccbc0082fdb5d8b6
vvv007,25,63fc2da1b70eb31b
vvv008,25,d3f7cca2ce35cad9
vvv009,54,fafe261ed4beeba6
vvv010,25,a7e000feaeb3a1bb
vvv011,25,381a4d7c53af8711
vvv012,40,44ce709e2be9b3cd
vvv013,25,9bf113fd599be428
vvv014,25,c556cb9c9f002fff
vvv015,25,8ecf92214a23609e
vvv016,25,0b3a425e085092f7
vvv017,25,41d2dff8fe328a47
vvv018,31,9127aeaca24a6268
vvv019,25,4666c1ebb33adf19
vvv020,25,efa7f8309aff11e3
vvv021,25,9370329fea21ffd4
vvv022,26,fe0d13bbaf1a5c24
vvv023,25,258d365d20749740
vvv024,25,f320126a08fc3c3d
vvv025,25,5b7e424deda27ef8
vvv026,27,126744ef282ace46
vvv027,66,9bc4817a986785ca
vvv029,25,c005a5f21fdab6b0
vvv030,25,b28a95649081505a
vvv031,25,c1a09c285275f469
vvv032,25,2778f6f2e7cd9bf0
vvv033,25,df37dafa327a83dc
vvv034,25,903394d171636b12
vvv035,30,d32d492cdcd498af
vvv037,25,87aca788a2d24394
vvv038,25,fe0faa14acbaea75
vvv039,25,c2f167f8b643bf05
vvv040,44,af2d21080ef61868
vvv041,25,eeedc392e728d6d5
vvv042,25,79b9e22e5f2f8cc1
vvv043,33,dd41a155abd91868
vvv044,25,b592ebd9c4765056
vvv045,25,ff43e64955c41512
vvv046,25,dc08ce938c188d33
vvv047,25,389f6081005ac914
vvv048,25,14f2259c58d0a651
vvv049,32,248f1c2f14ece472
vvv050,25,9507238e79bedb3c
vvv051,26,c46a1600357b8a24
vvv052,25,073618a11defb67a
vvv053,35,e0e64dd147d87455
vvv054,33,c69f7c37dae518a3
vvv055,43,e342731b6948b54c
vvv056,25,93b890d785a591fb
vvv057,25,00443cc3e3c8ec1d
vvv058,25,98faacb7e29c3195
vvv059,25,bbfc449e538a537c
vvv060,25,e99f16122a05a4e5
vvv061,25,1707b48ddd57d80c
vvv062,25,30d155a359bb844c
vvv063,25,296c2cc69f095f75
vvv064,25,fa01081903a77a44
vvv065,25,46eee9a519ab3b19
vvv066,25,edf38c3c51a73a86
vvv067,75,4ce7986296240d40
vvv068,46,f5d6ae0a8aaa372c
vvv069,25,70ee7d9331421c10
vvv070,25,2a5e687854d1469e
vvv071,25,2144eba361644bd9
vvv072,25,5522953c53ddb2c4
vvv073,25,61ac2de7aa40c735
vvv074,25,d1abce719e4f9045
vvv075,49,2aaa19395f77add1
vvv076,25,7ac2960946f97023
vvv077,69,fcfe1af94e930247
vvv078,25,0b6fcccfabd94017
vvv079,25,d7a9ea07002927cc
vvv080,25,44c4232ce75562b3
vvv081,25,b0ebe38a2ee545c2
vvv082,25,3dce94cdb24c87b7
vvv085,25,0551d039c2a4700e
vvv086,25,09a80c9c63e0a9aa
vvv087,25,ce7f8f9ec1d8e82a
vvv088,25,c1428446b8288902
vvv089,25,4c13d884cef854db
vvv090,42,624334f5fe5444b4
vvv091,25,629804acf1835263
vvv092,25,db8f2f9550b452f8
vvv093,25,ac69e7525447b6a0
vvv094,25,1209bb4e64e05337
vvv095,25,23be591172593550
vvv096,25,1d47454c1679e64c
vvv097,25,8e8fc4582e1f8e2e
vvv098,25,e605ca5b2f11e25d
vvv099,25,27d31c0c2fd6099a
vvv100,75,d2e979d1ac4f8055
vvv102,25,d7998b295688b8cd
vvv103,25,05ca91db740e2466
vvv105,25,e6a171338d4c914c
vvv108,25,feef85749fe3e576
vvv111,25,6747eb9eb2b65c6a
vvv113,25,7dae397e4a611d6a
vvv118,25,5aa923989b8a0f79
vvv120,25,e3351c15c3cfe902
vvv121,25,96467d0dd0d49f24
vvv123,25,cb8771ec4a5fbd61
vvv124,25,ca8d2aa5002e33c5
vvv125,25,d62a6972d6126453
vvv126,25,eb618b18da0c01f3
vvv127,25,6cd41be737c28fcc
vvv129,25,f73a69035678d9ed
vvv130,25,0f6abd2da6b90d82
vvv132,25,87e7568aece7a0ab
vvv133,25,ae8ae5351a32a206
vvv136,25,cd371060f63591c4
vvv137,25,ad59ff9b3f3a99cb
vvv139,25,6f38610c939c24f5
vvv142,25,337c6cf28cb2e3f3
vvv144,25,d9874e87d9807632
vvv145,25,120e37d4ee5e09d4
vvv146,36,daa0aaa0360dcdca
vvv149,25,b15af816dc9a717e
vvv151,25,db3a73ccee9e046c
vvv152,39,646ca2b0e8528ae7
vvv153,25,16de66fbdbd06a65
vvv155,25,1da2980052bef45a
vvv156,25,37b3d9eecf6bac09
vvv157,25,c1e2167a1bf89461
vvv160,25,8e7c4ffc3fb1667a
vvv161,25,9a633fdfbd2333b8
vvv162,25,77611b5974ed4e05
vvv163,25,5ed539834e79cbd4
vvv168,25,eb0f4dbf093ac399
vvv169,25,1fc687605556f5e2
vvv170,25,0019b05d526fed0b
vvv171,25,2c31eafd5562300d
vvv172,25,36ed66df064aa8cb
vvv173,25,469f8464864e3675
vvv174,25,eaa9737e3d1ddfd8
vvv175,25,0e3c7355cb97c4e4
vvv176,25,3167629bc5c166f4
vvvxcl001,25,93db14bd30dc9191
vvvxcl002,25,9c6115587635a9cd
vvvxcl003,25,cd5435432c9c1dab
vvvxcl004,25,bba91fb6de97acc3
vvvxcl005,25,e49a174bf171013d
vvvxcl006,25,fbf896cf796ff69b
vvvxcl007,25,a62c6bb6281a2e60
vvvxcl008,25,cb1e8d37bcdb647e
vvvxcl009,25,50c4546d0b7e4d70
vvvxcl010,25,1c98ce533505d94c
vvvxcl011,25,8bff18e5f8b0bedf
vvvxcl012,25,e0ca65e283692228
vvvxcl013,25,d8b81bdb4e407031
vvvxcl014,25,8c1c218aa1670230
vvvxcl015,25,035e7ba323ae9e65
vvvxcl016,25,878413df48363d6f
vvvxcl017,25,c9a954b9cfa1f358
vvvxcl018,25,060de0fbf0a06b7d
vvvxcl019,25,5e11c3c13c0cfbcb
vvvxcl020,25,ec6ec1af4dbb50b8
vvvxcl021,25,c415695ef676f8f5
vvvxcl022,25,e70aef7f83eb7062
vvvxcl023,25,12418040b353aa56
vvvxcl024,25,21ff38e9cf9514b6
vvvxcl025,25,0d5d63fc69422ef4
vvvxcl026,25,f7013ad2d72ccded
vvvxcl027,25,9947ddc3fc90e5a9
vvvxcl028,38,62bccad3736477be
vvvxcl029,25,33a8fbb969f80aaa
vvvxcl030,25,bd45533dfb6bb6b8
vvvxcl031,25,cf731ecb58fe855a
vvvxcl032,25,a5c4654878f295ae
vvvxcl033,25,52ccf40caf8d52fe
vvvxcl034,25,3706c5d4be83cedb
vvvxcl035,25,5f2a88d1cc9b013c
vvvxcl036,25,80ce790dc39350ab
vvvxcl037,27,eeb104e234a4a144
vvvxcl038,25,a5dcef698fb75c98
vvvxcl039,25,696eb7b19ca55c63
vvvxcl040,25,4f15dc93b63b79bc
vvvxcl041,39,82718767242a8c64
vvvxcl042,25,259e51f683859ac6
vvvxcl043,25,138a92f13c0cd090
vvvxcl044,25,41b3506106fbcd3e
vvvxcl045,25,6bed209bdf4aa500
vvvxcl046,25,0e57154ed7945ecf
vvvxcl047,25,0e823d5e75f56aa1
vvvxcl048,101,ff074c8814412a6c
vvvxcl049,25,3ba61400155094ca
vvvxcl050,25,ddc6c2cb5487eaec
vvvxcl051,25,328c74b1c98e54bd
vvvxcl052,25,cf162d550a546400
vvvxcl053,25,a7a8950fdc5902dd
vvvxcl054,25,e6118c633d11b588
vvvxcl055,25,a453fbe8c9ffc6c3
vvvxcl056,25,cb2bb06dec6ea849
vvvxcl057,25,5632f11ef992a49b
vvvxcl058,25,ae9cb31c918ce8e7
vvvxcl059,25,df7bf89fb901c735
vvvxcl060,25,fa7c94717ca8cd82
vvvxcl061,46,3670e69badce950a
vvvxcl062,25,7885b3c32f8fa8aa
vvvxcl063,25,595bdfd3e6c925af
vvvxcl064,25,be2b7a43cfacf186
vvvxcl065,25,851cd89fe224bea7
vvvxcl066,25,f067bd7a0e38eda0
vvvxcl067,25,420ad02156e91a68
vvvxcl068,37,6b8b2b05913036bc
vvvxcl069,25,594f13dbcd6d9e00
vvvxcl070,25,794b649b8f227b28
vvvxcl071,25,df5927eb1857d906
vvvxcl072,25,1aa4c0ec9bcdd817
vvvxcl073,25,6289dc9e6b77bf70
vvvxcl074,25,d46ba656e44524ad
vvvxcl075,25,c3b3df0a8cff9c94
vvvxcl076,25,d83771db18587c40
vvvxcl077,25,c922452c44b67c09
vvvxcl078,25,f55dcbcec8b23db2
vvvxcl079,25,c8291acc043297b1
vvvxcl080,25,b95cdca5c8c38cb9
vvvxcl081,25,55d9440198ea4ccf
vvvxcl082,25,9d40227776577c93
vvvxcl083,37,a8ae377b8e747ea8
vvvxcl084,25,cb747737d3495921
vvvxcl085,25,f9fb0052d3c0f65e
vvvxcl086,25,b303a4aab668b3e0
vvvxcl087,25,901ac159037d3d27
vvvxcl088,213,86e6cbd185b31638
vvvxcl089,26,2ce7e122a4468028
vvvxcl090,25,49d61f566914be8f
vvvxcl091,25,593521fc94484079
vvvxcl092,25,40209dfc08b6a63a
vvvxcl093,25,c270e7fffb9aee1d
vvvxcl094,27,d7c1841994945dce
vvvxcl095,25,6fbcb578d2ce35a9
vvvxcl096,25,15bd34e3d2f569f2
vvvxcl097,25,b83a96e0207a2d17
vvvxcl098,25,b5c00e2ba140dfe0
vvvxcl102,25,416b9eb55f6e1875
vvvxcl103,25,7b65a5570f18d2b7
vvvxcl104,73,1736f6d2563c84da
vvvxcl105,25,0ba94c4fd6a4f8ed
vvvxcl106,25,2c6b8c57ab344b79
vvvxcl107,25,b0cd58e5571ba991
vvvxcl108,25,cc655e58df8a2cca
vvvxcl109,25,21a55df541de4977
vvvxcl110,25,9dcd9cbc2c9ea1a3
vvvxcl111,25,8dbefc72e474d8b0
vvvxcl112,25,648afd48f2325f48
vvvxcl113,25,7b6482b6c52bb20f
vvvxcl114,25,9109e97a7f535f61
vvvxcl115,25,ae853218486beb96
vvvxcl116,25,29aecfe5446d0213
vvvxcl117,25,8e175da3899963a7
vvvxcl118,25,a2484cf7b7895826
vvvxcl119,25,64bc2f2e7cb73938
vvvxcl120,25,9387d27344c18897
vvvxobasi1,25,4d5ce5b5fbc1a1eb
vvvxobasi11,25,47182acbf5ed12ac
vvvxobasi12,25,66de313ab9fd4580
vvvxobasi13,25,aec02103fbbcf72a
vvvxobasi14,25,fe43894c66842249
vvvxobasi15,25,772f5777bc0b27de
vvvxobasi17,25,c231a5d2a8d68fe1
vvvxobasi18,25,cd54ad281981c525
vvvxobasi19,25,76d68bef333ea5f8
vvvxobasi2,25,a9febcd2b52d4da4
vvvxobasi20,25,7bf9580cacc4bd24
vvvxobasi22,25,ae684b8fa731b27b
vvvxobasi23,25,0e076903c64d1bb5
vvvxobasi25,25,828c27f1035fed8b
vvvxobasi27,25,e4e645b18b460528
vvvxobasi28,25,45f2d2b23bf9f864
vvvxobasi29,25,648f7f911c393200
vvvxobasi3,25,6ba7c5db060de5c4
vvvxobasi30,25,a8733d1eed0a6b1d
vvvxobasi31,25,77dde3947e44fc23
vvvxobasi32,25,aca69829137b3570
vvvxobasi34,25,dde435a2c54212e3
vvvxobasi35,25,37531669ce92c73a
vvvxobasi36,25,645b9c189640e771
vvvxobasi37,25,d8a153a1fa1594f8
vvvxobasi38,25,900eaa7d8cb9c798
vvvxobasi39,47,943308c4c1c12255
vvvxobasi4,25,75c81ebaf4363559
vvvxobasi40,25,9c0df22cdd1c5198
vvvxobasi6,32,137193f1f76934ab
vvvxobasi7,25,5ececec1bec6bcec
vvvxobasi8,25,530a59425797303c
w31,30,99515f14128ae553
w33,52,19d13a45e4fd955f
w3irs5,25,1de01f3eaf48f379
w42,25,c875dc19a48604fb
w43,25,10548ec72f43c47e
w48,25,6f49d43fb42031a7
w49a,25,196b6c4ed2f51eaf
w49aeast,32,cabcae0930702964
waterloo1,67,8ddb8cbed214e862
waterloo2,25,7c6dbb48712f2210
waterloo3,47,0826e168704fc006
waterloo6,25,44e137320a136de4
waterloo7,52,6afb13c890f05f72
waterloo8,25,3f67b1a159ef0ce4
westerlund1,305,fef2cd606ab02c67
westerlund2,148,fa4b49de9ca27f55
whitman1,25,f1b03a2faad86f8d
wit1,25,bd2485f180708654
wit2,93,9c94fb0c9e7891d5
wit3,25,a89075fd96e9e301
wit4,25,c29ff31b17fb7eaa
wzsgr,25,b094baadb54326e9
xdocc01,55,85a1bdbd684bc3e7
xdocc02,52,c66d3c60e398f568
xdocc05,54,1e852441ed5bfa1c
xdocc06,139,b7f953ab541ce069
xdocc09,35,a9d2e06c3acc9306
xdocc10,47,0a8b0434f0629914
zanin6,25,b148fde556e89c2a
zetagemini,25,51a1712df2d3d2ad
